Time,THERMAL ZONE 4:FAIRBANKS/INT'L AIRPOR ANN HTG 99.6% CONDNS DB:Des Heat Load [W],THERMAL ZONE 4:FAIRBANKS/INT'L AIRPOR ANN CLG .4% CONDNS DB=>MWB:Des Sens Cool Load [W],THERMAL ZONE 4:FAIRBANKS/INT'L AIRPOR ANN HTG 99.6% CONDNS DB:Des Heat Mass Flow [kg/s],THERMAL ZONE 4:FAIRBANKS/INT'L AIRPOR ANN CLG .4% CONDNS DB=>MWB:Des Cool Mass Flow [kg/s],THERMAL ZONE 3:FAIRBANKS/INT'L AIRPOR ANN HTG 99.6% CONDNS DB:Des Heat Load [W],THERMAL ZONE 3:FAIRBANKS/INT'L AIRPOR ANN CLG .4% CONDNS DB=>MWB:Des Sens Cool Load [W],THERMAL ZONE 3:FAIRBANKS/INT'L AIRPOR ANN HTG 99.6% CONDNS DB:Des Heat Mass Flow [kg/s],THERMAL ZONE 3:FAIRBANKS/INT'L AIRPOR ANN CLG .4% CONDNS DB=>MWB:Des Cool Mass Flow [kg/s],THERMAL ZONE 2:FAIRBANKS/INT'L AIRPOR ANN HTG 99.6% CONDNS DB:Des Heat Load [W],THERMAL ZONE 2:FAIRBANKS/INT'L AIRPOR ANN CLG .4% CONDNS DB=>MWB:Des Sens Cool Load [W],THERMAL ZONE 2:FAIRBANKS/INT'L AIRPOR ANN HTG 99.6% CONDNS DB:Des Heat Mass Flow [kg/s],THERMAL ZONE 2:FAIRBANKS/INT'L AIRPOR ANN CLG .4% CONDNS DB=>MWB:Des Cool Mass Flow [kg/s],THERMAL ZONE 5:FAIRBANKS/INT'L AIRPOR ANN HTG 99.6% CONDNS DB:Des Heat Load [W],THERMAL ZONE 5:FAIRBANKS/INT'L AIRPOR ANN CLG .4% CONDNS DB=>MWB:Des Sens Cool Load [W],THERMAL ZONE 5:FAIRBANKS/INT'L AIRPOR ANN HTG 99.6% CONDNS DB:Des Heat Mass Flow [kg/s],THERMAL ZONE 5:FAIRBANKS/INT'L AIRPOR ANN CLG .4% CONDNS DB=>MWB:Des Cool Mass Flow [kg/s],THERMAL ZONE 1:FAIRBANKS/INT'L AIRPOR ANN HTG 99.6% CONDNS DB:Des Heat Load [W],THERMAL ZONE 1:FAIRBANKS/INT'L AIRPOR ANN CLG .4% CONDNS DB=>MWB:Des Sens Cool Load [W],THERMAL ZONE 1:FAIRBANKS/INT'L AIRPOR ANN HTG 99.6% CONDNS DB:Des Heat Mass Flow [kg/s],THERMAL ZONE 1:FAIRBANKS/INT'L AIRPOR ANN CLG .4% CONDNS DB=>MWB:Des Cool Mass Flow [kg/s] 
00:15:00,1.077701E+04,9.712041E+02,6.603002E-01,6.797008E-02,8.196389E+03,1.010481E+02,5.020321E-01,7.071631E-03,8.187621E+03,0.000000E+00,5.014950E-01,0.000000E+00,8.196389E+03,0.000000E+00,5.020321E-01,0.000000E+00,8.187621E+03,0.000000E+00,5.014950E-01,0.000000E+00 
00:30:00,1.077705E+04,9.088166E+02,6.603023E-01,6.360339E-02,8.196411E+03,5.055995E+01,5.020334E-01,3.538333E-03,8.187643E+03,0.000000E+00,5.014964E-01,0.000000E+00,8.196411E+03,0.000000E+00,5.020334E-01,0.000000E+00,8.187643E+03,0.000000E+00,5.014964E-01,0.000000E+00 
00:45:00,1.077708E+04,8.475290E+02,6.603042E-01,5.931385E-02,8.196430E+03,1.698906E+01,5.020346E-01,1.188947E-03,8.187663E+03,0.000000E+00,5.014976E-01,0.000000E+00,8.196430E+03,0.000000E+00,5.020346E-01,0.000000E+00,8.187663E+03,0.000000E+00,5.014976E-01,0.000000E+00 
01:00:00,1.077711E+04,7.872524E+02,6.603058E-01,5.509517E-02,8.196447E+03,0.000000E+00,5.020357E-01,0.000000E+00,8.187680E+03,0.000000E+00,5.014986E-01,0.000000E+00,8.196447E+03,0.000000E+00,5.020357E-01,0.000000E+00,8.187680E+03,0.000000E+00,5.014986E-01,0.000000E+00 
01:15:00,1.077713E+04,7.331364E+02,6.603073E-01,5.130772E-02,8.196463E+03,0.000000E+00,5.020366E-01,0.000000E+00,8.187695E+03,0.000000E+00,5.014995E-01,0.000000E+00,8.196463E+03,0.000000E+00,5.020366E-01,0.000000E+00,8.187695E+03,0.000000E+00,5.014995E-01,0.000000E+00 
01:30:00,1.077715E+04,6.804566E+02,6.603086E-01,4.762086E-02,8.196476E+03,0.000000E+00,5.020374E-01,0.000000E+00,8.187709E+03,0.000000E+00,5.015004E-01,0.000000E+00,8.196476E+03,0.000000E+00,5.020374E-01,0.000000E+00,8.187709E+03,0.000000E+00,5.015004E-01,0.000000E+00 
01:45:00,1.077717E+04,6.289843E+02,6.603097E-01,4.401854E-02,8.196488E+03,0.000000E+00,5.020382E-01,0.000000E+00,8.187721E+03,0.000000E+00,5.015011E-01,0.000000E+00,8.196488E+03,0.000000E+00,5.020382E-01,0.000000E+00,8.187721E+03,0.000000E+00,5.015011E-01,0.000000E+00 
02:00:00,1.077718E+04,5.785973E+02,6.603107E-01,4.049221E-02,8.196499E+03,0.000000E+00,5.020388E-01,0.000000E+00,8.187732E+03,0.000000E+00,5.015018E-01,0.000000E+00,8.196499E+03,0.000000E+00,5.020388E-01,0.000000E+00,8.187732E+03,0.000000E+00,5.015018E-01,0.000000E+00 
02:15:00,1.077720E+04,5.287851E+02,6.603116E-01,3.700615E-02,8.196509E+03,0.000000E+00,5.020394E-01,0.000000E+00,8.187741E+03,0.000000E+00,5.015024E-01,0.000000E+00,8.196509E+03,0.000000E+00,5.020394E-01,0.000000E+00,8.187741E+03,0.000000E+00,5.015024E-01,0.000000E+00 
02:30:00,1.077721E+04,4.795605E+02,6.603124E-01,3.356123E-02,8.196517E+03,0.000000E+00,5.020399E-01,0.000000E+00,8.187750E+03,0.000000E+00,5.015029E-01,0.000000E+00,8.196517E+03,0.000000E+00,5.020399E-01,0.000000E+00,8.187750E+03,0.000000E+00,5.015029E-01,0.000000E+00 
02:45:00,1.077722E+04,4.309688E+02,6.603131E-01,3.016062E-02,8.196525E+03,0.000000E+00,5.020404E-01,0.000000E+00,8.187758E+03,0.000000E+00,5.015034E-01,0.000000E+00,8.196525E+03,0.000000E+00,5.020404E-01,0.000000E+00,8.187758E+03,0.000000E+00,5.015034E-01,0.000000E+00 
03:00:00,1.077723E+04,3.830696E+02,6.603138E-01,2.680847E-02,8.196533E+03,0.000000E+00,5.020409E-01,0.000000E+00,8.187765E+03,0.000000E+00,5.015038E-01,0.000000E+00,8.196533E+03,0.000000E+00,5.020409E-01,0.000000E+00,8.187765E+03,0.000000E+00,5.015038E-01,0.000000E+00 
03:15:00,1.077724E+04,3.354598E+02,6.603143E-01,2.347659E-02,8.196539E+03,0.000000E+00,5.020413E-01,0.000000E+00,8.187772E+03,0.000000E+00,5.015042E-01,0.000000E+00,8.196539E+03,0.000000E+00,5.020413E-01,0.000000E+00,8.187772E+03,0.000000E+00,5.015042E-01,0.000000E+00 
03:30:00,1.077725E+04,2.882409E+02,6.603149E-01,2.017207E-02,8.196545E+03,0.000000E+00,5.020416E-01,0.000000E+00,8.187778E+03,0.000000E+00,5.015046E-01,0.000000E+00,8.196545E+03,0.000000E+00,5.020416E-01,0.000000E+00,8.187778E+03,0.000000E+00,5.015046E-01,0.000000E+00 
03:45:00,1.077726E+04,2.418038E+02,6.603153E-01,1.692225E-02,8.196550E+03,0.000000E+00,5.020420E-01,0.000000E+00,8.187783E+03,0.000000E+00,5.015049E-01,0.000000E+00,8.196550E+03,0.000000E+00,5.020420E-01,0.000000E+00,8.187783E+03,0.000000E+00,5.015049E-01,0.000000E+00 
04:00:00,1.077727E+04,1.968089E+02,6.603158E-01,1.377337E-02,8.196555E+03,0.000000E+00,5.020423E-01,0.000000E+00,8.187788E+03,0.000000E+00,5.015052E-01,0.000000E+00,8.196555E+03,0.000000E+00,5.020423E-01,0.000000E+00,8.187788E+03,0.000000E+00,5.015052E-01,0.000000E+00 
04:15:00,1.077727E+04,1.546221E+02,6.603162E-01,1.082100E-02,8.196560E+03,0.000000E+00,5.020426E-01,0.000000E+00,8.187793E+03,0.000000E+00,5.015055E-01,0.000000E+00,8.196560E+03,0.000000E+00,5.020426E-01,0.000000E+00,8.187793E+03,0.000000E+00,5.015055E-01,0.000000E+00 
04:30:00,1.077728E+04,1.163234E+02,6.603165E-01,8.140730E-03,8.196564E+03,0.000000E+00,5.020428E-01,0.000000E+00,8.187797E+03,0.000000E+00,5.015058E-01,0.000000E+00,8.196564E+03,0.000000E+00,5.020428E-01,0.000000E+00,8.187797E+03,0.000000E+00,5.015058E-01,0.000000E+00 
04:45:00,1.077729E+04,8.295633E+01,6.603169E-01,5.805590E-03,8.196568E+03,0.000000E+00,5.020430E-01,0.000000E+00,8.187801E+03,0.000000E+00,5.015060E-01,0.000000E+00,8.196568E+03,0.000000E+00,5.020430E-01,0.000000E+00,8.187801E+03,0.000000E+00,5.015060E-01,0.000000E+00 
05:00:00,1.077729E+04,5.536757E+01,6.603172E-01,3.874831E-03,8.196572E+03,0.000000E+00,5.020433E-01,0.000000E+00,8.187804E+03,0.000000E+00,5.015062E-01,0.000000E+00,8.196572E+03,0.000000E+00,5.020433E-01,0.000000E+00,8.187804E+03,0.000000E+00,5.015062E-01,0.000000E+00 
05:15:00,1.077729E+04,3.543606E+01,6.603174E-01,2.479951E-03,8.196575E+03,0.000000E+00,5.020435E-01,0.000000E+00,8.187808E+03,0.000000E+00,5.015064E-01,0.000000E+00,8.196575E+03,0.000000E+00,5.020435E-01,0.000000E+00,8.187808E+03,0.000000E+00,5.015064E-01,0.000000E+00 
05:30:00,1.077730E+04,2.322677E+01,6.603177E-01,1.625501E-03,8.196578E+03,0.000000E+00,5.020437E-01,0.000000E+00,8.187811E+03,0.000000E+00,5.015066E-01,0.000000E+00,8.196578E+03,0.000000E+00,5.020437E-01,0.000000E+00,8.187811E+03,0.000000E+00,5.015066E-01,0.000000E+00 
05:45:00,1.077730E+04,1.841488E+01,6.603180E-01,1.288746E-03,8.196581E+03,0.000000E+00,5.020438E-01,0.000000E+00,8.187814E+03,0.000000E+00,5.015068E-01,0.000000E+00,8.196581E+03,0.000000E+00,5.020438E-01,0.000000E+00,8.187814E+03,0.000000E+00,5.015068E-01,0.000000E+00 
06:00:00,1.077731E+04,2.055176E+01,6.603182E-01,1.438294E-03,8.196584E+03,0.000000E+00,5.020440E-01,0.000000E+00,8.187816E+03,0.000000E+00,5.015070E-01,0.000000E+00,8.196584E+03,0.000000E+00,5.020440E-01,0.000000E+00,8.187816E+03,2.558858E+01,5.015070E-01,1.794153E-03 
06:15:00,9.676438E+03,2.652478E+02,5.928687E-01,1.856286E-02,7.459149E+03,0.000000E+00,4.568759E-01,0.000000E+00,7.450382E+03,3.707679E+01,4.563388E-01,2.605834E-03,7.459149E+03,0.000000E+00,4.568759E-01,0.000000E+00,7.450382E+03,2.148349E+02,4.563388E-01,1.504144E-02 
06:30:00,8.574095E+03,5.188623E+02,5.253414E-01,3.631141E-02,6.721203E+03,0.000000E+00,4.116904E-01,0.000000E+00,6.712435E+03,9.103784E+01,4.111533E-01,6.388131E-03,6.721203E+03,0.000000E+00,4.116904E-01,0.000000E+00,6.712435E+03,4.479182E+02,4.111533E-01,3.135211E-02 
06:45:00,7.472046E+03,7.792480E+02,4.578357E-01,5.453380E-02,5.983098E+03,0.000000E+00,3.665051E-01,0.000000E+00,5.974330E+03,1.620480E+02,3.659680E-01,1.135762E-02,5.983098E+03,0.000000E+00,3.665051E-01,0.000000E+00,5.974330E+03,7.204555E+02,3.659680E-01,5.042334E-02 
07:00:00,6.369591E+03,1.045731E+03,3.903079E-01,7.318274E-02,5.244713E+03,0.000000E+00,3.213113E-01,0.000000E+00,5.235945E+03,2.310016E+02,3.207742E-01,1.618305E-02,5.244713E+03,0.000000E+00,3.213113E-01,0.000000E+00,5.235945E+03,9.961836E+02,3.207742E-01,6.971333E-02 
07:15:00,6.367754E+03,1.080330E+03,3.902167E-01,7.560383E-02,5.243599E+03,0.000000E+00,3.212807E-01,0.000000E+00,5.234832E+03,2.560808E+02,3.207435E-01,1.792698E-02,5.243599E+03,0.000000E+00,3.212807E-01,0.000000E+00,5.234832E+03,1.140856E+03,3.207435E-01,7.983171E-02 
07:30:00,6.367201E+03,1.115116E+03,3.901933E-01,7.803843E-02,5.242890E+03,0.000000E+00,3.212624E-01,0.000000E+00,5.234123E+03,2.506571E+02,3.207252E-01,1.754143E-02,5.242890E+03,0.000000E+00,3.212624E-01,0.000000E+00,5.234123E+03,1.277776E+03,3.207252E-01,8.941346E-02 
07:45:00,6.366202E+03,1.150707E+03,3.901403E-01,8.052968E-02,5.242252E+03,0.000000E+00,3.212387E-01,0.000000E+00,5.233485E+03,2.213879E+02,3.207015E-01,1.549312E-02,5.242252E+03,0.000000E+00,3.212387E-01,0.000000E+00,5.233485E+03,1.409940E+03,3.207015E-01,9.866464E-02 
08:00:00,6.365485E+03,1.186315E+03,3.901023E-01,8.302267E-02,5.241819E+03,0.000000E+00,3.212187E-01,0.000000E+00,5.233053E+03,1.948081E+02,3.206815E-01,1.363316E-02,5.241819E+03,0.000000E+00,3.212187E-01,0.000000E+00,5.233053E+03,1.545000E+03,3.206815E-01,1.081212E-01 
08:15:00,6.364920E+03,1.221034E+03,3.900715E-01,8.545356E-02,5.241490E+03,0.000000E+00,3.212000E-01,0.000000E+00,5.232724E+03,1.790500E+02,3.206628E-01,1.253053E-02,5.241490E+03,0.000000E+00,3.212000E-01,0.000000E+00,5.232724E+03,1.675799E+03,3.206628E-01,1.172806E-01 
08:30:00,6.364459E+03,1.255508E+03,3.900456E-01,8.786708E-02,5.241220E+03,0.000000E+00,3.211834E-01,0.000000E+00,5.232453E+03,1.823564E+02,3.206462E-01,1.276203E-02,5.241220E+03,2.369231E+01,3.211834E-01,1.665458E-03,5.232453E+03,1.796002E+03,3.206462E-01,1.256970E-01 
08:45:00,6.364075E+03,1.290778E+03,3.900236E-01,9.033616E-02,5.240995E+03,0.000000E+00,3.211695E-01,0.000000E+00,5.232229E+03,1.987685E+02,3.206323E-01,1.391069E-02,5.240995E+03,1.302808E+02,3.211695E-01,9.125292E-03,5.232229E+03,1.903713E+03,3.206323E-01,1.332378E-01 
09:00:00,6.363753E+03,1.327359E+03,3.900048E-01,9.289730E-02,5.240810E+03,0.000000E+00,3.211583E-01,0.000000E+00,5.232044E+03,2.213287E+02,3.206211E-01,1.548964E-02,5.240810E+03,2.641571E+02,3.211583E-01,1.849469E-02,5.232044E+03,1.998395E+03,3.206211E-01,1.398666E-01 
09:15:00,6.363483E+03,1.365662E+03,3.899889E-01,9.557907E-02,5.240657E+03,0.000000E+00,3.211491E-01,0.000000E+00,5.231891E+03,2.465899E+02,3.206119E-01,1.725765E-02,5.240657E+03,4.496167E+02,3.211491E-01,3.147436E-02,5.231891E+03,2.079827E+03,3.206119E-01,1.455676E-01 
09:30:00,6.363257E+03,1.405459E+03,3.899755E-01,9.836568E-02,5.240531E+03,5.892133E+00,3.211414E-01,4.149912E-04,5.231765E+03,2.732677E+02,3.206042E-01,1.912484E-02,5.240531E+03,6.505881E+02,3.211414E-01,4.553286E-02,5.231765E+03,2.147458E+03,3.206042E-01,1.503030E-01 
09:45:00,6.363066E+03,1.446207E+03,3.899641E-01,1.012190E-01,5.240425E+03,3.600345E+01,3.211349E-01,2.522333E-03,5.231659E+03,3.017521E+02,3.205977E-01,2.111853E-02,5.240425E+03,8.014697E+02,3.211349E-01,5.609362E-02,5.231659E+03,2.199735E+03,3.205977E-01,1.539637E-01 
10:00:00,6.362905E+03,1.487736E+03,3.899545E-01,1.041267E-01,5.240335E+03,7.558029E+01,3.211294E-01,5.292130E-03,5.231569E+03,3.312793E+02,3.205922E-01,2.318525E-02,5.240335E+03,9.541780E+02,3.211294E-01,6.678311E-02,5.231569E+03,2.237242E+03,3.205922E-01,1.565891E-01 
10:15:00,6.362769E+03,1.529302E+03,3.899462E-01,1.070370E-01,5.240258E+03,1.304638E+02,3.211247E-01,9.133207E-03,5.231492E+03,3.611815E+02,3.205875E-01,2.527824E-02,5.240258E+03,1.081922E+03,3.211247E-01,7.572589E-02,5.231492E+03,2.260089E+03,3.205875E-01,1.581882E-01 
10:30:00,6.362653E+03,1.570660E+03,3.899393E-01,1.099327E-01,5.240192E+03,1.915883E+02,3.211207E-01,1.340851E-02,5.231426E+03,3.911228E+02,3.205835E-01,2.737401E-02,5.240192E+03,1.197734E+03,3.211207E-01,8.383366E-02,5.231426E+03,2.268305E+03,3.205835E-01,1.587630E-01 
10:45:00,6.362555E+03,1.611532E+03,3.899333E-01,1.127943E-01,5.240136E+03,2.397639E+02,3.211172E-01,1.678030E-02,5.231370E+03,4.196883E+02,3.205800E-01,2.937352E-02,5.240136E+03,1.316191E+03,3.211172E-01,9.212632E-02,5.231370E+03,2.263602E+03,3.205800E-01,1.584335E-01 
11:00:00,6.362471E+03,1.651698E+03,3.899282E-01,1.156064E-01,5.240088E+03,2.890678E+02,3.211143E-01,2.023116E-02,5.231322E+03,4.470250E+02,3.205771E-01,3.128704E-02,5.240088E+03,1.442116E+03,3.211143E-01,1.009411E-01,5.231322E+03,2.246249E+03,3.205771E-01,1.572187E-01 
11:15:00,6.362399E+03,1.690654E+03,3.899238E-01,1.183339E-01,5.240046E+03,3.323210E+02,3.211117E-01,2.325864E-02,5.231280E+03,4.729395E+02,3.205745E-01,3.310102E-02,5.240046E+03,1.577227E+03,3.211117E-01,1.103985E-01,5.231280E+03,2.216473E+03,3.205745E-01,1.551344E-01 
11:30:00,6.362337E+03,1.728248E+03,3.899200E-01,1.209660E-01,5.240009E+03,3.721260E+02,3.211095E-01,2.604483E-02,5.231243E+03,4.973003E+02,3.205723E-01,3.480626E-02,5.240009E+03,1.719805E+03,3.211095E-01,1.203778E-01,5.231243E+03,2.174751E+03,3.205723E-01,1.522140E-01 
11:45:00,6.362284E+03,1.764317E+03,3.899168E-01,1.234912E-01,5.239978E+03,4.088906E+02,3.211075E-01,2.861825E-02,5.231212E+03,5.202485E+02,3.205703E-01,3.641261E-02,5.239978E+03,1.860057E+03,3.211075E-01,1.301941E-01,5.231212E+03,2.120103E+03,3.205703E-01,1.483890E-01 
12:00:00,6.362237E+03,1.798716E+03,3.899139E-01,1.258996E-01,5.239950E+03,4.428089E+02,3.211058E-01,3.099246E-02,5.231184E+03,5.416320E+02,3.205687E-01,3.790944E-02,5.239950E+03,1.994799E+03,3.211058E-01,1.396247E-01,5.231184E+03,2.049474E+03,3.205687E-01,1.434454E-01 
12:15:00,6.362198E+03,1.831603E+03,3.899115E-01,1.282020E-01,5.239926E+03,4.746484E+02,3.211044E-01,3.322118E-02,5.231160E+03,5.619942E+02,3.205672E-01,3.933477E-02,5.239926E+03,2.122041E+03,3.211044E-01,1.485301E-01,5.231160E+03,1.958876E+03,3.205672E-01,1.371042E-01 
12:30:00,6.362163E+03,1.862762E+03,3.899094E-01,1.303834E-01,5.239905E+03,5.045923E+02,3.211031E-01,3.531722E-02,5.231139E+03,5.814344E+02,3.205659E-01,4.069554E-02,5.239905E+03,2.240160E+03,3.211031E-01,1.567969E-01,5.231139E+03,1.850506E+03,3.205659E-01,1.295191E-01 
12:45:00,6.362132E+03,1.891888E+03,3.899075E-01,1.324225E-01,5.239886E+03,5.327523E+02,3.211019E-01,3.728837E-02,5.231120E+03,5.997534E+02,3.205647E-01,4.197783E-02,5.239886E+03,2.347807E+03,3.211019E-01,1.643306E-01,5.231120E+03,1.726071E+03,3.205647E-01,1.208097E-01 
13:00:00,6.362106E+03,1.918643E+03,3.899059E-01,1.342955E-01,5.239870E+03,5.598486E+02,3.211009E-01,3.918505E-02,5.231104E+03,6.170158E+02,3.205637E-01,4.318614E-02,5.239870E+03,2.443888E+03,3.211009E-01,1.710549E-01,5.231104E+03,1.592361E+03,3.205637E-01,1.114511E-01 
13:15:00,6.362083E+03,1.942745E+03,3.899045E-01,1.359828E-01,5.239855E+03,6.005961E+02,3.211000E-01,4.203720E-02,5.231089E+03,6.328369E+02,3.205628E-01,4.429356E-02,5.239855E+03,2.527367E+03,3.211000E-01,1.768971E-01,5.231089E+03,1.470333E+03,3.205628E-01,1.029101E-01 
13:30:00,6.362062E+03,1.964510E+03,3.899032E-01,1.375065E-01,5.239842E+03,6.705025E+02,3.210992E-01,4.693041E-02,5.231076E+03,6.472759E+02,3.205620E-01,4.530421E-02,5.239842E+03,2.597726E+03,3.210992E-01,1.818210E-01,5.231076E+03,1.367400E+03,3.205620E-01,9.570563E-02 
13:45:00,6.362044E+03,1.984844E+03,3.899021E-01,1.389300E-01,5.239830E+03,7.743869E+02,3.210985E-01,5.420227E-02,5.231064E+03,6.604706E+02,3.205613E-01,4.622777E-02,5.239830E+03,2.654805E+03,3.210985E-01,1.858155E-01,5.231064E+03,1.289147E+03,3.205613E-01,9.022857E-02 
14:00:00,6.362028E+03,2.005034E+03,3.899011E-01,1.403433E-01,5.239820E+03,9.070416E+02,3.210979E-01,6.348839E-02,5.231054E+03,6.726486E+02,3.205607E-01,4.708014E-02,5.239820E+03,2.698700E+03,3.210979E-01,1.888874E-01,5.231054E+03,1.236733E+03,3.205607E-01,8.656017E-02 
14:15:00,6.362014E+03,2.026134E+03,3.899002E-01,1.418203E-01,5.239811E+03,1.041590E+03,3.210973E-01,7.290761E-02,5.231044E+03,6.837188E+02,3.205601E-01,4.785497E-02,5.239811E+03,2.729258E+03,3.210973E-01,1.910258E-01,5.231044E+03,1.197151E+03,3.205601E-01,8.379007E-02 
14:30:00,6.362001E+03,2.048947E+03,3.898994E-01,1.434172E-01,5.239802E+03,1.159481E+03,3.210968E-01,8.116121E-02,5.231036E+03,6.938403E+02,3.205596E-01,4.856339E-02,5.239802E+03,2.746611E+03,3.210968E-01,1.922400E-01,5.231036E+03,1.164853E+03,3.205596E-01,8.152975E-02 
14:45:00,6.361989E+03,2.073691E+03,3.898987E-01,1.451492E-01,5.239794E+03,1.273505E+03,3.210963E-01,8.914386E-02,5.231028E+03,7.030605E+02,3.205591E-01,4.920872E-02,5.239794E+03,2.750820E+03,3.210963E-01,1.925343E-01,5.231028E+03,1.137712E+03,3.205591E-01,7.963036E-02 
15:00:00,6.361979E+03,2.100094E+03,3.898981E-01,1.469975E-01,5.239787E+03,1.388123E+03,3.210959E-01,9.716697E-02,5.231021E+03,7.113159E+02,3.205587E-01,4.978653E-02,5.239787E+03,2.741918E+03,3.210959E-01,1.919109E-01,5.231021E+03,1.113675E+03,3.205587E-01,7.794827E-02 
15:15:00,6.361970E+03,2.127469E+03,3.898975E-01,1.489138E-01,5.239781E+03,1.515494E+03,3.210955E-01,1.060819E-01,5.231015E+03,7.183076E+02,3.205583E-01,5.027588E-02,5.239781E+03,2.719855E+03,3.210955E-01,1.903665E-01,5.231015E+03,1.091335E+03,3.205583E-01,7.638485E-02 
15:30:00,6.361961E+03,2.155151E+03,3.898970E-01,1.508515E-01,5.239775E+03,1.658737E+03,3.210951E-01,1.161070E-01,5.231009E+03,7.238535E+02,3.205579E-01,5.066403E-02,5.239775E+03,2.684922E+03,3.210951E-01,1.879213E-01,5.231009E+03,1.069816E+03,3.205579E-01,7.487884E-02 
15:45:00,6.361954E+03,2.182463E+03,3.898966E-01,1.527634E-01,5.239770E+03,1.799483E+03,3.210948E-01,1.259568E-01,5.231004E+03,7.277632E+02,3.205576E-01,5.093765E-02,5.239770E+03,2.637654E+03,3.210948E-01,1.846128E-01,5.231004E+03,1.048297E+03,3.205576E-01,7.337273E-02 
16:00:00,6.361947E+03,2.208812E+03,3.898961E-01,1.546078E-01,5.239765E+03,1.936400E+03,3.210945E-01,1.355390E-01,5.230999E+03,7.298634E+02,3.205573E-01,5.108463E-02,5.239765E+03,2.578813E+03,3.210945E-01,1.804942E-01,5.230999E+03,1.026860E+03,3.205573E-01,7.187227E-02 
16:15:00,6.361941E+03,2.234170E+03,3.898958E-01,1.563828E-01,5.239761E+03,2.067425E+03,3.210942E-01,1.447088E-01,5.230995E+03,7.306916E+02,3.205570E-01,5.114256E-02,5.239761E+03,2.509975E+03,3.210942E-01,1.756760E-01,5.230995E+03,1.006048E+03,3.205570E-01,7.041562E-02 
16:30:00,6.361935E+03,2.258151E+03,3.898954E-01,1.580615E-01,5.239757E+03,2.191674E+03,3.210940E-01,1.534043E-01,5.230991E+03,7.291588E+02,3.205568E-01,5.103525E-02,5.239757E+03,2.431895E+03,3.210940E-01,1.702110E-01,5.230991E+03,9.847996E+02,3.205568E-01,6.892840E-02 
16:45:00,6.361930E+03,2.280430E+03,3.898951E-01,1.596210E-01,5.239753E+03,2.307319E+03,3.210937E-01,1.614976E-01,5.230987E+03,7.254457E+02,3.205565E-01,5.077531E-02,5.239753E+03,2.344408E+03,3.210937E-01,1.640877E-01,5.230987E+03,9.632032E+02,3.205565E-01,6.741682E-02 
17:00:00,6.361925E+03,2.300728E+03,3.898948E-01,1.610418E-01,5.239749E+03,2.412736E+03,3.210935E-01,1.688752E-01,5.230983E+03,7.197532E+02,3.205563E-01,5.037683E-02,5.239749E+03,2.246509E+03,3.210935E-01,1.572355E-01,5.230983E+03,9.413857E+02,3.205563E-01,6.588976E-02 
17:15:00,6.361920E+03,2.318793E+03,3.898945E-01,1.623062E-01,5.239746E+03,2.507131E+03,3.210933E-01,1.754812E-01,5.230980E+03,7.122878E+02,3.205561E-01,4.985426E-02,5.239746E+03,2.136782E+03,3.210933E-01,1.495555E-01,5.230980E+03,9.194304E+02,3.205561E-01,6.435305E-02 
17:30:00,6.361916E+03,2.334387E+03,3.898942E-01,1.633977E-01,5.239743E+03,2.588131E+03,3.210932E-01,1.811499E-01,5.230977E+03,7.039451E+02,3.205560E-01,4.927028E-02,5.239743E+03,2.014961E+03,3.210932E-01,1.410291E-01,5.230977E+03,8.982952E+02,3.205560E-01,6.287376E-02 
17:45:00,6.361912E+03,2.347251E+03,3.898940E-01,1.642981E-01,5.239740E+03,2.654778E+03,3.210930E-01,1.858140E-01,5.230974E+03,6.946304E+02,3.205558E-01,4.861826E-02,5.239740E+03,1.886981E+03,3.210930E-01,1.320716E-01,5.230974E+03,8.766960E+02,3.205558E-01,6.136199E-02 
18:00:00,6.361908E+03,2.357089E+03,3.898938E-01,1.649867E-01,5.239738E+03,2.706260E+03,3.210928E-01,1.894167E-01,5.230972E+03,6.839242E+02,3.205556E-01,4.786884E-02,5.239738E+03,1.744829E+03,3.210928E-01,1.221222E-01,5.230972E+03,8.539285E+02,3.205556E-01,5.976840E-02 
18:15:00,7.462777E+03,2.363262E+03,4.573613E-01,1.654186E-01,5.977172E+03,2.740516E+03,3.662830E-01,1.918139E-01,5.968406E+03,6.711834E+02,3.657458E-01,4.697702E-02,5.977172E+03,1.595795E+03,3.662830E-01,1.116912E-01,5.968406E+03,8.288490E+02,3.657458E-01,5.801292E-02 
18:30:00,8.564270E+03,2.365559E+03,5.248580E-01,1.655793E-01,6.714812E+03,2.756228E+03,4.114776E-01,1.929132E-01,6.706046E+03,6.626948E+02,4.109404E-01,4.638281E-02,6.714812E+03,1.453699E+03,4.114776E-01,1.017456E-01,6.706046E+03,8.009925E+02,4.109404E-01,5.606300E-02 
18:45:00,9.666127E+03,2.364074E+03,5.923676E-01,1.654752E-01,7.452864E+03,2.752402E+03,4.566765E-01,1.926450E-01,7.444098E+03,6.695203E+02,4.561393E-01,4.686049E-02,7.452864E+03,1.322065E+03,4.566765E-01,9.253226E-02,7.444098E+03,7.712284E+02,4.561393E-01,5.397954E-02 
19:00:00,1.076853E+04,2.359296E+03,6.599000E-01,1.651405E-01,8.191224E+03,2.728544E+03,5.018738E-01,1.909748E-01,8.182458E+03,6.974616E+02,5.013367E-01,4.881622E-02,8.191224E+03,1.215371E+03,5.018738E-01,8.506449E-02,8.182458E+03,7.393798E+02,5.013367E-01,5.175022E-02 
19:15:00,1.077041E+04,2.352993E+03,6.599775E-01,1.646992E-01,8.192298E+03,2.686238E+03,5.018802E-01,1.880134E-01,8.183532E+03,7.474325E+02,5.013431E-01,5.231404E-02,8.192298E+03,1.133261E+03,5.018802E-01,7.931752E-02,8.183532E+03,7.070743E+02,5.013431E-01,4.948894E-02 
19:30:00,1.077186E+04,2.345961E+03,6.600342E-01,1.642068E-01,8.193269E+03,2.626026E+03,5.018865E-01,1.837988E-01,8.184502E+03,8.097390E+02,5.013495E-01,5.667549E-02,8.193269E+03,1.065827E+03,5.018865E-01,7.459796E-02,8.184502E+03,6.743871E+02,5.013495E-01,4.720096E-02 
19:45:00,1.077309E+04,2.338734E+03,6.600850E-01,1.637007E-01,8.193924E+03,2.549029E+03,5.018949E-01,1.784095E-01,8.185157E+03,8.680820E+02,5.013579E-01,6.075967E-02,8.193924E+03,1.006247E+03,5.018949E-01,7.042804E-02,8.185157E+03,6.414824E+02,5.013579E-01,4.489779E-02 
20:00:00,1.077389E+04,2.331441E+03,6.601194E-01,1.631901E-01,8.194357E+03,2.456312E+03,5.019101E-01,1.719198E-01,8.185590E+03,9.146520E+02,5.013731E-01,6.401991E-02,8.194357E+03,9.521491E+02,5.019101E-01,6.664181E-02,8.185590E+03,6.086422E+02,5.013731E-01,4.259913E-02 
20:15:00,1.077444E+04,2.323640E+03,6.601467E-01,1.626439E-01,8.194708E+03,2.349034E+03,5.019299E-01,1.644112E-01,8.185941E+03,9.465916E+02,5.013929E-01,6.625593E-02,8.194708E+03,9.010106E+02,5.019299E-01,6.306264E-02,8.185941E+03,5.757404E+02,5.013929E-01,4.029619E-02 
20:30:00,1.077486E+04,2.314912E+03,6.601704E-01,1.620329E-01,8.195009E+03,2.228969E+03,5.019484E-01,1.560076E-01,8.186241E+03,9.646183E+02,5.014114E-01,6.751793E-02,8.195009E+03,8.512848E+02,5.019484E-01,5.958227E-02,8.186241E+03,5.421580E+02,5.014114E-01,3.794564E-02 
20:45:00,1.077522E+04,2.304735E+03,6.601913E-01,1.613204E-01,8.195256E+03,2.098482E+03,5.019633E-01,1.468745E-01,8.186489E+03,9.716744E+02,5.014263E-01,6.801185E-02,8.195256E+03,8.041297E+02,5.019633E-01,5.628180E-02,8.186489E+03,5.078898E+02,5.014263E-01,3.554709E-02 
21:00:00,1.077552E+04,2.292611E+03,6.602093E-01,1.604717E-01,8.195455E+03,1.961554E+03,5.019750E-01,1.372907E-01,8.186687E+03,9.679925E+02,5.014380E-01,6.775396E-02,8.195455E+03,7.588219E+02,5.019750E-01,5.311063E-02,8.186687E+03,4.733026E+02,5.014380E-01,3.312624E-02 
21:15:00,1.077577E+04,2.277905E+03,6.602246E-01,1.594422E-01,8.195616E+03,1.826664E+03,5.019847E-01,1.278496E-01,8.186848E+03,9.541138E+02,5.014477E-01,6.678232E-02,8.195616E+03,7.143436E+02,5.019847E-01,4.999750E-02,8.186848E+03,4.380478E+02,5.014477E-01,3.065867E-02 
21:30:00,1.077598E+04,2.260320E+03,6.602374E-01,1.582112E-01,8.195750E+03,1.690451E+03,5.019929E-01,1.183159E-01,8.186982E+03,9.289027E+02,5.014558E-01,6.501742E-02,8.195750E+03,6.697794E+02,5.019929E-01,4.687833E-02,8.186982E+03,4.029092E+02,5.014558E-01,2.819923E-02 
21:45:00,1.077617E+04,2.239597E+03,6.602484E-01,1.567606E-01,8.195863E+03,1.549144E+03,5.019998E-01,1.084257E-01,8.187096E+03,8.886883E+02,5.014628E-01,6.220232E-02,8.195863E+03,6.232795E+02,5.019998E-01,4.362365E-02,8.187096E+03,3.675547E+02,5.014628E-01,2.572472E-02 
22:00:00,1.077632E+04,2.215380E+03,6.602577E-01,1.550653E-01,8.195959E+03,1.404514E+03,5.020057E-01,9.830293E-02,8.187191E+03,8.335355E+02,5.014687E-01,5.834158E-02,8.195959E+03,5.746894E+02,5.020057E-01,4.022263E-02,8.187191E+03,3.319035E+02,5.014687E-01,2.322944E-02 
22:15:00,1.077645E+04,1.994575E+03,6.602657E-01,1.396099E-01,8.196040E+03,1.163559E+03,5.020107E-01,8.143826E-02,8.187273E+03,6.711750E+02,5.014737E-01,4.697719E-02,8.196040E+03,4.331416E+02,5.020107E-01,3.031557E-02,8.187273E+03,2.355393E+02,5.014737E-01,1.648501E-02 
22:30:00,1.077656E+04,1.763809E+03,6.602725E-01,1.234561E-01,8.196110E+03,9.285064E+02,5.020150E-01,6.498627E-02,8.187342E+03,4.945172E+02,5.014779E-01,3.461205E-02,8.196110E+03,2.888601E+02,5.020150E-01,2.021722E-02,8.187342E+03,1.479769E+02,5.014779E-01,1.035664E-02 
22:45:00,1.077666E+04,1.524146E+03,6.602784E-01,1.066793E-01,8.196169E+03,7.080137E+02,5.020186E-01,4.955331E-02,8.187401E+03,3.086763E+02,5.014815E-01,2.160444E-02,8.196169E+03,1.513496E+02,5.020186E-01,1.059286E-02,8.187401E+03,6.947444E+01,5.014815E-01,4.862381E-03 
23:00:00,1.077674E+04,1.276869E+03,6.602835E-01,8.936929E-02,8.196220E+03,5.042256E+02,5.020217E-01,3.528955E-02,8.187452E+03,1.264207E+02,5.014847E-01,8.848039E-03,8.196220E+03,2.660612E+01,5.020217E-01,1.862115E-03,8.187452E+03,0.000000E+00,5.014847E-01,0.000000E+00 
23:15:00,1.077681E+04,1.215705E+03,6.602878E-01,8.508603E-02,8.196264E+03,4.077481E+02,5.020244E-01,2.853659E-02,8.187496E+03,5.840642E+01,5.014874E-01,4.087643E-03,8.196264E+03,5.949609E+00,5.020244E-01,4.163828E-04,8.187496E+03,0.000000E+00,5.014874E-01,0.000000E+00 
23:30:00,1.077687E+04,1.154923E+03,6.602916E-01,8.083066E-02,8.196302E+03,3.210124E+02,5.020267E-01,2.246588E-02,8.187534E+03,1.593602E+01,5.014897E-01,1.115284E-03,8.196302E+03,0.000000E+00,5.020267E-01,0.000000E+00,8.187534E+03,0.000000E+00,5.014897E-01,0.000000E+00 
23:45:00,1.077693E+04,1.094569E+03,6.602949E-01,7.660549E-02,8.196335E+03,2.435357E+02,5.020288E-01,1.704348E-02,8.187567E+03,0.000000E+00,5.014917E-01,0.000000E+00,8.196335E+03,0.000000E+00,5.020288E-01,0.000000E+00,8.187567E+03,0.000000E+00,5.014917E-01,0.000000E+00 
24:00:00,1.077697E+04,1.034669E+03,6.602977E-01,7.241238E-02,8.196364E+03,1.714606E+02,5.020305E-01,1.199933E-02,8.187596E+03,0.000000E+00,5.014935E-01,0.000000E+00,8.196364E+03,0.000000E+00,5.020305E-01,0.000000E+00,8.187596E+03,0.000000E+00,5.014935E-01,0.000000E+00 
Peak,1.077731E+04,2.365559E+03,6.603182E-01,1.655793E-01,8.196584E+03,2.756228E+03,5.020440E-01,1.929132E-01,8.187816E+03,9.716744E+02,5.015070E-01,6.801185E-02,8.196584E+03,2.750820E+03,5.020440E-01,1.925343E-01,8.187816E+03,2.268305E+03,5.015070E-01,1.587630E-01 

Peak Vol Flow (m3/s),,,5.573554E-01,1.397606E-01,,,4.237607E-01,1.628324E-01,,,4.233074E-01,5.740682E-02,,,4.237607E-01,1.625126E-01,,,4.233074E-01,1.340072E-01 
