Time,THERMAL ZONE 5:PHILADELPHIA INTERNATIONAL AP ANN HTG 99.6% CONDNS DB:Des Heat Load [W],THERMAL ZONE 5::Des Sens Cool Load [W],THERMAL ZONE 5:PHILADELPHIA INTERNATIONAL AP ANN HTG 99.6% CONDNS DB:Des Heat Mass Flow [kg/s],THERMAL ZONE 5::Des Cool Mass Flow [kg/s],THERMAL ZONE 1:PHILADELPHIA INTERNATIONAL AP ANN HTG 99.6% CONDNS DB:Des Heat Load [W],THERMAL ZONE 1:PHILADELPHIA INTERNATIONAL AP ANN CLG .4% CONDNS DB=>MWB:Des Sens Cool Load [W],THERMAL ZONE 1:PHILADELPHIA INTERNATIONAL AP ANN HTG 99.6% CONDNS DB:Des Heat Mass Flow [kg/s],THERMAL ZONE 1:PHILADELPHIA INTERNATIONAL AP ANN CLG .4% CONDNS DB=>MWB:Des Cool Mass Flow [kg/s],THERMAL ZONE 2:PHILADELPHIA INTERNATIONAL AP ANN HTG 99.6% CONDNS DB:Des Heat Load [W],THERMAL ZONE 2::Des Sens Cool Load [W],THERMAL ZONE 2:PHILADELPHIA INTERNATIONAL AP ANN HTG 99.6% CONDNS DB:Des Heat Mass Flow [kg/s],THERMAL ZONE 2::Des Cool Mass Flow [kg/s],THERMAL ZONE 3:PHILADELPHIA INTERNATIONAL AP ANN HTG 99.6% CONDNS DB:Des Heat Load [W],THERMAL ZONE 3::Des Sens Cool Load [W],THERMAL ZONE 3:PHILADELPHIA INTERNATIONAL AP ANN HTG 99.6% CONDNS DB:Des Heat Mass Flow [kg/s],THERMAL ZONE 3::Des Cool Mass Flow [kg/s],THERMAL ZONE 4:PHILADELPHIA INTERNATIONAL AP ANN HTG 99.6% CONDNS DB:Des Heat Load [W],THERMAL ZONE 4::Des Sens Cool Load [W],THERMAL ZONE 4:PHILADELPHIA INTERNATIONAL AP ANN HTG 99.6% CONDNS DB:Des Heat Mass Flow [kg/s],THERMAL ZONE 4::Des Cool Mass Flow [kg/s] 
00:15:00,3.653823E+03,0.000000E+00,2.239496E-01,0.000000E+00,3.666693E+03,0.000000E+00,2.247384E-01,0.000000E+00,3.666693E+03,0.000000E+00,2.247384E-01,0.000000E+00,1.028330E+04,0.000000E+00,6.302826E-01,0.000000E+00,3.653823E+03,0.000000E+00,2.239496E-01,0.000000E+00 
00:30:00,3.653823E+03,0.000000E+00,2.239496E-01,0.000000E+00,3.666693E+03,0.000000E+00,2.247384E-01,0.000000E+00,3.666693E+03,0.000000E+00,2.247384E-01,0.000000E+00,1.028330E+04,0.000000E+00,6.302826E-01,0.000000E+00,3.653823E+03,0.000000E+00,2.239496E-01,0.000000E+00 
00:45:00,3.653823E+03,0.000000E+00,2.239496E-01,0.000000E+00,3.666693E+03,0.000000E+00,2.247384E-01,0.000000E+00,3.666693E+03,0.000000E+00,2.247384E-01,0.000000E+00,1.028330E+04,0.000000E+00,6.302826E-01,0.000000E+00,3.653823E+03,0.000000E+00,2.239496E-01,0.000000E+00 
01:00:00,3.653823E+03,0.000000E+00,2.239496E-01,0.000000E+00,3.666693E+03,0.000000E+00,2.247384E-01,0.000000E+00,3.666693E+03,0.000000E+00,2.247384E-01,0.000000E+00,1.028330E+04,0.000000E+00,6.302826E-01,0.000000E+00,3.653823E+03,0.000000E+00,2.239496E-01,0.000000E+00 
01:15:00,3.653823E+03,0.000000E+00,2.239496E-01,0.000000E+00,3.666693E+03,0.000000E+00,2.247384E-01,0.000000E+00,3.666693E+03,0.000000E+00,2.247384E-01,0.000000E+00,1.028330E+04,0.000000E+00,6.302826E-01,0.000000E+00,3.653823E+03,0.000000E+00,2.239496E-01,0.000000E+00 
01:30:00,3.653823E+03,0.000000E+00,2.239496E-01,0.000000E+00,3.666693E+03,0.000000E+00,2.247384E-01,0.000000E+00,3.666693E+03,0.000000E+00,2.247384E-01,0.000000E+00,1.028330E+04,0.000000E+00,6.302826E-01,0.000000E+00,3.653823E+03,0.000000E+00,2.239496E-01,0.000000E+00 
01:45:00,3.653823E+03,0.000000E+00,2.239496E-01,0.000000E+00,3.666693E+03,0.000000E+00,2.247384E-01,0.000000E+00,3.666693E+03,0.000000E+00,2.247384E-01,0.000000E+00,1.028330E+04,0.000000E+00,6.302826E-01,0.000000E+00,3.653823E+03,0.000000E+00,2.239496E-01,0.000000E+00 
02:00:00,3.653823E+03,0.000000E+00,2.239496E-01,0.000000E+00,3.666693E+03,0.000000E+00,2.247384E-01,0.000000E+00,3.666693E+03,0.000000E+00,2.247384E-01,0.000000E+00,1.028330E+04,0.000000E+00,6.302826E-01,0.000000E+00,3.653823E+03,0.000000E+00,2.239496E-01,0.000000E+00 
02:15:00,3.653823E+03,0.000000E+00,2.239496E-01,0.000000E+00,3.666693E+03,0.000000E+00,2.247384E-01,0.000000E+00,3.666693E+03,0.000000E+00,2.247384E-01,0.000000E+00,1.028330E+04,0.000000E+00,6.302826E-01,0.000000E+00,3.653823E+03,0.000000E+00,2.239496E-01,0.000000E+00 
02:30:00,3.653823E+03,0.000000E+00,2.239496E-01,0.000000E+00,3.666693E+03,0.000000E+00,2.247384E-01,0.000000E+00,3.666693E+03,0.000000E+00,2.247384E-01,0.000000E+00,1.028330E+04,0.000000E+00,6.302826E-01,0.000000E+00,3.653823E+03,0.000000E+00,2.239496E-01,0.000000E+00 
02:45:00,3.653823E+03,0.000000E+00,2.239496E-01,0.000000E+00,3.666693E+03,0.000000E+00,2.247384E-01,0.000000E+00,3.666693E+03,0.000000E+00,2.247384E-01,0.000000E+00,1.028330E+04,0.000000E+00,6.302826E-01,0.000000E+00,3.653823E+03,0.000000E+00,2.239496E-01,0.000000E+00 
03:00:00,3.653823E+03,0.000000E+00,2.239496E-01,0.000000E+00,3.666693E+03,0.000000E+00,2.247384E-01,0.000000E+00,3.666693E+03,0.000000E+00,2.247384E-01,0.000000E+00,1.028330E+04,0.000000E+00,6.302826E-01,0.000000E+00,3.653823E+03,0.000000E+00,2.239496E-01,0.000000E+00 
03:15:00,3.653823E+03,0.000000E+00,2.239496E-01,0.000000E+00,3.666693E+03,0.000000E+00,2.247384E-01,0.000000E+00,3.666693E+03,0.000000E+00,2.247384E-01,0.000000E+00,1.028330E+04,0.000000E+00,6.302826E-01,0.000000E+00,3.653823E+03,0.000000E+00,2.239496E-01,0.000000E+00 
03:30:00,3.653823E+03,0.000000E+00,2.239496E-01,0.000000E+00,3.666693E+03,0.000000E+00,2.247384E-01,0.000000E+00,3.666693E+03,0.000000E+00,2.247384E-01,0.000000E+00,1.028330E+04,0.000000E+00,6.302826E-01,0.000000E+00,3.653823E+03,0.000000E+00,2.239496E-01,0.000000E+00 
03:45:00,3.653823E+03,0.000000E+00,2.239496E-01,0.000000E+00,3.666693E+03,0.000000E+00,2.247384E-01,0.000000E+00,3.666693E+03,0.000000E+00,2.247384E-01,0.000000E+00,1.028330E+04,0.000000E+00,6.302826E-01,0.000000E+00,3.653823E+03,0.000000E+00,2.239496E-01,0.000000E+00 
04:00:00,3.653823E+03,0.000000E+00,2.239496E-01,0.000000E+00,3.666693E+03,0.000000E+00,2.247384E-01,0.000000E+00,3.666693E+03,0.000000E+00,2.247384E-01,0.000000E+00,1.028330E+04,0.000000E+00,6.302826E-01,0.000000E+00,3.653823E+03,0.000000E+00,2.239496E-01,0.000000E+00 
04:15:00,3.653823E+03,0.000000E+00,2.239496E-01,0.000000E+00,3.666693E+03,0.000000E+00,2.247384E-01,0.000000E+00,3.666693E+03,0.000000E+00,2.247384E-01,0.000000E+00,1.028330E+04,0.000000E+00,6.302826E-01,0.000000E+00,3.653823E+03,0.000000E+00,2.239496E-01,0.000000E+00 
04:30:00,3.653823E+03,0.000000E+00,2.239496E-01,0.000000E+00,3.666693E+03,0.000000E+00,2.247384E-01,0.000000E+00,3.666693E+03,0.000000E+00,2.247384E-01,0.000000E+00,1.028330E+04,0.000000E+00,6.302826E-01,0.000000E+00,3.653823E+03,0.000000E+00,2.239496E-01,0.000000E+00 
04:45:00,3.653823E+03,0.000000E+00,2.239496E-01,0.000000E+00,3.666693E+03,0.000000E+00,2.247384E-01,0.000000E+00,3.666693E+03,0.000000E+00,2.247384E-01,0.000000E+00,1.028330E+04,0.000000E+00,6.302826E-01,0.000000E+00,3.653823E+03,0.000000E+00,2.239496E-01,0.000000E+00 
05:00:00,3.653823E+03,0.000000E+00,2.239496E-01,0.000000E+00,3.666693E+03,0.000000E+00,2.247384E-01,0.000000E+00,3.666693E+03,0.000000E+00,2.247384E-01,0.000000E+00,1.028330E+04,0.000000E+00,6.302826E-01,0.000000E+00,3.653823E+03,0.000000E+00,2.239496E-01,0.000000E+00 
05:15:00,3.653823E+03,0.000000E+00,2.239496E-01,0.000000E+00,3.666693E+03,0.000000E+00,2.247384E-01,0.000000E+00,3.666693E+03,0.000000E+00,2.247384E-01,0.000000E+00,1.028330E+04,0.000000E+00,6.302826E-01,0.000000E+00,3.653823E+03,0.000000E+00,2.239496E-01,0.000000E+00 
05:30:00,3.653823E+03,0.000000E+00,2.239496E-01,0.000000E+00,3.666693E+03,0.000000E+00,2.247384E-01,0.000000E+00,3.666693E+03,0.000000E+00,2.247384E-01,0.000000E+00,1.028330E+04,0.000000E+00,6.302826E-01,0.000000E+00,3.653823E+03,0.000000E+00,2.239496E-01,0.000000E+00 
05:45:00,3.653823E+03,0.000000E+00,2.239496E-01,0.000000E+00,3.666693E+03,0.000000E+00,2.247384E-01,0.000000E+00,3.666693E+03,0.000000E+00,2.247384E-01,0.000000E+00,1.028330E+04,0.000000E+00,6.302826E-01,0.000000E+00,3.653823E+03,0.000000E+00,2.239496E-01,0.000000E+00 
06:00:00,3.653823E+03,0.000000E+00,2.239496E-01,0.000000E+00,3.666693E+03,0.000000E+00,2.247384E-01,0.000000E+00,3.666693E+03,0.000000E+00,2.247384E-01,0.000000E+00,1.028330E+04,0.000000E+00,6.302826E-01,0.000000E+00,3.653823E+03,0.000000E+00,2.239496E-01,0.000000E+00 
06:15:00,3.653823E+03,0.000000E+00,2.239496E-01,0.000000E+00,3.666693E+03,0.000000E+00,2.247384E-01,0.000000E+00,3.666693E+03,0.000000E+00,2.247384E-01,0.000000E+00,1.028330E+04,0.000000E+00,6.302826E-01,0.000000E+00,3.653823E+03,0.000000E+00,2.239496E-01,0.000000E+00 
06:30:00,3.653823E+03,0.000000E+00,2.239496E-01,0.000000E+00,3.666693E+03,0.000000E+00,2.247384E-01,0.000000E+00,3.666693E+03,0.000000E+00,2.247384E-01,0.000000E+00,1.028330E+04,0.000000E+00,6.302826E-01,0.000000E+00,3.653823E+03,0.000000E+00,2.239496E-01,0.000000E+00 
06:45:00,3.653823E+03,0.000000E+00,2.239496E-01,0.000000E+00,3.666693E+03,0.000000E+00,2.247384E-01,0.000000E+00,3.666693E+03,0.000000E+00,2.247384E-01,0.000000E+00,1.028330E+04,0.000000E+00,6.302826E-01,0.000000E+00,3.653823E+03,0.000000E+00,2.239496E-01,0.000000E+00 
07:00:00,3.653823E+03,0.000000E+00,2.239496E-01,0.000000E+00,3.666693E+03,0.000000E+00,2.247384E-01,0.000000E+00,3.666693E+03,0.000000E+00,2.247384E-01,0.000000E+00,1.028330E+04,0.000000E+00,6.302826E-01,0.000000E+00,3.653823E+03,0.000000E+00,2.239496E-01,0.000000E+00 
07:15:00,3.653823E+03,0.000000E+00,2.239496E-01,0.000000E+00,3.666693E+03,0.000000E+00,2.247384E-01,0.000000E+00,3.666693E+03,0.000000E+00,2.247384E-01,0.000000E+00,1.028330E+04,0.000000E+00,6.302826E-01,0.000000E+00,3.653823E+03,0.000000E+00,2.239496E-01,0.000000E+00 
07:30:00,3.653823E+03,0.000000E+00,2.239496E-01,0.000000E+00,3.666693E+03,0.000000E+00,2.247384E-01,0.000000E+00,3.666693E+03,0.000000E+00,2.247384E-01,0.000000E+00,1.028330E+04,0.000000E+00,6.302826E-01,0.000000E+00,3.653823E+03,0.000000E+00,2.239496E-01,0.000000E+00 
07:45:00,3.653823E+03,0.000000E+00,2.239496E-01,0.000000E+00,3.666693E+03,0.000000E+00,2.247384E-01,0.000000E+00,3.666693E+03,0.000000E+00,2.247384E-01,0.000000E+00,1.028330E+04,0.000000E+00,6.302826E-01,0.000000E+00,3.653823E+03,0.000000E+00,2.239496E-01,0.000000E+00 
08:00:00,3.653823E+03,0.000000E+00,2.239496E-01,0.000000E+00,3.666693E+03,0.000000E+00,2.247384E-01,0.000000E+00,3.666693E+03,0.000000E+00,2.247384E-01,0.000000E+00,1.028330E+04,0.000000E+00,6.302826E-01,0.000000E+00,3.653823E+03,0.000000E+00,2.239496E-01,0.000000E+00 
08:15:00,3.653823E+03,0.000000E+00,2.239496E-01,0.000000E+00,3.666693E+03,0.000000E+00,2.247384E-01,0.000000E+00,3.666693E+03,0.000000E+00,2.247384E-01,0.000000E+00,1.028330E+04,0.000000E+00,6.302826E-01,0.000000E+00,3.653823E+03,0.000000E+00,2.239496E-01,0.000000E+00 
08:30:00,3.653823E+03,0.000000E+00,2.239496E-01,0.000000E+00,3.666693E+03,0.000000E+00,2.247384E-01,0.000000E+00,3.666693E+03,0.000000E+00,2.247384E-01,0.000000E+00,1.028330E+04,0.000000E+00,6.302826E-01,0.000000E+00,3.653823E+03,0.000000E+00,2.239496E-01,0.000000E+00 
08:45:00,3.653823E+03,0.000000E+00,2.239496E-01,0.000000E+00,3.666693E+03,0.000000E+00,2.247384E-01,0.000000E+00,3.666693E+03,0.000000E+00,2.247384E-01,0.000000E+00,1.028330E+04,0.000000E+00,6.302826E-01,0.000000E+00,3.653823E+03,0.000000E+00,2.239496E-01,0.000000E+00 
09:00:00,3.653823E+03,0.000000E+00,2.239496E-01,0.000000E+00,3.666693E+03,0.000000E+00,2.247384E-01,0.000000E+00,3.666693E+03,0.000000E+00,2.247384E-01,0.000000E+00,1.028330E+04,0.000000E+00,6.302826E-01,0.000000E+00,3.653823E+03,0.000000E+00,2.239496E-01,0.000000E+00 
09:15:00,3.653823E+03,0.000000E+00,2.239496E-01,0.000000E+00,3.666693E+03,0.000000E+00,2.247384E-01,0.000000E+00,3.666693E+03,0.000000E+00,2.247384E-01,0.000000E+00,1.028330E+04,0.000000E+00,6.302826E-01,0.000000E+00,3.653823E+03,0.000000E+00,2.239496E-01,0.000000E+00 
09:30:00,3.653823E+03,0.000000E+00,2.239496E-01,0.000000E+00,3.666693E+03,0.000000E+00,2.247384E-01,0.000000E+00,3.666693E+03,0.000000E+00,2.247384E-01,0.000000E+00,1.028330E+04,0.000000E+00,6.302826E-01,0.000000E+00,3.653823E+03,0.000000E+00,2.239496E-01,0.000000E+00 
09:45:00,3.653823E+03,0.000000E+00,2.239496E-01,0.000000E+00,3.666693E+03,0.000000E+00,2.247384E-01,0.000000E+00,3.666693E+03,0.000000E+00,2.247384E-01,0.000000E+00,1.028330E+04,0.000000E+00,6.302826E-01,0.000000E+00,3.653823E+03,0.000000E+00,2.239496E-01,0.000000E+00 
10:00:00,3.653823E+03,0.000000E+00,2.239496E-01,0.000000E+00,3.666693E+03,0.000000E+00,2.247384E-01,0.000000E+00,3.666693E+03,0.000000E+00,2.247384E-01,0.000000E+00,1.028330E+04,0.000000E+00,6.302826E-01,0.000000E+00,3.653823E+03,0.000000E+00,2.239496E-01,0.000000E+00 
10:15:00,3.653823E+03,0.000000E+00,2.239496E-01,0.000000E+00,3.666693E+03,0.000000E+00,2.247384E-01,0.000000E+00,3.666693E+03,0.000000E+00,2.247384E-01,0.000000E+00,1.028330E+04,0.000000E+00,6.302826E-01,0.000000E+00,3.653823E+03,0.000000E+00,2.239496E-01,0.000000E+00 
10:30:00,3.653823E+03,0.000000E+00,2.239496E-01,0.000000E+00,3.666693E+03,0.000000E+00,2.247384E-01,0.000000E+00,3.666693E+03,0.000000E+00,2.247384E-01,0.000000E+00,1.028330E+04,0.000000E+00,6.302826E-01,0.000000E+00,3.653823E+03,0.000000E+00,2.239496E-01,0.000000E+00 
10:45:00,3.653823E+03,0.000000E+00,2.239496E-01,0.000000E+00,3.666693E+03,0.000000E+00,2.247384E-01,0.000000E+00,3.666693E+03,0.000000E+00,2.247384E-01,0.000000E+00,1.028330E+04,0.000000E+00,6.302826E-01,0.000000E+00,3.653823E+03,0.000000E+00,2.239496E-01,0.000000E+00 
11:00:00,3.653823E+03,0.000000E+00,2.239496E-01,0.000000E+00,3.666693E+03,0.000000E+00,2.247384E-01,0.000000E+00,3.666693E+03,0.000000E+00,2.247384E-01,0.000000E+00,1.028330E+04,0.000000E+00,6.302826E-01,0.000000E+00,3.653823E+03,0.000000E+00,2.239496E-01,0.000000E+00 
11:15:00,3.653823E+03,0.000000E+00,2.239496E-01,0.000000E+00,3.666693E+03,0.000000E+00,2.247384E-01,0.000000E+00,3.666693E+03,0.000000E+00,2.247384E-01,0.000000E+00,1.028330E+04,0.000000E+00,6.302826E-01,0.000000E+00,3.653823E+03,0.000000E+00,2.239496E-01,0.000000E+00 
11:30:00,3.653823E+03,0.000000E+00,2.239496E-01,0.000000E+00,3.666693E+03,0.000000E+00,2.247384E-01,0.000000E+00,3.666693E+03,0.000000E+00,2.247384E-01,0.000000E+00,1.028330E+04,0.000000E+00,6.302826E-01,0.000000E+00,3.653823E+03,0.000000E+00,2.239496E-01,0.000000E+00 
11:45:00,3.653823E+03,0.000000E+00,2.239496E-01,0.000000E+00,3.666693E+03,0.000000E+00,2.247384E-01,0.000000E+00,3.666693E+03,0.000000E+00,2.247384E-01,0.000000E+00,1.028330E+04,0.000000E+00,6.302826E-01,0.000000E+00,3.653823E+03,0.000000E+00,2.239496E-01,0.000000E+00 
12:00:00,3.653823E+03,0.000000E+00,2.239496E-01,0.000000E+00,3.666693E+03,0.000000E+00,2.247384E-01,0.000000E+00,3.666693E+03,0.000000E+00,2.247384E-01,0.000000E+00,1.028330E+04,0.000000E+00,6.302826E-01,0.000000E+00,3.653823E+03,0.000000E+00,2.239496E-01,0.000000E+00 
12:15:00,3.653823E+03,0.000000E+00,2.239496E-01,0.000000E+00,3.666693E+03,0.000000E+00,2.247384E-01,0.000000E+00,3.666693E+03,0.000000E+00,2.247384E-01,0.000000E+00,1.028330E+04,0.000000E+00,6.302826E-01,0.000000E+00,3.653823E+03,0.000000E+00,2.239496E-01,0.000000E+00 
12:30:00,3.653823E+03,0.000000E+00,2.239496E-01,0.000000E+00,3.666693E+03,0.000000E+00,2.247384E-01,0.000000E+00,3.666693E+03,0.000000E+00,2.247384E-01,0.000000E+00,1.028330E+04,0.000000E+00,6.302826E-01,0.000000E+00,3.653823E+03,0.000000E+00,2.239496E-01,0.000000E+00 
12:45:00,3.653823E+03,0.000000E+00,2.239496E-01,0.000000E+00,3.666693E+03,0.000000E+00,2.247384E-01,0.000000E+00,3.666693E+03,0.000000E+00,2.247384E-01,0.000000E+00,1.028330E+04,0.000000E+00,6.302826E-01,0.000000E+00,3.653823E+03,0.000000E+00,2.239496E-01,0.000000E+00 
13:00:00,3.653823E+03,0.000000E+00,2.239496E-01,0.000000E+00,3.666693E+03,0.000000E+00,2.247384E-01,0.000000E+00,3.666693E+03,0.000000E+00,2.247384E-01,0.000000E+00,1.028330E+04,0.000000E+00,6.302826E-01,0.000000E+00,3.653823E+03,0.000000E+00,2.239496E-01,0.000000E+00 
13:15:00,3.653823E+03,0.000000E+00,2.239496E-01,0.000000E+00,3.666693E+03,0.000000E+00,2.247384E-01,0.000000E+00,3.666693E+03,0.000000E+00,2.247384E-01,0.000000E+00,1.028330E+04,0.000000E+00,6.302826E-01,0.000000E+00,3.653823E+03,0.000000E+00,2.239496E-01,0.000000E+00 
13:30:00,3.653823E+03,0.000000E+00,2.239496E-01,0.000000E+00,3.666693E+03,0.000000E+00,2.247384E-01,0.000000E+00,3.666693E+03,0.000000E+00,2.247384E-01,0.000000E+00,1.028330E+04,0.000000E+00,6.302826E-01,0.000000E+00,3.653823E+03,0.000000E+00,2.239496E-01,0.000000E+00 
13:45:00,3.653823E+03,0.000000E+00,2.239496E-01,0.000000E+00,3.666693E+03,0.000000E+00,2.247384E-01,0.000000E+00,3.666693E+03,0.000000E+00,2.247384E-01,0.000000E+00,1.028330E+04,0.000000E+00,6.302826E-01,0.000000E+00,3.653823E+03,0.000000E+00,2.239496E-01,0.000000E+00 
14:00:00,3.653823E+03,0.000000E+00,2.239496E-01,0.000000E+00,3.666693E+03,0.000000E+00,2.247384E-01,0.000000E+00,3.666693E+03,0.000000E+00,2.247384E-01,0.000000E+00,1.028330E+04,0.000000E+00,6.302826E-01,0.000000E+00,3.653823E+03,0.000000E+00,2.239496E-01,0.000000E+00 
14:15:00,3.653823E+03,0.000000E+00,2.239496E-01,0.000000E+00,3.666693E+03,0.000000E+00,2.247384E-01,0.000000E+00,3.666693E+03,0.000000E+00,2.247384E-01,0.000000E+00,1.028330E+04,0.000000E+00,6.302826E-01,0.000000E+00,3.653823E+03,0.000000E+00,2.239496E-01,0.000000E+00 
14:30:00,3.653823E+03,0.000000E+00,2.239496E-01,0.000000E+00,3.666693E+03,0.000000E+00,2.247384E-01,0.000000E+00,3.666693E+03,0.000000E+00,2.247384E-01,0.000000E+00,1.028330E+04,0.000000E+00,6.302826E-01,0.000000E+00,3.653823E+03,0.000000E+00,2.239496E-01,0.000000E+00 
14:45:00,3.653823E+03,0.000000E+00,2.239496E-01,0.000000E+00,3.666693E+03,0.000000E+00,2.247384E-01,0.000000E+00,3.666693E+03,0.000000E+00,2.247384E-01,0.000000E+00,1.028330E+04,0.000000E+00,6.302826E-01,0.000000E+00,3.653823E+03,0.000000E+00,2.239496E-01,0.000000E+00 
15:00:00,3.653823E+03,0.000000E+00,2.239496E-01,0.000000E+00,3.666693E+03,0.000000E+00,2.247384E-01,0.000000E+00,3.666693E+03,0.000000E+00,2.247384E-01,0.000000E+00,1.028330E+04,0.000000E+00,6.302826E-01,0.000000E+00,3.653823E+03,0.000000E+00,2.239496E-01,0.000000E+00 
15:15:00,3.653823E+03,0.000000E+00,2.239496E-01,0.000000E+00,3.666693E+03,0.000000E+00,2.247384E-01,0.000000E+00,3.666693E+03,0.000000E+00,2.247384E-01,0.000000E+00,1.028330E+04,0.000000E+00,6.302826E-01,0.000000E+00,3.653823E+03,0.000000E+00,2.239496E-01,0.000000E+00 
15:30:00,3.653823E+03,0.000000E+00,2.239496E-01,0.000000E+00,3.666693E+03,0.000000E+00,2.247384E-01,0.000000E+00,3.666693E+03,0.000000E+00,2.247384E-01,0.000000E+00,1.028330E+04,0.000000E+00,6.302826E-01,0.000000E+00,3.653823E+03,0.000000E+00,2.239496E-01,0.000000E+00 
15:45:00,3.653823E+03,0.000000E+00,2.239496E-01,0.000000E+00,3.666693E+03,0.000000E+00,2.247384E-01,0.000000E+00,3.666693E+03,0.000000E+00,2.247384E-01,0.000000E+00,1.028330E+04,0.000000E+00,6.302826E-01,0.000000E+00,3.653823E+03,0.000000E+00,2.239496E-01,0.000000E+00 
16:00:00,3.653823E+03,0.000000E+00,2.239496E-01,0.000000E+00,3.666693E+03,1.332088E+01,2.247384E-01,9.460453E-04,3.666693E+03,0.000000E+00,2.247384E-01,0.000000E+00,1.028330E+04,0.000000E+00,6.302826E-01,0.000000E+00,3.653823E+03,0.000000E+00,2.239496E-01,0.000000E+00 
16:15:00,3.653823E+03,0.000000E+00,2.239496E-01,0.000000E+00,3.666693E+03,8.011645E+01,2.247384E-01,5.620873E-03,3.666693E+03,0.000000E+00,2.247384E-01,0.000000E+00,1.028330E+04,0.000000E+00,6.302826E-01,0.000000E+00,3.653823E+03,0.000000E+00,2.239496E-01,0.000000E+00 
16:30:00,3.653823E+03,0.000000E+00,2.239496E-01,0.000000E+00,3.666693E+03,1.421609E+02,2.247384E-01,9.962939E-03,3.666693E+03,0.000000E+00,2.247384E-01,0.000000E+00,1.028330E+04,0.000000E+00,6.302826E-01,0.000000E+00,3.653823E+03,0.000000E+00,2.239496E-01,0.000000E+00 
16:45:00,3.653823E+03,0.000000E+00,2.239496E-01,0.000000E+00,3.666693E+03,2.258472E+02,2.247384E-01,1.581957E-02,3.666693E+03,0.000000E+00,2.247384E-01,0.000000E+00,1.028330E+04,0.000000E+00,6.302826E-01,0.000000E+00,3.653823E+03,0.000000E+00,2.239496E-01,0.000000E+00 
17:00:00,3.653823E+03,0.000000E+00,2.239496E-01,0.000000E+00,3.666693E+03,3.063697E+02,2.247384E-01,2.144096E-02,3.666693E+03,0.000000E+00,2.247384E-01,0.000000E+00,1.028330E+04,0.000000E+00,6.302826E-01,0.000000E+00,3.653823E+03,0.000000E+00,2.239496E-01,0.000000E+00 
17:15:00,3.653823E+03,0.000000E+00,2.239496E-01,0.000000E+00,3.666693E+03,3.382588E+02,2.247384E-01,2.367236E-02,3.666693E+03,0.000000E+00,2.247384E-01,0.000000E+00,1.028330E+04,0.000000E+00,6.302826E-01,0.000000E+00,3.653823E+03,0.000000E+00,2.239496E-01,0.000000E+00 
17:30:00,3.653823E+03,0.000000E+00,2.239496E-01,0.000000E+00,3.666693E+03,3.743131E+02,2.247384E-01,2.619552E-02,3.666693E+03,0.000000E+00,2.247384E-01,0.000000E+00,1.028330E+04,0.000000E+00,6.302826E-01,0.000000E+00,3.653823E+03,0.000000E+00,2.239496E-01,0.000000E+00 
17:45:00,3.653823E+03,0.000000E+00,2.239496E-01,0.000000E+00,3.666693E+03,3.823728E+02,2.247384E-01,2.675954E-02,3.666693E+03,0.000000E+00,2.247384E-01,0.000000E+00,1.028330E+04,0.000000E+00,6.302826E-01,0.000000E+00,3.653823E+03,0.000000E+00,2.239496E-01,0.000000E+00 
18:00:00,3.653823E+03,0.000000E+00,2.239496E-01,0.000000E+00,3.666693E+03,3.673972E+02,2.247384E-01,2.571152E-02,3.666693E+03,0.000000E+00,2.247384E-01,0.000000E+00,1.028330E+04,0.000000E+00,6.302826E-01,0.000000E+00,3.653823E+03,0.000000E+00,2.239496E-01,0.000000E+00 
18:15:00,3.653823E+03,0.000000E+00,2.239496E-01,0.000000E+00,3.666693E+03,3.229775E+02,2.247384E-01,2.260292E-02,3.666693E+03,0.000000E+00,2.247384E-01,0.000000E+00,1.028330E+04,0.000000E+00,6.302826E-01,0.000000E+00,3.653823E+03,0.000000E+00,2.239496E-01,0.000000E+00 
18:30:00,3.653823E+03,0.000000E+00,2.239496E-01,0.000000E+00,3.666693E+03,2.480604E+02,2.247384E-01,1.736003E-02,3.666693E+03,0.000000E+00,2.247384E-01,0.000000E+00,1.028330E+04,0.000000E+00,6.302826E-01,0.000000E+00,3.653823E+03,0.000000E+00,2.239496E-01,0.000000E+00 
18:45:00,3.653823E+03,0.000000E+00,2.239496E-01,0.000000E+00,3.666693E+03,1.563144E+02,2.247384E-01,1.093938E-02,3.666693E+03,0.000000E+00,2.247384E-01,0.000000E+00,1.028330E+04,0.000000E+00,6.302826E-01,0.000000E+00,3.653823E+03,0.000000E+00,2.239496E-01,0.000000E+00 
19:00:00,3.653823E+03,0.000000E+00,2.239496E-01,0.000000E+00,3.666693E+03,7.744657E+01,2.247384E-01,5.419969E-03,3.666693E+03,0.000000E+00,2.247384E-01,0.000000E+00,1.028330E+04,0.000000E+00,6.302826E-01,0.000000E+00,3.653823E+03,0.000000E+00,2.239496E-01,0.000000E+00 
19:15:00,3.653823E+03,0.000000E+00,2.239496E-01,0.000000E+00,3.666693E+03,2.318157E+01,2.247384E-01,1.622328E-03,3.666693E+03,0.000000E+00,2.247384E-01,0.000000E+00,1.028330E+04,0.000000E+00,6.302826E-01,0.000000E+00,3.653823E+03,0.000000E+00,2.239496E-01,0.000000E+00 
19:30:00,3.653823E+03,0.000000E+00,2.239496E-01,0.000000E+00,3.666693E+03,0.000000E+00,2.247384E-01,0.000000E+00,3.666693E+03,0.000000E+00,2.247384E-01,0.000000E+00,1.028330E+04,0.000000E+00,6.302826E-01,0.000000E+00,3.653823E+03,0.000000E+00,2.239496E-01,0.000000E+00 
19:45:00,3.653823E+03,0.000000E+00,2.239496E-01,0.000000E+00,3.666693E+03,0.000000E+00,2.247384E-01,0.000000E+00,3.666693E+03,0.000000E+00,2.247384E-01,0.000000E+00,1.028330E+04,0.000000E+00,6.302826E-01,0.000000E+00,3.653823E+03,0.000000E+00,2.239496E-01,0.000000E+00 
20:00:00,3.653823E+03,0.000000E+00,2.239496E-01,0.000000E+00,3.666693E+03,0.000000E+00,2.247384E-01,0.000000E+00,3.666693E+03,0.000000E+00,2.247384E-01,0.000000E+00,1.028330E+04,0.000000E+00,6.302826E-01,0.000000E+00,3.653823E+03,0.000000E+00,2.239496E-01,0.000000E+00 
20:15:00,3.653823E+03,0.000000E+00,2.239496E-01,0.000000E+00,3.666693E+03,0.000000E+00,2.247384E-01,0.000000E+00,3.666693E+03,0.000000E+00,2.247384E-01,0.000000E+00,1.028330E+04,0.000000E+00,6.302826E-01,0.000000E+00,3.653823E+03,0.000000E+00,2.239496E-01,0.000000E+00 
20:30:00,3.653823E+03,0.000000E+00,2.239496E-01,0.000000E+00,3.666693E+03,0.000000E+00,2.247384E-01,0.000000E+00,3.666693E+03,0.000000E+00,2.247384E-01,0.000000E+00,1.028330E+04,0.000000E+00,6.302826E-01,0.000000E+00,3.653823E+03,0.000000E+00,2.239496E-01,0.000000E+00 
20:45:00,3.653823E+03,0.000000E+00,2.239496E-01,0.000000E+00,3.666693E+03,0.000000E+00,2.247384E-01,0.000000E+00,3.666693E+03,0.000000E+00,2.247384E-01,0.000000E+00,1.028330E+04,0.000000E+00,6.302826E-01,0.000000E+00,3.653823E+03,0.000000E+00,2.239496E-01,0.000000E+00 
21:00:00,3.653823E+03,0.000000E+00,2.239496E-01,0.000000E+00,3.666693E+03,0.000000E+00,2.247384E-01,0.000000E+00,3.666693E+03,0.000000E+00,2.247384E-01,0.000000E+00,1.028330E+04,0.000000E+00,6.302826E-01,0.000000E+00,3.653823E+03,0.000000E+00,2.239496E-01,0.000000E+00 
21:15:00,3.653823E+03,0.000000E+00,2.239496E-01,0.000000E+00,3.666693E+03,0.000000E+00,2.247384E-01,0.000000E+00,3.666693E+03,0.000000E+00,2.247384E-01,0.000000E+00,1.028330E+04,0.000000E+00,6.302826E-01,0.000000E+00,3.653823E+03,0.000000E+00,2.239496E-01,0.000000E+00 
21:30:00,3.653823E+03,0.000000E+00,2.239496E-01,0.000000E+00,3.666693E+03,0.000000E+00,2.247384E-01,0.000000E+00,3.666693E+03,0.000000E+00,2.247384E-01,0.000000E+00,1.028330E+04,0.000000E+00,6.302826E-01,0.000000E+00,3.653823E+03,0.000000E+00,2.239496E-01,0.000000E+00 
21:45:00,3.653823E+03,0.000000E+00,2.239496E-01,0.000000E+00,3.666693E+03,0.000000E+00,2.247384E-01,0.000000E+00,3.666693E+03,0.000000E+00,2.247384E-01,0.000000E+00,1.028330E+04,0.000000E+00,6.302826E-01,0.000000E+00,3.653823E+03,0.000000E+00,2.239496E-01,0.000000E+00 
22:00:00,3.653823E+03,0.000000E+00,2.239496E-01,0.000000E+00,3.666693E+03,0.000000E+00,2.247384E-01,0.000000E+00,3.666693E+03,0.000000E+00,2.247384E-01,0.000000E+00,1.028330E+04,0.000000E+00,6.302826E-01,0.000000E+00,3.653823E+03,0.000000E+00,2.239496E-01,0.000000E+00 
22:15:00,3.653823E+03,0.000000E+00,2.239496E-01,0.000000E+00,3.666693E+03,0.000000E+00,2.247384E-01,0.000000E+00,3.666693E+03,0.000000E+00,2.247384E-01,0.000000E+00,1.028330E+04,0.000000E+00,6.302826E-01,0.000000E+00,3.653823E+03,0.000000E+00,2.239496E-01,0.000000E+00 
22:30:00,3.653823E+03,0.000000E+00,2.239496E-01,0.000000E+00,3.666693E+03,0.000000E+00,2.247384E-01,0.000000E+00,3.666693E+03,0.000000E+00,2.247384E-01,0.000000E+00,1.028330E+04,0.000000E+00,6.302826E-01,0.000000E+00,3.653823E+03,0.000000E+00,2.239496E-01,0.000000E+00 
22:45:00,3.653823E+03,0.000000E+00,2.239496E-01,0.000000E+00,3.666693E+03,0.000000E+00,2.247384E-01,0.000000E+00,3.666693E+03,0.000000E+00,2.247384E-01,0.000000E+00,1.028330E+04,0.000000E+00,6.302826E-01,0.000000E+00,3.653823E+03,0.000000E+00,2.239496E-01,0.000000E+00 
23:00:00,3.653823E+03,0.000000E+00,2.239496E-01,0.000000E+00,3.666693E+03,0.000000E+00,2.247384E-01,0.000000E+00,3.666693E+03,0.000000E+00,2.247384E-01,0.000000E+00,1.028330E+04,0.000000E+00,6.302826E-01,0.000000E+00,3.653823E+03,0.000000E+00,2.239496E-01,0.000000E+00 
23:15:00,3.653823E+03,0.000000E+00,2.239496E-01,0.000000E+00,3.666693E+03,0.000000E+00,2.247384E-01,0.000000E+00,3.666693E+03,0.000000E+00,2.247384E-01,0.000000E+00,1.028330E+04,0.000000E+00,6.302826E-01,0.000000E+00,3.653823E+03,0.000000E+00,2.239496E-01,0.000000E+00 
23:30:00,3.653823E+03,0.000000E+00,2.239496E-01,0.000000E+00,3.666693E+03,0.000000E+00,2.247384E-01,0.000000E+00,3.666693E+03,0.000000E+00,2.247384E-01,0.000000E+00,1.028330E+04,0.000000E+00,6.302826E-01,0.000000E+00,3.653823E+03,0.000000E+00,2.239496E-01,0.000000E+00 
23:45:00,3.653823E+03,0.000000E+00,2.239496E-01,0.000000E+00,3.666693E+03,0.000000E+00,2.247384E-01,0.000000E+00,3.666693E+03,0.000000E+00,2.247384E-01,0.000000E+00,1.028330E+04,0.000000E+00,6.302826E-01,0.000000E+00,3.653823E+03,0.000000E+00,2.239496E-01,0.000000E+00 
24:00:00,3.653823E+03,0.000000E+00,2.239496E-01,0.000000E+00,3.666693E+03,0.000000E+00,2.247384E-01,0.000000E+00,3.666693E+03,0.000000E+00,2.247384E-01,0.000000E+00,1.028330E+04,0.000000E+00,6.302826E-01,0.000000E+00,3.653823E+03,0.000000E+00,2.239496E-01,0.000000E+00 
Peak,3.653823E+03,0.000000E+00,2.239496E-01,0.000000E+00,3.666693E+03,3.823728E+02,2.247384E-01,2.675954E-02,3.666693E+03,0.000000E+00,2.247384E-01,0.000000E+00,1.028330E+04,0.000000E+00,6.302826E-01,0.000000E+00,3.653823E+03,0.000000E+00,2.239496E-01,0.000000E+00 

Peak Vol Flow (m3/s),,,1.860010E-01,0.000000E+00,,,1.866562E-01,2.222511E-02,,,1.866562E-01,0.000000E+00,,,5.234805E-01,0.000000E+00,,,1.860010E-01,0.000000E+00 
