Time,THERMAL ZONE 1:PHOENIX SKY HARBOR INTL AP ANN HTG 99.6% CONDNS DB:Des Heat Load [W],THERMAL ZONE 1:PHOENIX SKY HARBOR INTL AP ANN CLG .4% CONDNS DB=>MWB:Des Sens Cool Load [W],THERMAL ZONE 1:PHOENIX SKY HARBOR INTL AP ANN HTG 99.6% CONDNS DB:Des Heat Mass Flow [kg/s],THERMAL ZONE 1:PHOENIX SKY HARBOR INTL AP ANN CLG .4% CONDNS DB=>MWB:Des Cool Mass Flow [kg/s],THERMAL ZONE 10:PHOENIX SKY HARBOR INTL AP ANN HTG 99.6% CONDNS DB:Des Heat Load [W],THERMAL ZONE 10:PHOENIX SKY HARBOR INTL AP ANN CLG .4% CONDNS DB=>MWB:Des Sens Cool Load [W],THERMAL ZONE 10:PHOENIX SKY HARBOR INTL AP ANN HTG 99.6% CONDNS DB:Des Heat Mass Flow [kg/s],THERMAL ZONE 10:PHOENIX SKY HARBOR INTL AP ANN CLG .4% CONDNS DB=>MWB:Des Cool Mass Flow [kg/s],THERMAL ZONE 3:PHOENIX SKY HARBOR INTL AP ANN HTG 99.6% CONDNS DB:Des Heat Load [W],THERMAL ZONE 3:PHOENIX SKY HARBOR INTL AP ANN CLG .4% CONDNS DB=>MWB:Des Sens Cool Load [W],THERMAL ZONE 3:PHOENIX SKY HARBOR INTL AP ANN HTG 99.6% CONDNS DB:Des Heat Mass Flow [kg/s],THERMAL ZONE 3:PHOENIX SKY HARBOR INTL AP ANN CLG .4% CONDNS DB=>MWB:Des Cool Mass Flow [kg/s],THERMAL ZONE 9:PHOENIX SKY HARBOR INTL AP ANN HTG 99.6% CONDNS DB:Des Heat Load [W],THERMAL ZONE 9:PHOENIX SKY HARBOR INTL AP ANN CLG .4% CONDNS DB=>MWB:Des Sens Cool Load [W],THERMAL ZONE 9:PHOENIX SKY HARBOR INTL AP ANN HTG 99.6% CONDNS DB:Des Heat Mass Flow [kg/s],THERMAL ZONE 9:PHOENIX SKY HARBOR INTL AP ANN CLG .4% CONDNS DB=>MWB:Des Cool Mass Flow [kg/s],THERMAL ZONE 6:PHOENIX SKY HARBOR INTL AP ANN HTG 99.6% CONDNS DB:Des Heat Load [W],THERMAL ZONE 6::Des Sens Cool Load [W],THERMAL ZONE 6:PHOENIX SKY HARBOR INTL AP ANN HTG 99.6% CONDNS DB:Des Heat Mass Flow [kg/s],THERMAL ZONE 6::Des Cool Mass Flow [kg/s],THERMAL ZONE 14:PHOENIX SKY HARBOR INTL AP ANN HTG 99.6% CONDNS DB:Des Heat Load [W],THERMAL ZONE 14:PHOENIX SKY HARBOR INTL AP ANN CLG .4% CONDNS DB=>MWB:Des Sens Cool Load [W],THERMAL ZONE 14:PHOENIX SKY HARBOR INTL AP ANN HTG 99.6% CONDNS DB:Des Heat Mass Flow [kg/s],THERMAL ZONE 14:PHOENIX SKY HARBOR INTL AP ANN CLG .4% CONDNS DB=>MWB:Des Cool Mass Flow [kg/s],THERMAL ZONE 2:PHOENIX SKY HARBOR INTL AP ANN HTG 99.6% CONDNS DB:Des Heat Load [W],THERMAL ZONE 2:PHOENIX SKY HARBOR INTL AP ANN CLG .4% CONDNS DB=>MWB:Des Sens Cool Load [W],THERMAL ZONE 2:PHOENIX SKY HARBOR INTL AP ANN HTG 99.6% CONDNS DB:Des Heat Mass Flow [kg/s],THERMAL ZONE 2:PHOENIX SKY HARBOR INTL AP ANN CLG .4% CONDNS DB=>MWB:Des Cool Mass Flow [kg/s],THERMAL ZONE 12:PHOENIX SKY HARBOR INTL AP ANN HTG 99.6% CONDNS DB:Des Heat Load [W],THERMAL ZONE 12:PHOENIX SKY HARBOR INTL AP ANN CLG .4% CONDNS DB=>MWB:Des Sens Cool Load [W],THERMAL ZONE 12:PHOENIX SKY HARBOR INTL AP ANN HTG 99.6% CONDNS DB:Des Heat Mass Flow [kg/s],THERMAL ZONE 12:PHOENIX SKY HARBOR INTL AP ANN CLG .4% CONDNS DB=>MWB:Des Cool Mass Flow [kg/s],THERMAL ZONE 11:PHOENIX SKY HARBOR INTL AP ANN HTG 99.6% CONDNS DB:Des Heat Load [W],THERMAL ZONE 11:PHOENIX SKY HARBOR INTL AP ANN CLG .4% CONDNS DB=>MWB:Des Sens Cool Load [W],THERMAL ZONE 11:PHOENIX SKY HARBOR INTL AP ANN HTG 99.6% CONDNS DB:Des Heat Mass Flow [kg/s],THERMAL ZONE 11:PHOENIX SKY HARBOR INTL AP ANN CLG .4% CONDNS DB=>MWB:Des Cool Mass Flow [kg/s],THERMAL ZONE 5:PHOENIX SKY HARBOR INTL AP ANN HTG 99.6% CONDNS DB:Des Heat Load [W],THERMAL ZONE 5::Des Sens Cool Load [W],THERMAL ZONE 5:PHOENIX SKY HARBOR INTL AP ANN HTG 99.6% CONDNS DB:Des Heat Mass Flow [kg/s],THERMAL ZONE 5::Des Cool Mass Flow [kg/s],THERMAL ZONE 13:PHOENIX SKY HARBOR INTL AP ANN HTG 99.6% CONDNS DB:Des Heat Load [W],THERMAL ZONE 13:PHOENIX SKY HARBOR INTL AP ANN CLG .4% CONDNS DB=>MWB:Des Sens Cool Load [W],THERMAL ZONE 13:PHOENIX SKY HARBOR INTL AP ANN HTG 99.6% CONDNS DB:Des Heat Mass Flow [kg/s],THERMAL ZONE 13:PHOENIX SKY HARBOR INTL AP ANN CLG .4% CONDNS DB=>MWB:Des Cool Mass Flow [kg/s],THERMAL ZONE 7:PHOENIX SKY HARBOR INTL AP ANN HTG 99.6% CONDNS DB:Des Heat Load [W],THERMAL ZONE 7:PHOENIX SKY HARBOR INTL AP ANN CLG .4% CONDNS DB=>MWB:Des Sens Cool Load [W],THERMAL ZONE 7:PHOENIX SKY HARBOR INTL AP ANN HTG 99.6% CONDNS DB:Des Heat Mass Flow [kg/s],THERMAL ZONE 7:PHOENIX SKY HARBOR INTL AP ANN CLG .4% CONDNS DB=>MWB:Des Cool Mass Flow [kg/s],THERMAL ZONE 8:PHOENIX SKY HARBOR INTL AP ANN HTG 99.6% CONDNS DB:Des Heat Load [W],THERMAL ZONE 8:PHOENIX SKY HARBOR INTL AP ANN CLG .4% CONDNS DB=>MWB:Des Sens Cool Load [W],THERMAL ZONE 8:PHOENIX SKY HARBOR INTL AP ANN HTG 99.6% CONDNS DB:Des Heat Mass Flow [kg/s],THERMAL ZONE 8:PHOENIX SKY HARBOR INTL AP ANN CLG .4% CONDNS DB=>MWB:Des Cool Mass Flow [kg/s],THERMAL ZONE 4:PHOENIX SKY HARBOR INTL AP ANN HTG 99.6% CONDNS DB:Des Heat Load [W],THERMAL ZONE 4:PHOENIX SKY HARBOR INTL AP ANN CLG .4% CONDNS DB=>MWB:Des Sens Cool Load [W],THERMAL ZONE 4:PHOENIX SKY HARBOR INTL AP ANN HTG 99.6% CONDNS DB:Des Heat Mass Flow [kg/s],THERMAL ZONE 4:PHOENIX SKY HARBOR INTL AP ANN CLG .4% CONDNS DB=>MWB:Des Cool Mass Flow [kg/s],THERMAL ZONE 15:PHOENIX SKY HARBOR INTL AP ANN HTG 99.6% CONDNS DB:Des Heat Load [W],THERMAL ZONE 15:PHOENIX SKY HARBOR INTL AP ANN CLG .4% CONDNS DB=>MWB:Des Sens Cool Load [W],THERMAL ZONE 15:PHOENIX SKY HARBOR INTL AP ANN HTG 99.6% CONDNS DB:Des Heat Mass Flow [kg/s],THERMAL ZONE 15:PHOENIX SKY HARBOR INTL AP ANN CLG .4% CONDNS DB=>MWB:Des Cool Mass Flow [kg/s] 
00:15:00,2.178322E+04,9.090871E+03,1.335134E+00,6.362158E-01,4.448625E+03,2.288271E+03,2.726644E-01,1.601424E-01,3.909679E+03,2.488704E+03,2.396314E-01,1.741695E-01,4.788299E+03,0.000000E+00,2.934836E-01,0.000000E+00,1.126266E+04,0.000000E+00,6.903094E-01,0.000000E+00,9.567036E+03,0.000000E+00,5.863813E-01,0.000000E+00,7.752549E+03,2.574571E+03,4.751680E-01,1.801788E-01,9.567036E+03,0.000000E+00,5.863813E-01,0.000000E+00,3.902789E+03,1.298879E+03,2.392091E-01,9.090081E-02,3.506226E+04,0.000000E+00,2.149030E+00,0.000000E+00,8.874221E+03,4.647612E+03,5.439174E-01,3.252586E-01,8.874221E+03,4.349760E+03,5.439174E-01,3.044137E-01,4.777965E+03,0.000000E+00,2.928502E-01,0.000000E+00,4.452440E+03,3.362993E+03,2.728982E-01,2.353558E-01,7.752549E+03,2.259201E+03,4.751680E-01,1.581079E-01 
00:30:00,2.178322E+04,8.937546E+03,1.335133E+00,6.254855E-01,4.448625E+03,2.207519E+03,2.726644E-01,1.544911E-01,3.909679E+03,2.351223E+03,2.396314E-01,1.645480E-01,4.788299E+03,0.000000E+00,2.934836E-01,0.000000E+00,1.126266E+04,0.000000E+00,6.903094E-01,0.000000E+00,9.567036E+03,0.000000E+00,5.863813E-01,0.000000E+00,7.752549E+03,2.422867E+03,4.751680E-01,1.695620E-01,9.567036E+03,0.000000E+00,5.863813E-01,0.000000E+00,3.902789E+03,1.221774E+03,2.392091E-01,8.550465E-02,3.506226E+04,0.000000E+00,2.149030E+00,0.000000E+00,8.874221E+03,4.487886E+03,5.439174E-01,3.140803E-01,8.874221E+03,4.203247E+03,5.439174E-01,2.941602E-01,4.777965E+03,0.000000E+00,2.928502E-01,0.000000E+00,4.452440E+03,3.227874E+03,2.728982E-01,2.258996E-01,7.752549E+03,2.123820E+03,4.751680E-01,1.486335E-01 
00:45:00,2.178322E+04,8.776426E+03,1.335133E+00,6.142096E-01,4.448625E+03,2.129175E+03,2.726644E-01,1.490083E-01,3.909679E+03,2.219934E+03,2.396314E-01,1.553599E-01,4.788299E+03,0.000000E+00,2.934836E-01,0.000000E+00,1.126266E+04,0.000000E+00,6.903093E-01,0.000000E+00,9.567036E+03,0.000000E+00,5.863813E-01,0.000000E+00,7.752549E+03,2.276924E+03,4.751680E-01,1.593483E-01,9.567036E+03,0.000000E+00,5.863813E-01,0.000000E+00,3.902789E+03,1.147631E+03,2.392091E-01,8.031583E-02,3.506226E+04,0.000000E+00,2.149030E+00,0.000000E+00,8.874221E+03,4.332807E+03,5.439173E-01,3.032273E-01,8.874221E+03,4.060857E+03,5.439173E-01,2.841951E-01,4.777965E+03,0.000000E+00,2.928502E-01,0.000000E+00,4.452440E+03,3.098374E+03,2.728982E-01,2.168367E-01,7.752549E+03,1.993399E+03,4.751680E-01,1.395061E-01 
01:00:00,2.178321E+04,8.608275E+03,1.335133E+00,6.024417E-01,4.448624E+03,2.053191E+03,2.726644E-01,1.436906E-01,3.909679E+03,2.094546E+03,2.396314E-01,1.465847E-01,4.788299E+03,0.000000E+00,2.934836E-01,0.000000E+00,1.126266E+04,0.000000E+00,6.903092E-01,0.000000E+00,9.567036E+03,0.000000E+00,5.863813E-01,0.000000E+00,7.752549E+03,2.136598E+03,4.751680E-01,1.495277E-01,9.567036E+03,0.000000E+00,5.863813E-01,0.000000E+00,3.902789E+03,1.076372E+03,2.392091E-01,7.532887E-02,3.506226E+04,0.000000E+00,2.149030E+00,0.000000E+00,8.874221E+03,4.182289E+03,5.439173E-01,2.926934E-01,8.874221E+03,3.922505E+03,5.439173E-01,2.745127E-01,4.777965E+03,0.000000E+00,2.928502E-01,0.000000E+00,4.452440E+03,2.974213E+03,2.728982E-01,2.081474E-01,7.752549E+03,1.867832E+03,4.751680E-01,1.307184E-01 
01:15:00,2.178321E+04,8.438862E+03,1.335133E+00,5.905856E-01,4.448625E+03,1.980055E+03,2.726644E-01,1.385722E-01,3.909679E+03,1.975413E+03,2.396314E-01,1.382474E-01,4.788299E+03,0.000000E+00,2.934836E-01,0.000000E+00,1.126266E+04,0.000000E+00,6.903093E-01,0.000000E+00,9.567036E+03,0.000000E+00,5.863813E-01,0.000000E+00,7.752549E+03,2.002924E+03,4.751680E-01,1.401727E-01,9.567036E+03,0.000000E+00,5.863813E-01,0.000000E+00,3.902789E+03,1.008491E+03,2.392091E-01,7.057823E-02,3.506226E+04,0.000000E+00,2.149030E+00,0.000000E+00,8.874221E+03,4.037356E+03,5.439173E-01,2.825504E-01,8.874221E+03,3.789214E+03,5.439173E-01,2.651845E-01,4.777965E+03,0.000000E+00,2.928502E-01,0.000000E+00,4.452440E+03,2.855699E+03,2.728982E-01,1.998533E-01,7.752549E+03,1.748179E+03,4.751680E-01,1.223446E-01 
01:30:00,2.178321E+04,8.263806E+03,1.335133E+00,5.783344E-01,4.448625E+03,1.909689E+03,2.726644E-01,1.336477E-01,3.909679E+03,1.862170E+03,2.396314E-01,1.303221E-01,4.788299E+03,0.000000E+00,2.934836E-01,0.000000E+00,1.126266E+04,0.000000E+00,6.903093E-01,0.000000E+00,9.567036E+03,0.000000E+00,5.863813E-01,0.000000E+00,7.752549E+03,1.875515E+03,4.751680E-01,1.312561E-01,9.567036E+03,0.000000E+00,5.863813E-01,0.000000E+00,3.902789E+03,9.437951E+02,2.392091E-01,6.605058E-02,3.506226E+04,0.000000E+00,2.149030E+00,0.000000E+00,8.874221E+03,3.897854E+03,5.439173E-01,2.727875E-01,8.874221E+03,3.660839E+03,5.439173E-01,2.562003E-01,4.777965E+03,0.000000E+00,2.928502E-01,0.000000E+00,4.452440E+03,2.742573E+03,2.728982E-01,1.919363E-01,7.752549E+03,1.634090E+03,4.751680E-01,1.143602E-01 
01:45:00,2.178321E+04,8.083817E+03,1.335133E+00,5.657381E-01,4.448625E+03,1.842093E+03,2.726644E-01,1.289171E-01,3.909679E+03,1.754617E+03,2.396314E-01,1.227952E-01,4.788299E+03,0.000000E+00,2.934836E-01,0.000000E+00,1.126266E+04,0.000000E+00,6.903093E-01,0.000000E+00,9.567036E+03,0.000000E+00,5.863813E-01,0.000000E+00,7.752549E+03,1.754301E+03,4.751680E-01,1.227730E-01,9.567036E+03,0.000000E+00,5.863813E-01,0.000000E+00,3.902789E+03,8.822454E+02,2.392091E-01,6.174309E-02,3.506226E+04,0.000000E+00,2.149030E+00,0.000000E+00,8.874221E+03,3.763799E+03,5.439173E-01,2.634058E-01,8.874221E+03,3.537408E+03,5.439173E-01,2.475620E-01,4.777965E+03,0.000000E+00,2.928502E-01,0.000000E+00,4.452440E+03,2.634669E+03,2.728982E-01,1.843847E-01,7.752549E+03,1.525530E+03,4.751680E-01,1.067627E-01 
02:00:00,2.178321E+04,7.899573E+03,1.335133E+00,5.528439E-01,4.448625E+03,1.777266E+03,2.726644E-01,1.243802E-01,3.909679E+03,1.652566E+03,2.396314E-01,1.156532E-01,4.788299E+03,0.000000E+00,2.934836E-01,0.000000E+00,1.126266E+04,0.000000E+00,6.903093E-01,0.000000E+00,9.567036E+03,0.000000E+00,5.863813E-01,0.000000E+00,7.752549E+03,1.639204E+03,4.751680E-01,1.147181E-01,9.567036E+03,0.000000E+00,5.863813E-01,0.000000E+00,3.902789E+03,8.237988E+02,2.392091E-01,5.765275E-02,3.506226E+04,0.000000E+00,2.149030E+00,0.000000E+00,8.874221E+03,3.635195E+03,5.439173E-01,2.544056E-01,8.874221E+03,3.418938E+03,5.439173E-01,2.392710E-01,4.777965E+03,0.000000E+00,2.928502E-01,0.000000E+00,4.452440E+03,2.531831E+03,2.728982E-01,1.771877E-01,7.752549E+03,1.422458E+03,4.751680E-01,9.954932E-02 
02:15:00,2.178322E+04,7.711708E+03,1.335133E+00,5.396963E-01,4.448625E+03,1.714716E+03,2.726644E-01,1.200027E-01,3.909679E+03,1.555332E+03,2.396314E-01,1.088484E-01,4.788299E+03,0.000000E+00,2.934836E-01,0.000000E+00,1.126266E+04,0.000000E+00,6.903093E-01,0.000000E+00,9.567036E+03,0.000000E+00,5.863813E-01,0.000000E+00,7.752549E+03,1.529207E+03,4.751680E-01,1.070201E-01,9.567036E+03,0.000000E+00,5.863813E-01,0.000000E+00,3.902789E+03,7.679486E+02,2.392091E-01,5.374414E-02,3.506226E+04,0.000000E+00,2.149030E+00,0.000000E+00,8.874221E+03,3.511056E+03,5.439173E-01,2.457178E-01,8.874221E+03,3.304468E+03,5.439173E-01,2.312599E-01,4.777965E+03,0.000000E+00,2.928502E-01,0.000000E+00,4.452440E+03,2.433401E+03,2.728982E-01,1.702992E-01,7.752549E+03,1.323903E+03,4.751680E-01,9.265209E-02 
02:30:00,2.178322E+04,7.520800E+03,1.335133E+00,5.263358E-01,4.448625E+03,1.654386E+03,2.726644E-01,1.157806E-01,3.909679E+03,1.462694E+03,2.396314E-01,1.023652E-01,4.788299E+03,0.000000E+00,2.934836E-01,0.000000E+00,1.126266E+04,0.000000E+00,6.903093E-01,0.000000E+00,9.567036E+03,0.000000E+00,5.863813E-01,0.000000E+00,7.752549E+03,1.424151E+03,4.751680E-01,9.966783E-02,9.567036E+03,0.000000E+00,5.863813E-01,0.000000E+00,3.902789E+03,7.146168E+02,2.392091E-01,5.001176E-02,3.506226E+04,0.000000E+00,2.149030E+00,0.000000E+00,8.874221E+03,3.391261E+03,5.439173E-01,2.373341E-01,8.874221E+03,3.193894E+03,5.439173E-01,2.235216E-01,4.777965E+03,0.000000E+00,2.928502E-01,0.000000E+00,4.452440E+03,2.339181E+03,2.728982E-01,1.637053E-01,7.752549E+03,1.229746E+03,4.751680E-01,8.606258E-02 
02:45:00,2.178322E+04,7.327370E+03,1.335133E+00,5.127988E-01,4.448625E+03,1.596219E+03,2.726644E-01,1.117098E-01,3.909679E+03,1.374458E+03,2.396314E-01,9.619008E-02,4.788299E+03,0.000000E+00,2.934836E-01,0.000000E+00,1.126266E+04,0.000000E+00,6.903093E-01,0.000000E+00,9.567036E+03,0.000000E+00,5.863813E-01,0.000000E+00,7.752549E+03,1.323905E+03,4.751680E-01,9.265219E-02,9.567036E+03,0.000000E+00,5.863813E-01,0.000000E+00,3.902789E+03,6.637342E+02,2.392091E-01,4.645079E-02,3.506226E+04,0.000000E+00,2.149030E+00,0.000000E+00,8.874221E+03,3.275704E+03,5.439173E-01,2.292470E-01,8.874221E+03,3.087130E+03,5.439173E-01,2.160498E-01,4.777965E+03,0.000000E+00,2.928502E-01,0.000000E+00,4.452440E+03,2.248989E+03,2.728982E-01,1.573933E-01,7.752549E+03,1.139890E+03,4.751680E-01,7.977407E-02 
03:00:00,2.178322E+04,7.131895E+03,1.335133E+00,4.991187E-01,4.448625E+03,1.540165E+03,2.726644E-01,1.077869E-01,3.909679E+03,1.290446E+03,2.396314E-01,9.031060E-02,4.788299E+03,0.000000E+00,2.934836E-01,0.000000E+00,1.126266E+04,0.000000E+00,6.903093E-01,0.000000E+00,9.567036E+03,0.000000E+00,5.863813E-01,0.000000E+00,7.752549E+03,1.228355E+03,4.751680E-01,8.596526E-02,9.567036E+03,0.000000E+00,5.863813E-01,0.000000E+00,3.902789E+03,6.152411E+02,2.392091E-01,4.305705E-02,3.506226E+04,0.000000E+00,2.149030E+00,0.000000E+00,8.874221E+03,3.164292E+03,5.439173E-01,2.214499E-01,8.874221E+03,2.984099E+03,5.439173E-01,2.088393E-01,4.777965E+03,0.000000E+00,2.928502E-01,0.000000E+00,4.452440E+03,2.162664E+03,2.728982E-01,1.513519E-01,7.752549E+03,1.054256E+03,4.751680E-01,7.378111E-02 
03:15:00,2.178322E+04,6.934810E+03,1.335133E+00,4.853259E-01,4.448625E+03,1.485727E+03,2.726644E-01,1.039771E-01,3.909679E+03,1.210033E+03,2.396314E-01,8.468299E-02,4.788299E+03,0.000000E+00,2.934836E-01,0.000000E+00,1.126266E+04,0.000000E+00,6.903093E-01,0.000000E+00,9.567036E+03,0.000000E+00,5.863813E-01,0.000000E+00,7.752549E+03,1.136552E+03,4.751680E-01,7.954050E-02,9.567036E+03,0.000000E+00,5.863813E-01,0.000000E+00,3.902789E+03,5.686671E+02,2.392091E-01,3.979761E-02,3.506226E+04,0.000000E+00,2.149030E+00,0.000000E+00,8.874221E+03,3.056019E+03,5.439173E-01,2.138725E-01,8.874221E+03,2.883820E+03,5.439173E-01,2.018213E-01,4.777965E+03,0.000000E+00,2.928502E-01,0.000000E+00,4.452440E+03,2.079577E+03,2.728982E-01,1.455372E-01,7.752549E+03,9.719445E+02,4.751680E-01,6.802059E-02 
03:30:00,2.178322E+04,6.736509E+03,1.335133E+00,4.714480E-01,4.448625E+03,1.432820E+03,2.726644E-01,1.002745E-01,3.909679E+03,1.133025E+03,2.396314E-01,7.929364E-02,4.788299E+03,0.000000E+00,2.934836E-01,0.000000E+00,1.126266E+04,0.000000E+00,6.903093E-01,0.000000E+00,9.567036E+03,0.000000E+00,5.863813E-01,0.000000E+00,7.752549E+03,1.048346E+03,4.751680E-01,7.336750E-02,9.567036E+03,0.000000E+00,5.863813E-01,0.000000E+00,3.902789E+03,5.239392E+02,2.392091E-01,3.666737E-02,3.506226E+04,0.000000E+00,2.149030E+00,0.000000E+00,8.874221E+03,2.950712E+03,5.439173E-01,2.065027E-01,8.874221E+03,2.786138E+03,5.439173E-01,1.949852E-01,4.777965E+03,0.000000E+00,2.928502E-01,0.000000E+00,4.452440E+03,1.999538E+03,2.728982E-01,1.399357E-01,7.752549E+03,8.928459E+02,4.751680E-01,6.248495E-02 
03:45:00,2.178322E+04,6.537344E+03,1.335133E+00,4.575096E-01,4.448625E+03,1.381368E+03,2.726644E-01,9.667371E-02,3.909679E+03,1.059252E+03,2.396314E-01,7.413071E-02,4.788299E+03,0.000000E+00,2.934836E-01,0.000000E+00,1.126266E+04,0.000000E+00,6.903093E-01,0.000000E+00,9.567036E+03,0.000000E+00,5.863813E-01,0.000000E+00,7.752549E+03,9.636234E+02,4.751680E-01,6.743824E-02,9.567036E+03,0.000000E+00,5.863813E-01,0.000000E+00,3.902789E+03,4.809978E+02,2.392091E-01,3.366216E-02,3.506226E+04,0.000000E+00,2.149030E+00,0.000000E+00,8.874221E+03,2.848221E+03,5.439173E-01,1.993300E-01,8.874221E+03,2.690921E+03,5.439173E-01,1.883215E-01,4.777965E+03,0.000000E+00,2.928502E-01,0.000000E+00,4.452440E+03,1.922376E+03,2.728982E-01,1.345356E-01,7.752549E+03,8.168887E+02,4.751680E-01,5.716916E-02 
04:00:00,2.178322E+04,6.337635E+03,1.335133E+00,4.435332E-01,4.448625E+03,1.331303E+03,2.726644E-01,9.316994E-02,3.909679E+03,9.885618E+02,2.396314E-01,6.918354E-02,4.788299E+03,0.000000E+00,2.934836E-01,0.000000E+00,1.126266E+04,0.000000E+00,6.903093E-01,0.000000E+00,9.567036E+03,0.000000E+00,5.863813E-01,0.000000E+00,7.752549E+03,8.822975E+02,4.751680E-01,6.174673E-02,9.567036E+03,0.000000E+00,5.863813E-01,0.000000E+00,3.902789E+03,4.397979E+02,2.392091E-01,3.077883E-02,3.506226E+04,0.000000E+00,2.149030E+00,0.000000E+00,8.874221E+03,2.748415E+03,5.439173E-01,1.923452E-01,8.874221E+03,2.598054E+03,5.439173E-01,1.818223E-01,4.777965E+03,0.000000E+00,2.928502E-01,0.000000E+00,4.452440E+03,1.847938E+03,2.728982E-01,1.293261E-01,7.752549E+03,7.440357E+02,4.751680E-01,5.207061E-02 
04:15:00,2.178322E+04,6.137686E+03,1.335133E+00,4.295399E-01,4.448625E+03,1.282993E+03,2.726644E-01,8.978904E-02,3.909679E+03,9.212394E+02,2.396314E-01,6.447204E-02,4.788299E+03,0.000000E+00,2.934836E-01,0.000000E+00,1.126266E+04,0.000000E+00,6.903093E-01,0.000000E+00,9.567036E+03,0.000000E+00,5.863813E-01,0.000000E+00,7.752549E+03,8.050729E+02,4.751680E-01,5.634225E-02,9.567036E+03,0.000000E+00,5.863813E-01,0.000000E+00,3.902789E+03,4.006791E+02,2.392091E-01,2.804113E-02,3.506226E+04,0.000000E+00,2.149030E+00,0.000000E+00,8.874221E+03,2.652059E+03,5.439173E-01,1.856017E-01,8.874221E+03,2.508311E+03,5.439173E-01,1.755417E-01,4.777965E+03,0.000000E+00,2.928502E-01,0.000000E+00,4.452440E+03,1.776539E+03,2.728982E-01,1.243293E-01,7.752549E+03,6.750347E+02,4.751680E-01,4.724165E-02 
04:30:00,2.178322E+04,5.937793E+03,1.335133E+00,4.155506E-01,4.448625E+03,1.236430E+03,2.726644E-01,8.653038E-02,3.909679E+03,8.571970E+02,2.396314E-01,5.999010E-02,4.788299E+03,0.000000E+00,2.934836E-01,0.000000E+00,1.126266E+04,0.000000E+00,6.903093E-01,0.000000E+00,9.567036E+03,0.000000E+00,5.863813E-01,0.000000E+00,7.752549E+03,7.319674E+02,4.751680E-01,5.122603E-02,9.567036E+03,0.000000E+00,5.863813E-01,0.000000E+00,3.902789E+03,3.636461E+02,2.392091E-01,2.544942E-02,3.506226E+04,0.000000E+00,2.149030E+00,0.000000E+00,8.874221E+03,2.559150E+03,5.439173E-01,1.790996E-01,8.874221E+03,2.421705E+03,5.439173E-01,1.694807E-01,4.777965E+03,0.000000E+00,2.928502E-01,0.000000E+00,4.452440E+03,1.708104E+03,2.728982E-01,1.195400E-01,7.752549E+03,6.099856E+02,4.751680E-01,4.268925E-02 
04:45:00,2.178322E+04,5.738351E+03,1.335133E+00,4.015929E-01,4.448625E+03,1.191622E+03,2.726644E-01,8.339449E-02,3.909679E+03,7.963743E+02,2.396314E-01,5.573348E-02,4.788299E+03,0.000000E+00,2.934836E-01,0.000000E+00,1.126266E+04,0.000000E+00,6.903093E-01,0.000000E+00,9.567036E+03,0.000000E+00,5.863813E-01,0.000000E+00,7.752549E+03,6.630582E+02,4.751680E-01,4.640348E-02,9.567036E+03,0.000000E+00,5.863813E-01,0.000000E+00,3.902789E+03,3.287387E+02,2.392091E-01,2.300645E-02,3.506226E+04,0.000000E+00,2.149030E+00,0.000000E+00,8.874221E+03,2.469709E+03,5.439174E-01,1.728402E-01,8.874221E+03,2.338268E+03,5.439174E-01,1.636414E-01,4.777965E+03,0.000000E+00,2.928502E-01,0.000000E+00,4.452440E+03,1.642582E+03,2.728982E-01,1.149545E-01,7.752549E+03,5.491358E+02,4.751680E-01,3.843074E-02 
05:00:00,2.178322E+04,5.539639E+03,1.335133E+00,3.876862E-01,4.448625E+03,1.148555E+03,2.726644E-01,8.038051E-02,3.909679E+03,7.386779E+02,2.396314E-01,5.169565E-02,4.788299E+03,0.000000E+00,2.934836E-01,0.000000E+00,1.126266E+04,0.000000E+00,6.903093E-01,0.000000E+00,9.567036E+03,0.000000E+00,5.863813E-01,0.000000E+00,7.752549E+03,5.984364E+02,4.751680E-01,4.188099E-02,9.567036E+03,0.000000E+00,5.863813E-01,0.000000E+00,3.902789E+03,2.960087E+02,2.392091E-01,2.071588E-02,3.506226E+04,0.000000E+00,2.149030E+00,0.000000E+00,8.874221E+03,2.383718E+03,5.439174E-01,1.668222E-01,8.874221E+03,2.257995E+03,5.439174E-01,1.580236E-01,4.777965E+03,0.000000E+00,2.928502E-01,0.000000E+00,4.452440E+03,1.579896E+03,2.728982E-01,1.105675E-01,7.752549E+03,4.929396E+02,4.751680E-01,3.449790E-02 
05:15:00,2.178322E+04,5.341905E+03,1.335133E+00,3.738480E-01,4.448625E+03,1.108500E+03,2.726644E-01,7.757730E-02,3.909679E+03,6.852993E+02,2.396314E-01,4.796000E-02,4.788299E+03,0.000000E+00,2.934836E-01,0.000000E+00,1.126266E+04,0.000000E+00,6.903093E-01,0.000000E+00,9.567036E+03,0.000000E+00,5.863813E-01,0.000000E+00,7.752549E+03,5.405007E+02,4.751680E-01,3.782642E-02,9.567036E+03,0.000000E+00,5.863813E-01,0.000000E+00,3.902789E+03,2.666720E+02,2.392091E-01,1.866278E-02,3.506226E+04,0.000000E+00,2.149030E+00,0.000000E+00,8.874221E+03,2.303741E+03,5.439174E-01,1.612251E-01,8.874221E+03,2.183432E+03,5.439174E-01,1.528054E-01,4.777965E+03,0.000000E+00,2.928502E-01,0.000000E+00,4.452440E+03,1.521361E+03,2.728982E-01,1.064710E-01,7.752549E+03,4.420171E+02,4.751680E-01,3.093414E-02 
05:30:00,2.178322E+04,5.145439E+03,1.335133E+00,3.600985E-01,4.448625E+03,1.071511E+03,2.726644E-01,7.498864E-02,3.909679E+03,6.360983E+02,2.396314E-01,4.451672E-02,4.788299E+03,0.000000E+00,2.934836E-01,0.000000E+00,1.126266E+04,0.000000E+00,6.903093E-01,0.000000E+00,9.567036E+03,0.000000E+00,5.863813E-01,0.000000E+00,7.752549E+03,4.892473E+02,4.751680E-01,3.423949E-02,9.567036E+03,0.000000E+00,5.863813E-01,0.000000E+00,3.902789E+03,2.404575E+02,2.392091E-01,1.682819E-02,3.506226E+04,0.000000E+00,2.149030E+00,0.000000E+00,8.874221E+03,2.230003E+03,5.439174E-01,1.560646E-01,8.874221E+03,2.114843E+03,5.439174E-01,1.480052E-01,4.777965E+03,0.000000E+00,2.928502E-01,0.000000E+00,4.452440E+03,1.467094E+03,2.728982E-01,1.026731E-01,7.752549E+03,3.960604E+02,4.751680E-01,2.771790E-02 
05:45:00,2.178322E+04,4.950528E+03,1.335133E+00,3.464578E-01,4.448625E+03,1.045134E+03,2.726644E-01,7.314267E-02,3.909679E+03,5.950616E+02,2.396314E-01,4.164481E-02,4.788299E+03,0.000000E+00,2.934836E-01,0.000000E+00,1.126266E+04,0.000000E+00,6.903093E-01,0.000000E+00,9.567036E+03,0.000000E+00,5.863813E-01,0.000000E+00,7.752549E+03,4.496080E+02,4.751680E-01,3.146538E-02,9.567036E+03,0.000000E+00,5.863813E-01,0.000000E+00,3.902789E+03,2.224718E+02,2.392091E-01,1.556947E-02,3.506226E+04,0.000000E+00,2.149030E+00,0.000000E+00,8.874221E+03,2.170898E+03,5.439174E-01,1.519282E-01,8.874221E+03,2.063826E+03,5.439174E-01,1.444348E-01,4.777965E+03,0.000000E+00,2.928502E-01,0.000000E+00,4.452440E+03,1.421288E+03,2.728982E-01,9.946744E-02,7.752549E+03,3.629899E+02,4.751680E-01,2.540350E-02 
06:00:00,2.178322E+04,4.758188E+03,1.335133E+00,3.329971E-01,4.448625E+03,1.077693E+03,2.726644E-01,7.542128E-02,3.909679E+03,5.680562E+02,2.396314E-01,3.975486E-02,4.788299E+03,0.000000E+00,2.934836E-01,0.000000E+00,1.126266E+04,0.000000E+00,6.903094E-01,0.000000E+00,9.567036E+03,0.000000E+00,5.863813E-01,0.000000E+00,7.752549E+03,4.304899E+02,4.751680E-01,3.012742E-02,9.567036E+03,0.000000E+00,5.863813E-01,0.000000E+00,3.902789E+03,2.476911E+02,2.392091E-01,1.733442E-02,3.506226E+04,0.000000E+00,2.149030E+00,0.000000E+00,8.874221E+03,2.139497E+03,5.439174E-01,1.497306E-01,8.874221E+03,2.079519E+03,5.439174E-01,1.455331E-01,4.777965E+03,0.000000E+00,2.928502E-01,0.000000E+00,4.452440E+03,1.390808E+03,2.728982E-01,9.733436E-02,7.752549E+03,3.770340E+02,4.751680E-01,2.638636E-02 
06:15:00,2.178322E+04,4.571528E+03,1.335133E+00,3.199339E-01,4.448625E+03,1.215523E+03,2.726644E-01,8.506721E-02,3.909679E+03,5.603027E+02,2.396314E-01,3.921224E-02,4.788299E+03,0.000000E+00,2.934836E-01,0.000000E+00,1.126266E+04,0.000000E+00,6.903094E-01,0.000000E+00,9.567036E+03,0.000000E+00,5.863813E-01,0.000000E+00,7.752549E+03,4.382585E+02,4.751680E-01,3.067110E-02,9.567036E+03,0.000000E+00,5.863813E-01,0.000000E+00,3.902789E+03,3.600670E+02,2.392091E-01,2.519894E-02,3.506226E+04,0.000000E+00,2.149030E+00,0.000000E+00,8.874221E+03,2.148237E+03,5.439174E-01,1.503423E-01,8.874221E+03,2.204294E+03,5.439174E-01,1.542654E-01,4.777965E+03,0.000000E+00,2.928502E-01,0.000000E+00,4.452440E+03,1.382047E+03,2.728982E-01,9.672120E-02,7.752549E+03,4.680155E+02,4.751680E-01,3.275361E-02 
06:30:00,2.178322E+04,4.395359E+03,1.335133E+00,3.076049E-01,4.448625E+03,1.510835E+03,2.726644E-01,1.057343E-01,3.909679E+03,5.766229E+02,2.396314E-01,4.035439E-02,4.788299E+03,0.000000E+00,2.934836E-01,0.000000E+00,1.126266E+04,0.000000E+00,6.903094E-01,0.000000E+00,9.567036E+03,0.000000E+00,5.863813E-01,0.000000E+00,7.752549E+03,4.829680E+02,4.751680E-01,3.380005E-02,9.567036E+03,0.000000E+00,5.863813E-01,0.000000E+00,3.902789E+03,6.144255E+02,2.392091E-01,4.299997E-02,3.506226E+04,0.000000E+00,2.149030E+00,0.000000E+00,8.874221E+03,2.208201E+03,5.439174E-01,1.545388E-01,8.874221E+03,2.474634E+03,5.439174E-01,1.731848E-01,4.777965E+03,0.000000E+00,2.928502E-01,0.000000E+00,4.452440E+03,1.400625E+03,2.728982E-01,9.802141E-02,7.752549E+03,6.782517E+02,4.751680E-01,4.746679E-02 
06:45:00,2.178322E+04,4.235445E+03,1.335133E+00,2.964135E-01,4.448625E+03,1.983859E+03,2.726644E-01,1.388384E-01,3.909679E+03,6.166174E+02,2.396314E-01,4.315337E-02,4.788299E+03,0.000000E+00,2.934836E-01,0.000000E+00,1.126266E+04,0.000000E+00,6.903094E-01,0.000000E+00,9.567036E+03,0.000000E+00,5.863813E-01,0.000000E+00,7.752549E+03,5.675698E+02,4.751680E-01,3.972082E-02,9.567036E+03,0.000000E+00,5.863813E-01,0.000000E+00,3.902789E+03,1.036731E+03,2.392091E-01,7.255464E-02,3.506226E+04,0.000000E+00,2.149030E+00,0.000000E+00,8.874221E+03,2.319690E+03,5.439174E-01,1.623412E-01,8.874221E+03,2.890965E+03,5.439174E-01,2.023214E-01,4.777965E+03,0.000000E+00,2.928502E-01,0.000000E+00,4.452440E+03,1.446650E+03,2.728982E-01,1.012424E-01,7.752549E+03,1.014686E+03,4.751680E-01,7.101179E-02 
07:00:00,2.178322E+04,4.096880E+03,1.335133E+00,2.867161E-01,4.448625E+03,2.600219E+03,2.726644E-01,1.819738E-01,3.909679E+03,6.766946E+02,2.396314E-01,4.735781E-02,4.788299E+03,0.000000E+00,2.934836E-01,0.000000E+00,1.126266E+04,0.000000E+00,6.903094E-01,0.000000E+00,9.567036E+03,0.000000E+00,5.863813E-01,0.000000E+00,7.752549E+03,6.883532E+02,4.751680E-01,4.817373E-02,9.567036E+03,0.000000E+00,5.863813E-01,0.000000E+00,3.902789E+03,1.606058E+03,2.392091E-01,1.123984E-01,3.506226E+04,0.000000E+00,2.149030E+00,0.000000E+00,8.874221E+03,2.475464E+03,5.439174E-01,1.732429E-01,8.874221E+03,3.400420E+03,5.439174E-01,2.379751E-01,4.777965E+03,0.000000E+00,2.928502E-01,0.000000E+00,4.452440E+03,1.515854E+03,2.728982E-01,1.060856E-01,7.752549E+03,1.441378E+03,4.751680E-01,1.008734E-01 
07:15:00,2.178322E+04,3.981941E+03,1.335133E+00,2.786723E-01,4.448625E+03,3.348833E+03,2.726644E-01,2.343648E-01,3.909679E+03,7.576762E+02,2.396314E-01,5.302523E-02,4.788299E+03,0.000000E+00,2.934836E-01,0.000000E+00,1.126266E+04,0.000000E+00,6.903094E-01,0.000000E+00,9.567036E+03,0.000000E+00,5.863813E-01,0.000000E+00,7.752549E+03,8.512628E+02,4.751680E-01,5.957479E-02,9.567036E+03,0.000000E+00,5.863813E-01,0.000000E+00,3.902789E+03,2.316843E+03,2.392091E-01,1.621420E-01,3.506226E+04,0.000000E+00,2.149030E+00,0.000000E+00,8.874221E+03,2.676291E+03,5.439174E-01,1.872976E-01,8.874221E+03,3.965771E+03,5.439174E-01,2.775406E-01,4.777965E+03,5.975561E+01,2.928502E-01,4.206498E-03,4.452440E+03,1.608646E+03,2.728982E-01,1.125795E-01,7.752549E+03,1.938413E+03,4.751680E-01,1.356580E-01 
07:30:00,2.178322E+04,3.890732E+03,1.335133E+00,2.722891E-01,4.448625E+03,4.179253E+03,2.726644E-01,2.924809E-01,3.909679E+03,8.572158E+02,2.396314E-01,5.999141E-02,4.788299E+03,0.000000E+00,2.934836E-01,0.000000E+00,1.126266E+04,0.000000E+00,6.903094E-01,0.000000E+00,9.567036E+03,0.000000E+00,5.863813E-01,0.000000E+00,7.752549E+03,1.052064E+03,4.751680E-01,7.362769E-02,9.567036E+03,0.000000E+00,5.863813E-01,0.000000E+00,3.902789E+03,3.117460E+03,2.392091E-01,2.181724E-01,3.506226E+04,0.000000E+00,2.149030E+00,0.000000E+00,8.874221E+03,2.916296E+03,5.439174E-01,2.040941E-01,8.874221E+03,4.529001E+03,5.439174E-01,3.169577E-01,4.777965E+03,4.039356E+02,2.928502E-01,2.832864E-02,4.452440E+03,1.721645E+03,2.728982E-01,1.204877E-01,7.752549E+03,2.445696E+03,4.751680E-01,1.711597E-01 
07:45:00,2.178322E+04,3.821421E+03,1.335133E+00,2.674385E-01,4.448625E+03,5.053203E+03,2.726644E-01,3.536435E-01,3.909679E+03,9.728911E+02,2.396314E-01,6.808684E-02,4.788299E+03,0.000000E+00,2.934836E-01,0.000000E+00,1.126266E+04,0.000000E+00,6.903094E-01,0.000000E+00,9.567036E+03,0.000000E+00,5.863813E-01,0.000000E+00,7.752549E+03,1.286248E+03,4.751680E-01,9.001678E-02,9.567036E+03,0.000000E+00,5.863813E-01,0.000000E+00,3.902789E+03,3.965862E+03,2.392091E-01,2.775470E-01,3.506226E+04,0.000000E+00,2.149030E+00,0.000000E+00,8.874221E+03,3.189986E+03,5.439174E-01,2.232481E-01,8.874221E+03,5.047723E+03,5.439174E-01,3.532600E-01,4.777965E+03,9.784420E+02,2.928502E-01,6.854962E-02,4.452440E+03,1.851847E+03,2.728982E-01,1.295997E-01,7.752549E+03,2.920039E+03,4.751680E-01,2.043561E-01 
08:00:00,2.178322E+04,3.770869E+03,1.335133E+00,2.639006E-01,4.448625E+03,5.945323E+03,2.726644E-01,4.160777E-01,3.909679E+03,1.103458E+03,2.396314E-01,7.722443E-02,4.788299E+03,0.000000E+00,2.934836E-01,0.000000E+00,1.126266E+04,0.000000E+00,6.903094E-01,0.000000E+00,9.567036E+03,0.000000E+00,5.863813E-01,0.000000E+00,7.752549E+03,1.551499E+03,4.751680E-01,1.085802E-01,9.567036E+03,0.000000E+00,5.863813E-01,0.000000E+00,3.902789E+03,4.838111E+03,2.392091E-01,3.385905E-01,3.506226E+04,0.000000E+00,2.149030E+00,0.000000E+00,8.874221E+03,3.494079E+03,5.439174E-01,2.445297E-01,8.874221E+03,5.495010E+03,5.439174E-01,3.845629E-01,4.777965E+03,1.858275E+03,2.928502E-01,1.301244E-01,4.452440E+03,1.997645E+03,2.728982E-01,1.398032E-01,7.752549E+03,3.334957E+03,4.751680E-01,2.333937E-01 
08:15:00,2.178322E+04,3.735419E+03,1.335133E+00,2.614197E-01,4.448625E+03,6.806032E+03,2.726644E-01,4.763135E-01,3.909679E+03,1.242825E+03,2.396314E-01,8.697790E-02,4.788299E+03,0.000000E+00,2.934836E-01,0.000000E+00,1.126266E+04,0.000000E+00,6.903094E-01,0.000000E+00,9.567036E+03,0.000000E+00,5.863813E-01,0.000000E+00,7.752549E+03,1.836427E+03,4.751680E-01,1.285205E-01,9.567036E+03,0.000000E+00,5.863813E-01,0.000000E+00,3.902789E+03,5.683543E+03,2.392091E-01,3.977572E-01,3.506226E+04,0.000000E+00,2.149030E+00,0.000000E+00,8.874221E+03,3.815565E+03,5.439174E-01,2.670286E-01,8.874221E+03,5.836797E+03,5.439174E-01,4.084826E-01,4.777965E+03,2.900642E+03,2.928502E-01,2.030488E-01,4.452440E+03,2.151684E+03,2.728982E-01,1.505835E-01,7.752549E+03,3.656398E+03,4.751680E-01,2.558894E-01 
08:30:00,2.178322E+04,3.710893E+03,1.335133E+00,2.597033E-01,4.448625E+03,7.618334E+03,2.726644E-01,5.331617E-01,3.909679E+03,1.389116E+03,2.396314E-01,9.721596E-02,4.788299E+03,0.000000E+00,2.934836E-01,0.000000E+00,1.126266E+04,0.000000E+00,6.903094E-01,0.000000E+00,9.567036E+03,0.000000E+00,5.863813E-01,0.000000E+00,7.752549E+03,2.137043E+03,4.751680E-01,1.495588E-01,9.567036E+03,0.000000E+00,5.863813E-01,0.000000E+00,3.902789E+03,6.485956E+03,2.392091E-01,4.539133E-01,3.506226E+04,0.000000E+00,2.149030E+00,0.000000E+00,8.874221E+03,4.150266E+03,5.439174E-01,2.904523E-01,8.874221E+03,6.075632E+03,5.439174E-01,4.251972E-01,4.777965E+03,3.853993E+03,2.928502E-01,2.697331E-01,4.452440E+03,2.312399E+03,2.728982E-01,1.618310E-01,7.752549E+03,3.885972E+03,4.751680E-01,2.719559E-01 
08:45:00,2.178322E+04,3.693372E+03,1.335133E+00,2.584770E-01,4.448625E+03,8.376448E+03,2.726644E-01,5.862175E-01,3.909679E+03,1.541295E+03,2.396314E-01,1.078660E-01,4.788299E+03,0.000000E+00,2.934836E-01,0.000000E+00,1.126266E+04,0.000000E+00,6.903094E-01,0.000000E+00,9.567036E+03,0.000000E+00,5.863813E-01,0.000000E+00,7.752549E+03,2.451035E+03,4.751680E-01,1.715333E-01,9.567036E+03,0.000000E+00,5.863813E-01,0.000000E+00,3.902789E+03,7.241717E+03,2.392091E-01,5.068045E-01,3.506226E+04,0.000000E+00,2.149030E+00,0.000000E+00,8.874221E+03,4.495523E+03,5.439174E-01,3.146148E-01,8.874221E+03,6.236721E+03,5.439174E-01,4.364708E-01,4.777965E+03,4.744282E+03,2.928502E-01,3.320243E-01,4.452440E+03,2.478266E+03,2.728982E-01,1.734391E-01,7.752549E+03,4.048617E+03,4.751680E-01,2.833385E-01 
09:00:00,2.178322E+04,3.680065E+03,1.335133E+00,2.575458E-01,4.448625E+03,9.086819E+03,2.726644E-01,6.359322E-01,3.909679E+03,1.700592E+03,2.396314E-01,1.190143E-01,4.788299E+03,0.000000E+00,2.934836E-01,0.000000E+00,1.126266E+04,0.000000E+00,6.903094E-01,0.000000E+00,9.567036E+03,0.000000E+00,5.863813E-01,0.000000E+00,7.752549E+03,2.786101E+03,4.751680E-01,1.949825E-01,9.567036E+03,0.000000E+00,5.863813E-01,0.000000E+00,3.902789E+03,7.958442E+03,2.392091E-01,5.569638E-01,3.506226E+04,0.000000E+00,2.149030E+00,0.000000E+00,8.874221E+03,4.858415E+03,5.439174E-01,3.400114E-01,8.874221E+03,6.371846E+03,5.439174E-01,4.459274E-01,4.777965E+03,5.486572E+03,2.928502E-01,3.839723E-01,4.452440E+03,2.650236E+03,2.728982E-01,1.854742E-01,7.752549E+03,4.192650E+03,4.751680E-01,2.934185E-01 
09:15:00,2.178322E+04,3.669898E+03,1.335133E+00,2.568342E-01,4.448625E+03,9.741311E+03,2.726644E-01,6.817362E-01,3.909679E+03,1.862914E+03,2.396314E-01,1.303742E-01,4.788299E+03,0.000000E+00,2.934836E-01,0.000000E+00,1.126266E+04,0.000000E+00,6.903094E-01,0.000000E+00,9.567036E+03,0.000000E+00,5.863813E-01,0.000000E+00,7.752549E+03,3.158333E+03,4.751680E-01,2.210329E-01,9.567036E+03,0.000000E+00,5.863813E-01,0.000000E+00,3.902789E+03,8.626225E+03,2.392091E-01,6.036980E-01,3.506226E+04,0.000000E+00,2.149030E+00,0.000000E+00,8.874221E+03,5.257338E+03,5.439174E-01,3.679297E-01,8.874221E+03,6.518293E+03,5.439174E-01,4.561764E-01,4.777965E+03,6.131487E+03,2.928502E-01,4.291060E-01,4.452440E+03,2.824496E+03,2.728982E-01,1.976696E-01,7.752549E+03,4.352537E+03,4.751680E-01,3.046081E-01 
09:30:00,2.178322E+04,3.663242E+03,1.335133E+00,2.563684E-01,4.448625E+03,1.033211E+04,2.726644E-01,7.230827E-01,3.909679E+03,2.025553E+03,2.396314E-01,1.417564E-01,4.788299E+03,0.000000E+00,2.934836E-01,0.000000E+00,1.126266E+04,0.000000E+00,6.903094E-01,0.000000E+00,9.567036E+03,0.000000E+00,5.863813E-01,0.000000E+00,7.752549E+03,3.593990E+03,4.751680E-01,2.515219E-01,9.567036E+03,0.000000E+00,5.863813E-01,0.000000E+00,3.902789E+03,9.235240E+03,2.392091E-01,6.463193E-01,3.506226E+04,0.000000E+00,2.149030E+00,0.000000E+00,8.874221E+03,5.719695E+03,5.439174E-01,4.002873E-01,8.874221E+03,6.700330E+03,5.439174E-01,4.689161E-01,4.777965E+03,6.672870E+03,2.928502E-01,4.669942E-01,4.452440E+03,2.997930E+03,2.728982E-01,2.098072E-01,7.752549E+03,4.549237E+03,4.751680E-01,3.183740E-01 
09:45:00,2.178322E+04,3.661393E+03,1.335133E+00,2.562390E-01,4.448625E+03,1.085362E+04,2.726644E-01,7.595803E-01,3.909679E+03,2.186757E+03,2.396314E-01,1.530381E-01,4.788299E+03,0.000000E+00,2.934836E-01,0.000000E+00,1.126266E+04,0.000000E+00,6.903094E-01,0.000000E+00,9.567036E+03,0.000000E+00,5.863813E-01,0.000000E+00,7.752549E+03,4.119225E+03,4.751680E-01,2.882800E-01,9.567036E+03,0.000000E+00,5.863813E-01,0.000000E+00,3.902789E+03,9.778821E+03,2.392091E-01,6.843613E-01,3.506226E+04,0.000000E+00,2.149030E+00,0.000000E+00,8.874221E+03,6.272403E+03,5.439174E-01,4.389680E-01,8.874221E+03,6.925443E+03,5.439174E-01,4.846704E-01,4.777965E+03,7.110561E+03,2.928502E-01,4.976256E-01,4.452440E+03,3.168866E+03,2.728982E-01,2.217700E-01,7.752549E+03,4.787385E+03,4.751680E-01,3.350405E-01 
10:00:00,2.178322E+04,3.666091E+03,1.335133E+00,2.565678E-01,4.448625E+03,1.128900E+04,2.726644E-01,7.900494E-01,3.909679E+03,2.342775E+03,2.396314E-01,1.639568E-01,4.788299E+03,0.000000E+00,2.934836E-01,0.000000E+00,1.126266E+04,0.000000E+00,6.903094E-01,0.000000E+00,9.567036E+03,0.000000E+00,5.863813E-01,0.000000E+00,7.752549E+03,4.745860E+03,4.751680E-01,3.321344E-01,9.567036E+03,0.000000E+00,5.863813E-01,0.000000E+00,3.902789E+03,1.023788E+04,2.392091E-01,7.164884E-01,3.506226E+04,0.000000E+00,2.149030E+00,0.000000E+00,8.874221E+03,6.928124E+03,5.439174E-01,4.848580E-01,8.874221E+03,7.173068E+03,5.439174E-01,5.020002E-01,4.777965E+03,7.427572E+03,2.928502E-01,5.198114E-01,4.452440E+03,3.333587E+03,2.728982E-01,2.332978E-01,7.752549E+03,5.046234E+03,4.751680E-01,3.531558E-01 
10:15:00,2.178322E+04,3.678764E+03,1.335133E+00,2.574547E-01,4.448625E+03,1.163640E+04,2.726644E-01,8.143623E-01,3.909679E+03,2.493496E+03,2.396314E-01,1.745049E-01,4.788299E+03,0.000000E+00,2.934836E-01,0.000000E+00,1.126266E+04,0.000000E+00,6.903094E-01,0.000000E+00,9.567036E+03,0.000000E+00,5.863813E-01,0.000000E+00,7.752549E+03,5.467959E+03,4.751680E-01,3.826698E-01,9.567036E+03,2.245299E+02,5.863813E-01,1.576116E-02,3.902789E+03,1.061073E+04,2.392091E-01,7.425816E-01,3.506226E+04,0.000000E+00,2.149030E+00,0.000000E+00,8.874221E+03,7.678544E+03,5.439174E-01,5.373754E-01,8.874221E+03,7.428642E+03,5.439174E-01,5.198863E-01,4.777965E+03,7.630144E+03,2.928502E-01,5.339882E-01,4.452440E+03,3.491811E+03,2.728982E-01,2.443710E-01,7.752549E+03,5.310714E+03,4.751680E-01,3.716651E-01 
10:30:00,2.178322E+04,3.700361E+03,1.335133E+00,2.589662E-01,4.448625E+03,1.189817E+04,2.726644E-01,8.326815E-01,3.909679E+03,2.639341E+03,2.396314E-01,1.847117E-01,4.788299E+03,0.000000E+00,2.934836E-01,0.000000E+00,1.126266E+04,0.000000E+00,6.903094E-01,0.000000E+00,9.567036E+03,0.000000E+00,5.863813E-01,0.000000E+00,7.752549E+03,6.267219E+03,4.751680E-01,4.386052E-01,9.567036E+03,7.309201E+02,5.863813E-01,5.120041E-02,3.902789E+03,1.089995E+04,2.392091E-01,7.628227E-01,3.506226E+04,0.000000E+00,2.149030E+00,0.000000E+00,8.874221E+03,8.503996E+03,5.439174E-01,5.951439E-01,8.874221E+03,7.684724E+03,5.439174E-01,5.378079E-01,4.777965E+03,7.728893E+03,2.928502E-01,5.408990E-01,4.452440E+03,3.643822E+03,2.728982E-01,2.550094E-01,7.752549E+03,5.573954E+03,4.751680E-01,3.900877E-01 
10:45:00,2.178322E+04,3.731476E+03,1.335133E+00,2.611437E-01,4.448625E+03,1.207671E+04,2.726644E-01,8.451770E-01,3.909679E+03,2.780105E+03,2.396314E-01,1.945629E-01,4.788299E+03,0.000000E+00,2.934836E-01,0.000000E+00,1.126266E+04,0.000000E+00,6.903094E-01,0.000000E+00,9.567036E+03,9.885319E+01,5.863813E-01,6.952003E-03,7.752549E+03,7.120660E+03,4.751680E-01,4.983324E-01,9.567036E+03,1.294210E+03,5.863813E-01,9.062170E-02,3.902789E+03,1.110737E+04,2.392091E-01,7.773387E-01,3.506226E+04,0.000000E+00,2.149030E+00,0.000000E+00,8.874221E+03,9.380260E+03,5.439174E-01,6.564684E-01,8.874221E+03,7.936611E+03,5.439174E-01,5.554360E-01,4.777965E+03,7.732283E+03,2.928502E-01,5.411363E-01,4.452440E+03,3.789503E+03,2.728982E-01,2.652047E-01,7.752549E+03,5.831811E+03,4.751680E-01,4.081336E-01 
11:00:00,2.178322E+04,3.772387E+03,1.335133E+00,2.640068E-01,4.448625E+03,1.217471E+04,2.726644E-01,8.520350E-01,3.909679E+03,2.915476E+03,2.396314E-01,2.040367E-01,4.788299E+03,2.977637E+01,2.934836E-01,2.104253E-03,1.126266E+04,0.000000E+00,6.903094E-01,0.000000E+00,9.567036E+03,2.520519E+02,5.863813E-01,1.767383E-02,7.752549E+03,8.005347E+03,4.751680E-01,5.602464E-01,9.567036E+03,2.168739E+03,5.863813E-01,1.518247E-01,3.902789E+03,1.123493E+04,2.392091E-01,7.862660E-01,3.506226E+04,0.000000E+00,2.149030E+00,0.000000E+00,8.874221E+03,1.028342E+04,5.439174E-01,7.196755E-01,8.874221E+03,8.181142E+03,5.439174E-01,5.725492E-01,4.777965E+03,7.647798E+03,2.928502E-01,5.352237E-01,4.452440E+03,3.928674E+03,2.728982E-01,2.749444E-01,7.752549E+03,6.081551E+03,4.751680E-01,4.256114E-01 
11:15:00,2.178322E+04,3.823107E+03,1.335133E+00,2.675564E-01,4.448625E+03,1.219039E+04,2.726644E-01,8.531327E-01,3.909679E+03,3.043476E+03,2.396314E-01,2.129947E-01,4.788299E+03,1.172808E+02,2.934836E-01,8.228422E-03,1.126266E+04,0.000000E+00,6.903094E-01,0.000000E+00,9.567036E+03,4.375532E+02,5.863813E-01,3.065597E-02,7.752549E+03,8.896886E+03,4.751680E-01,6.226399E-01,9.567036E+03,3.055645E+03,5.863813E-01,2.138463E-01,3.902789E+03,1.128004E+04,2.392091E-01,7.894224E-01,3.506226E+04,0.000000E+00,2.149030E+00,0.000000E+00,8.874221E+03,1.118842E+04,5.439174E-01,7.830110E-01,8.874221E+03,8.412869E+03,5.439174E-01,5.887665E-01,4.777965E+03,7.475165E+03,2.928502E-01,5.231421E-01,4.452440E+03,4.059506E+03,2.728982E-01,2.841006E-01,7.752549E+03,6.317990E+03,4.751680E-01,4.421584E-01 
11:30:00,2.178322E+04,3.883407E+03,1.335133E+00,2.717764E-01,4.448625E+03,1.211671E+04,2.726644E-01,8.479762E-01,3.909679E+03,3.163625E+03,2.396314E-01,2.214032E-01,4.788299E+03,2.080448E+02,2.934836E-01,1.458046E-02,1.126266E+04,0.000000E+00,6.903094E-01,0.000000E+00,9.567036E+03,6.709414E+02,5.863813E-01,4.698940E-02,7.752549E+03,9.776710E+03,4.751680E-01,6.842135E-01,9.567036E+03,3.880163E+03,5.863813E-01,2.715492E-01,3.902789E+03,1.123465E+04,2.392091E-01,7.862460E-01,3.506226E+04,0.000000E+00,2.149030E+00,0.000000E+00,8.874221E+03,1.207628E+04,5.439174E-01,8.451470E-01,8.874221E+03,8.629988E+03,5.439174E-01,6.039613E-01,4.777965E+03,7.204137E+03,2.928502E-01,5.041745E-01,4.452440E+03,4.181662E+03,2.728982E-01,2.926496E-01,7.752549E+03,6.539475E+03,4.751680E-01,4.576588E-01 
11:45:00,2.178322E+04,3.952846E+03,1.335134E+00,2.766360E-01,4.448625E+03,1.193689E+04,2.726644E-01,8.353919E-01,3.909679E+03,3.275681E+03,2.396314E-01,2.292454E-01,4.788299E+03,3.311055E+02,2.934836E-01,2.319274E-02,1.126266E+04,0.000000E+00,6.903094E-01,0.000000E+00,9.567036E+03,8.409243E+02,5.863813E-01,5.885163E-02,7.752549E+03,1.062945E+04,4.751680E-01,7.438914E-01,9.567036E+03,4.845367E+03,5.863813E-01,3.390980E-01,3.902789E+03,1.108091E+04,2.392091E-01,7.754866E-01,3.506226E+04,0.000000E+00,2.149030E+00,0.000000E+00,8.874221E+03,1.293149E+04,5.439174E-01,9.049975E-01,8.874221E+03,8.831531E+03,5.439174E-01,6.180661E-01,4.777965E+03,6.810985E+03,2.928502E-01,4.766602E-01,4.452440E+03,4.295022E+03,2.728982E-01,3.005829E-01,7.752549E+03,6.745131E+03,4.751680E-01,4.720514E-01 
12:00:00,2.178322E+04,4.030793E+03,1.335134E+00,2.820911E-01,4.448625E+03,1.162709E+04,2.726644E-01,8.137109E-01,3.909679E+03,3.379698E+03,2.396314E-01,2.365248E-01,4.788299E+03,4.453419E+02,2.934836E-01,3.116708E-02,1.126266E+04,0.000000E+00,6.903094E-01,0.000000E+00,9.567036E+03,9.928385E+02,5.863813E-01,6.948282E-02,7.752549E+03,1.144259E+04,4.751680E-01,8.007985E-01,9.567036E+03,5.675198E+03,5.863813E-01,3.971729E-01,3.902789E+03,1.079402E+04,2.392091E-01,7.554090E-01,3.506226E+04,0.000000E+00,2.149030E+00,0.000000E+00,8.874221E+03,1.374170E+04,5.439174E-01,9.616995E-01,8.874221E+03,9.017359E+03,5.439174E-01,6.310711E-01,4.777965E+03,6.267335E+03,2.928502E-01,4.386134E-01,4.452440E+03,4.399754E+03,2.728982E-01,3.079125E-01,7.752549E+03,6.934834E+03,4.751680E-01,4.853276E-01 
12:15:00,2.178322E+04,4.116456E+03,1.335134E+00,2.880862E-01,4.448625E+03,1.117247E+04,2.726644E-01,7.818945E-01,3.909679E+03,3.477724E+03,2.396314E-01,2.433852E-01,4.788299E+03,5.232093E+02,2.934836E-01,3.661629E-02,1.126266E+04,0.000000E+00,6.903094E-01,0.000000E+00,9.567036E+03,1.145191E+03,5.863813E-01,8.014502E-02,7.752549E+03,1.220995E+04,4.751680E-01,8.545014E-01,9.567036E+03,6.417410E+03,5.863813E-01,4.491158E-01,3.902789E+03,1.035905E+04,2.392091E-01,7.249678E-01,3.506226E+04,0.000000E+00,2.149030E+00,0.000000E+00,8.874221E+03,1.450108E+04,5.439174E-01,1.014844E+00,8.874221E+03,9.191493E+03,5.439174E-01,6.432577E-01,4.777965E+03,5.569915E+03,2.928502E-01,3.898051E-01,4.452440E+03,4.498033E+03,2.728982E-01,3.147905E-01,7.752549E+03,7.112553E+03,4.751680E-01,4.977651E-01 
12:30:00,2.178322E+04,4.209028E+03,1.335134E+00,2.945647E-01,4.448625E+03,1.059569E+04,2.726644E-01,7.415288E-01,3.909679E+03,3.570880E+03,2.396314E-01,2.499046E-01,4.788299E+03,6.174384E+02,2.934836E-01,4.321082E-02,1.126266E+04,0.000000E+00,6.903094E-01,0.000000E+00,9.567036E+03,1.279614E+03,5.863813E-01,8.955253E-02,7.752549E+03,1.292413E+04,4.751680E-01,9.044828E-01,9.567036E+03,7.065148E+03,5.863813E-01,4.944472E-01,3.902789E+03,9.800369E+03,2.392091E-01,6.858693E-01,3.506226E+04,0.000000E+00,2.149030E+00,0.000000E+00,8.874221E+03,1.520288E+04,5.439174E-01,1.063959E+00,8.874221E+03,9.356173E+03,5.439174E-01,6.547827E-01,4.777965E+03,4.785154E+03,2.928502E-01,3.348843E-01,4.452440E+03,4.591109E+03,2.728982E-01,3.213043E-01,7.752549E+03,7.280428E+03,4.751680E-01,5.095137E-01 
12:45:00,2.178322E+04,4.308055E+03,1.335134E+00,3.014950E-01,4.448625E+03,9.987893E+03,2.726644E-01,6.989930E-01,3.909679E+03,3.687840E+03,2.396314E-01,2.580899E-01,4.788299E+03,7.280650E+02,2.934836E-01,5.095292E-02,1.126266E+04,0.000000E+00,6.903094E-01,0.000000E+00,9.567036E+03,1.408887E+03,5.863813E-01,9.859957E-02,7.752549E+03,1.357934E+04,4.751680E-01,9.503365E-01,9.567036E+03,7.616370E+03,5.863813E-01,5.330240E-01,3.902789E+03,9.213647E+03,2.392091E-01,6.448081E-01,3.506226E+04,0.000000E+00,2.149030E+00,0.000000E+00,8.874221E+03,1.584204E+04,5.439174E-01,1.108690E+00,8.874221E+03,9.514325E+03,5.439174E-01,6.658508E-01,4.777965E+03,4.064832E+03,2.928502E-01,2.844733E-01,4.452440E+03,4.707144E+03,2.728982E-01,3.294249E-01,7.752549E+03,7.441190E+03,4.751680E-01,5.207644E-01 
13:00:00,2.178322E+04,4.414226E+03,1.335134E+00,3.089253E-01,4.448625E+03,9.435022E+03,2.726644E-01,6.603008E-01,3.909679E+03,3.894262E+03,2.396314E-01,2.725361E-01,4.788299E+03,9.352614E+02,2.934836E-01,6.545336E-02,1.126266E+04,0.000000E+00,6.903094E-01,0.000000E+00,9.567036E+03,1.531027E+03,5.863813E-01,1.071474E-01,7.752549E+03,1.417082E+04,4.751680E-01,9.917308E-01,9.567036E+03,8.069010E+03,5.863813E-01,5.647016E-01,3.902789E+03,8.686539E+03,2.392091E-01,6.079190E-01,3.506226E+04,0.000000E+00,2.149030E+00,0.000000E+00,8.874221E+03,1.641412E+04,5.439174E-01,1.148726E+00,8.874221E+03,9.669121E+03,5.439174E-01,6.766840E-01,4.777965E+03,3.487688E+03,2.928502E-01,2.440824E-01,4.452440E+03,4.911502E+03,2.728982E-01,3.437266E-01,7.752549E+03,7.597749E+03,4.751680E-01,5.317210E-01 
13:15:00,2.178322E+04,4.529789E+03,1.335134E+00,3.170129E-01,4.448625E+03,8.997652E+03,2.726644E-01,6.296919E-01,3.909679E+03,4.245141E+03,2.396314E-01,2.970920E-01,4.788299E+03,1.265704E+03,2.934836E-01,8.857906E-02,1.126266E+04,0.000000E+00,6.903094E-01,0.000000E+00,9.567036E+03,1.647482E+03,5.863813E-01,1.152974E-01,7.752549E+03,1.469217E+04,4.751680E-01,1.028217E+00,9.567036E+03,8.421673E+03,5.863813E-01,5.893824E-01,3.902789E+03,8.277855E+03,2.392091E-01,5.793176E-01,3.506226E+04,0.000000E+00,2.149030E+00,0.000000E+00,8.874221E+03,1.691453E+04,5.439174E-01,1.183747E+00,8.874221E+03,9.822455E+03,5.439174E-01,6.874149E-01,4.777965E+03,3.103298E+03,2.928502E-01,2.171813E-01,4.452440E+03,5.259482E+03,2.728982E-01,3.680798E-01,7.752549E+03,7.751685E+03,4.751680E-01,5.424941E-01 
13:30:00,2.178322E+04,4.658126E+03,1.335134E+00,3.259944E-01,4.448625E+03,8.694339E+03,2.726644E-01,6.084649E-01,3.909679E+03,4.767480E+03,2.396314E-01,3.336475E-01,4.788299E+03,1.838774E+03,2.934836E-01,1.286848E-01,1.126266E+04,0.000000E+00,6.903094E-01,0.000000E+00,9.567036E+03,1.760404E+03,5.863813E-01,1.232001E-01,7.752549E+03,1.513863E+04,4.751680E-01,1.059462E+00,9.567036E+03,8.673649E+03,5.863813E-01,6.070168E-01,3.902789E+03,8.002398E+03,2.392091E-01,5.600400E-01,3.506226E+04,0.000000E+00,2.149030E+00,0.000000E+00,8.874221E+03,1.733917E+04,5.439174E-01,1.213465E+00,8.874221E+03,9.975472E+03,5.439174E-01,6.981237E-01,4.777965E+03,2.888248E+03,2.928502E-01,2.021312E-01,4.452440E+03,5.779457E+03,2.728982E-01,4.044697E-01,7.752549E+03,7.903722E+03,4.751680E-01,5.531343E-01 
13:45:00,2.178322E+04,4.802795E+03,1.335134E+00,3.361189E-01,4.448625E+03,8.479134E+03,2.726644E-01,5.934039E-01,3.909679E+03,5.439592E+03,2.396314E-01,3.806846E-01,4.788299E+03,2.597161E+03,2.934836E-01,1.817598E-01,1.126266E+04,0.000000E+00,6.903094E-01,0.000000E+00,9.567036E+03,1.868661E+03,5.863813E-01,1.307764E-01,7.752549E+03,1.550453E+04,4.751680E-01,1.085070E+00,9.567036E+03,8.823195E+03,5.863813E-01,6.174826E-01,3.902789E+03,7.808327E+03,2.392091E-01,5.464582E-01,3.506226E+04,0.000000E+00,2.149030E+00,0.000000E+00,8.874221E+03,1.768315E+04,5.439174E-01,1.237538E+00,8.874221E+03,1.012796E+04,5.439174E-01,7.087955E-01,4.777965E+03,2.740877E+03,2.928502E-01,1.918176E-01,4.452440E+03,6.452012E+03,2.728982E-01,4.515378E-01,7.752549E+03,8.053269E+03,4.751680E-01,5.636002E-01 
14:00:00,2.178322E+04,4.966241E+03,1.335134E+00,3.475575E-01,4.448625E+03,8.315090E+03,2.726644E-01,5.819235E-01,3.909679E+03,6.192010E+03,2.396314E-01,4.333418E-01,4.788299E+03,3.453381E+03,2.934836E-01,2.416815E-01,1.126266E+04,0.000000E+00,6.903094E-01,0.000000E+00,9.567036E+03,1.972123E+03,5.863813E-01,1.380171E-01,7.752549E+03,1.578327E+04,4.751680E-01,1.104577E+00,9.567036E+03,8.867613E+03,5.863813E-01,6.205912E-01,3.902789E+03,7.656133E+03,2.392091E-01,5.358070E-01,3.506226E+04,0.000000E+00,2.149030E+00,0.000000E+00,8.874221E+03,1.794115E+04,5.439174E-01,1.255594E+00,8.874221E+03,1.027835E+04,5.439174E-01,7.193204E-01,4.777965E+03,2.634470E+03,2.928502E-01,1.843708E-01,4.452440E+03,7.209180E+03,2.728982E-01,5.045274E-01,7.752549E+03,8.198472E+03,4.751680E-01,5.737621E-01 
14:15:00,2.178322E+04,5.149071E+03,1.335134E+00,3.603527E-01,4.448625E+03,8.182114E+03,2.726644E-01,5.726172E-01,3.909679E+03,6.960413E+03,2.396314E-01,4.871177E-01,4.788299E+03,4.356758E+03,2.934836E-01,3.049034E-01,1.126266E+04,0.000000E+00,6.903094E-01,0.000000E+00,9.567036E+03,2.065031E+03,5.863813E-01,1.445191E-01,7.752549E+03,1.596518E+04,4.751680E-01,1.117308E+00,9.567036E+03,8.801173E+03,5.863813E-01,6.159415E-01,3.902789E+03,7.526510E+03,2.392091E-01,5.267355E-01,3.506226E+04,0.000000E+00,2.149030E+00,0.000000E+00,8.874221E+03,1.810340E+04,5.439174E-01,1.266949E+00,8.874221E+03,1.042080E+04,5.439174E-01,7.292897E-01,4.777965E+03,2.549255E+03,2.928502E-01,1.784071E-01,4.452440E+03,7.986707E+03,2.728982E-01,5.589419E-01,7.752549E+03,8.333303E+03,4.751680E-01,5.831981E-01 
14:30:00,2.178322E+04,5.350214E+03,1.335134E+00,3.744295E-01,4.448625E+03,8.068316E+03,2.726644E-01,5.646533E-01,3.909679E+03,7.710603E+03,2.396314E-01,5.396190E-01,4.788299E+03,5.173299E+03,2.934836E-01,3.620483E-01,1.126266E+04,0.000000E+00,6.903094E-01,0.000000E+00,9.567036E+03,2.145343E+03,5.863813E-01,1.501397E-01,7.752549E+03,1.604313E+04,4.751680E-01,1.122763E+00,9.567036E+03,8.621275E+03,5.863813E-01,6.033515E-01,3.902789E+03,7.408712E+03,2.392091E-01,5.184915E-01,3.506226E+04,0.000000E+00,2.149030E+00,0.000000E+00,8.874221E+03,1.816336E+04,5.439174E-01,1.271145E+00,8.874221E+03,1.055265E+04,5.439174E-01,7.385171E-01,4.777965E+03,2.475790E+03,2.928502E-01,1.732657E-01,4.452440E+03,8.748766E+03,2.728982E-01,6.122739E-01,7.752549E+03,8.455160E+03,4.751680E-01,5.917262E-01 
14:45:00,2.178322E+04,5.567521E+03,1.335134E+00,3.896375E-01,4.448625E+03,7.965743E+03,2.726644E-01,5.574748E-01,3.909679E+03,8.429973E+03,2.396314E-01,5.899634E-01,4.788299E+03,5.918045E+03,2.934836E-01,4.141686E-01,1.126266E+04,0.000000E+00,6.903094E-01,0.000000E+00,9.567036E+03,2.210650E+03,5.863813E-01,1.547101E-01,7.752549E+03,1.601103E+04,4.751680E-01,1.120516E+00,9.567036E+03,8.327395E+03,5.863813E-01,5.827846E-01,3.902789E+03,7.296767E+03,2.392091E-01,5.106571E-01,3.506226E+04,0.000000E+00,2.149030E+00,0.000000E+00,8.874221E+03,1.811528E+04,5.439174E-01,1.267780E+00,8.874221E+03,1.067086E+04,5.439174E-01,7.467898E-01,4.777965E+03,2.408098E+03,2.928502E-01,1.685284E-01,4.452440E+03,9.480435E+03,2.728982E-01,6.634790E-01,7.752549E+03,8.561199E+03,4.751680E-01,5.991471E-01 
15:00:00,2.178322E+04,5.798307E+03,1.335134E+00,4.057889E-01,4.448625E+03,7.868753E+03,2.726644E-01,5.506870E-01,3.909679E+03,9.116029E+03,2.396314E-01,6.379764E-01,4.788299E+03,6.596497E+03,2.934836E-01,4.616494E-01,1.126266E+04,0.000000E+00,6.903094E-01,0.000000E+00,9.567036E+03,2.258672E+03,5.863813E-01,1.580709E-01,7.752549E+03,1.586478E+04,4.751680E-01,1.110281E+00,9.567036E+03,7.923002E+03,5.863813E-01,5.544836E-01,3.902789E+03,7.186330E+03,2.392091E-01,5.029283E-01,3.506226E+04,0.000000E+00,2.149030E+00,0.000000E+00,8.874221E+03,1.795518E+04,5.439174E-01,1.256576E+00,8.874221E+03,1.077248E+04,5.439174E-01,7.539013E-01,4.777965E+03,2.341665E+03,2.928502E-01,1.638792E-01,4.452440E+03,1.017739E+04,2.728982E-01,7.122544E-01,7.752549E+03,8.648736E+03,4.751680E-01,6.052734E-01 
15:15:00,2.178322E+04,6.039792E+03,1.335134E+00,4.226889E-01,4.448625E+03,7.771697E+03,2.726644E-01,5.438946E-01,3.909679E+03,9.767491E+03,2.396314E-01,6.835683E-01,4.788299E+03,7.213542E+03,2.934836E-01,5.048327E-01,1.126266E+04,0.000000E+00,6.903094E-01,0.000000E+00,9.567036E+03,2.286434E+03,5.863813E-01,1.600138E-01,7.752549E+03,1.560242E+04,4.751680E-01,1.091920E+00,9.567036E+03,7.416682E+03,5.863813E-01,5.190492E-01,3.902789E+03,7.073132E+03,2.392091E-01,4.950062E-01,3.506226E+04,0.000000E+00,2.149030E+00,0.000000E+00,8.874221E+03,1.768102E+04,5.439174E-01,1.237389E+00,8.874221E+03,1.085406E+04,5.439174E-01,7.596111E-01,4.777965E+03,2.272773E+03,2.928502E-01,1.590578E-01,4.452440E+03,1.083742E+04,2.728982E-01,7.584466E-01,7.752549E+03,8.714506E+03,4.751680E-01,6.098762E-01 
15:30:00,2.178322E+04,6.289269E+03,1.335134E+00,4.401484E-01,4.448625E+03,7.672194E+03,2.726644E-01,5.369310E-01,3.909679E+03,1.037981E+04,2.396314E-01,7.264211E-01,4.788299E+03,7.766881E+03,2.934836E-01,5.435576E-01,1.126266E+04,0.000000E+00,6.903094E-01,0.000000E+00,9.567036E+03,2.291888E+03,5.863813E-01,1.603955E-01,7.752549E+03,1.522840E+04,4.751680E-01,1.065745E+00,9.567036E+03,6.828396E+03,5.863813E-01,4.778786E-01,3.902789E+03,6.955737E+03,2.392091E-01,4.867905E-01,3.506226E+04,0.000000E+00,2.149030E+00,0.000000E+00,8.874221E+03,1.729701E+04,5.439174E-01,1.210515E+00,8.874221E+03,1.091259E+04,5.439174E-01,7.637067E-01,4.777965E+03,2.199483E+03,2.928502E-01,1.539287E-01,4.452440E+03,1.145568E+04,2.728982E-01,8.017146E-01,7.752549E+03,8.755910E+03,4.751680E-01,6.127738E-01 
15:45:00,2.178322E+04,6.544113E+03,1.335134E+00,4.579833E-01,4.448625E+03,7.567742E+03,2.726644E-01,5.296210E-01,3.909679E+03,1.094572E+04,2.396314E-01,7.660257E-01,4.788299E+03,8.248368E+03,2.934836E-01,5.772540E-01,1.126266E+04,0.000000E+00,6.903094E-01,0.000000E+00,9.567036E+03,2.273469E+03,5.863813E-01,1.591065E-01,7.752549E+03,1.475524E+04,4.751680E-01,1.032631E+00,9.567036E+03,6.201075E+03,5.863813E-01,4.339762E-01,3.902789E+03,6.831856E+03,2.392091E-01,4.781208E-01,3.506226E+04,0.000000E+00,2.149030E+00,0.000000E+00,8.874221E+03,1.681527E+04,5.439174E-01,1.176800E+00,8.874221E+03,1.094563E+04,5.439174E-01,7.660191E-01,4.777965E+03,2.119972E+03,2.928502E-01,1.483642E-01,4.452440E+03,1.202507E+04,2.728982E-01,8.415628E-01,7.752549E+03,8.770907E+03,4.751680E-01,6.138234E-01 
16:00:00,2.178322E+04,6.801887E+03,1.335134E+00,4.760234E-01,4.448625E+03,7.456273E+03,2.726644E-01,5.218200E-01,3.909679E+03,1.145637E+04,2.396314E-01,8.017629E-01,4.788299E+03,8.649536E+03,2.934836E-01,6.053293E-01,1.126266E+04,0.000000E+00,6.903094E-01,0.000000E+00,9.567036E+03,2.229901E+03,5.863813E-01,1.560574E-01,7.752549E+03,1.420685E+04,4.751680E-01,9.942523E-01,9.567036E+03,5.569091E+03,5.863813E-01,3.897474E-01,3.902789E+03,6.699937E+03,2.392091E-01,4.688885E-01,3.506226E+04,0.000000E+00,2.149030E+00,0.000000E+00,8.874221E+03,1.625913E+04,5.439174E-01,1.137879E+00,8.874221E+03,1.095104E+04,5.439174E-01,7.663981E-01,4.777965E+03,2.033126E+03,2.928502E-01,1.422863E-01,4.452440E+03,1.253705E+04,2.728982E-01,8.773933E-01,7.752549E+03,8.757707E+03,4.751680E-01,6.128996E-01 
16:15:00,2.178322E+04,7.060319E+03,1.335134E+00,4.941096E-01,4.448625E+03,7.336200E+03,2.726644E-01,5.134168E-01,3.909679E+03,1.189089E+04,2.396314E-01,8.321724E-01,4.788299E+03,8.945938E+03,2.934836E-01,6.260728E-01,1.126266E+04,0.000000E+00,6.903095E-01,0.000000E+00,9.567036E+03,2.159724E+03,5.863813E-01,1.511462E-01,7.752549E+03,1.362085E+04,4.751680E-01,9.532418E-01,9.567036E+03,4.951106E+03,5.863813E-01,3.464983E-01,3.902789E+03,6.558160E+03,2.392091E-01,4.589664E-01,3.506226E+04,0.000000E+00,2.149030E+00,0.000000E+00,8.874221E+03,1.566655E+04,5.439174E-01,1.096408E+00,8.874221E+03,1.092638E+04,5.439174E-01,7.646719E-01,4.777965E+03,1.936667E+03,2.928502E-01,1.355358E-01,4.452440E+03,1.297246E+04,2.728982E-01,9.078653E-01,7.752549E+03,8.713892E+03,4.751680E-01,6.098332E-01 
16:30:00,2.178322E+04,7.317150E+03,1.335134E+00,5.120836E-01,4.448625E+03,7.205269E+03,2.726644E-01,5.042537E-01,3.909679E+03,1.224582E+04,2.396314E-01,8.570116E-01,4.788299E+03,9.138390E+03,2.934836E-01,6.395413E-01,1.126266E+04,0.000000E+00,6.903095E-01,0.000000E+00,9.567036E+03,2.083491E+03,5.863813E-01,1.458110E-01,7.752549E+03,1.304863E+04,4.751680E-01,9.131960E-01,9.567036E+03,4.391370E+03,5.863813E-01,3.073257E-01,3.902789E+03,6.405193E+03,2.392091E-01,4.482612E-01,3.506226E+04,0.000000E+00,2.149030E+00,0.000000E+00,8.874221E+03,1.508693E+04,5.439174E-01,1.055844E+00,8.874221E+03,1.088943E+04,5.439174E-01,7.620860E-01,4.777965E+03,1.829976E+03,2.928502E-01,1.280691E-01,4.452440E+03,1.332691E+04,2.728982E-01,9.326708E-01,7.752549E+03,8.658556E+03,4.751680E-01,6.059606E-01 
16:45:00,2.178322E+04,7.570882E+03,1.335134E+00,5.298408E-01,4.448625E+03,7.063428E+03,2.726644E-01,4.943271E-01,3.909679E+03,1.252009E+04,2.396314E-01,8.762066E-01,4.788299E+03,9.230234E+03,2.934836E-01,6.459690E-01,1.126266E+04,0.000000E+00,6.903095E-01,0.000000E+00,9.567036E+03,2.039607E+03,5.863813E-01,1.427399E-01,7.752549E+03,1.252196E+04,4.751680E-01,8.763374E-01,9.567036E+03,3.893159E+03,5.863813E-01,2.724589E-01,3.902789E+03,6.241521E+03,2.392091E-01,4.368068E-01,3.506226E+04,0.000000E+00,2.149030E+00,0.000000E+00,8.874221E+03,1.455257E+04,5.439174E-01,1.018447E+00,8.874221E+03,1.087327E+04,5.439174E-01,7.609550E-01,4.777965E+03,1.713263E+03,2.928502E-01,1.199011E-01,4.452440E+03,1.359851E+04,2.728982E-01,9.516781E-01,7.752549E+03,8.625500E+03,4.751680E-01,6.036472E-01 
17:00:00,2.178322E+04,7.820972E+03,1.335134E+00,5.473431E-01,4.448625E+03,6.909586E+03,2.726644E-01,4.835606E-01,3.909679E+03,1.270947E+04,2.396314E-01,8.894597E-01,4.788299E+03,9.218602E+03,2.934836E-01,6.451549E-01,1.126266E+04,0.000000E+00,6.903095E-01,0.000000E+00,9.567036E+03,2.056268E+03,5.863813E-01,1.439059E-01,7.752549E+03,1.204822E+04,4.751680E-01,8.431831E-01,9.567036E+03,3.451427E+03,5.863813E-01,2.415447E-01,3.902789E+03,6.066326E+03,2.392091E-01,4.245459E-01,3.506226E+04,0.000000E+00,2.149030E+00,0.000000E+00,8.874221E+03,1.407300E+04,5.439174E-01,9.848849E-01,8.874221E+03,1.090813E+04,5.439174E-01,7.633946E-01,4.777965E+03,1.586493E+03,2.928502E-01,1.110292E-01,4.452440E+03,1.378324E+04,2.728982E-01,9.646066E-01,7.752549E+03,8.644388E+03,4.751680E-01,6.049691E-01 
17:15:00,2.178322E+04,8.067478E+03,1.335134E+00,5.645946E-01,4.448625E+03,6.746641E+03,2.726644E-01,4.721571E-01,3.909679E+03,1.282240E+04,2.396314E-01,8.973629E-01,4.788299E+03,9.117877E+03,2.934836E-01,6.381057E-01,1.126266E+04,0.000000E+00,6.903095E-01,0.000000E+00,9.567036E+03,2.152118E+03,5.863813E-01,1.506139E-01,7.752549E+03,1.162252E+04,4.751680E-01,8.133910E-01,9.567036E+03,3.073793E+03,5.863813E-01,2.151164E-01,3.902789E+03,5.883100E+03,2.392091E-01,4.117230E-01,3.506226E+04,0.000000E+00,2.149030E+00,0.000000E+00,8.874221E+03,1.364393E+04,5.439174E-01,9.548573E-01,8.874221E+03,1.101902E+04,5.439174E-01,7.711557E-01,4.777965E+03,1.453442E+03,2.928502E-01,1.017177E-01,4.452440E+03,1.388852E+04,2.728982E-01,9.719743E-01,7.752549E+03,8.739683E+03,4.751680E-01,6.116382E-01 
17:30:00,2.178322E+04,8.310829E+03,1.335134E+00,5.816253E-01,4.448625E+03,6.574720E+03,2.726644E-01,4.601254E-01,3.909679E+03,1.284776E+04,2.396314E-01,8.991383E-01,4.788299E+03,8.915486E+03,2.934836E-01,6.239416E-01,1.126266E+04,0.000000E+00,6.903095E-01,0.000000E+00,9.567036E+03,2.305340E+03,5.863813E-01,1.613370E-01,7.752549E+03,1.121418E+04,4.751680E-01,7.848134E-01,9.567036E+03,2.723755E+03,5.863813E-01,1.906193E-01,3.902789E+03,5.691964E+03,2.392091E-01,3.983466E-01,3.506226E+04,0.000000E+00,2.149030E+00,0.000000E+00,8.874221E+03,1.323755E+04,5.439174E-01,9.264167E-01,8.874221E+03,1.119369E+04,5.439174E-01,7.833797E-01,4.777965E+03,1.314003E+03,2.928502E-01,9.195923E-02,4.452440E+03,1.390489E+04,2.728982E-01,9.731199E-01,7.752549E+03,8.897000E+03,4.751680E-01,6.226479E-01 
17:45:00,2.178322E+04,8.550776E+03,1.335134E+00,5.984177E-01,4.448625E+03,6.392572E+03,2.726644E-01,4.473779E-01,3.909679E+03,1.277139E+04,2.396314E-01,8.937934E-01,4.788299E+03,8.596902E+03,2.934836E-01,6.016458E-01,1.126267E+04,0.000000E+00,6.903095E-01,0.000000E+00,9.567036E+03,2.464958E+03,5.863813E-01,1.725077E-01,7.752549E+03,1.080378E+04,4.751680E-01,7.560924E-01,9.567036E+03,2.381099E+03,5.863813E-01,1.666389E-01,3.902789E+03,5.491589E+03,2.392091E-01,3.843235E-01,3.506226E+04,0.000000E+00,2.149030E+00,0.000000E+00,8.874221E+03,1.283454E+04,5.439174E-01,8.982127E-01,8.874221E+03,1.139140E+04,5.439174E-01,7.972159E-01,4.777965E+03,1.167880E+03,2.928502E-01,8.173297E-02,4.452440E+03,1.381964E+04,2.728982E-01,9.671540E-01,7.752549E+03,9.074411E+03,4.751680E-01,6.350638E-01 
18:00:00,2.178322E+04,8.785836E+03,1.335134E+00,6.148682E-01,4.448625E+03,6.200230E+03,2.726644E-01,4.339171E-01,3.909679E+03,1.258186E+04,2.396314E-01,8.805293E-01,4.788299E+03,8.152685E+03,2.934836E-01,5.705577E-01,1.126267E+04,0.000000E+00,6.903095E-01,0.000000E+00,9.567036E+03,2.581867E+03,5.863813E-01,1.806894E-01,7.752549E+03,1.038404E+04,4.751680E-01,7.267170E-01,9.567036E+03,2.039170E+03,5.863813E-01,1.427093E-01,3.902789E+03,5.282130E+03,2.392091E-01,3.696647E-01,3.506226E+04,0.000000E+00,2.149030E+00,0.000000E+00,8.874221E+03,1.242587E+04,5.439174E-01,8.696121E-01,8.874221E+03,1.156277E+04,5.439174E-01,8.092090E-01,4.777965E+03,1.015448E+03,2.928502E-01,7.106516E-02,4.452440E+03,1.362173E+04,2.728982E-01,9.533035E-01,7.752549E+03,9.223140E+03,4.751680E-01,6.454724E-01 
18:15:00,2.178322E+04,9.013239E+03,1.335134E+00,6.307827E-01,4.448625E+03,5.993084E+03,2.726644E-01,4.194201E-01,3.909679E+03,1.223570E+04,2.396314E-01,8.563039E-01,4.788299E+03,7.536462E+03,2.934836E-01,5.274320E-01,1.126267E+04,0.000000E+00,6.903095E-01,0.000000E+00,9.567036E+03,2.597284E+03,5.863813E-01,1.817684E-01,7.752549E+03,9.941714E+03,4.751680E-01,6.957611E-01,9.567036E+03,1.688366E+03,5.863813E-01,1.181587E-01,3.902789E+03,5.058875E+03,2.392091E-01,3.540405E-01,3.506226E+04,0.000000E+00,2.149030E+00,0.000000E+00,8.874221E+03,1.199724E+04,5.439174E-01,8.396152E-01,8.874221E+03,1.164050E+04,5.439174E-01,8.146493E-01,4.777965E+03,8.538601E+02,2.928502E-01,5.975657E-02,4.452440E+03,1.327114E+04,2.728982E-01,9.287680E-01,7.752549E+03,9.276095E+03,4.751680E-01,6.491785E-01 
18:30:00,2.178322E+04,9.228656E+03,1.335134E+00,6.458585E-01,4.448625E+03,5.771549E+03,2.726644E-01,4.039162E-01,3.909679E+03,1.173670E+04,2.396314E-01,8.213815E-01,4.788299E+03,6.766556E+03,2.934836E-01,4.735508E-01,1.126267E+04,0.000000E+00,6.903095E-01,0.000000E+00,9.567036E+03,2.481691E+03,5.863813E-01,1.736787E-01,7.752549E+03,9.476028E+03,4.751680E-01,6.631706E-01,9.567036E+03,1.334686E+03,5.863813E-01,9.340667E-02,3.902789E+03,4.822632E+03,2.392091E-01,3.375072E-01,3.506226E+04,0.000000E+00,2.149030E+00,0.000000E+00,8.874221E+03,1.154600E+04,5.439174E-01,8.080352E-01,8.874221E+03,1.158605E+04,5.439174E-01,8.108385E-01,4.777965E+03,6.870265E+02,2.928502E-01,4.808088E-02,4.452440E+03,1.276856E+04,2.728982E-01,8.935951E-01,7.752549E+03,9.198260E+03,4.751680E-01,6.437312E-01 
18:45:00,2.178322E+04,9.427171E+03,1.335134E+00,6.597514E-01,4.448625E+03,5.536352E+03,2.726644E-01,3.874562E-01,3.909679E+03,1.109567E+04,2.396314E-01,7.765200E-01,4.788299E+03,5.869129E+03,2.934836E-01,4.107453E-01,1.126267E+04,0.000000E+00,6.903095E-01,0.000000E+00,9.567036E+03,2.218975E+03,5.863813E-01,1.552928E-01,7.752549E+03,8.987869E+03,4.751680E-01,6.290072E-01,9.567036E+03,9.731686E+02,5.863813E-01,6.810626E-02,3.902789E+03,4.574480E+03,2.392091E-01,3.201405E-01,3.506226E+04,0.000000E+00,2.149030E+00,0.000000E+00,8.874221E+03,1.107148E+04,5.439174E-01,7.748270E-01,8.874221E+03,1.137417E+04,5.439174E-01,7.960099E-01,4.777965E+03,5.137879E+02,2.928502E-01,3.595695E-02,4.452440E+03,1.212242E+04,2.728982E-01,8.483756E-01,7.752549E+03,8.967922E+03,4.751680E-01,6.276113E-01 
19:00:00,2.178322E+04,9.604041E+03,1.335134E+00,6.721294E-01,4.448625E+03,5.287478E+03,2.726644E-01,3.700390E-01,3.909679E+03,1.030042E+04,2.396314E-01,7.208646E-01,4.788299E+03,4.852745E+03,2.934836E-01,3.396146E-01,1.126267E+04,0.000000E+00,6.903095E-01,0.000000E+00,9.567036E+03,1.790679E+03,5.863813E-01,1.253189E-01,7.752549E+03,8.476804E+03,4.751680E-01,5.932409E-01,9.567036E+03,5.931806E+02,5.863813E-01,4.151317E-02,3.902789E+03,4.314537E+03,2.392091E-01,3.019486E-01,3.506226E+04,0.000000E+00,2.149030E+00,0.000000E+00,8.874221E+03,1.057237E+04,5.439174E-01,7.398968E-01,8.874221E+03,1.097655E+04,5.439174E-01,7.681828E-01,4.777965E+03,3.299342E+02,2.928502E-01,2.309013E-02,4.452440E+03,1.132273E+04,2.728982E-01,7.924105E-01,7.752549E+03,8.557861E+03,4.751680E-01,5.989135E-01 
19:15:00,2.178322E+04,9.754564E+03,1.335134E+00,6.826637E-01,4.448625E+03,5.033659E+03,2.726644E-01,3.522757E-01,3.909679E+03,9.397187E+03,2.396314E-01,6.576530E-01,4.788299E+03,3.835119E+03,2.934836E-01,2.683971E-01,1.126267E+04,0.000000E+00,6.903095E-01,0.000000E+00,9.567036E+03,1.241225E+03,5.863813E-01,8.686593E-02,7.752549E+03,7.961078E+03,4.751680E-01,5.571483E-01,9.567036E+03,3.060543E+02,5.863813E-01,2.141891E-02,3.902789E+03,4.052057E+03,2.392091E-01,2.835793E-01,3.506226E+04,0.000000E+00,2.149030E+00,0.000000E+00,8.874221E+03,1.006542E+04,5.439174E-01,7.044186E-01,8.874221E+03,1.041269E+04,5.439174E-01,7.287222E-01,4.777965E+03,1.799727E+02,2.928502E-01,1.259522E-02,4.452440E+03,1.041248E+04,2.728982E-01,7.287070E-01,7.752549E+03,7.990818E+03,4.751680E-01,5.592296E-01 
19:30:00,2.178322E+04,9.874998E+03,1.335134E+00,6.910921E-01,4.448625E+03,4.779712E+03,2.726644E-01,3.345035E-01,3.909679E+03,8.459761E+03,2.396314E-01,5.920482E-01,4.788299E+03,2.878648E+03,2.934836E-01,2.014594E-01,1.126267E+04,0.000000E+00,6.903095E-01,0.000000E+00,9.567036E+03,7.133298E+02,5.863813E-01,4.992169E-02,7.752549E+03,7.450464E+03,4.751680E-01,5.214135E-01,9.567036E+03,1.070710E+02,5.863813E-01,7.493261E-03,3.902789E+03,3.792018E+03,2.392091E-01,2.653807E-01,3.506226E+04,0.000000E+00,2.149030E+00,0.000000E+00,8.874221E+03,9.559752E+03,5.439174E-01,6.690299E-01,8.874221E+03,9.739360E+03,5.439174E-01,6.815997E-01,4.777965E+03,7.286853E+01,2.928502E-01,5.099633E-03,4.452440E+03,9.462273E+03,2.728982E-01,6.622079E-01,7.752549E+03,7.326597E+03,4.751680E-01,5.127448E-01 
19:45:00,2.178322E+04,9.963780E+03,1.335134E+00,6.973054E-01,4.448625E+03,4.534557E+03,2.726644E-01,3.173466E-01,3.909679E+03,7.571722E+03,2.396314E-01,5.298996E-01,4.788299E+03,2.053083E+03,2.934836E-01,1.436830E-01,1.126267E+04,0.000000E+00,6.903095E-01,0.000000E+00,9.567036E+03,3.070572E+02,5.863813E-01,2.148910E-02,7.752549E+03,6.962896E+03,4.751680E-01,4.872915E-01,9.567036E+03,1.393495E+00,5.863813E-01,9.752237E-05,3.902789E+03,3.543483E+03,2.392091E-01,2.479872E-01,3.506226E+04,0.000000E+00,2.149030E+00,0.000000E+00,8.874221E+03,9.072782E+03,5.439174E-01,6.349498E-01,8.874221E+03,9.039531E+03,5.439174E-01,6.326228E-01,4.777965E+03,1.111297E+01,2.928502E-01,7.777304E-04,4.452440E+03,8.553879E+03,2.728982E-01,5.986349E-01,7.752549E+03,6.648946E+03,4.751680E-01,4.653200E-01 
20:00:00,2.178322E+04,1.002247E+04,1.335134E+00,7.014128E-01,4.448625E+03,4.308377E+03,2.726644E-01,3.015176E-01,3.909679E+03,6.814850E+03,2.396314E-01,4.769306E-01,4.788299E+03,1.425009E+03,2.934836E-01,9.972788E-02,1.126267E+04,0.000000E+00,6.903095E-01,0.000000E+00,9.567036E+03,6.661463E+01,5.863813E-01,4.661960E-03,7.752549E+03,6.518196E+03,4.751680E-01,4.561696E-01,9.567036E+03,0.000000E+00,5.863813E-01,0.000000E+00,3.902789E+03,3.316464E+03,2.392091E-01,2.320995E-01,3.506226E+04,0.000000E+00,2.149030E+00,0.000000E+00,8.874221E+03,8.624522E+03,5.439174E-01,6.035788E-01,8.874221E+03,8.398565E+03,5.439174E-01,5.877654E-01,4.777965E+03,0.000000E+00,2.928502E-01,0.000000E+00,4.452440E+03,7.767645E+03,2.728982E-01,5.436111E-01,7.752549E+03,6.041862E+03,4.751680E-01,4.228338E-01 
20:15:00,2.178322E+04,1.005597E+04,1.335134E+00,7.037575E-01,4.448625E+03,4.106009E+03,2.726644E-01,2.873551E-01,3.909679E+03,6.231927E+03,2.396314E-01,4.361353E-01,4.788299E+03,9.734576E+02,2.934836E-01,6.812648E-02,1.126267E+04,0.000000E+00,6.903095E-01,0.000000E+00,9.567036E+03,0.000000E+00,5.863813E-01,0.000000E+00,7.752549E+03,6.124037E+03,4.751680E-01,4.285847E-01,9.567036E+03,0.000000E+00,5.863813E-01,0.000000E+00,3.902789E+03,3.114893E+03,2.392091E-01,2.179928E-01,3.506226E+04,0.000000E+00,2.149030E+00,0.000000E+00,8.874221E+03,8.224341E+03,5.439174E-01,5.755725E-01,8.874221E+03,7.873682E+03,5.439174E-01,5.510320E-01,4.777965E+03,0.000000E+00,2.928502E-01,0.000000E+00,4.452440E+03,7.149241E+03,2.728982E-01,5.003327E-01,7.752549E+03,5.557835E+03,4.751680E-01,3.889597E-01 
20:30:00,2.178322E+04,1.007123E+04,1.335134E+00,7.048253E-01,4.448625E+03,3.928429E+03,2.726644E-01,2.749273E-01,3.909679E+03,5.784947E+03,2.396314E-01,4.048539E-01,4.788299E+03,6.611537E+02,2.934836E-01,4.627020E-02,1.126267E+04,0.000000E+00,6.903095E-01,0.000000E+00,9.567036E+03,0.000000E+00,5.863813E-01,0.000000E+00,7.752549E+03,5.779942E+03,4.751680E-01,4.045036E-01,9.567036E+03,0.000000E+00,5.863813E-01,0.000000E+00,3.902789E+03,2.938591E+03,2.392091E-01,2.056545E-01,3.506226E+04,0.000000E+00,2.149030E+00,0.000000E+00,8.874221E+03,7.873978E+03,5.439174E-01,5.510526E-01,8.874221E+03,7.458922E+03,5.439174E-01,5.220054E-01,4.777965E+03,0.000000E+00,2.928502E-01,0.000000E+00,4.452440E+03,6.669140E+03,2.728982E-01,4.667333E-01,7.752549E+03,5.182922E+03,4.751680E-01,3.627217E-01 
20:45:00,2.178322E+04,1.007450E+04,1.335134E+00,7.050539E-01,4.448625E+03,3.771105E+03,2.726644E-01,2.639171E-01,3.909679E+03,5.417189E+03,2.396314E-01,3.791167E-01,4.788299E+03,4.235885E+02,2.934836E-01,2.964443E-02,1.126267E+04,0.000000E+00,6.903095E-01,0.000000E+00,9.567036E+03,0.000000E+00,5.863813E-01,0.000000E+00,7.752549E+03,5.474671E+03,4.751680E-01,3.831395E-01,9.567036E+03,0.000000E+00,5.863813E-01,0.000000E+00,3.902789E+03,2.781958E+03,2.392091E-01,1.946926E-01,3.506226E+04,0.000000E+00,2.149030E+00,0.000000E+00,8.874221E+03,7.564232E+03,5.439174E-01,5.293754E-01,8.874221E+03,7.118114E+03,5.439174E-01,4.981543E-01,4.777965E+03,0.000000E+00,2.928502E-01,0.000000E+00,4.452440E+03,6.277086E+03,2.728982E-01,4.392957E-01,7.752549E+03,4.875315E+03,4.751680E-01,3.411942E-01 
21:00:00,2.178322E+04,1.006938E+04,1.335134E+00,7.046959E-01,4.448625E+03,3.628388E+03,2.726644E-01,2.539292E-01,3.909679E+03,5.097644E+03,2.396314E-01,3.567537E-01,4.788299E+03,2.368478E+02,2.934836E-01,1.657556E-02,1.126267E+04,0.000000E+00,6.903095E-01,0.000000E+00,9.567036E+03,0.000000E+00,5.863813E-01,0.000000E+00,7.752549E+03,5.196012E+03,4.751680E-01,3.636378E-01,9.567036E+03,0.000000E+00,5.863813E-01,0.000000E+00,3.902789E+03,2.638892E+03,2.392091E-01,1.846803E-01,3.506226E+04,0.000000E+00,2.149030E+00,0.000000E+00,8.874221E+03,7.283699E+03,5.439174E-01,5.097426E-01,8.874221E+03,6.825024E+03,5.439174E-01,4.776427E-01,4.777965E+03,0.000000E+00,2.928502E-01,0.000000E+00,4.452440E+03,5.942203E+03,2.728982E-01,4.158593E-01,7.752549E+03,4.607680E+03,4.751680E-01,3.224640E-01 
21:15:00,2.178322E+04,1.005692E+04,1.335134E+00,7.038234E-01,4.448625E+03,3.495681E+03,2.726644E-01,2.446418E-01,3.909679E+03,4.810412E+03,2.396314E-01,3.366520E-01,4.788299E+03,1.103337E+02,2.934836E-01,7.721595E-03,1.126267E+04,0.000000E+00,6.903095E-01,0.000000E+00,9.567036E+03,0.000000E+00,5.863813E-01,0.000000E+00,7.752549E+03,4.935113E+03,4.751680E-01,3.453791E-01,9.567036E+03,0.000000E+00,5.863813E-01,0.000000E+00,3.902789E+03,2.504982E+03,2.392091E-01,1.753087E-01,3.506226E+04,0.000000E+00,2.149030E+00,0.000000E+00,8.874221E+03,7.023055E+03,5.439174E-01,4.915017E-01,8.874221E+03,6.563118E+03,5.439174E-01,4.593134E-01,4.777965E+03,0.000000E+00,2.928502E-01,0.000000E+00,4.452440E+03,5.646606E+03,2.728982E-01,3.951722E-01,7.752549E+03,4.364825E+03,4.751680E-01,3.054680E-01 
21:30:00,2.178322E+04,1.003659E+04,1.335134E+00,7.024007E-01,4.448625E+03,3.370648E+03,2.726644E-01,2.358915E-01,3.909679E+03,4.546724E+03,2.396314E-01,3.181980E-01,4.788299E+03,3.101211E+01,2.934836E-01,2.170352E-03,1.126267E+04,0.000000E+00,6.903095E-01,0.000000E+00,9.567036E+03,0.000000E+00,5.863813E-01,0.000000E+00,7.752549E+03,4.688041E+03,4.751680E-01,3.280880E-01,9.567036E+03,0.000000E+00,5.863813E-01,0.000000E+00,3.902789E+03,2.378257E+03,2.392091E-01,1.664400E-01,3.506226E+04,0.000000E+00,2.149030E+00,0.000000E+00,8.874221E+03,6.777560E+03,5.439174E-01,4.743209E-01,8.874221E+03,6.323366E+03,5.439174E-01,4.425346E-01,4.777965E+03,0.000000E+00,2.928502E-01,0.000000E+00,4.452440E+03,5.379850E+03,2.728982E-01,3.765035E-01,7.752549E+03,4.139425E+03,4.751680E-01,2.896936E-01 
21:45:00,2.178322E+04,1.000728E+04,1.335134E+00,7.003495E-01,4.448625E+03,3.251713E+03,2.726644E-01,2.275679E-01,3.909679E+03,4.301803E+03,2.396314E-01,3.010575E-01,4.788299E+03,0.000000E+00,2.934836E-01,0.000000E+00,1.126267E+04,0.000000E+00,6.903095E-01,0.000000E+00,9.567036E+03,0.000000E+00,5.863813E-01,0.000000E+00,7.752549E+03,4.452350E+03,4.751680E-01,3.115934E-01,9.567036E+03,0.000000E+00,5.863813E-01,0.000000E+00,3.902789E+03,2.257477E+03,2.392091E-01,1.579873E-01,3.506226E+04,0.000000E+00,2.149030E+00,0.000000E+00,8.874221E+03,6.544020E+03,5.439174E-01,4.579769E-01,8.874221E+03,6.099915E+03,5.439174E-01,4.268966E-01,4.777965E+03,0.000000E+00,2.928502E-01,0.000000E+00,4.452440E+03,5.135170E+03,2.728982E-01,3.593799E-01,7.752549E+03,3.927099E+03,4.751680E-01,2.748342E-01 
22:00:00,2.178322E+04,9.967810E+03,1.335134E+00,6.975875E-01,4.448625E+03,3.137769E+03,2.726644E-01,2.195937E-01,3.909679E+03,4.071987E+03,2.396314E-01,2.849740E-01,4.788299E+03,0.000000E+00,2.934836E-01,0.000000E+00,1.126267E+04,0.000000E+00,6.903095E-01,0.000000E+00,9.567036E+03,0.000000E+00,5.863813E-01,0.000000E+00,7.752549E+03,4.226402E+03,4.751680E-01,2.957806E-01,9.567036E+03,0.000000E+00,5.863813E-01,0.000000E+00,3.902789E+03,2.141805E+03,2.392091E-01,1.498921E-01,3.506226E+04,0.000000E+00,2.149030E+00,0.000000E+00,8.874221E+03,6.320201E+03,5.439174E-01,4.423131E-01,8.874221E+03,5.888843E+03,5.439174E-01,4.121249E-01,4.777965E+03,0.000000E+00,2.928502E-01,0.000000E+00,4.452440E+03,4.908013E+03,2.728982E-01,3.434825E-01,7.752549E+03,3.725078E+03,4.751680E-01,2.606960E-01 
22:15:00,2.178322E+04,9.917214E+03,1.335134E+00,6.940466E-01,4.448625E+03,3.028746E+03,2.726644E-01,2.119638E-01,3.909679E+03,3.855973E+03,2.396314E-01,2.698565E-01,4.788299E+03,0.000000E+00,2.934836E-01,0.000000E+00,1.126267E+04,0.000000E+00,6.903095E-01,0.000000E+00,9.567036E+03,0.000000E+00,5.863813E-01,0.000000E+00,7.752549E+03,4.010530E+03,4.751680E-01,2.806730E-01,9.567036E+03,0.000000E+00,5.863813E-01,0.000000E+00,3.902789E+03,2.031346E+03,2.392091E-01,1.421618E-01,3.506226E+04,0.000000E+00,2.149030E+00,0.000000E+00,8.874221E+03,6.106061E+03,5.439174E-01,4.273267E-01,8.874221E+03,5.689000E+03,5.439174E-01,3.981391E-01,4.777965E+03,0.000000E+00,2.928502E-01,0.000000E+00,4.452440E+03,4.696059E+03,2.728982E-01,3.286491E-01,7.752549E+03,3.533004E+03,4.751680E-01,2.472538E-01 
22:30:00,2.178322E+04,9.854848E+03,1.335134E+00,6.896819E-01,4.448625E+03,2.924337E+03,2.726644E-01,2.046569E-01,3.909679E+03,3.652422E+03,2.396314E-01,2.556112E-01,4.788299E+03,0.000000E+00,2.934836E-01,0.000000E+00,1.126267E+04,0.000000E+00,6.903095E-01,0.000000E+00,9.567036E+03,0.000000E+00,5.863813E-01,0.000000E+00,7.752549E+03,3.804393E+03,4.751680E-01,2.662467E-01,9.567036E+03,0.000000E+00,5.863813E-01,0.000000E+00,3.902789E+03,1.925936E+03,2.392091E-01,1.347848E-01,3.506226E+04,0.000000E+00,2.149030E+00,0.000000E+00,8.874221E+03,5.900922E+03,5.439174E-01,4.129703E-01,8.874221E+03,5.498992E+03,5.439174E-01,3.848416E-01,4.777965E+03,0.000000E+00,2.928502E-01,0.000000E+00,4.452440E+03,4.497269E+03,2.728982E-01,3.147370E-01,7.752549E+03,3.350143E+03,4.751680E-01,2.344565E-01 
22:45:00,2.178322E+04,9.780423E+03,1.335134E+00,6.844734E-01,4.448625E+03,2.824240E+03,2.726644E-01,1.976517E-01,3.909679E+03,3.460239E+03,2.396314E-01,2.421615E-01,4.788299E+03,0.000000E+00,2.934836E-01,0.000000E+00,1.126267E+04,0.000000E+00,6.903095E-01,0.000000E+00,9.567036E+03,0.000000E+00,5.863813E-01,0.000000E+00,7.752549E+03,3.607575E+03,4.751680E-01,2.524726E-01,9.567036E+03,0.000000E+00,5.863813E-01,0.000000E+00,3.902789E+03,1.825351E+03,2.392091E-01,1.277454E-01,3.506226E+04,0.000000E+00,2.149030E+00,0.000000E+00,8.874221E+03,5.704182E+03,5.439174E-01,3.992016E-01,8.874221E+03,5.317739E+03,5.439174E-01,3.721568E-01,4.777965E+03,0.000000E+00,2.928502E-01,0.000000E+00,4.452440E+03,4.310107E+03,2.728982E-01,3.016386E-01,7.752549E+03,3.175853E+03,4.751680E-01,2.222590E-01 
23:00:00,2.178322E+04,9.693965E+03,1.335134E+00,6.784227E-01,4.448625E+03,2.728197E+03,2.726644E-01,1.909302E-01,3.909679E+03,3.278524E+03,2.396314E-01,2.294443E-01,4.788299E+03,0.000000E+00,2.934836E-01,0.000000E+00,1.126267E+04,0.000000E+00,6.903095E-01,0.000000E+00,9.567036E+03,0.000000E+00,5.863813E-01,0.000000E+00,7.752549E+03,3.419683E+03,4.751680E-01,2.393232E-01,9.567036E+03,0.000000E+00,5.863813E-01,0.000000E+00,3.902789E+03,1.729376E+03,2.392091E-01,1.210287E-01,3.506226E+04,0.000000E+00,2.149030E+00,0.000000E+00,8.874221E+03,5.515332E+03,5.439174E-01,3.859852E-01,8.874221E+03,5.144416E+03,5.439174E-01,3.600270E-01,4.777965E+03,0.000000E+00,2.928502E-01,0.000000E+00,4.452440E+03,4.133379E+03,2.728982E-01,2.892705E-01,7.752549E+03,3.009617E+03,4.751680E-01,2.106251E-01 
23:15:00,2.178322E+04,9.595752E+03,1.335134E+00,6.715494E-01,4.448625E+03,2.635274E+03,2.726644E-01,1.844271E-01,3.909679E+03,3.105696E+03,2.396314E-01,2.173491E-01,4.788299E+03,0.000000E+00,2.934836E-01,0.000000E+00,1.126267E+04,0.000000E+00,6.903095E-01,0.000000E+00,9.567036E+03,0.000000E+00,5.863813E-01,0.000000E+00,7.752549E+03,3.238873E+03,4.751680E-01,2.266694E-01,9.567036E+03,0.000000E+00,5.863813E-01,0.000000E+00,3.902789E+03,1.637122E+03,2.392091E-01,1.145724E-01,3.506226E+04,0.000000E+00,2.149030E+00,0.000000E+00,8.874221E+03,5.332397E+03,5.439174E-01,3.731826E-01,8.874221E+03,4.976849E+03,5.439174E-01,3.482999E-01,4.777965E+03,0.000000E+00,2.928502E-01,0.000000E+00,4.452440E+03,3.965296E+03,2.728982E-01,2.775074E-01,7.752549E+03,2.849559E+03,4.751680E-01,1.994236E-01 
23:30:00,2.178322E+04,9.486236E+03,1.335134E+00,6.638850E-01,4.448625E+03,2.545017E+03,2.726644E-01,1.781106E-01,3.909679E+03,2.940872E+03,2.396314E-01,2.058140E-01,4.788299E+03,0.000000E+00,2.934836E-01,0.000000E+00,1.126267E+04,0.000000E+00,6.903095E-01,0.000000E+00,9.567036E+03,0.000000E+00,5.863813E-01,0.000000E+00,7.752549E+03,3.064331E+03,4.751680E-01,2.144543E-01,9.567036E+03,0.000000E+00,5.863813E-01,0.000000E+00,3.902789E+03,1.548142E+03,2.392091E-01,1.083452E-01,3.506226E+04,0.000000E+00,2.149030E+00,0.000000E+00,8.874221E+03,5.154545E+03,5.439174E-01,3.607358E-01,8.874221E+03,4.814064E+03,5.439174E-01,3.369076E-01,4.777965E+03,0.000000E+00,2.928502E-01,0.000000E+00,4.452440E+03,3.804862E+03,2.728982E-01,2.662796E-01,7.752549E+03,2.694849E+03,4.751680E-01,1.885964E-01 
23:45:00,2.178322E+04,9.365983E+03,1.335134E+00,6.554692E-01,4.448625E+03,2.457152E+03,2.726644E-01,1.719614E-01,3.909679E+03,2.783383E+03,2.396314E-01,1.947924E-01,4.788299E+03,0.000000E+00,2.934836E-01,0.000000E+00,1.126267E+04,0.000000E+00,6.903095E-01,0.000000E+00,9.567036E+03,0.000000E+00,5.863813E-01,0.000000E+00,7.752549E+03,2.895555E+03,4.751680E-01,2.026426E-01,9.567036E+03,0.000000E+00,5.863813E-01,0.000000E+00,3.902789E+03,1.462175E+03,2.392091E-01,1.023289E-01,3.506226E+04,0.000000E+00,2.149030E+00,0.000000E+00,8.874221E+03,4.981231E+03,5.439174E-01,3.486066E-01,8.874221E+03,4.655426E+03,5.439174E-01,3.258055E-01,4.777965E+03,0.000000E+00,2.928502E-01,0.000000E+00,4.452440E+03,3.651313E+03,2.728982E-01,2.555336E-01,7.752549E+03,2.544992E+03,4.751680E-01,1.781088E-01 
24:00:00,2.178322E+04,9.235636E+03,1.335134E+00,6.463470E-01,4.448625E+03,2.371486E+03,2.726644E-01,1.659661E-01,3.909679E+03,2.632697E+03,2.396314E-01,1.842467E-01,4.788299E+03,0.000000E+00,2.934836E-01,0.000000E+00,1.126267E+04,0.000000E+00,6.903095E-01,0.000000E+00,9.567036E+03,0.000000E+00,5.863813E-01,0.000000E+00,7.752549E+03,2.732188E+03,4.751680E-01,1.912095E-01,9.567036E+03,0.000000E+00,5.863813E-01,0.000000E+00,3.902789E+03,1.379032E+03,2.392091E-01,9.651023E-02,3.506226E+04,0.000000E+00,2.149030E+00,0.000000E+00,8.874221E+03,4.812081E+03,5.439174E-01,3.367688E-01,8.874221E+03,4.500501E+03,5.439174E-01,3.149632E-01,4.777965E+03,0.000000E+00,2.928502E-01,0.000000E+00,4.452440E+03,3.504046E+03,2.728982E-01,2.452273E-01,7.752549E+03,2.399657E+03,4.751680E-01,1.679376E-01 
Peak,2.178322E+04,1.007450E+04,1.335134E+00,7.050539E-01,4.448625E+03,1.219039E+04,2.726644E-01,8.531327E-01,3.909679E+03,1.284776E+04,2.396314E-01,8.991383E-01,4.788299E+03,9.230234E+03,2.934836E-01,6.459690E-01,1.126267E+04,0.000000E+00,6.903095E-01,0.000000E+00,9.567036E+03,2.597284E+03,5.863813E-01,1.817684E-01,7.752549E+03,1.604313E+04,4.751680E-01,1.122763E+00,9.567036E+03,8.867613E+03,5.863813E-01,6.205912E-01,3.902789E+03,1.128004E+04,2.392091E-01,7.894224E-01,3.506226E+04,0.000000E+00,2.149030E+00,0.000000E+00,8.874221E+03,1.816336E+04,5.439174E-01,1.271145E+00,8.874221E+03,1.164050E+04,5.439174E-01,8.146493E-01,4.777965E+03,7.732283E+03,2.928502E-01,5.411363E-01,4.452440E+03,1.390489E+04,2.728982E-01,9.731199E-01,7.752549E+03,9.276095E+03,4.751680E-01,6.491785E-01 

Peak Vol Flow (m3/s),,,1.153999E+00,6.094008E-01,,,2.356726E-01,7.373901E-01,,,2.071212E-01,7.771542E-01,,,2.536674E-01,5.583318E-01,,,5.966568E-01,0.000000E+00,,,5.068282E-01,1.571083E-01,,,4.107030E-01,9.704403E-01,,,5.068282E-01,5.363970E-01,,,2.067561E-01,6.823233E-01,,,1.857476E+00,0.000000E+00,,,4.701253E-01,1.098692E+00,,,4.701253E-01,7.041276E-01,,,2.531199E-01,4.677216E-01,,,2.358747E-01,8.410989E-01,,,4.107030E-01,5.611059E-01 
