Time,THERMAL ZONE 2:PHILADELPHIA INTERNATIONAL AP ANN HTG 99.6% CONDNS DB:Des Heat Load [W],THERMAL ZONE 2:PHILADELPHIA INTERNATIONAL AP ANN CLG .4% CONDNS DB=>MWB:Des Sens Cool Load [W],THERMAL ZONE 2:PHILADELPHIA INTERNATIONAL AP ANN HTG 99.6% CONDNS DB:Des Heat Mass Flow [kg/s],THERMAL ZONE 2:PHILADELPHIA INTERNATIONAL AP ANN CLG .4% CONDNS DB=>MWB:Des Cool Mass Flow [kg/s],THERMAL ZONE 1:PHILADELPHIA INTERNATIONAL AP ANN HTG 99.6% CONDNS DB:Des Heat Load [W],THERMAL ZONE 1:PHILADELPHIA INTERNATIONAL AP ANN CLG .4% CONDNS DB=>MWB:Des Sens Cool Load [W],THERMAL ZONE 1:PHILADELPHIA INTERNATIONAL AP ANN HTG 99.6% CONDNS DB:Des Heat Mass Flow [kg/s],THERMAL ZONE 1:PHILADELPHIA INTERNATIONAL AP ANN CLG .4% CONDNS DB=>MWB:Des Cool Mass Flow [kg/s],THERMAL ZONE 3:PHILADELPHIA INTERNATIONAL AP ANN HTG 99.6% CONDNS DB:Des Heat Load [W],THERMAL ZONE 3:PHILADELPHIA INTERNATIONAL AP ANN CLG .4% CONDNS DB=>MWB:Des Sens Cool Load [W],THERMAL ZONE 3:PHILADELPHIA INTERNATIONAL AP ANN HTG 99.6% CONDNS DB:Des Heat Mass Flow [kg/s],THERMAL ZONE 3:PHILADELPHIA INTERNATIONAL AP ANN CLG .4% CONDNS DB=>MWB:Des Cool Mass Flow [kg/s],THERMAL ZONE 4:PHILADELPHIA INTERNATIONAL AP ANN HTG 99.6% CONDNS DB:Des Heat Load [W],THERMAL ZONE 4:PHILADELPHIA INTERNATIONAL AP ANN CLG .4% CONDNS DB=>MWB:Des Sens Cool Load [W],THERMAL ZONE 4:PHILADELPHIA INTERNATIONAL AP ANN HTG 99.6% CONDNS DB:Des Heat Mass Flow [kg/s],THERMAL ZONE 4:PHILADELPHIA INTERNATIONAL AP ANN CLG .4% CONDNS DB=>MWB:Des Cool Mass Flow [kg/s],THERMAL ZONE 5:PHILADELPHIA INTERNATIONAL AP ANN HTG 99.6% CONDNS DB:Des Heat Load [W],THERMAL ZONE 5:PHILADELPHIA INTERNATIONAL AP ANN CLG .4% CONDNS DB=>MWB:Des Sens Cool Load [W],THERMAL ZONE 5:PHILADELPHIA INTERNATIONAL AP ANN HTG 99.6% CONDNS DB:Des Heat Mass Flow [kg/s],THERMAL ZONE 5:PHILADELPHIA INTERNATIONAL AP ANN CLG .4% CONDNS DB=>MWB:Des Cool Mass Flow [kg/s] 
00:15:00,5.364362E+03,2.785074E+02,3.286304E-01,1.949380E-02,5.364362E+03,4.289075E+02,3.286304E-01,3.002241E-02,5.344541E+03,2.689349E+02,3.274161E-01,1.882373E-02,8.678395E+03,2.173672E+03,5.317745E-01,1.521472E-01,5.344541E+03,2.994276E+02,3.274161E-01,2.095825E-02 
00:30:00,5.364379E+03,2.451737E+02,3.286314E-01,1.716049E-02,5.364379E+03,3.850088E+02,3.286314E-01,2.694933E-02,5.344558E+03,2.370133E+02,3.274172E-01,1.658927E-02,8.678428E+03,2.115308E+03,5.317765E-01,1.480616E-01,5.344558E+03,2.655552E+02,3.274172E-01,1.858720E-02 
00:45:00,5.364395E+03,2.131203E+02,3.286324E-01,1.491681E-02,5.364395E+03,3.431681E+02,3.286324E-01,2.402034E-02,5.344574E+03,2.061924E+02,3.274181E-01,1.443187E-02,8.678458E+03,2.058587E+03,5.317783E-01,1.440911E-01,5.344574E+03,2.329511E+02,3.274181E-01,1.630494E-02 
01:00:00,5.364408E+03,1.822952E+02,3.286332E-01,1.275914E-02,5.364408E+03,3.032959E+02,3.286332E-01,2.122918E-02,5.344587E+03,1.764426E+02,3.274190E-01,1.234947E-02,8.678483E+03,2.003453E+03,5.317799E-01,1.402316E-01,5.344587E+03,2.015712E+02,3.274190E-01,1.410841E-02 
01:15:00,5.364420E+03,1.545517E+02,3.286339E-01,1.081719E-02,5.364420E+03,2.671966E+02,3.286339E-01,1.870217E-02,5.344599E+03,1.496370E+02,3.274197E-01,1.047319E-02,8.678506E+03,1.957226E+03,5.317813E-01,1.369956E-01,5.344599E+03,1.732755E+02,3.274197E-01,1.212778E-02 
01:30:00,5.364431E+03,1.284766E+02,3.286346E-01,8.992072E-03,5.364431E+03,2.334135E+02,3.286346E-01,1.633734E-02,5.344610E+03,1.243795E+02,3.274203E-01,8.705298E-03,8.678526E+03,1.913353E+03,5.317825E-01,1.339244E-01,5.344610E+03,1.466573E+02,3.274203E-01,1.026462E-02 
01:45:00,5.364440E+03,1.040345E+02,3.286352E-01,7.281287E-03,5.364440E+03,2.018632E+02,3.286352E-01,1.412886E-02,5.344620E+03,1.006500E+02,3.274209E-01,7.044398E-03,8.678544E+03,1.871695E+03,5.317836E-01,1.310083E-01,5.344620E+03,1.216853E+02,3.274209E-01,8.516718E-03 
02:00:00,5.364449E+03,8.118862E+01,3.286357E-01,5.682259E-03,5.364449E+03,1.724640E+02,3.286357E-01,1.207099E-02,5.344628E+03,7.842498E+01,3.274215E-01,5.488828E-03,8.678559E+03,1.832157E+03,5.317845E-01,1.282406E-01,5.344628E+03,9.832548E+01,3.274215E-01,6.881697E-03 
02:15:00,5.364457E+03,5.944925E+01,3.286362E-01,4.160713E-03,5.364457E+03,1.446840E+02,3.286362E-01,1.012651E-02,5.344636E+03,5.722615E+01,3.274219E-01,4.005118E-03,8.678573E+03,1.794101E+03,5.317854E-01,1.255767E-01,5.344636E+03,7.609024E+01,3.274219E-01,5.325419E-03 
02:30:00,5.364464E+03,3.877844E+01,3.286366E-01,2.713986E-03,5.364464E+03,1.184426E+02,3.286366E-01,8.289762E-03,5.344643E+03,3.702570E+01,3.274224E-01,2.591315E-03,8.678586E+03,1.757486E+03,5.317862E-01,1.230138E-01,5.344643E+03,5.494141E+01,3.274224E-01,3.845211E-03 
02:45:00,5.364470E+03,2.137136E+01,3.286370E-01,1.495705E-03,5.364470E+03,9.366555E+01,3.286370E-01,6.555546E-03,5.344649E+03,2.022801E+01,3.274227E-01,1.415685E-03,8.678597E+03,1.722276E+03,5.317868E-01,1.205491E-01,5.344649E+03,3.484372E+01,3.274227E-01,2.438602E-03 
03:00:00,5.364475E+03,9.432610E+00,3.286373E-01,6.601491E-04,5.364475E+03,7.028766E+01,3.286373E-01,4.919298E-03,5.344655E+03,8.774048E+00,3.274231E-01,6.140586E-04,8.678607E+03,1.688436E+03,5.317875E-01,1.181803E-01,5.344655E+03,1.880796E+01,3.274231E-01,1.316300E-03 
03:15:00,5.364481E+03,2.355813E+00,3.286376E-01,1.648722E-04,5.364481E+03,4.778260E+01,3.286376E-01,3.344178E-03,5.344660E+03,2.073631E+00,3.274234E-01,1.451235E-04,8.678616E+03,1.655340E+03,5.317880E-01,1.158636E-01,5.344660E+03,7.751876E+00,3.274234E-01,5.425208E-04 
03:30:00,5.364485E+03,0.000000E+00,3.286379E-01,0.000000E+00,5.364485E+03,2.745909E+01,3.286379E-01,1.921774E-03,5.344665E+03,0.000000E+00,3.274237E-01,0.000000E+00,8.678625E+03,1.622929E+03,5.317885E-01,1.135949E-01,5.344665E+03,1.528648E+00,3.274237E-01,1.069826E-04 
03:45:00,5.364489E+03,0.000000E+00,3.286382E-01,0.000000E+00,5.364489E+03,1.285681E+01,3.286382E-01,8.997991E-04,5.344669E+03,0.000000E+00,3.274239E-01,0.000000E+00,8.678632E+03,1.591108E+03,5.317890E-01,1.113675E-01,5.344669E+03,0.000000E+00,3.274239E-01,0.000000E+00 
04:00:00,5.364493E+03,0.000000E+00,3.286384E-01,0.000000E+00,5.364493E+03,3.767597E+00,3.286384E-01,2.636775E-04,5.344673E+03,0.000000E+00,3.274242E-01,0.000000E+00,8.678639E+03,1.559755E+03,5.317894E-01,1.091728E-01,5.344673E+03,0.000000E+00,3.274242E-01,0.000000E+00 
04:15:00,5.364497E+03,0.000000E+00,3.286386E-01,0.000000E+00,5.364497E+03,0.000000E+00,3.286386E-01,0.000000E+00,5.344676E+03,0.000000E+00,3.274244E-01,0.000000E+00,8.678645E+03,1.529328E+03,5.317898E-01,1.070430E-01,5.344676E+03,0.000000E+00,3.274244E-01,0.000000E+00 
04:30:00,5.364500E+03,0.000000E+00,3.286388E-01,0.000000E+00,5.364500E+03,0.000000E+00,3.286388E-01,0.000000E+00,5.344680E+03,0.000000E+00,3.274246E-01,0.000000E+00,8.678651E+03,1.499702E+03,5.317901E-01,1.049693E-01,5.344680E+03,0.000000E+00,3.274246E-01,0.000000E+00 
04:45:00,5.364503E+03,0.000000E+00,3.286390E-01,0.000000E+00,5.364503E+03,0.000000E+00,3.286390E-01,0.000000E+00,5.344683E+03,0.000000E+00,3.274248E-01,0.000000E+00,8.678656E+03,1.470793E+03,5.317904E-01,1.029456E-01,5.344683E+03,0.000000E+00,3.274248E-01,0.000000E+00 
05:00:00,5.364506E+03,0.000000E+00,3.286392E-01,0.000000E+00,5.364506E+03,0.000000E+00,3.286392E-01,0.000000E+00,5.344685E+03,0.000000E+00,3.274250E-01,0.000000E+00,8.678661E+03,1.442674E+03,5.317907E-01,1.009774E-01,5.344685E+03,0.000000E+00,3.274250E-01,0.000000E+00 
05:15:00,5.364509E+03,0.000000E+00,3.286394E-01,0.000000E+00,5.364509E+03,0.000000E+00,3.286394E-01,0.000000E+00,5.344688E+03,0.000000E+00,3.274251E-01,0.000000E+00,8.678665E+03,1.417222E+03,5.317910E-01,9.919583E-02,5.344688E+03,0.000000E+00,3.274251E-01,0.000000E+00 
05:30:00,5.364511E+03,0.000000E+00,3.286395E-01,0.000000E+00,5.364511E+03,0.000000E+00,3.286395E-01,0.000000E+00,5.344690E+03,2.536297E+01,3.274253E-01,1.798556E-03,8.678669E+03,1.395495E+03,5.317913E-01,9.767500E-02,5.344690E+03,0.000000E+00,3.274253E-01,0.000000E+00 
05:45:00,5.364513E+03,2.970258E+01,3.286396E-01,2.092992E-03,5.364513E+03,0.000000E+00,3.286396E-01,0.000000E+00,5.344693E+03,1.432085E+02,3.274254E-01,1.004720E-02,8.678673E+03,1.379597E+03,5.317915E-01,9.656213E-02,5.344693E+03,0.000000E+00,3.274254E-01,0.000000E+00 
06:00:00,5.364515E+03,9.667625E+01,3.286398E-01,6.780736E-03,5.364515E+03,0.000000E+00,3.286398E-01,0.000000E+00,5.344695E+03,3.060744E+02,3.274255E-01,2.144912E-02,8.678677E+03,1.371958E+03,5.317917E-01,9.602742E-02,5.344695E+03,0.000000E+00,3.274255E-01,0.000000E+00 
06:15:00,4.966421E+03,2.494076E+02,3.042518E-01,1.747159E-02,4.966421E+03,5.679202E+01,3.042518E-01,3.998722E-03,4.946600E+03,5.987994E+02,3.030375E-01,4.194479E-02,7.943142E+03,1.568836E+03,4.867213E-01,1.098076E-01,4.946600E+03,4.240632E+01,3.030375E-01,2.998185E-03 
06:30:00,4.567942E+03,4.293282E+02,2.798467E-01,3.006879E-02,4.567942E+03,1.401050E+02,2.798467E-01,9.830827E-03,4.548119E+03,9.058502E+02,2.786323E-01,6.342891E-02,7.206299E+03,1.780725E+03,4.415778E-01,1.246415E-01,4.548119E+03,1.242234E+02,2.786323E-01,8.725479E-03 
06:45:00,4.169369E+03,5.966459E+02,2.554400E-01,4.177114E-02,4.169369E+03,2.303180E+02,2.554400E-01,1.614589E-02,4.149547E+03,1.168710E+03,2.542257E-01,8.184858E-02,6.469781E+03,2.006198E+03,3.964556E-01,1.404265E-01,4.149547E+03,2.084287E+02,2.542257E-01,1.461998E-02 
07:00:00,3.770571E+03,7.356778E+02,2.310239E-01,5.150807E-02,3.770571E+03,3.367053E+02,2.310239E-01,2.359333E-02,3.750749E+03,1.446880E+03,2.298095E-01,1.013405E-01,5.732897E+03,2.242504E+03,3.513127E-01,1.569701E-01,3.750749E+03,3.121286E+02,2.298095E-01,2.187918E-02 
07:15:00,3.769728E+03,7.928073E+02,2.309903E-01,5.551152E-02,3.769728E+03,4.019326E+02,2.309903E-01,2.813667E-02,3.749907E+03,1.660665E+03,2.297758E-01,1.163200E-01,5.731322E+03,2.292660E+03,3.512279E-01,1.604848E-01,3.749907E+03,3.906759E+02,2.297758E-01,2.734844E-02 
07:30:00,3.769177E+03,8.215897E+02,2.309695E-01,5.752704E-02,3.769177E+03,4.560179E+02,2.309695E-01,3.192359E-02,3.749358E+03,1.897009E+03,2.297550E-01,1.328677E-01,5.730870E+03,2.344968E+03,3.512062E-01,1.641474E-01,3.749358E+03,4.467980E+02,2.297550E-01,3.127809E-02 
07:45:00,3.768650E+03,8.309010E+02,2.309465E-01,5.817776E-02,3.768650E+03,5.181679E+02,2.309465E-01,3.627552E-02,3.748832E+03,2.142273E+03,2.297320E-01,1.500322E-01,5.729940E+03,2.398306E+03,3.511544E-01,1.678820E-01,3.748832E+03,5.170118E+02,2.297320E-01,3.619463E-02 
08:00:00,3.768293E+03,8.348554E+02,2.309297E-01,5.845264E-02,3.768293E+03,5.798669E+02,2.309297E-01,4.059613E-02,3.748475E+03,2.382910E+03,2.297152E-01,1.668680E-01,5.729243E+03,2.452295E+03,3.511159E-01,1.716621E-01,3.748475E+03,5.861526E+02,2.297152E-01,4.103651E-02 
08:15:00,3.768030E+03,8.431957E+02,2.309156E-01,5.903455E-02,3.768030E+03,6.410877E+02,2.309156E-01,4.488327E-02,3.748212E+03,2.606866E+03,2.297011E-01,1.825358E-01,5.728663E+03,2.505028E+03,3.510836E-01,1.753543E-01,3.748212E+03,6.635453E+02,2.297011E-01,4.645619E-02 
08:30:00,3.767821E+03,8.622800E+02,2.309035E-01,6.036909E-02,3.767821E+03,7.011360E+02,2.309035E-01,4.908825E-02,3.748003E+03,2.809277E+03,2.296890E-01,1.966953E-01,5.728170E+03,2.556403E+03,3.510558E-01,1.789513E-01,3.748003E+03,7.565385E+02,2.296890E-01,5.296843E-02 
08:45:00,3.767649E+03,8.942166E+02,2.308932E-01,6.260403E-02,3.767649E+03,7.597674E+02,2.308932E-01,5.319387E-02,3.747831E+03,2.987867E+03,2.296786E-01,2.091880E-01,5.727750E+03,2.606800E+03,3.510319E-01,1.824797E-01,3.747831E+03,8.694815E+02,2.296786E-01,6.087805E-02 
09:00:00,3.767507E+03,9.331573E+02,2.308845E-01,6.532987E-02,3.767507E+03,8.156119E+02,2.308845E-01,5.710416E-02,3.747689E+03,3.136783E+03,2.296700E-01,2.196048E-01,5.727390E+03,2.656803E+03,3.510112E-01,1.859806E-01,3.747689E+03,1.001081E+03,2.296700E-01,7.009475E-02 
09:15:00,3.767388E+03,9.739756E+02,2.308774E-01,6.818745E-02,3.767388E+03,8.682743E+02,2.308774E-01,6.079142E-02,3.747570E+03,3.255097E+03,2.296628E-01,2.278808E-01,5.727084E+03,2.706358E+03,3.509935E-01,1.894500E-01,3.747570E+03,1.137317E+03,2.296628E-01,7.963672E-02 
09:30:00,3.767289E+03,1.014959E+03,2.308714E-01,7.105667E-02,3.767289E+03,9.180907E+02,2.308714E-01,6.427916E-02,3.747471E+03,3.343525E+03,2.296569E-01,2.340660E-01,5.726824E+03,2.755826E+03,3.509784E-01,1.929132E-01,3.747471E+03,1.271000E+03,2.296569E-01,8.900039E-02 
09:45:00,3.767206E+03,1.054693E+03,2.308663E-01,7.383849E-02,3.767206E+03,9.650835E+02,2.308663E-01,6.756903E-02,3.747388E+03,3.402351E+03,2.296518E-01,2.381802E-01,5.726603E+03,2.805387E+03,3.509655E-01,1.963830E-01,3.747388E+03,1.395373E+03,2.296518E-01,9.771134E-02 
10:00:00,3.767136E+03,1.092353E+03,2.308620E-01,7.647508E-02,3.767136E+03,1.009150E+03,2.308620E-01,7.065387E-02,3.747317E+03,3.432549E+03,2.296475E-01,2.402913E-01,5.726415E+03,2.855100E+03,3.509544E-01,1.998633E-01,3.747317E+03,1.518570E+03,2.296475E-01,1.063384E-01 
10:15:00,3.767075E+03,1.127147E+03,2.308583E-01,7.891110E-02,3.767075E+03,1.050010E+03,2.308583E-01,7.351419E-02,3.747257E+03,3.435826E+03,2.296438E-01,2.405185E-01,5.726256E+03,2.904866E+03,3.509451E-01,2.033473E-01,3.747257E+03,1.655130E+03,2.296438E-01,1.158985E-01 
10:30:00,3.767024E+03,1.158637E+03,2.308552E-01,8.111582E-02,3.767024E+03,1.087525E+03,2.308552E-01,7.614033E-02,3.747205E+03,3.414095E+03,2.296406E-01,2.389957E-01,5.726121E+03,2.954407E+03,3.509371E-01,2.068155E-01,3.747205E+03,1.803392E+03,2.296406E-01,1.262753E-01 
10:45:00,3.766979E+03,1.187646E+03,2.308524E-01,8.314700E-02,3.766979E+03,1.122300E+03,2.308524E-01,7.857463E-02,3.747161E+03,3.368107E+03,2.296379E-01,2.357751E-01,5.726006E+03,3.003365E+03,3.509302E-01,2.102429E-01,3.747161E+03,1.964638E+03,2.296379E-01,1.375600E-01 
11:00:00,3.766940E+03,1.214806E+03,2.308501E-01,8.504851E-02,3.766940E+03,1.154399E+03,2.308501E-01,8.082153E-02,3.747122E+03,3.295713E+03,2.296355E-01,2.307063E-01,5.725908E+03,3.051319E+03,3.509244E-01,2.136000E-01,3.747122E+03,2.127667E+03,2.296355E-01,1.489688E-01 
11:15:00,3.766907E+03,1.240319E+03,2.308480E-01,8.683458E-02,3.766907E+03,1.184598E+03,2.308480E-01,8.293547E-02,3.747088E+03,3.190287E+03,2.296335E-01,2.233255E-01,5.725825E+03,3.097421E+03,3.509194E-01,2.168273E-01,3.747088E+03,2.280944E+03,2.296335E-01,1.596951E-01 
11:30:00,3.766878E+03,1.264735E+03,2.308462E-01,8.854359E-02,3.766878E+03,1.213533E+03,2.308462E-01,8.496070E-02,3.747059E+03,3.043947E+03,2.296317E-01,2.130806E-01,5.725753E+03,3.141287E+03,3.509151E-01,2.198981E-01,3.747059E+03,2.422857E+03,2.296317E-01,1.696262E-01 
11:45:00,3.766852E+03,1.287255E+03,2.308447E-01,9.011984E-02,3.766852E+03,1.240860E+03,2.308447E-01,8.687338E-02,3.747034E+03,2.854961E+03,2.296301E-01,1.998504E-01,5.725692E+03,3.182451E+03,3.509115E-01,2.227797E-01,3.747034E+03,2.551457E+03,2.296301E-01,1.786255E-01 
12:00:00,3.766830E+03,1.307719E+03,2.308433E-01,9.155224E-02,3.766830E+03,1.267134E+03,2.308433E-01,8.871228E-02,3.747011E+03,2.650007E+03,2.296287E-01,1.855025E-01,5.725640E+03,3.220405E+03,3.509083E-01,2.254365E-01,3.747011E+03,2.665448E+03,2.296287E-01,1.866022E-01 
12:15:00,3.766810E+03,1.326448E+03,2.308421E-01,9.286331E-02,3.766810E+03,1.297074E+03,2.308421E-01,9.080783E-02,3.746992E+03,2.443622E+03,2.296275E-01,1.710550E-01,5.725594E+03,3.255132E+03,3.509056E-01,2.278673E-01,3.746992E+03,2.764494E+03,2.296275E-01,1.935330E-01 
12:30:00,3.766793E+03,1.343328E+03,2.308410E-01,9.404504E-02,3.766793E+03,1.348706E+03,2.308410E-01,9.442230E-02,3.746974E+03,2.268244E+03,2.296265E-01,1.587784E-01,5.725555E+03,3.286654E+03,3.509032E-01,2.300738E-01,3.746974E+03,2.848201E+03,2.296265E-01,1.993904E-01 
12:45:00,3.766777E+03,1.358591E+03,2.308401E-01,9.511365E-02,3.766777E+03,1.435103E+03,2.308401E-01,1.004715E-01,3.746959E+03,2.139452E+03,2.296255E-01,1.497633E-01,5.725521E+03,3.315861E+03,3.509012E-01,2.321182E-01,3.746959E+03,2.916493E+03,2.296255E-01,2.041691E-01 
13:00:00,3.766764E+03,1.373224E+03,2.308393E-01,9.613830E-02,3.766764E+03,1.565408E+03,2.308393E-01,1.095955E-01,3.746945E+03,2.043634E+03,2.296247E-01,1.430568E-01,5.725492E+03,3.344451E+03,3.508994E-01,2.341193E-01,3.746945E+03,2.969538E+03,2.296247E-01,2.078806E-01 
13:15:00,3.766752E+03,1.387733E+03,2.308385E-01,9.715401E-02,3.766752E+03,1.747672E+03,2.308385E-01,1.223577E-01,3.746933E+03,1.981305E+03,2.296240E-01,1.386943E-01,5.725466E+03,3.374351E+03,3.508978E-01,2.362121E-01,3.746933E+03,3.007366E+03,2.296240E-01,2.105273E-01 
13:30:00,3.766741E+03,1.402666E+03,2.308379E-01,9.819919E-02,3.766741E+03,1.969651E+03,2.308379E-01,1.379003E-01,3.746923E+03,1.935411E+03,2.296233E-01,1.354827E-01,5.725444E+03,3.407222E+03,3.508965E-01,2.385130E-01,3.746923E+03,3.030069E+03,2.296233E-01,2.121154E-01 
13:45:00,3.766732E+03,1.418391E+03,2.308373E-01,9.929957E-02,3.766732E+03,2.214213E+03,2.308373E-01,1.550229E-01,3.746913E+03,1.899820E+03,2.296227E-01,1.329922E-01,5.725424E+03,3.443772E+03,3.508953E-01,2.410715E-01,3.746913E+03,3.037445E+03,2.296227E-01,2.126307E-01 
14:00:00,3.766723E+03,1.434114E+03,2.308367E-01,1.003996E-01,3.766723E+03,2.468856E+03,2.308367E-01,1.728498E-01,3.746904E+03,1.871023E+03,2.296222E-01,1.309771E-01,5.725406E+03,3.483683E+03,3.508942E-01,2.438654E-01,3.746904E+03,3.028954E+03,2.296222E-01,2.120355E-01 
14:15:00,3.766715E+03,1.448980E+03,2.308363E-01,1.014399E-01,3.766715E+03,2.717020E+03,2.308363E-01,1.902217E-01,3.746897E+03,1.846485E+03,2.296217E-01,1.292599E-01,5.725391E+03,3.525754E+03,3.508933E-01,2.468106E-01,3.746897E+03,3.003329E+03,2.296217E-01,2.102410E-01 
14:30:00,3.766708E+03,1.462565E+03,2.308359E-01,1.023905E-01,3.766708E+03,2.949772E+03,2.308359E-01,2.065134E-01,3.746890E+03,1.824469E+03,2.296213E-01,1.277192E-01,5.725377E+03,3.568832E+03,3.508924E-01,2.498263E-01,3.746890E+03,2.959629E+03,2.296213E-01,2.071812E-01 
14:45:00,3.766702E+03,1.474401E+03,2.308355E-01,1.032188E-01,3.766702E+03,3.167639E+03,2.308355E-01,2.217621E-01,3.746883E+03,1.803745E+03,2.296209E-01,1.262688E-01,5.725365E+03,3.611794E+03,3.508917E-01,2.528339E-01,3.746883E+03,2.897024E+03,2.296209E-01,2.027981E-01 
15:00:00,3.766697E+03,1.484065E+03,2.308351E-01,1.038950E-01,3.766697E+03,3.369265E+03,2.308351E-01,2.358733E-01,3.746878E+03,1.783357E+03,2.296206E-01,1.248419E-01,5.725354E+03,3.653684E+03,3.508910E-01,2.557664E-01,3.746878E+03,2.815155E+03,2.296206E-01,1.970666E-01 
15:15:00,3.766691E+03,1.490991E+03,2.308348E-01,1.043796E-01,3.766691E+03,3.551782E+03,2.308348E-01,2.486469E-01,3.746873E+03,1.762163E+03,2.296202E-01,1.233583E-01,5.725344E+03,3.693522E+03,3.508904E-01,2.585553E-01,3.746873E+03,2.714623E+03,2.296202E-01,1.900286E-01 
15:30:00,3.766687E+03,1.494803E+03,2.308345E-01,1.046461E-01,3.766687E+03,3.712052E+03,2.308345E-01,2.598631E-01,3.746868E+03,1.739714E+03,2.296200E-01,1.217869E-01,5.725336E+03,3.730579E+03,3.508899E-01,2.611495E-01,3.746868E+03,2.599057E+03,2.296200E-01,1.819384E-01 
15:45:00,3.766682E+03,1.495182E+03,2.308343E-01,1.046724E-01,3.766682E+03,3.847222E+03,2.308343E-01,2.693227E-01,3.746864E+03,1.715483E+03,2.296197E-01,1.200908E-01,5.725328E+03,3.764222E+03,3.508894E-01,2.635046E-01,3.746864E+03,2.477116E+03,2.296197E-01,1.734022E-01 
16:00:00,3.766679E+03,1.491857E+03,2.308340E-01,1.044393E-01,3.766679E+03,3.955029E+03,2.308340E-01,2.768670E-01,3.746860E+03,1.689029E+03,2.296195E-01,1.182389E-01,5.725321E+03,3.793867E+03,3.508890E-01,2.655797E-01,3.746860E+03,2.345942E+03,2.296195E-01,1.642199E-01 
16:15:00,3.766675E+03,1.485402E+03,2.308338E-01,1.039872E-01,3.766675E+03,4.034667E+03,2.308338E-01,2.824398E-01,3.746856E+03,1.660927E+03,2.296192E-01,1.162717E-01,5.725314E+03,3.819568E+03,3.508886E-01,2.673788E-01,3.746856E+03,2.213278E+03,2.296192E-01,1.549333E-01 
16:30:00,3.766672E+03,1.476943E+03,2.308336E-01,1.033948E-01,3.766672E+03,4.079653E+03,2.308336E-01,2.855871E-01,3.746853E+03,1.629751E+03,2.296190E-01,1.140892E-01,5.725308E+03,3.840992E+03,3.508882E-01,2.688784E-01,3.746853E+03,2.086766E+03,2.296190E-01,1.460772E-01 
16:45:00,3.766669E+03,1.473198E+03,2.308334E-01,1.031324E-01,3.766669E+03,4.090228E+03,2.308334E-01,2.863257E-01,3.746850E+03,1.595574E+03,2.296189E-01,1.116967E-01,5.725303E+03,3.857944E+03,3.508879E-01,2.700649E-01,3.746850E+03,1.968051E+03,2.296189E-01,1.377670E-01 
17:00:00,3.766666E+03,1.479920E+03,2.308333E-01,1.036030E-01,3.766666E+03,4.066375E+03,2.308333E-01,2.846544E-01,3.746847E+03,1.558685E+03,2.296187E-01,1.091143E-01,5.725298E+03,3.870534E+03,3.508876E-01,2.709459E-01,3.746847E+03,1.867234E+03,2.296187E-01,1.307094E-01 
17:15:00,3.766663E+03,1.499615E+03,2.308331E-01,1.049821E-01,3.766663E+03,4.006882E+03,2.308331E-01,2.804885E-01,3.746845E+03,1.519423E+03,2.296185E-01,1.063658E-01,5.725293E+03,3.879156E+03,3.508873E-01,2.715492E-01,3.746845E+03,1.782624E+03,2.296185E-01,1.247867E-01 
17:30:00,3.766661E+03,1.530497E+03,2.308330E-01,1.071444E-01,3.766661E+03,3.915132E+03,2.308330E-01,2.740647E-01,3.746842E+03,1.479095E+03,2.296184E-01,1.035426E-01,5.725289E+03,3.884297E+03,3.508870E-01,2.719088E-01,3.746842E+03,1.708543E+03,2.296184E-01,1.196013E-01 
17:45:00,3.766659E+03,1.563064E+03,2.308328E-01,1.094249E-01,3.766659E+03,3.787857E+03,2.308328E-01,2.651543E-01,3.746840E+03,1.438077E+03,2.296183E-01,1.006712E-01,5.725285E+03,3.886389E+03,3.508868E-01,2.720549E-01,3.746840E+03,1.640077E+03,2.296183E-01,1.148090E-01 
18:00:00,3.766657E+03,1.587260E+03,2.308327E-01,1.111191E-01,3.766657E+03,3.622758E+03,2.308327E-01,2.535963E-01,3.746838E+03,1.396799E+03,2.296181E-01,9.778174E-02,5.725281E+03,3.885543E+03,3.508866E-01,2.719953E-01,3.746838E+03,1.574807E+03,2.296181E-01,1.102403E-01 
18:15:00,4.164751E+03,1.592516E+03,2.552292E-01,1.114872E-01,4.164751E+03,3.409559E+03,2.552292E-01,2.386713E-01,4.144932E+03,1.353776E+03,2.540146E-01,9.477024E-02,6.460816E+03,3.880970E+03,3.959654E-01,2.716749E-01,4.144932E+03,1.510787E+03,2.540146E-01,1.057591E-01 
18:30:00,4.563000E+03,1.573930E+03,2.796317E-01,1.101857E-01,4.563000E+03,3.155964E+03,2.796317E-01,2.209186E-01,4.543182E+03,1.308962E+03,2.784172E-01,9.163324E-02,7.196886E+03,3.871778E+03,4.410728E-01,2.710311E-01,4.543182E+03,1.448013E+03,2.784172E-01,1.013650E-01 
18:45:00,4.961552E+03,1.529737E+03,3.040443E-01,1.070911E-01,4.961552E+03,2.875192E+03,3.040443E-01,2.012635E-01,4.941733E+03,1.261565E+03,3.028297E-01,8.831529E-02,7.933197E+03,3.856813E+03,4.861910E-01,2.699831E-01,4.941733E+03,1.386715E+03,3.028297E-01,9.707432E-02 
19:00:00,5.360367E+03,1.459197E+03,3.284635E-01,1.021519E-01,5.360367E+03,2.582904E+03,3.284635E-01,1.808026E-01,5.340548E+03,1.211014E+03,3.272490E-01,8.477636E-02,8.669986E+03,3.834917E+03,5.313333E-01,2.684499E-01,5.340548E+03,1.324595E+03,3.272490E-01,9.272609E-02 
19:15:00,5.361222E+03,1.371821E+03,3.284890E-01,9.603416E-02,5.361222E+03,2.290752E+03,3.284890E-01,1.603517E-01,5.341403E+03,1.161173E+03,3.272746E-01,8.128692E-02,8.671573E+03,3.806186E+03,5.314129E-01,2.664383E-01,5.341403E+03,1.263404E+03,3.272746E-01,8.844256E-02 
19:30:00,5.362002E+03,1.278501E+03,3.285114E-01,8.950037E-02,5.362002E+03,2.024257E+03,3.285114E-01,1.416969E-01,5.342181E+03,1.111723E+03,3.272971E-01,7.782507E-02,8.672862E+03,3.769833E+03,5.314756E-01,2.638929E-01,5.342181E+03,1.203481E+03,3.272971E-01,8.424773E-02 
19:45:00,5.362543E+03,1.191081E+03,3.285278E-01,8.337979E-02,5.362543E+03,1.796159E+03,3.285278E-01,1.257301E-01,5.342722E+03,1.064053E+03,3.273135E-01,7.448773E-02,8.674086E+03,3.725988E+03,5.315365E-01,2.608231E-01,5.342722E+03,1.145892E+03,3.273135E-01,8.021609E-02 
20:00:00,5.362877E+03,1.117286E+03,3.285411E-01,7.821332E-02,5.362877E+03,1.608058E+03,3.285411E-01,1.125632E-01,5.343056E+03,1.017798E+03,3.273269E-01,7.124937E-02,8.674968E+03,3.675782E+03,5.315806E-01,2.573080E-01,5.343056E+03,1.094825E+03,3.273269E-01,7.664100E-02 
20:15:00,5.363123E+03,1.057411E+03,3.285546E-01,7.402148E-02,5.363123E+03,1.473728E+03,3.285546E-01,1.031603E-01,5.343303E+03,9.721203E+02,3.273404E-01,6.805130E-02,8.675625E+03,3.621039E+03,5.316146E-01,2.534752E-01,5.343303E+03,1.049017E+03,3.273404E-01,7.343429E-02 
20:30:00,5.363331E+03,1.005974E+03,3.285675E-01,7.042046E-02,5.363331E+03,1.373327E+03,3.285675E-01,9.613301E-02,5.343510E+03,9.282399E+02,3.273532E-01,6.497881E-02,8.676134E+03,3.564299E+03,5.316421E-01,2.495027E-01,5.343510E+03,1.006044E+03,3.273532E-01,7.042599E-02 
20:45:00,5.363508E+03,9.572112E+02,3.285784E-01,6.700666E-02,5.363508E+03,1.291289E+03,3.285784E-01,9.039114E-02,5.343687E+03,8.859568E+02,3.273642E-01,6.201824E-02,8.676542E+03,3.507666E+03,5.316649E-01,2.455377E-01,5.343687E+03,9.643687E+02,3.273642E-01,6.750831E-02 
21:00:00,5.363655E+03,9.098458E+02,3.285873E-01,6.369049E-02,5.363655E+03,1.221600E+03,3.285873E-01,8.551350E-02,5.343834E+03,8.463140E+02,3.273730E-01,5.924261E-02,8.676875E+03,3.452466E+03,5.316840E-01,2.416731E-01,5.343834E+03,9.221027E+02,3.273730E-01,6.454915E-02 
21:15:00,5.363775E+03,8.638928E+02,3.285945E-01,6.047316E-02,5.363775E+03,1.158795E+03,3.285945E-01,8.111755E-02,5.343954E+03,8.086303E+02,3.273803E-01,5.660433E-02,8.677148E+03,3.399051E+03,5.316998E-01,2.379336E-01,5.343954E+03,8.799549E+02,3.273803E-01,6.159810E-02 
21:30:00,5.363875E+03,8.206898E+02,3.286006E-01,5.744841E-02,5.363875E+03,1.100342E+03,3.286006E-01,7.702591E-02,5.344054E+03,7.726604E+02,3.273863E-01,5.408612E-02,8.677374E+03,3.347629E+03,5.317130E-01,2.343337E-01,5.344054E+03,8.394321E+02,3.273863E-01,5.876088E-02 
21:45:00,5.363959E+03,7.798736E+02,3.286057E-01,5.459090E-02,5.363959E+03,1.047056E+03,3.286057E-01,7.329581E-02,5.344138E+03,7.381806E+02,3.273914E-01,5.167228E-02,8.677561E+03,3.298179E+03,5.317241E-01,2.308718E-01,5.344138E+03,8.004327E+02,3.273914E-01,5.603048E-02 
22:00:00,5.364031E+03,7.411800E+02,3.286101E-01,5.188206E-02,5.364031E+03,9.981861E+02,3.286101E-01,6.987479E-02,5.344210E+03,7.050086E+02,3.273958E-01,4.935003E-02,8.677718E+03,3.250557E+03,5.317334E-01,2.275381E-01,5.344210E+03,7.629179E+02,3.273958E-01,5.340410E-02 
22:15:00,5.364092E+03,6.719502E+02,3.286139E-01,4.703581E-02,5.364092E+03,9.200789E+02,3.286139E-01,6.440713E-02,5.344271E+03,6.405750E+02,3.273996E-01,4.483954E-02,8.677849E+03,3.065450E+03,5.317413E-01,2.145804E-01,5.344271E+03,6.944105E+02,3.273996E-01,4.860834E-02 
22:30:00,5.364145E+03,6.021035E+02,3.286171E-01,4.214605E-02,5.364145E+03,8.408058E+02,3.286171E-01,5.885724E-02,5.344324E+03,5.749042E+02,3.274028E-01,4.024212E-02,8.677959E+03,2.873479E+03,5.317480E-01,2.011406E-01,5.344324E+03,6.249469E+02,3.274028E-01,4.374531E-02 
22:45:00,5.364191E+03,5.316397E+02,3.286199E-01,3.721318E-02,5.364191E+03,7.593637E+02,3.286199E-01,5.315556E-02,5.344370E+03,5.080773E+02,3.274056E-01,3.556386E-02,8.678054E+03,2.676213E+03,5.317537E-01,1.873299E-01,5.344370E+03,5.546093E+02,3.274056E-01,3.882122E-02 
23:00:00,5.364230E+03,4.606336E+02,3.286223E-01,3.224247E-02,5.364230E+03,6.752343E+02,3.286223E-01,4.726584E-02,5.344409E+03,4.402450E+02,3.274080E-01,3.081530E-02,8.678134E+03,2.474743E+03,5.317585E-01,1.732250E-01,5.344409E+03,4.835373E+02,3.274080E-01,3.384584E-02 
23:15:00,5.364264E+03,4.214594E+02,3.286244E-01,2.950002E-02,5.364264E+03,6.220428E+02,3.286244E-01,4.354190E-02,5.344443E+03,4.038562E+02,3.274101E-01,2.826783E-02,8.678202E+03,2.408612E+03,5.317627E-01,1.685937E-01,5.344443E+03,4.441379E+02,3.274101E-01,3.108760E-02 
23:30:00,5.364294E+03,3.839797E+02,3.286262E-01,2.687660E-02,5.364294E+03,5.709241E+02,3.286262E-01,3.996371E-02,5.344473E+03,3.688094E+02,3.274119E-01,2.581469E-02,8.678261E+03,2.347363E+03,5.317663E-01,1.643059E-01,5.344473E+03,4.063163E+02,3.274119E-01,2.844024E-02 
23:45:00,5.364319E+03,3.479800E+02,3.286278E-01,2.435675E-02,5.364319E+03,5.219448E+02,3.286278E-01,3.653522E-02,5.344499E+03,3.349356E+02,3.274135E-01,2.344365E-02,8.678312E+03,2.289448E+03,5.317694E-01,1.602517E-01,5.344499E+03,3.698943E+02,3.274135E-01,2.589083E-02 
24:00:00,5.364342E+03,3.131933E+02,3.286292E-01,2.192176E-02,5.364342E+03,4.749641E+02,3.286292E-01,3.324651E-02,5.344521E+03,3.020033E+02,3.274149E-01,2.113847E-02,8.678357E+03,2.233764E+03,5.317721E-01,1.563537E-01,5.344521E+03,3.346292E+02,3.274149E-01,2.342233E-02 
Peak,5.364515E+03,1.592516E+03,3.286398E-01,1.114872E-01,5.364515E+03,4.090228E+03,3.286398E-01,2.863257E-01,5.344695E+03,3.435826E+03,3.274255E-01,2.405185E-01,8.678677E+03,3.886389E+03,5.317917E-01,2.720549E-01,5.344695E+03,3.037445E+03,3.274255E-01,2.126307E-01 

Peak Vol Flow (m3/s),,,2.729514E-01,9.259554E-02,,,2.729514E-01,2.378074E-01,,,2.719429E-01,1.997623E-01,,,4.416790E-01,2.259548E-01,,,2.719429E-01,1.766002E-01 
