Time,THERMAL ZONE 4:PHILADELPHIA INTERNATIONAL AP ANN HTG 99.6% CONDNS DB:Des Heat Load [W],THERMAL ZONE 4:PHILADELPHIA INTERNATIONAL AP ANN CLG .4% CONDNS DB=>MWB:Des Sens Cool Load [W],THERMAL ZONE 4:PHILADELPHIA INTERNATIONAL AP ANN HTG 99.6% CONDNS DB:Des Heat Mass Flow [kg/s],THERMAL ZONE 4:PHILADELPHIA INTERNATIONAL AP ANN CLG .4% CONDNS DB=>MWB:Des Cool Mass Flow [kg/s],THERMAL ZONE 8:PHILADELPHIA INTERNATIONAL AP ANN HTG 99.6% CONDNS DB:Des Heat Load [W],THERMAL ZONE 8:PHILADELPHIA INTERNATIONAL AP ANN CLG .4% CONDNS DB=>MWB:Des Sens Cool Load [W],THERMAL ZONE 8:PHILADELPHIA INTERNATIONAL AP ANN HTG 99.6% CONDNS DB:Des Heat Mass Flow [kg/s],THERMAL ZONE 8:PHILADELPHIA INTERNATIONAL AP ANN CLG .4% CONDNS DB=>MWB:Des Cool Mass Flow [kg/s],THERMAL ZONE 5:PHILADELPHIA INTERNATIONAL AP ANN HTG 99.6% CONDNS DB:Des Heat Load [W],THERMAL ZONE 5::Des Sens Cool Load [W],THERMAL ZONE 5:PHILADELPHIA INTERNATIONAL AP ANN HTG 99.6% CONDNS DB:Des Heat Mass Flow [kg/s],THERMAL ZONE 5::Des Cool Mass Flow [kg/s],THERMAL ZONE 7:PHILADELPHIA INTERNATIONAL AP ANN HTG 99.6% CONDNS DB:Des Heat Load [W],THERMAL ZONE 7::Des Sens Cool Load [W],THERMAL ZONE 7:PHILADELPHIA INTERNATIONAL AP ANN HTG 99.6% CONDNS DB:Des Heat Mass Flow [kg/s],THERMAL ZONE 7::Des Cool Mass Flow [kg/s],THERMAL ZONE 6:PHILADELPHIA INTERNATIONAL AP ANN HTG 99.6% CONDNS DB:Des Heat Load [W],THERMAL ZONE 6:PHILADELPHIA INTERNATIONAL AP ANN CLG .4% CONDNS DB=>MWB:Des Sens Cool Load [W],THERMAL ZONE 6:PHILADELPHIA INTERNATIONAL AP ANN HTG 99.6% CONDNS DB:Des Heat Mass Flow [kg/s],THERMAL ZONE 6:PHILADELPHIA INTERNATIONAL AP ANN CLG .4% CONDNS DB=>MWB:Des Cool Mass Flow [kg/s],THERMAL ZONE 11:PHILADELPHIA INTERNATIONAL AP ANN HTG 99.6% CONDNS DB:Des Heat Load [W],THERMAL ZONE 11:PHILADELPHIA INTERNATIONAL AP ANN CLG .4% CONDNS DB=>MWB:Des Sens Cool Load [W],THERMAL ZONE 11:PHILADELPHIA INTERNATIONAL AP ANN HTG 99.6% CONDNS DB:Des Heat Mass Flow [kg/s],THERMAL ZONE 11:PHILADELPHIA INTERNATIONAL AP ANN CLG .4% CONDNS DB=>MWB:Des Cool Mass Flow [kg/s],THERMAL ZONE 9:PHILADELPHIA INTERNATIONAL AP ANN HTG 99.6% CONDNS DB:Des Heat Load [W],THERMAL ZONE 9:PHILADELPHIA INTERNATIONAL AP ANN CLG .4% CONDNS DB=>MWB:Des Sens Cool Load [W],THERMAL ZONE 9:PHILADELPHIA INTERNATIONAL AP ANN HTG 99.6% CONDNS DB:Des Heat Mass Flow [kg/s],THERMAL ZONE 9:PHILADELPHIA INTERNATIONAL AP ANN CLG .4% CONDNS DB=>MWB:Des Cool Mass Flow [kg/s],THERMAL ZONE 10:PHILADELPHIA INTERNATIONAL AP ANN HTG 99.6% CONDNS DB:Des Heat Load [W],THERMAL ZONE 10:PHILADELPHIA INTERNATIONAL AP ANN CLG .4% CONDNS DB=>MWB:Des Sens Cool Load [W],THERMAL ZONE 10:PHILADELPHIA INTERNATIONAL AP ANN HTG 99.6% CONDNS DB:Des Heat Mass Flow [kg/s],THERMAL ZONE 10:PHILADELPHIA INTERNATIONAL AP ANN CLG .4% CONDNS DB=>MWB:Des Cool Mass Flow [kg/s],THERMAL ZONE 2:PHILADELPHIA INTERNATIONAL AP ANN HTG 99.6% CONDNS DB:Des Heat Load [W],THERMAL ZONE 2::Des Sens Cool Load [W],THERMAL ZONE 2:PHILADELPHIA INTERNATIONAL AP ANN HTG 99.6% CONDNS DB:Des Heat Mass Flow [kg/s],THERMAL ZONE 2::Des Cool Mass Flow [kg/s],THERMAL ZONE 12:PHILADELPHIA INTERNATIONAL AP ANN HTG 99.6% CONDNS DB:Des Heat Load [W],THERMAL ZONE 12:PHILADELPHIA INTERNATIONAL AP ANN CLG .4% CONDNS DB=>MWB:Des Sens Cool Load [W],THERMAL ZONE 12:PHILADELPHIA INTERNATIONAL AP ANN HTG 99.6% CONDNS DB:Des Heat Mass Flow [kg/s],THERMAL ZONE 12:PHILADELPHIA INTERNATIONAL AP ANN CLG .4% CONDNS DB=>MWB:Des Cool Mass Flow [kg/s],THERMAL ZONE 14:PHILADELPHIA INTERNATIONAL AP ANN HTG 99.6% CONDNS DB:Des Heat Load [W],THERMAL ZONE 14:PHILADELPHIA INTERNATIONAL AP ANN CLG .4% CONDNS DB=>MWB:Des Sens Cool Load [W],THERMAL ZONE 14:PHILADELPHIA INTERNATIONAL AP ANN HTG 99.6% CONDNS DB:Des Heat Mass Flow [kg/s],THERMAL ZONE 14:PHILADELPHIA INTERNATIONAL AP ANN CLG .4% CONDNS DB=>MWB:Des Cool Mass Flow [kg/s],THERMAL ZONE 13:PHILADELPHIA INTERNATIONAL AP ANN HTG 99.6% CONDNS DB:Des Heat Load [W],THERMAL ZONE 13::Des Sens Cool Load [W],THERMAL ZONE 13:PHILADELPHIA INTERNATIONAL AP ANN HTG 99.6% CONDNS DB:Des Heat Mass Flow [kg/s],THERMAL ZONE 13::Des Cool Mass Flow [kg/s],THERMAL ZONE 15:PHILADELPHIA INTERNATIONAL AP ANN HTG 99.6% CONDNS DB:Des Heat Load [W],THERMAL ZONE 15:PHILADELPHIA INTERNATIONAL AP ANN CLG .4% CONDNS DB=>MWB:Des Sens Cool Load [W],THERMAL ZONE 15:PHILADELPHIA INTERNATIONAL AP ANN HTG 99.6% CONDNS DB:Des Heat Mass Flow [kg/s],THERMAL ZONE 15:PHILADELPHIA INTERNATIONAL AP ANN CLG .4% CONDNS DB=>MWB:Des Cool Mass Flow [kg/s],THERMAL ZONE 1:PHILADELPHIA INTERNATIONAL AP ANN HTG 99.6% CONDNS DB:Des Heat Load [W],THERMAL ZONE 1::Des Sens Cool Load [W],THERMAL ZONE 1:PHILADELPHIA INTERNATIONAL AP ANN HTG 99.6% CONDNS DB:Des Heat Mass Flow [kg/s],THERMAL ZONE 1::Des Cool Mass Flow [kg/s],THERMAL ZONE 3:PHILADELPHIA INTERNATIONAL AP ANN HTG 99.6% CONDNS DB:Des Heat Load [W],THERMAL ZONE 3::Des Sens Cool Load [W],THERMAL ZONE 3:PHILADELPHIA INTERNATIONAL AP ANN HTG 99.6% CONDNS DB:Des Heat Mass Flow [kg/s],THERMAL ZONE 3::Des Cool Mass Flow [kg/s] 
00:15:00,7.243943E+03,7.727013E+02,4.439946E-01,5.407675E-02,7.243943E+03,8.662742E+02,4.439946E-01,6.062535E-02,7.244355E+03,0.000000E+00,4.440198E-01,0.000000E+00,1.378965E+04,0.000000E+00,8.451931E-01,0.000000E+00,5.914071E+03,3.960401E+02,3.624843E-01,2.771648E-02,5.855962E+03,0.000000E+00,3.589227E-01,0.000000E+00,7.310574E+03,1.567896E+03,4.480785E-01,1.097277E-01,5.855962E+03,0.000000E+00,3.589227E-01,0.000000E+00,3.979497E+04,0.000000E+00,2.439107E+00,0.000000E+00,7.310574E+03,5.365812E+02,4.480785E-01,3.755212E-02,5.914071E+03,0.000000E+00,3.624843E-01,0.000000E+00,7.276984E+03,0.000000E+00,4.460198E-01,0.000000E+00,7.276984E+03,0.000000E+00,4.460198E-01,0.000000E+00,3.431590E+04,0.000000E+00,2.103285E+00,0.000000E+00,7.244355E+03,0.000000E+00,4.440198E-01,0.000000E+00 
00:30:00,7.243943E+03,7.157542E+02,4.439946E-01,5.009136E-02,7.243943E+03,8.058260E+02,4.439946E-01,5.639495E-02,7.244355E+03,0.000000E+00,4.440198E-01,0.000000E+00,1.378965E+04,0.000000E+00,8.451931E-01,0.000000E+00,5.914071E+03,3.116140E+02,3.624843E-01,2.180800E-02,5.855962E+03,0.000000E+00,3.589227E-01,0.000000E+00,7.310574E+03,1.472504E+03,4.480785E-01,1.030518E-01,5.855962E+03,0.000000E+00,3.589227E-01,0.000000E+00,3.979497E+04,0.000000E+00,2.439107E+00,0.000000E+00,7.310574E+03,4.886994E+02,4.480785E-01,3.420115E-02,5.914071E+03,0.000000E+00,3.624843E-01,0.000000E+00,7.276984E+03,0.000000E+00,4.460198E-01,0.000000E+00,7.276984E+03,0.000000E+00,4.460198E-01,0.000000E+00,3.431590E+04,0.000000E+00,2.103285E+00,0.000000E+00,7.244355E+03,0.000000E+00,4.440198E-01,0.000000E+00 
00:45:00,7.243943E+03,6.599188E+02,4.439946E-01,4.618378E-02,7.243943E+03,7.466474E+02,4.439946E-01,5.225339E-02,7.244355E+03,0.000000E+00,4.440198E-01,0.000000E+00,1.378965E+04,0.000000E+00,8.451930E-01,0.000000E+00,5.914071E+03,2.302378E+02,3.624843E-01,1.611297E-02,5.855962E+03,0.000000E+00,3.589227E-01,0.000000E+00,7.310574E+03,1.380153E+03,4.480785E-01,9.658870E-02,5.855962E+03,0.000000E+00,3.589227E-01,0.000000E+00,3.979497E+04,0.000000E+00,2.439107E+00,0.000000E+00,7.310574E+03,4.416276E+02,4.480785E-01,3.090688E-02,5.914071E+03,0.000000E+00,3.624843E-01,0.000000E+00,7.276984E+03,0.000000E+00,4.460198E-01,0.000000E+00,7.276984E+03,0.000000E+00,4.460198E-01,0.000000E+00,3.431590E+04,0.000000E+00,2.103285E+00,0.000000E+00,7.244355E+03,0.000000E+00,4.440198E-01,0.000000E+00 
01:00:00,7.243943E+03,6.052246E+02,4.439946E-01,4.235605E-02,7.243943E+03,6.887541E+02,4.439946E-01,4.820178E-02,7.244355E+03,0.000000E+00,4.440198E-01,0.000000E+00,1.378965E+04,0.000000E+00,8.451930E-01,0.000000E+00,5.914071E+03,1.521369E+02,3.624843E-01,1.064715E-02,5.855962E+03,0.000000E+00,3.589227E-01,0.000000E+00,7.310574E+03,1.290777E+03,4.480785E-01,9.033374E-02,5.855962E+03,0.000000E+00,3.589227E-01,0.000000E+00,3.979497E+04,0.000000E+00,2.439107E+00,0.000000E+00,7.310574E+03,3.954239E+02,4.480785E-01,2.767336E-02,5.914071E+03,0.000000E+00,3.624843E-01,0.000000E+00,7.276984E+03,0.000000E+00,4.460198E-01,0.000000E+00,7.276984E+03,0.000000E+00,4.460198E-01,0.000000E+00,3.431590E+04,0.000000E+00,2.103284E+00,0.000000E+00,7.244355E+03,0.000000E+00,4.440198E-01,0.000000E+00 
01:15:00,7.243943E+03,5.543556E+02,4.439946E-01,3.879604E-02,7.243943E+03,6.349081E+02,4.439946E-01,4.443342E-02,7.244355E+03,0.000000E+00,4.440198E-01,0.000000E+00,1.378965E+04,0.000000E+00,8.451930E-01,0.000000E+00,5.914071E+03,8.566662E+01,3.624843E-01,5.995295E-03,5.855962E+03,0.000000E+00,3.589227E-01,0.000000E+00,7.310574E+03,1.207190E+03,4.480785E-01,8.448403E-02,5.855962E+03,0.000000E+00,3.589227E-01,0.000000E+00,3.979497E+04,0.000000E+00,2.439107E+00,0.000000E+00,7.310574E+03,3.529757E+02,4.480785E-01,2.470266E-02,5.914071E+03,0.000000E+00,3.624843E-01,0.000000E+00,7.276984E+03,0.000000E+00,4.460198E-01,0.000000E+00,7.276984E+03,0.000000E+00,4.460198E-01,0.000000E+00,3.431590E+04,0.000000E+00,2.103284E+00,0.000000E+00,7.244355E+03,0.000000E+00,4.440198E-01,0.000000E+00 
01:30:00,7.243943E+03,5.048816E+02,4.439946E-01,3.533365E-02,7.243943E+03,5.825784E+02,4.439946E-01,4.077118E-02,7.244355E+03,0.000000E+00,4.440198E-01,0.000000E+00,1.378965E+04,0.000000E+00,8.451930E-01,0.000000E+00,5.914071E+03,3.868768E+01,3.624843E-01,2.707520E-03,5.855962E+03,0.000000E+00,3.589227E-01,0.000000E+00,7.310574E+03,1.126643E+03,4.480785E-01,7.884703E-02,5.855962E+03,0.000000E+00,3.589227E-01,0.000000E+00,3.979497E+04,0.000000E+00,2.439107E+00,0.000000E+00,7.310574E+03,3.116878E+02,4.480785E-01,2.181317E-02,5.914071E+03,0.000000E+00,3.624843E-01,0.000000E+00,7.276984E+03,0.000000E+00,4.460198E-01,0.000000E+00,7.276984E+03,0.000000E+00,4.460198E-01,0.000000E+00,3.431590E+04,0.000000E+00,2.103284E+00,0.000000E+00,7.244355E+03,0.000000E+00,4.440198E-01,0.000000E+00 
01:45:00,7.243943E+03,4.568716E+02,4.439946E-01,3.197371E-02,7.243943E+03,5.318244E+02,4.439946E-01,3.721921E-02,7.244355E+03,0.000000E+00,4.440198E-01,0.000000E+00,1.378965E+04,0.000000E+00,8.451930E-01,0.000000E+00,5.914071E+03,1.041067E+01,3.624843E-01,7.285803E-04,5.855962E+03,0.000000E+00,3.589227E-01,0.000000E+00,7.310574E+03,1.049124E+03,4.480785E-01,7.342191E-02,5.855962E+03,0.000000E+00,3.589227E-01,0.000000E+00,3.979497E+04,0.000000E+00,2.439107E+00,0.000000E+00,7.310574E+03,2.716516E+02,4.480785E-01,1.901128E-02,5.914071E+03,0.000000E+00,3.624843E-01,0.000000E+00,7.276984E+03,0.000000E+00,4.460198E-01,0.000000E+00,7.276984E+03,0.000000E+00,4.460198E-01,0.000000E+00,3.431590E+04,0.000000E+00,2.103284E+00,0.000000E+00,7.244355E+03,0.000000E+00,4.440198E-01,0.000000E+00 
02:00:00,7.243943E+03,4.103693E+02,4.439946E-01,2.871930E-02,7.243943E+03,4.826786E+02,4.439946E-01,3.377979E-02,7.244355E+03,0.000000E+00,4.440198E-01,0.000000E+00,1.378965E+04,0.000000E+00,8.451930E-01,0.000000E+00,5.914071E+03,0.000000E+00,3.624843E-01,0.000000E+00,5.855962E+03,0.000000E+00,3.589227E-01,0.000000E+00,7.310574E+03,9.745793E+02,4.480785E-01,6.820499E-02,5.855962E+03,0.000000E+00,3.589227E-01,0.000000E+00,3.979497E+04,0.000000E+00,2.439107E+00,0.000000E+00,7.310574E+03,2.329388E+02,4.480785E-01,1.630200E-02,5.914071E+03,0.000000E+00,3.624843E-01,0.000000E+00,7.276984E+03,0.000000E+00,4.460198E-01,0.000000E+00,7.276984E+03,0.000000E+00,4.460198E-01,0.000000E+00,3.431590E+04,0.000000E+00,2.103284E+00,0.000000E+00,7.244355E+03,0.000000E+00,4.440198E-01,0.000000E+00 
02:15:00,7.243943E+03,3.652014E+02,4.439946E-01,2.555826E-02,7.243943E+03,4.349565E+02,4.439946E-01,3.044001E-02,7.244355E+03,0.000000E+00,4.440198E-01,0.000000E+00,1.378965E+04,0.000000E+00,8.451930E-01,0.000000E+00,5.914071E+03,0.000000E+00,3.624843E-01,0.000000E+00,5.855962E+03,0.000000E+00,3.589227E-01,0.000000E+00,7.310574E+03,9.027401E+02,4.480785E-01,6.317739E-02,5.855962E+03,0.000000E+00,3.589227E-01,0.000000E+00,3.979497E+04,0.000000E+00,2.439107E+00,0.000000E+00,7.310574E+03,1.954072E+02,4.480785E-01,1.367538E-02,5.914071E+03,0.000000E+00,3.624843E-01,0.000000E+00,7.276984E+03,0.000000E+00,4.460198E-01,0.000000E+00,7.276984E+03,0.000000E+00,4.460198E-01,0.000000E+00,3.431590E+04,0.000000E+00,2.103284E+00,0.000000E+00,7.244355E+03,0.000000E+00,4.440198E-01,0.000000E+00 
02:30:00,7.243943E+03,3.213971E+02,4.439946E-01,2.249266E-02,7.243943E+03,3.886703E+02,4.439946E-01,2.720071E-02,7.244355E+03,0.000000E+00,4.440198E-01,0.000000E+00,1.378965E+04,0.000000E+00,8.451930E-01,0.000000E+00,5.914071E+03,0.000000E+00,3.624843E-01,0.000000E+00,5.855962E+03,0.000000E+00,3.589227E-01,0.000000E+00,7.310574E+03,8.335259E+02,4.480785E-01,5.833350E-02,5.855962E+03,0.000000E+00,3.589227E-01,0.000000E+00,3.979497E+04,0.000000E+00,2.439107E+00,0.000000E+00,7.310574E+03,1.591246E+02,4.480785E-01,1.113618E-02,5.914071E+03,0.000000E+00,3.624843E-01,0.000000E+00,7.276984E+03,0.000000E+00,4.460198E-01,0.000000E+00,7.276984E+03,0.000000E+00,4.460198E-01,0.000000E+00,3.431590E+04,0.000000E+00,2.103284E+00,0.000000E+00,7.244355E+03,0.000000E+00,4.440198E-01,0.000000E+00 
02:45:00,7.243943E+03,2.789646E+02,4.439946E-01,1.952306E-02,7.243943E+03,3.438130E+02,4.439946E-01,2.406142E-02,7.244355E+03,0.000000E+00,4.440198E-01,0.000000E+00,1.378965E+04,0.000000E+00,8.451930E-01,0.000000E+00,5.914071E+03,0.000000E+00,3.624843E-01,0.000000E+00,5.855962E+03,0.000000E+00,3.589227E-01,0.000000E+00,7.310574E+03,7.668254E+02,4.480785E-01,5.366553E-02,5.855962E+03,0.000000E+00,3.589227E-01,0.000000E+00,3.979497E+04,0.000000E+00,2.439107E+00,0.000000E+00,7.310574E+03,1.241489E+02,4.480785E-01,8.688442E-03,5.914071E+03,0.000000E+00,3.624843E-01,0.000000E+00,7.276984E+03,0.000000E+00,4.460198E-01,0.000000E+00,7.276984E+03,0.000000E+00,4.460198E-01,0.000000E+00,3.431590E+04,0.000000E+00,2.103284E+00,0.000000E+00,7.244355E+03,0.000000E+00,4.440198E-01,0.000000E+00 
03:00:00,7.243943E+03,2.379468E+02,4.439946E-01,1.665247E-02,7.243943E+03,3.004128E+02,4.439946E-01,2.102410E-02,7.244355E+03,0.000000E+00,4.440198E-01,0.000000E+00,1.378965E+04,0.000000E+00,8.451930E-01,0.000000E+00,5.914071E+03,0.000000E+00,3.624843E-01,0.000000E+00,5.855962E+03,0.000000E+00,3.589227E-01,0.000000E+00,7.310574E+03,7.025749E+02,4.480785E-01,4.916902E-02,5.855962E+03,0.000000E+00,3.589227E-01,0.000000E+00,3.979497E+04,0.000000E+00,2.439107E+00,0.000000E+00,7.310574E+03,9.058496E+01,4.480785E-01,6.339500E-03,5.914071E+03,0.000000E+00,3.624843E-01,0.000000E+00,7.276984E+03,0.000000E+00,4.460198E-01,0.000000E+00,7.276984E+03,0.000000E+00,4.460198E-01,0.000000E+00,3.431590E+04,0.000000E+00,2.103285E+00,0.000000E+00,7.244355E+03,0.000000E+00,4.440198E-01,0.000000E+00 
03:15:00,7.243943E+03,1.981868E+02,4.439946E-01,1.386991E-02,7.243943E+03,2.582947E+02,4.439946E-01,1.807650E-02,7.244355E+03,0.000000E+00,4.440198E-01,0.000000E+00,1.378965E+04,0.000000E+00,8.451930E-01,0.000000E+00,5.914071E+03,0.000000E+00,3.624843E-01,0.000000E+00,5.855962E+03,0.000000E+00,3.589227E-01,0.000000E+00,7.310574E+03,6.405079E+02,4.480785E-01,4.482532E-02,5.855962E+03,0.000000E+00,3.589227E-01,0.000000E+00,3.979497E+04,0.000000E+00,2.439107E+00,0.000000E+00,7.310574E+03,5.837333E+01,4.480785E-01,4.085201E-03,5.914071E+03,0.000000E+00,3.624843E-01,0.000000E+00,7.276984E+03,0.000000E+00,4.460198E-01,0.000000E+00,7.276984E+03,0.000000E+00,4.460198E-01,0.000000E+00,3.431590E+04,0.000000E+00,2.103285E+00,0.000000E+00,7.244355E+03,0.000000E+00,4.440198E-01,0.000000E+00 
03:30:00,7.243943E+03,1.597468E+02,4.439946E-01,1.117972E-02,7.243943E+03,2.174932E+02,4.439946E-01,1.522105E-02,7.244355E+03,0.000000E+00,4.440198E-01,0.000000E+00,1.378965E+04,0.000000E+00,8.451930E-01,0.000000E+00,5.914071E+03,0.000000E+00,3.624843E-01,0.000000E+00,5.855962E+03,0.000000E+00,3.589227E-01,0.000000E+00,7.310574E+03,5.805571E+02,4.480785E-01,4.062972E-02,5.855962E+03,0.000000E+00,3.589227E-01,0.000000E+00,3.979497E+04,0.000000E+00,2.439107E+00,0.000000E+00,7.310574E+03,3.176660E+01,4.480785E-01,2.223155E-03,5.914071E+03,0.000000E+00,3.624843E-01,0.000000E+00,7.276984E+03,0.000000E+00,4.460198E-01,0.000000E+00,7.276984E+03,0.000000E+00,4.460198E-01,0.000000E+00,3.431590E+04,0.000000E+00,2.103285E+00,0.000000E+00,7.244355E+03,0.000000E+00,4.440198E-01,0.000000E+00 
03:45:00,7.243943E+03,1.227057E+02,4.439946E-01,8.587437E-03,7.243943E+03,1.780547E+02,4.439946E-01,1.246098E-02,7.244355E+03,0.000000E+00,4.440198E-01,0.000000E+00,1.378965E+04,0.000000E+00,8.451931E-01,0.000000E+00,5.914071E+03,0.000000E+00,3.624843E-01,0.000000E+00,5.855962E+03,0.000000E+00,3.589227E-01,0.000000E+00,7.310574E+03,5.226631E+02,4.480785E-01,3.657807E-02,5.855962E+03,0.000000E+00,3.589227E-01,0.000000E+00,3.979497E+04,0.000000E+00,2.439107E+00,0.000000E+00,7.310574E+03,1.341172E+01,4.480785E-01,9.386064E-04,5.914071E+03,0.000000E+00,3.624843E-01,0.000000E+00,7.276984E+03,0.000000E+00,4.460198E-01,0.000000E+00,7.276984E+03,0.000000E+00,4.460198E-01,0.000000E+00,3.431590E+04,0.000000E+00,2.103285E+00,0.000000E+00,7.244355E+03,0.000000E+00,4.440198E-01,0.000000E+00 
04:00:00,7.243943E+03,8.718274E+01,4.439946E-01,6.101399E-03,7.243943E+03,1.400462E+02,4.439946E-01,9.800994E-03,7.244355E+03,0.000000E+00,4.440198E-01,0.000000E+00,1.378965E+04,0.000000E+00,8.451931E-01,0.000000E+00,5.914071E+03,0.000000E+00,3.624843E-01,0.000000E+00,5.855962E+03,0.000000E+00,3.589227E-01,0.000000E+00,7.310574E+03,4.667757E+02,4.480785E-01,3.266684E-02,5.855962E+03,0.000000E+00,3.589227E-01,0.000000E+00,3.979497E+04,0.000000E+00,2.439107E+00,0.000000E+00,7.310574E+03,2.959436E+00,4.480785E-01,2.071132E-04,5.914071E+03,0.000000E+00,3.624843E-01,0.000000E+00,7.276984E+03,0.000000E+00,4.460198E-01,0.000000E+00,7.276984E+03,0.000000E+00,4.460198E-01,0.000000E+00,3.431590E+04,0.000000E+00,2.103285E+00,0.000000E+00,7.244355E+03,0.000000E+00,4.440198E-01,0.000000E+00 
04:15:00,7.243943E+03,5.360828E+01,4.439946E-01,3.751724E-03,7.243943E+03,1.037887E+02,4.439946E-01,7.263550E-03,7.244355E+03,0.000000E+00,4.440198E-01,0.000000E+00,1.378965E+04,0.000000E+00,8.451931E-01,0.000000E+00,5.914071E+03,0.000000E+00,3.624843E-01,0.000000E+00,5.855962E+03,0.000000E+00,3.589227E-01,0.000000E+00,7.310574E+03,4.130767E+02,4.480785E-01,2.890877E-02,5.855962E+03,0.000000E+00,3.589227E-01,0.000000E+00,3.979497E+04,0.000000E+00,2.439107E+00,0.000000E+00,7.310574E+03,0.000000E+00,4.480785E-01,0.000000E+00,5.914071E+03,0.000000E+00,3.624843E-01,0.000000E+00,7.276984E+03,0.000000E+00,4.460198E-01,0.000000E+00,7.276984E+03,0.000000E+00,4.460198E-01,0.000000E+00,3.431590E+04,0.000000E+00,2.103285E+00,0.000000E+00,7.244355E+03,0.000000E+00,4.440198E-01,0.000000E+00 
04:30:00,7.243943E+03,2.766547E+01,4.439946E-01,1.936141E-03,7.243943E+03,6.946328E+01,4.439946E-01,4.861320E-03,7.244355E+03,0.000000E+00,4.440198E-01,0.000000E+00,1.378965E+04,0.000000E+00,8.451931E-01,0.000000E+00,5.914071E+03,0.000000E+00,3.624843E-01,0.000000E+00,5.855962E+03,0.000000E+00,3.589227E-01,0.000000E+00,7.310574E+03,3.615492E+02,4.480785E-01,2.530267E-02,5.855962E+03,0.000000E+00,3.589227E-01,0.000000E+00,3.979497E+04,0.000000E+00,2.439107E+00,0.000000E+00,7.310574E+03,0.000000E+00,4.480785E-01,0.000000E+00,5.914071E+03,0.000000E+00,3.624843E-01,0.000000E+00,7.276984E+03,0.000000E+00,4.460198E-01,0.000000E+00,7.276984E+03,0.000000E+00,4.460198E-01,0.000000E+00,3.431590E+04,0.000000E+00,2.103285E+00,0.000000E+00,7.244355E+03,0.000000E+00,4.440198E-01,0.000000E+00 
04:45:00,7.243943E+03,1.043043E+01,4.439946E-01,7.299638E-04,7.243943E+03,3.930608E+01,4.439946E-01,2.750798E-03,7.244355E+03,0.000000E+00,4.440198E-01,0.000000E+00,1.378965E+04,0.000000E+00,8.451931E-01,0.000000E+00,5.914071E+03,0.000000E+00,3.624843E-01,0.000000E+00,5.855962E+03,0.000000E+00,3.589227E-01,0.000000E+00,7.310574E+03,3.121872E+02,4.480785E-01,2.184812E-02,5.855962E+03,0.000000E+00,3.589227E-01,0.000000E+00,3.979497E+04,0.000000E+00,2.439107E+00,0.000000E+00,7.310574E+03,0.000000E+00,4.480785E-01,0.000000E+00,5.914071E+03,0.000000E+00,3.624843E-01,0.000000E+00,7.276984E+03,0.000000E+00,4.460198E-01,0.000000E+00,7.276984E+03,0.000000E+00,4.460198E-01,0.000000E+00,3.431590E+04,0.000000E+00,2.103285E+00,0.000000E+00,7.244355E+03,0.000000E+00,4.440198E-01,0.000000E+00 
05:00:00,7.243943E+03,1.463716E+00,4.439946E-01,1.024367E-04,7.243943E+03,1.809059E+01,4.439946E-01,1.266052E-03,7.244355E+03,0.000000E+00,4.440198E-01,0.000000E+00,1.378965E+04,0.000000E+00,8.451931E-01,0.000000E+00,5.914071E+03,0.000000E+00,3.624843E-01,0.000000E+00,5.855962E+03,0.000000E+00,3.589227E-01,0.000000E+00,7.310574E+03,2.666453E+02,4.480785E-01,1.866091E-02,5.855962E+03,0.000000E+00,3.589227E-01,0.000000E+00,3.979497E+04,0.000000E+00,2.439107E+00,0.000000E+00,7.310574E+03,0.000000E+00,4.480785E-01,0.000000E+00,5.914071E+03,0.000000E+00,3.624843E-01,0.000000E+00,7.276984E+03,0.000000E+00,4.460198E-01,0.000000E+00,7.276984E+03,0.000000E+00,4.460198E-01,0.000000E+00,3.431590E+04,0.000000E+00,2.103285E+00,0.000000E+00,7.244355E+03,0.000000E+00,4.440198E-01,0.000000E+00 
05:15:00,7.243943E+03,0.000000E+00,4.439946E-01,0.000000E+00,7.243943E+03,5.163812E+00,4.439946E-01,3.613844E-04,7.244355E+03,0.000000E+00,4.440198E-01,0.000000E+00,1.378965E+04,0.000000E+00,8.451931E-01,0.000000E+00,5.914071E+03,0.000000E+00,3.624843E-01,0.000000E+00,5.855962E+03,0.000000E+00,3.589227E-01,0.000000E+00,7.310574E+03,2.276329E+02,4.480785E-01,1.593066E-02,5.855962E+03,0.000000E+00,3.589227E-01,0.000000E+00,3.979497E+04,0.000000E+00,2.439107E+00,0.000000E+00,7.310574E+03,0.000000E+00,4.480785E-01,0.000000E+00,5.914071E+03,0.000000E+00,3.624843E-01,0.000000E+00,7.276984E+03,0.000000E+00,4.460198E-01,0.000000E+00,7.276984E+03,0.000000E+00,4.460198E-01,0.000000E+00,3.431590E+04,0.000000E+00,2.103285E+00,0.000000E+00,7.244355E+03,0.000000E+00,4.440198E-01,0.000000E+00 
05:30:00,7.243943E+03,2.041856E+00,4.439946E-01,1.434356E-04,7.243943E+03,0.000000E+00,4.439946E-01,0.000000E+00,7.244355E+03,0.000000E+00,4.440198E-01,0.000000E+00,1.378965E+04,0.000000E+00,8.451931E-01,0.000000E+00,5.914071E+03,0.000000E+00,3.624843E-01,0.000000E+00,5.855962E+03,0.000000E+00,3.589227E-01,0.000000E+00,7.310574E+03,1.970811E+02,4.480785E-01,1.379253E-02,5.855962E+03,0.000000E+00,3.589227E-01,0.000000E+00,3.979497E+04,0.000000E+00,2.439107E+00,0.000000E+00,7.310574E+03,0.000000E+00,4.480785E-01,0.000000E+00,5.914071E+03,0.000000E+00,3.624843E-01,0.000000E+00,7.276984E+03,0.000000E+00,4.460198E-01,0.000000E+00,7.276984E+03,0.000000E+00,4.460198E-01,0.000000E+00,3.431590E+04,0.000000E+00,2.103285E+00,0.000000E+00,7.244355E+03,0.000000E+00,4.440198E-01,0.000000E+00 
05:45:00,7.243943E+03,8.791374E+01,4.439946E-01,6.153101E-03,7.243943E+03,0.000000E+00,4.439946E-01,0.000000E+00,7.244355E+03,0.000000E+00,4.440198E-01,0.000000E+00,1.378965E+04,0.000000E+00,8.451931E-01,0.000000E+00,5.914071E+03,0.000000E+00,3.624843E-01,0.000000E+00,5.855962E+03,0.000000E+00,3.589227E-01,0.000000E+00,7.310574E+03,1.762706E+02,4.480785E-01,1.233613E-02,5.855962E+03,0.000000E+00,3.589227E-01,0.000000E+00,3.979497E+04,0.000000E+00,2.439107E+00,0.000000E+00,7.310574E+03,0.000000E+00,4.480785E-01,0.000000E+00,5.914071E+03,0.000000E+00,3.624843E-01,0.000000E+00,7.276984E+03,0.000000E+00,4.460198E-01,0.000000E+00,7.276984E+03,0.000000E+00,4.460198E-01,0.000000E+00,3.431590E+04,0.000000E+00,2.103285E+00,0.000000E+00,7.244355E+03,0.000000E+00,4.440198E-01,0.000000E+00 
06:00:00,7.243943E+03,2.092753E+02,4.439946E-01,1.464647E-02,7.243943E+03,0.000000E+00,4.439946E-01,0.000000E+00,7.244355E+03,0.000000E+00,4.440198E-01,0.000000E+00,1.378965E+04,0.000000E+00,8.451931E-01,0.000000E+00,5.914071E+03,0.000000E+00,3.624843E-01,0.000000E+00,5.855962E+03,0.000000E+00,3.589227E-01,0.000000E+00,7.310574E+03,1.644942E+02,4.480785E-01,1.151197E-02,5.855962E+03,0.000000E+00,3.589227E-01,0.000000E+00,3.979497E+04,0.000000E+00,2.439107E+00,0.000000E+00,7.310574E+03,0.000000E+00,4.480785E-01,0.000000E+00,5.914071E+03,0.000000E+00,3.624843E-01,0.000000E+00,7.276984E+03,0.000000E+00,4.460198E-01,0.000000E+00,7.276984E+03,0.000000E+00,4.460198E-01,0.000000E+00,3.431590E+04,0.000000E+00,2.103285E+00,0.000000E+00,7.244355E+03,0.000000E+00,4.440198E-01,0.000000E+00 
06:15:00,7.243943E+03,4.105077E+02,4.439946E-01,2.872953E-02,7.243943E+03,0.000000E+00,4.439946E-01,0.000000E+00,7.244355E+03,0.000000E+00,4.440198E-01,0.000000E+00,1.378965E+04,0.000000E+00,8.451931E-01,0.000000E+00,5.914071E+03,0.000000E+00,3.624843E-01,0.000000E+00,5.855962E+03,0.000000E+00,3.589227E-01,0.000000E+00,7.310574E+03,1.611929E+02,4.480785E-01,1.128093E-02,5.855962E+03,0.000000E+00,3.589227E-01,0.000000E+00,3.979497E+04,0.000000E+00,2.439107E+00,0.000000E+00,7.310574E+03,4.377632E+00,4.480785E-01,3.079059E-04,5.914071E+03,0.000000E+00,3.624843E-01,0.000000E+00,7.276984E+03,0.000000E+00,4.460198E-01,0.000000E+00,7.276984E+03,0.000000E+00,4.460198E-01,0.000000E+00,3.431590E+04,0.000000E+00,2.103285E+00,0.000000E+00,7.244355E+03,0.000000E+00,4.440198E-01,0.000000E+00 
06:30:00,7.243943E+03,6.933513E+02,4.439946E-01,4.852352E-02,7.243943E+03,0.000000E+00,4.439946E-01,0.000000E+00,7.244355E+03,0.000000E+00,4.440198E-01,0.000000E+00,1.378965E+04,0.000000E+00,8.451931E-01,0.000000E+00,5.914071E+03,0.000000E+00,3.624843E-01,0.000000E+00,5.855962E+03,0.000000E+00,3.589227E-01,0.000000E+00,7.310574E+03,1.649131E+02,4.480785E-01,1.154128E-02,5.855962E+03,0.000000E+00,3.589227E-01,0.000000E+00,3.979497E+04,0.000000E+00,2.439107E+00,0.000000E+00,7.310574E+03,5.981084E+01,4.480785E-01,4.187354E-03,5.914071E+03,0.000000E+00,3.624843E-01,0.000000E+00,7.276984E+03,0.000000E+00,4.460198E-01,0.000000E+00,7.276984E+03,0.000000E+00,4.460198E-01,0.000000E+00,3.431590E+04,0.000000E+00,2.103285E+00,0.000000E+00,7.244355E+03,0.000000E+00,4.440198E-01,0.000000E+00 
06:45:00,7.243943E+03,9.806065E+02,4.439946E-01,6.862679E-02,7.243943E+03,0.000000E+00,4.439946E-01,0.000000E+00,7.244355E+03,0.000000E+00,4.440198E-01,0.000000E+00,1.378965E+04,0.000000E+00,8.451931E-01,0.000000E+00,5.914071E+03,0.000000E+00,3.624843E-01,0.000000E+00,5.855962E+03,0.000000E+00,3.589227E-01,0.000000E+00,7.310574E+03,1.747233E+02,4.480785E-01,1.222784E-02,5.855962E+03,0.000000E+00,3.589227E-01,0.000000E+00,3.979497E+04,0.000000E+00,2.439107E+00,0.000000E+00,7.310574E+03,1.078123E+02,4.480785E-01,7.546687E-03,5.914071E+03,0.000000E+00,3.624843E-01,0.000000E+00,7.276984E+03,0.000000E+00,4.460198E-01,0.000000E+00,7.276984E+03,0.000000E+00,4.460198E-01,0.000000E+00,3.431590E+04,0.000000E+00,2.103285E+00,0.000000E+00,7.244355E+03,0.000000E+00,4.440198E-01,0.000000E+00 
07:00:00,7.243943E+03,1.322667E+03,4.439946E-01,9.256553E-02,7.243943E+03,0.000000E+00,4.439946E-01,0.000000E+00,7.244355E+03,0.000000E+00,4.440198E-01,0.000000E+00,1.378965E+04,0.000000E+00,8.451931E-01,0.000000E+00,5.914071E+03,0.000000E+00,3.624843E-01,0.000000E+00,5.855962E+03,0.000000E+00,3.589227E-01,0.000000E+00,7.310574E+03,1.899661E+02,4.480785E-01,1.329459E-02,5.855962E+03,0.000000E+00,3.589227E-01,0.000000E+00,3.979497E+04,0.000000E+00,2.439107E+00,0.000000E+00,7.310574E+03,1.732349E+02,4.480785E-01,1.212522E-02,5.914071E+03,0.000000E+00,3.624843E-01,0.000000E+00,7.276984E+03,0.000000E+00,4.460198E-01,0.000000E+00,7.276984E+03,0.000000E+00,4.460198E-01,0.000000E+00,3.431590E+04,0.000000E+00,2.103285E+00,0.000000E+00,7.244355E+03,0.000000E+00,4.440198E-01,0.000000E+00 
07:15:00,7.243943E+03,1.677123E+03,4.439946E-01,1.173718E-01,7.243943E+03,1.173393E+01,4.439946E-01,8.212135E-04,7.244355E+03,0.000000E+00,4.440198E-01,0.000000E+00,1.378965E+04,0.000000E+00,8.451931E-01,0.000000E+00,5.914071E+03,0.000000E+00,3.624843E-01,0.000000E+00,5.855962E+03,8.563550E+01,3.589227E-01,6.008151E-03,7.310574E+03,2.103432E+02,4.480785E-01,1.472066E-02,5.855962E+03,0.000000E+00,3.589227E-01,0.000000E+00,3.979497E+04,0.000000E+00,2.439107E+00,0.000000E+00,7.310574E+03,2.410371E+02,4.480785E-01,1.686876E-02,5.914071E+03,0.000000E+00,3.624843E-01,0.000000E+00,7.276984E+03,0.000000E+00,4.460198E-01,0.000000E+00,7.276984E+03,0.000000E+00,4.460198E-01,0.000000E+00,3.431590E+04,0.000000E+00,2.103285E+00,0.000000E+00,7.244355E+03,0.000000E+00,4.440198E-01,0.000000E+00 
07:30:00,7.243943E+03,2.038815E+03,4.439946E-01,1.426845E-01,7.243943E+03,3.305227E+01,4.439946E-01,2.313157E-03,7.244355E+03,0.000000E+00,4.440198E-01,0.000000E+00,1.378965E+04,0.000000E+00,8.451931E-01,0.000000E+00,5.914071E+03,0.000000E+00,3.624843E-01,0.000000E+00,5.855962E+03,2.558118E+02,3.589227E-01,1.791806E-02,7.310574E+03,2.356179E+02,4.480785E-01,1.648949E-02,5.855962E+03,0.000000E+00,3.589227E-01,0.000000E+00,3.979497E+04,0.000000E+00,2.439107E+00,0.000000E+00,7.310574E+03,2.598454E+02,4.480785E-01,1.818503E-02,5.914071E+03,0.000000E+00,3.624843E-01,0.000000E+00,7.276984E+03,0.000000E+00,4.460198E-01,0.000000E+00,7.276984E+03,0.000000E+00,4.460198E-01,0.000000E+00,3.431590E+04,0.000000E+00,2.103285E+00,0.000000E+00,7.244355E+03,0.000000E+00,4.440198E-01,0.000000E+00 
07:45:00,7.243943E+03,2.400359E+03,4.439946E-01,1.679868E-01,7.243943E+03,6.438977E+01,4.439946E-01,4.506281E-03,7.244355E+03,0.000000E+00,4.440198E-01,0.000000E+00,1.378965E+04,0.000000E+00,8.451931E-01,0.000000E+00,5.914071E+03,0.000000E+00,3.624843E-01,0.000000E+00,5.855962E+03,5.271076E+02,3.589227E-01,3.690444E-02,7.310574E+03,2.655516E+02,4.480785E-01,1.858437E-02,5.855962E+03,0.000000E+00,3.589227E-01,0.000000E+00,3.979497E+04,0.000000E+00,2.439107E+00,0.000000E+00,7.310574E+03,2.862236E+02,4.480785E-01,2.003108E-02,5.914071E+03,0.000000E+00,3.624843E-01,0.000000E+00,7.276984E+03,0.000000E+00,4.460198E-01,0.000000E+00,7.276984E+03,0.000000E+00,4.460198E-01,0.000000E+00,3.431590E+04,0.000000E+00,2.103285E+00,0.000000E+00,7.244355E+03,0.000000E+00,4.440198E-01,0.000000E+00 
08:00:00,7.243943E+03,2.761461E+03,4.439946E-01,1.932582E-01,7.243943E+03,1.081230E+02,4.439946E-01,7.566912E-03,7.244355E+03,0.000000E+00,4.440198E-01,0.000000E+00,1.378965E+04,0.000000E+00,8.451931E-01,0.000000E+00,5.914071E+03,0.000000E+00,3.624843E-01,0.000000E+00,5.855962E+03,8.926993E+02,3.589227E-01,6.249002E-02,7.310574E+03,3.009162E+02,4.480785E-01,2.105932E-02,5.855962E+03,0.000000E+00,3.589227E-01,0.000000E+00,3.979497E+04,0.000000E+00,2.439107E+00,0.000000E+00,7.310574E+03,2.992566E+02,4.480785E-01,2.094318E-02,5.914071E+03,0.000000E+00,3.624843E-01,0.000000E+00,7.276984E+03,0.000000E+00,4.460198E-01,0.000000E+00,7.276984E+03,0.000000E+00,4.460198E-01,0.000000E+00,3.431590E+04,0.000000E+00,2.103285E+00,0.000000E+00,7.244355E+03,0.000000E+00,4.440198E-01,0.000000E+00 
08:15:00,7.243943E+03,3.115363E+03,4.439946E-01,2.180256E-01,7.243943E+03,1.581438E+02,4.439946E-01,1.106754E-02,7.244355E+03,0.000000E+00,4.440198E-01,0.000000E+00,1.378965E+04,0.000000E+00,8.451931E-01,0.000000E+00,5.914071E+03,0.000000E+00,3.624843E-01,0.000000E+00,5.855962E+03,1.263472E+03,3.589227E-01,8.842315E-02,7.310574E+03,3.394450E+02,4.480785E-01,2.375573E-02,5.855962E+03,0.000000E+00,3.589227E-01,0.000000E+00,3.979497E+04,0.000000E+00,2.439107E+00,0.000000E+00,7.310574E+03,3.129901E+02,4.480785E-01,2.190430E-02,5.914071E+03,0.000000E+00,3.624843E-01,0.000000E+00,7.276984E+03,0.000000E+00,4.460198E-01,0.000000E+00,7.276984E+03,0.000000E+00,4.460198E-01,0.000000E+00,3.431590E+04,0.000000E+00,2.103285E+00,0.000000E+00,7.244355E+03,0.000000E+00,4.440198E-01,0.000000E+00 
08:30:00,7.243943E+03,3.456788E+03,4.439946E-01,2.419199E-01,7.243943E+03,2.237343E+02,4.439946E-01,1.565783E-02,7.244355E+03,0.000000E+00,4.440198E-01,0.000000E+00,1.378965E+04,0.000000E+00,8.451931E-01,0.000000E+00,5.914071E+03,0.000000E+00,3.624843E-01,0.000000E+00,5.855962E+03,1.634321E+03,3.589227E-01,1.143764E-01,7.310574E+03,3.798136E+02,4.480785E-01,2.658088E-02,5.855962E+03,0.000000E+00,3.589227E-01,0.000000E+00,3.979497E+04,0.000000E+00,2.439107E+00,0.000000E+00,7.310574E+03,3.335271E+02,4.480785E-01,2.334157E-02,5.914071E+03,0.000000E+00,3.624843E-01,0.000000E+00,7.276984E+03,0.000000E+00,4.460198E-01,0.000000E+00,7.276984E+03,0.000000E+00,4.460198E-01,0.000000E+00,3.431590E+04,0.000000E+00,2.103285E+00,0.000000E+00,7.244355E+03,0.000000E+00,4.440198E-01,0.000000E+00 
08:45:00,7.243943E+03,3.781846E+03,4.439946E-01,2.646688E-01,7.243943E+03,3.144640E+02,4.439946E-01,2.200746E-02,7.244355E+03,0.000000E+00,4.440198E-01,0.000000E+00,1.378965E+04,0.000000E+00,8.451931E-01,0.000000E+00,5.914071E+03,0.000000E+00,3.624843E-01,0.000000E+00,5.855962E+03,1.983085E+03,3.589227E-01,1.387843E-01,7.310574E+03,4.221595E+02,4.480785E-01,2.954442E-02,5.855962E+03,0.000000E+00,3.589227E-01,0.000000E+00,3.979497E+04,0.000000E+00,2.439107E+00,0.000000E+00,7.310574E+03,3.634813E+02,4.480785E-01,2.543789E-02,5.914071E+03,0.000000E+00,3.624843E-01,0.000000E+00,7.276984E+03,0.000000E+00,4.460198E-01,0.000000E+00,7.276984E+03,0.000000E+00,4.460198E-01,0.000000E+00,3.431590E+04,0.000000E+00,2.103285E+00,0.000000E+00,7.244355E+03,0.000000E+00,4.440198E-01,0.000000E+00 
09:00:00,7.243943E+03,4.081530E+03,4.439946E-01,2.856419E-01,7.243943E+03,4.369568E+02,4.439946E-01,3.057999E-02,7.244355E+03,0.000000E+00,4.440198E-01,0.000000E+00,1.378965E+04,0.000000E+00,8.451931E-01,0.000000E+00,5.914071E+03,0.000000E+00,3.624843E-01,0.000000E+00,5.855962E+03,2.310204E+03,3.589227E-01,1.616774E-01,7.310574E+03,4.657617E+02,4.480785E-01,3.259588E-02,5.855962E+03,0.000000E+00,3.589227E-01,0.000000E+00,3.979497E+04,0.000000E+00,2.439107E+00,0.000000E+00,7.310574E+03,4.005596E+02,4.480785E-01,2.803277E-02,5.914071E+03,0.000000E+00,3.624843E-01,0.000000E+00,7.276984E+03,0.000000E+00,4.460198E-01,0.000000E+00,7.276984E+03,0.000000E+00,4.460198E-01,0.000000E+00,3.431590E+04,0.000000E+00,2.103285E+00,0.000000E+00,7.244355E+03,0.000000E+00,4.440198E-01,0.000000E+00 
09:15:00,7.243943E+03,4.352238E+03,4.439946E-01,3.045872E-01,7.243943E+03,5.924529E+02,4.439946E-01,4.146224E-02,7.244355E+03,0.000000E+00,4.440198E-01,0.000000E+00,1.378965E+04,0.000000E+00,8.451931E-01,0.000000E+00,5.914071E+03,0.000000E+00,3.624843E-01,0.000000E+00,5.855962E+03,2.611444E+03,3.589227E-01,1.827594E-01,7.310574E+03,5.105215E+02,4.480785E-01,3.572835E-02,5.855962E+03,0.000000E+00,3.589227E-01,0.000000E+00,3.979497E+04,0.000000E+00,2.439107E+00,0.000000E+00,7.310574E+03,4.419782E+02,4.480785E-01,3.093142E-02,5.914071E+03,0.000000E+00,3.624843E-01,0.000000E+00,7.276984E+03,0.000000E+00,4.460198E-01,0.000000E+00,7.276984E+03,0.000000E+00,4.460198E-01,0.000000E+00,3.431590E+04,0.000000E+00,2.103285E+00,0.000000E+00,7.244355E+03,0.000000E+00,4.440198E-01,0.000000E+00 
09:30:00,7.243943E+03,4.592102E+03,4.439946E-01,3.213738E-01,7.243943E+03,7.792408E+02,4.439946E-01,5.453441E-02,7.244355E+03,0.000000E+00,4.440198E-01,0.000000E+00,1.378965E+04,0.000000E+00,8.451931E-01,0.000000E+00,5.914071E+03,0.000000E+00,3.624843E-01,0.000000E+00,5.855962E+03,2.884987E+03,3.589227E-01,2.019030E-01,7.310574E+03,5.573971E+02,4.480785E-01,3.900889E-02,5.855962E+03,0.000000E+00,3.589227E-01,0.000000E+00,3.979497E+04,0.000000E+00,2.439107E+00,0.000000E+00,7.310574E+03,4.868954E+02,4.480785E-01,3.407490E-02,5.914071E+03,0.000000E+00,3.624843E-01,0.000000E+00,7.276984E+03,0.000000E+00,4.460198E-01,0.000000E+00,7.276984E+03,0.000000E+00,4.460198E-01,0.000000E+00,3.431590E+04,0.000000E+00,2.103285E+00,0.000000E+00,7.244355E+03,0.000000E+00,4.440198E-01,0.000000E+00 
09:45:00,7.243943E+03,4.798994E+03,4.439946E-01,3.358530E-01,7.243943E+03,9.911229E+02,4.439946E-01,6.936277E-02,7.244355E+03,0.000000E+00,4.440198E-01,0.000000E+00,1.378965E+04,0.000000E+00,8.451931E-01,0.000000E+00,5.914071E+03,0.000000E+00,3.624843E-01,0.000000E+00,5.855962E+03,3.127975E+03,3.589227E-01,2.189083E-01,7.310574E+03,6.059563E+02,4.480785E-01,4.240726E-02,5.855962E+03,0.000000E+00,3.589227E-01,0.000000E+00,3.979497E+04,0.000000E+00,2.439107E+00,0.000000E+00,7.310574E+03,5.350213E+02,4.480785E-01,3.744295E-02,5.914071E+03,0.000000E+00,3.624843E-01,0.000000E+00,7.276984E+03,0.000000E+00,4.460198E-01,0.000000E+00,7.276984E+03,0.000000E+00,4.460198E-01,0.000000E+00,3.431590E+04,0.000000E+00,2.103285E+00,0.000000E+00,7.244355E+03,0.000000E+00,4.440198E-01,0.000000E+00 
10:00:00,7.243943E+03,4.971406E+03,4.439946E-01,3.479190E-01,7.243943E+03,1.221530E+03,4.439946E-01,8.548756E-02,7.244355E+03,0.000000E+00,4.440198E-01,0.000000E+00,1.378965E+04,0.000000E+00,8.451931E-01,0.000000E+00,5.914071E+03,0.000000E+00,3.624843E-01,0.000000E+00,5.855962E+03,3.338284E+03,3.589227E-01,2.336266E-01,7.310574E+03,6.556327E+02,4.480785E-01,4.588382E-02,5.855962E+03,0.000000E+00,3.589227E-01,0.000000E+00,3.979497E+04,0.000000E+00,2.439107E+00,0.000000E+00,7.310574E+03,5.850039E+02,4.480785E-01,4.094093E-02,5.914071E+03,0.000000E+00,3.624843E-01,0.000000E+00,7.276984E+03,0.000000E+00,4.460198E-01,0.000000E+00,7.276984E+03,0.000000E+00,4.460198E-01,0.000000E+00,3.431590E+04,0.000000E+00,2.103285E+00,0.000000E+00,7.244355E+03,0.000000E+00,4.440198E-01,0.000000E+00 
10:15:00,7.243943E+03,5.108716E+03,4.439946E-01,3.575285E-01,7.243943E+03,1.464437E+03,4.439946E-01,1.024872E-01,7.244355E+03,0.000000E+00,4.440198E-01,0.000000E+00,1.378965E+04,0.000000E+00,8.451931E-01,0.000000E+00,5.914071E+03,0.000000E+00,3.624843E-01,0.000000E+00,5.855962E+03,3.514754E+03,3.589227E-01,2.459766E-01,7.310574E+03,7.060436E+02,4.480785E-01,4.941178E-02,5.855962E+03,5.261650E+01,3.589227E-01,3.714605E-03,3.979497E+04,0.000000E+00,2.439107E+00,0.000000E+00,7.310574E+03,6.360640E+02,4.480785E-01,4.451432E-02,5.914071E+03,0.000000E+00,3.624843E-01,0.000000E+00,7.276984E+03,0.000000E+00,4.460198E-01,0.000000E+00,7.276984E+03,0.000000E+00,4.460198E-01,0.000000E+00,3.431590E+04,0.000000E+00,2.103285E+00,0.000000E+00,7.244355E+03,0.000000E+00,4.440198E-01,0.000000E+00 
10:30:00,7.243943E+03,5.210875E+03,4.439946E-01,3.646780E-01,7.243943E+03,1.714770E+03,4.439946E-01,1.200065E-01,7.244355E+03,0.000000E+00,4.440198E-01,0.000000E+00,1.378965E+04,0.000000E+00,8.451931E-01,0.000000E+00,5.914071E+03,0.000000E+00,3.624843E-01,0.000000E+00,5.855962E+03,3.656857E+03,3.589227E-01,2.559216E-01,7.310574E+03,7.569592E+02,4.480785E-01,5.297505E-02,5.855962E+03,1.887360E+02,3.589227E-01,1.324124E-02,3.979497E+04,0.000000E+00,2.439107E+00,0.000000E+00,7.310574E+03,6.877480E+02,4.480785E-01,4.813138E-02,5.914071E+03,0.000000E+00,3.624843E-01,0.000000E+00,7.276984E+03,0.000000E+00,4.460198E-01,0.000000E+00,7.276984E+03,0.000000E+00,4.460198E-01,0.000000E+00,3.431590E+04,0.000000E+00,2.103285E+00,0.000000E+00,7.244355E+03,0.000000E+00,4.440198E-01,0.000000E+00 
10:45:00,7.243943E+03,5.277162E+03,4.439946E-01,3.693171E-01,7.243943E+03,1.968365E+03,4.439946E-01,1.377541E-01,7.244355E+03,0.000000E+00,4.440198E-01,0.000000E+00,1.378965E+04,0.000000E+00,8.451931E-01,0.000000E+00,5.914071E+03,0.000000E+00,3.624843E-01,0.000000E+00,5.855962E+03,3.763442E+03,3.589227E-01,2.633808E-01,7.310574E+03,8.081959E+02,4.480785E-01,5.656080E-02,5.855962E+03,3.470363E+02,3.589227E-01,2.431974E-02,3.979497E+04,0.000000E+00,2.439107E+00,0.000000E+00,7.310574E+03,7.397450E+02,4.480785E-01,5.177033E-02,5.914071E+03,0.000000E+00,3.624843E-01,0.000000E+00,7.276984E+03,0.000000E+00,4.460198E-01,0.000000E+00,7.276984E+03,0.000000E+00,4.460198E-01,0.000000E+00,3.431590E+04,0.000000E+00,2.103285E+00,0.000000E+00,7.244355E+03,0.000000E+00,4.440198E-01,0.000000E+00 
11:00:00,7.243943E+03,5.304231E+03,4.439946E-01,3.712114E-01,7.243943E+03,2.221859E+03,4.439946E-01,1.554946E-01,7.244355E+03,0.000000E+00,4.440198E-01,0.000000E+00,1.378965E+04,0.000000E+00,8.451931E-01,0.000000E+00,5.914071E+03,0.000000E+00,3.624843E-01,0.000000E+00,5.855962E+03,3.830791E+03,3.589227E-01,2.680942E-01,7.310574E+03,8.596179E+02,4.480785E-01,6.015952E-02,5.855962E+03,5.781762E+02,3.589227E-01,4.049584E-02,3.979497E+04,0.000000E+00,2.439107E+00,0.000000E+00,7.310574E+03,7.918494E+02,4.480785E-01,5.541681E-02,5.914071E+03,0.000000E+00,3.624843E-01,0.000000E+00,7.276984E+03,0.000000E+00,4.460198E-01,0.000000E+00,7.276984E+03,0.000000E+00,4.460198E-01,0.000000E+00,3.431590E+04,0.000000E+00,2.103285E+00,0.000000E+00,7.244355E+03,0.000000E+00,4.440198E-01,0.000000E+00 
11:15:00,7.243943E+03,5.283837E+03,4.439946E-01,3.697842E-01,7.243943E+03,2.471720E+03,4.439946E-01,1.729810E-01,7.244355E+03,0.000000E+00,4.440198E-01,0.000000E+00,1.378965E+04,0.000000E+00,8.451931E-01,0.000000E+00,5.914071E+03,0.000000E+00,3.624843E-01,0.000000E+00,5.855962E+03,3.850391E+03,3.589227E-01,2.694659E-01,7.310574E+03,9.104443E+02,4.480785E-01,6.371655E-02,5.855962E+03,8.174127E+02,3.589227E-01,5.720628E-02,3.979497E+04,0.000000E+00,2.439107E+00,0.000000E+00,7.310574E+03,8.432657E+02,4.480785E-01,5.901513E-02,5.914071E+03,0.000000E+00,3.624843E-01,0.000000E+00,7.276984E+03,0.000000E+00,4.460198E-01,0.000000E+00,7.276984E+03,0.000000E+00,4.460198E-01,0.000000E+00,3.431590E+04,0.000000E+00,2.103285E+00,0.000000E+00,7.244355E+03,0.000000E+00,4.440198E-01,0.000000E+00 
11:30:00,7.243943E+03,5.203815E+03,4.439946E-01,3.641839E-01,7.243943E+03,2.715545E+03,4.439946E-01,1.900448E-01,7.244355E+03,0.000000E+00,4.440198E-01,0.000000E+00,1.378965E+04,0.000000E+00,8.451931E-01,0.000000E+00,5.914071E+03,0.000000E+00,3.624843E-01,0.000000E+00,5.855962E+03,3.810264E+03,3.589227E-01,2.666576E-01,7.310574E+03,9.605744E+02,4.480785E-01,6.722486E-02,5.855962E+03,1.032932E+03,3.589227E-01,7.228877E-02,3.979497E+04,0.000000E+00,2.439107E+00,0.000000E+00,7.310574E+03,8.938768E+02,4.480785E-01,6.255710E-02,5.914071E+03,0.000000E+00,3.624843E-01,0.000000E+00,7.276984E+03,0.000000E+00,4.460198E-01,0.000000E+00,7.276984E+03,0.000000E+00,4.460198E-01,0.000000E+00,3.431590E+04,0.000000E+00,2.103285E+00,0.000000E+00,7.244355E+03,0.000000E+00,4.440198E-01,0.000000E+00 
11:45:00,7.243943E+03,5.054105E+03,4.439946E-01,3.537066E-01,7.243943E+03,2.951229E+03,4.439946E-01,2.065389E-01,7.244355E+03,0.000000E+00,4.440198E-01,0.000000E+00,1.378965E+04,0.000000E+00,8.451931E-01,0.000000E+00,5.914071E+03,0.000000E+00,3.624843E-01,0.000000E+00,5.855962E+03,3.699834E+03,3.589227E-01,2.589293E-01,7.310574E+03,1.009976E+03,4.480785E-01,7.068218E-02,5.855962E+03,1.284393E+03,3.589227E-01,8.988701E-02,3.979497E+04,0.000000E+00,2.439107E+00,0.000000E+00,7.310574E+03,9.436335E+02,4.480785E-01,6.603927E-02,5.914071E+03,0.000000E+00,3.624843E-01,0.000000E+00,7.276984E+03,0.000000E+00,4.460198E-01,0.000000E+00,7.276984E+03,0.000000E+00,4.460198E-01,0.000000E+00,3.431590E+04,0.000000E+00,2.103285E+00,0.000000E+00,7.244355E+03,0.000000E+00,4.440198E-01,0.000000E+00 
12:00:00,7.243943E+03,4.838055E+03,4.439946E-01,3.385866E-01,7.243943E+03,3.176873E+03,4.439946E-01,2.223304E-01,7.244355E+03,0.000000E+00,4.440198E-01,0.000000E+00,1.378965E+04,0.000000E+00,8.451932E-01,0.000000E+00,5.914071E+03,0.000000E+00,3.624843E-01,0.000000E+00,5.855962E+03,3.523390E+03,3.589227E-01,2.465810E-01,7.310574E+03,1.058687E+03,4.480785E-01,7.409117E-02,5.855962E+03,1.518834E+03,3.589227E-01,1.062941E-01,3.979497E+04,0.000000E+00,2.439107E+00,0.000000E+00,7.310574E+03,9.925545E+02,4.480785E-01,6.946296E-02,5.914071E+03,0.000000E+00,3.624843E-01,0.000000E+00,7.276984E+03,0.000000E+00,4.460198E-01,0.000000E+00,7.276984E+03,0.000000E+00,4.460198E-01,0.000000E+00,3.431590E+04,0.000000E+00,2.103285E+00,0.000000E+00,7.244355E+03,0.000000E+00,4.440198E-01,0.000000E+00 
12:15:00,7.243943E+03,4.592798E+03,4.439946E-01,3.214225E-01,7.243943E+03,3.391491E+03,4.439946E-01,2.373502E-01,7.244355E+03,0.000000E+00,4.440198E-01,0.000000E+00,1.378965E+04,0.000000E+00,8.451932E-01,0.000000E+00,5.914071E+03,2.316363E+00,3.624843E-01,1.626779E-04,5.855962E+03,3.317834E+03,3.589227E-01,2.321954E-01,7.310574E+03,1.113896E+03,4.480785E-01,7.795496E-02,5.855962E+03,1.745053E+03,3.589227E-01,1.221258E-01,3.979497E+04,0.000000E+00,2.439107E+00,0.000000E+00,7.310574E+03,1.041447E+03,4.480785E-01,7.288465E-02,5.914071E+03,0.000000E+00,3.624843E-01,0.000000E+00,7.276984E+03,0.000000E+00,4.460198E-01,0.000000E+00,7.276984E+03,0.000000E+00,4.460198E-01,0.000000E+00,3.431590E+04,0.000000E+00,2.103285E+00,0.000000E+00,7.244355E+03,0.000000E+00,4.440198E-01,0.000000E+00 
12:30:00,7.243943E+03,4.357878E+03,4.439946E-01,3.049818E-01,7.243943E+03,3.593557E+03,4.439946E-01,2.514916E-01,7.244355E+03,0.000000E+00,4.440198E-01,0.000000E+00,1.378965E+04,0.000000E+00,8.451932E-01,0.000000E+00,5.914071E+03,5.832135E+01,3.624843E-01,4.082135E-03,5.855962E+03,3.121647E+03,3.589227E-01,2.184654E-01,7.310574E+03,1.200501E+03,4.480785E-01,8.401592E-02,5.855962E+03,1.960630E+03,3.589227E-01,1.372128E-01,3.979497E+04,0.000000E+00,2.439107E+00,0.000000E+00,7.310574E+03,1.090429E+03,4.480785E-01,7.631262E-02,5.914071E+03,0.000000E+00,3.624843E-01,0.000000E+00,7.276984E+03,0.000000E+00,4.460198E-01,0.000000E+00,7.276984E+03,0.000000E+00,4.460198E-01,0.000000E+00,3.431590E+04,0.000000E+00,2.103285E+00,0.000000E+00,7.244355E+03,0.000000E+00,4.440198E-01,0.000000E+00 
12:45:00,7.243943E+03,4.163495E+03,4.439946E-01,2.913782E-01,7.243943E+03,3.781614E+03,4.439946E-01,2.646526E-01,7.244355E+03,0.000000E+00,4.440198E-01,0.000000E+00,1.378965E+04,0.000000E+00,8.451932E-01,0.000000E+00,5.914071E+03,1.420597E+02,3.624843E-01,9.942483E-03,5.855962E+03,2.963523E+03,3.589227E-01,2.073993E-01,7.310574E+03,1.343784E+03,4.480785E-01,9.404341E-02,5.855962E+03,2.163448E+03,3.589227E-01,1.514068E-01,3.979497E+04,0.000000E+00,2.439107E+00,0.000000E+00,7.310574E+03,1.139677E+03,4.480785E-01,7.975917E-02,5.914071E+03,0.000000E+00,3.624843E-01,0.000000E+00,7.276984E+03,0.000000E+00,4.460198E-01,0.000000E+00,7.276984E+03,0.000000E+00,4.460198E-01,0.000000E+00,3.431590E+04,0.000000E+00,2.103285E+00,0.000000E+00,7.244355E+03,0.000000E+00,4.440198E-01,0.000000E+00 
13:00:00,7.243943E+03,4.024335E+03,4.439946E-01,2.816392E-01,7.243943E+03,3.954266E+03,4.439946E-01,2.767355E-01,7.244355E+03,0.000000E+00,4.440198E-01,0.000000E+00,1.378965E+04,0.000000E+00,8.451932E-01,0.000000E+00,5.914071E+03,2.790601E+02,3.624843E-01,1.953032E-02,5.855962E+03,2.855548E+03,3.589227E-01,1.998428E-01,7.310574E+03,1.559814E+03,4.480785E-01,1.091621E-01,5.855962E+03,2.351637E+03,3.589227E-01,1.645770E-01,3.979497E+04,0.000000E+00,2.439107E+00,0.000000E+00,7.310574E+03,1.189333E+03,4.480785E-01,8.323433E-02,5.914071E+03,0.000000E+00,3.624843E-01,0.000000E+00,7.276984E+03,0.000000E+00,4.460198E-01,0.000000E+00,7.276984E+03,0.000000E+00,4.460198E-01,0.000000E+00,3.431590E+04,0.000000E+00,2.103285E+00,0.000000E+00,7.244355E+03,0.000000E+00,4.440198E-01,0.000000E+00 
13:15:00,7.243943E+03,3.923629E+03,4.439946E-01,2.745913E-01,7.243943E+03,4.109763E+03,4.439946E-01,2.876178E-01,7.244355E+03,0.000000E+00,4.440198E-01,0.000000E+00,1.378965E+04,0.000000E+00,8.451932E-01,0.000000E+00,5.914071E+03,4.898249E+02,3.624843E-01,3.427992E-02,5.855962E+03,2.779661E+03,3.589227E-01,1.945319E-01,7.310574E+03,1.849174E+03,4.480785E-01,1.294126E-01,5.855962E+03,2.523109E+03,3.589227E-01,1.765773E-01,3.979497E+04,0.000000E+00,2.439107E+00,0.000000E+00,7.310574E+03,1.239058E+03,4.480785E-01,8.671424E-02,5.914071E+03,0.000000E+00,3.624843E-01,0.000000E+00,7.276984E+03,0.000000E+00,4.460198E-01,0.000000E+00,7.276984E+03,0.000000E+00,4.460198E-01,0.000000E+00,3.431590E+04,0.000000E+00,2.103285E+00,0.000000E+00,7.244355E+03,0.000000E+00,4.440198E-01,0.000000E+00 
13:30:00,7.243943E+03,3.845123E+03,4.439946E-01,2.690972E-01,7.243943E+03,4.246602E+03,4.439946E-01,2.971943E-01,7.244355E+03,0.000000E+00,4.440198E-01,0.000000E+00,1.378965E+04,0.000000E+00,8.451932E-01,0.000000E+00,5.914071E+03,7.282939E+02,3.624843E-01,5.096894E-02,5.855962E+03,2.719040E+03,3.589227E-01,1.902894E-01,7.310574E+03,2.188981E+03,4.480785E-01,1.531937E-01,5.855962E+03,2.676096E+03,3.589227E-01,1.872839E-01,3.979497E+04,0.000000E+00,2.439107E+00,0.000000E+00,7.310574E+03,1.288840E+03,4.480785E-01,9.019821E-02,5.914071E+03,2.700149E+01,3.624843E-01,1.891258E-03,7.276984E+03,0.000000E+00,4.460198E-01,0.000000E+00,7.276984E+03,0.000000E+00,4.460198E-01,0.000000E+00,3.431590E+04,0.000000E+00,2.103285E+00,0.000000E+00,7.244355E+03,0.000000E+00,4.440198E-01,0.000000E+00 
13:45:00,7.243943E+03,3.779934E+03,4.439946E-01,2.645350E-01,7.243943E+03,4.363143E+03,4.439946E-01,3.053503E-01,7.244355E+03,0.000000E+00,4.440198E-01,0.000000E+00,1.378965E+04,0.000000E+00,8.451932E-01,0.000000E+00,5.914071E+03,1.022846E+03,3.624843E-01,7.158290E-02,5.855962E+03,2.665693E+03,3.589227E-01,1.865559E-01,7.310574E+03,2.553621E+03,4.480785E-01,1.787127E-01,5.855962E+03,2.808764E+03,3.589227E-01,1.965686E-01,3.979497E+04,0.000000E+00,2.439107E+00,0.000000E+00,7.310574E+03,1.338451E+03,4.480785E-01,9.367020E-02,5.914071E+03,6.071141E+01,3.624843E-01,4.250419E-03,7.276984E+03,0.000000E+00,4.460198E-01,0.000000E+00,7.276984E+03,0.000000E+00,4.460198E-01,0.000000E+00,3.431590E+04,0.000000E+00,2.103285E+00,0.000000E+00,7.244355E+03,0.000000E+00,4.440198E-01,0.000000E+00 
14:00:00,7.243943E+03,3.723305E+03,4.439946E-01,2.605718E-01,7.243943E+03,4.457542E+03,4.439946E-01,3.119568E-01,7.244355E+03,0.000000E+00,4.440198E-01,0.000000E+00,1.378965E+04,0.000000E+00,8.451932E-01,0.000000E+00,5.914071E+03,1.349207E+03,3.624843E-01,9.442295E-02,5.855962E+03,2.615654E+03,3.589227E-01,1.830540E-01,7.310574E+03,2.926119E+03,4.480785E-01,2.047816E-01,5.855962E+03,2.919134E+03,3.589227E-01,2.042928E-01,3.979497E+04,0.000000E+00,2.439107E+00,0.000000E+00,7.310574E+03,1.387515E+03,4.480785E-01,9.710388E-02,5.914071E+03,1.046693E+02,3.624843E-01,7.326777E-03,7.276984E+03,0.000000E+00,4.460198E-01,0.000000E+00,7.276984E+03,0.000000E+00,4.460198E-01,0.000000E+00,3.431590E+04,0.000000E+00,2.103285E+00,0.000000E+00,7.244355E+03,0.000000E+00,4.440198E-01,0.000000E+00 
14:15:00,7.243943E+03,3.671759E+03,4.439946E-01,2.569645E-01,7.243943E+03,4.527181E+03,4.439946E-01,3.168303E-01,7.244355E+03,0.000000E+00,4.440198E-01,0.000000E+00,1.378965E+04,0.000000E+00,8.451932E-01,0.000000E+00,5.914071E+03,1.683925E+03,3.624843E-01,1.178478E-01,5.855962E+03,2.566293E+03,3.589227E-01,1.795996E-01,7.310574E+03,3.297456E+03,4.480785E-01,2.307692E-01,5.855962E+03,3.004498E+03,3.589227E-01,2.102669E-01,3.979497E+04,0.000000E+00,2.439107E+00,0.000000E+00,7.310574E+03,1.435033E+03,4.480785E-01,1.004294E-01,5.914071E+03,1.566727E+02,3.624843E-01,1.096620E-02,7.276984E+03,0.000000E+00,4.460198E-01,0.000000E+00,7.276984E+03,0.000000E+00,4.460198E-01,0.000000E+00,3.431590E+04,0.000000E+00,2.103285E+00,0.000000E+00,7.244355E+03,0.000000E+00,4.440198E-01,0.000000E+00 
14:30:00,7.243943E+03,3.623053E+03,4.439946E-01,2.535558E-01,7.243943E+03,4.569763E+03,4.439946E-01,3.198104E-01,7.244355E+03,0.000000E+00,4.440198E-01,0.000000E+00,1.378965E+04,0.000000E+00,8.451932E-01,0.000000E+00,5.914071E+03,2.021898E+03,3.624843E-01,1.415006E-01,5.855962E+03,2.516097E+03,3.589227E-01,1.760866E-01,7.310574E+03,3.664541E+03,4.480785E-01,2.564594E-01,5.855962E+03,3.062526E+03,3.589227E-01,2.143279E-01,3.979497E+04,0.000000E+00,2.439107E+00,0.000000E+00,7.310574E+03,1.480469E+03,4.480785E-01,1.036092E-01,5.914071E+03,1.890305E+02,3.624843E-01,1.322915E-02,7.276984E+03,0.000000E+00,4.460198E-01,0.000000E+00,7.276984E+03,0.000000E+00,4.460198E-01,0.000000E+00,3.431590E+04,0.000000E+00,2.103285E+00,0.000000E+00,7.244355E+03,0.000000E+00,4.440198E-01,0.000000E+00 
14:45:00,7.243943E+03,3.575700E+03,4.439946E-01,2.502419E-01,7.243943E+03,4.582877E+03,4.439946E-01,3.207282E-01,7.244355E+03,0.000000E+00,4.440198E-01,0.000000E+00,1.378965E+04,0.000000E+00,8.451932E-01,0.000000E+00,5.914071E+03,2.359898E+03,3.624843E-01,1.651552E-01,5.855962E+03,2.464205E+03,3.589227E-01,1.724550E-01,7.310574E+03,4.025704E+03,4.480786E-01,2.817350E-01,5.855962E+03,3.090823E+03,3.589227E-01,2.163082E-01,3.979497E+04,0.000000E+00,2.439107E+00,0.000000E+00,7.310574E+03,1.523270E+03,4.480786E-01,1.066046E-01,5.914071E+03,2.213062E+02,3.624843E-01,1.548795E-02,7.276984E+03,0.000000E+00,4.460198E-01,0.000000E+00,7.276984E+03,0.000000E+00,4.460198E-01,0.000000E+00,3.431590E+04,0.000000E+00,2.103285E+00,0.000000E+00,7.244355E+03,0.000000E+00,4.440198E-01,0.000000E+00 
15:00:00,7.243943E+03,3.528609E+03,4.439946E-01,2.469462E-01,7.243943E+03,4.564174E+03,4.439946E-01,3.194193E-01,7.244355E+03,0.000000E+00,4.440198E-01,0.000000E+00,1.378965E+04,0.000000E+00,8.451932E-01,0.000000E+00,5.914071E+03,2.694658E+03,3.624843E-01,1.885830E-01,5.855962E+03,2.410058E+03,3.589227E-01,1.686655E-01,7.310574E+03,4.378680E+03,4.480786E-01,3.064377E-01,5.855962E+03,3.087106E+03,3.589227E-01,2.160481E-01,3.979497E+04,0.000000E+00,2.439107E+00,0.000000E+00,7.310574E+03,1.562881E+03,4.480786E-01,1.093767E-01,5.914071E+03,2.491213E+02,3.624843E-01,1.743458E-02,7.276984E+03,0.000000E+00,4.460198E-01,0.000000E+00,7.276984E+03,0.000000E+00,4.460198E-01,0.000000E+00,3.431590E+04,0.000000E+00,2.103285E+00,0.000000E+00,7.244355E+03,0.000000E+00,4.440198E-01,0.000000E+00 
15:15:00,7.243943E+03,3.480369E+03,4.439946E-01,2.435703E-01,7.243943E+03,4.511485E+03,4.439946E-01,3.157319E-01,7.244355E+03,0.000000E+00,4.440198E-01,0.000000E+00,1.378965E+04,0.000000E+00,8.451932E-01,0.000000E+00,5.914071E+03,3.021800E+03,3.624843E-01,2.114777E-01,5.855962E+03,2.352658E+03,3.589227E-01,1.646485E-01,7.310574E+03,4.719766E+03,4.480786E-01,3.303083E-01,5.855962E+03,3.049318E+03,3.589227E-01,2.134036E-01,3.979497E+04,0.000000E+00,2.439107E+00,0.000000E+00,7.310574E+03,1.598545E+03,4.480786E-01,1.118726E-01,5.914071E+03,2.725691E+02,3.624843E-01,1.907558E-02,7.276984E+03,0.000000E+00,4.460198E-01,0.000000E+00,7.276984E+03,0.000000E+00,4.460198E-01,0.000000E+00,3.431590E+04,0.000000E+00,2.103285E+00,0.000000E+00,7.244355E+03,0.000000E+00,4.440198E-01,0.000000E+00 
15:30:00,7.243943E+03,3.430501E+03,4.439946E-01,2.400803E-01,7.243943E+03,4.423993E+03,4.439946E-01,3.096089E-01,7.244355E+03,0.000000E+00,4.440198E-01,0.000000E+00,1.378965E+04,0.000000E+00,8.451932E-01,0.000000E+00,5.914071E+03,3.336481E+03,3.624843E-01,2.335004E-01,5.855962E+03,2.291970E+03,3.589227E-01,1.604013E-01,7.310574E+03,5.044521E+03,4.480786E-01,3.530359E-01,5.855962E+03,2.976773E+03,3.589227E-01,2.083266E-01,3.979497E+04,0.000000E+00,2.439107E+00,0.000000E+00,7.310574E+03,1.629688E+03,4.480786E-01,1.140521E-01,5.914071E+03,2.914582E+02,3.624843E-01,2.039754E-02,7.276984E+03,0.000000E+00,4.460198E-01,0.000000E+00,7.276984E+03,0.000000E+00,4.460198E-01,0.000000E+00,3.431590E+04,0.000000E+00,2.103285E+00,0.000000E+00,7.244355E+03,0.000000E+00,4.440198E-01,0.000000E+00 
15:45:00,7.243943E+03,3.378344E+03,4.439946E-01,2.364301E-01,7.243943E+03,4.302994E+03,4.439946E-01,3.011409E-01,7.244355E+03,0.000000E+00,4.440198E-01,0.000000E+00,1.378965E+04,0.000000E+00,8.451932E-01,0.000000E+00,5.914071E+03,3.633873E+03,3.624843E-01,2.543131E-01,5.855962E+03,2.227701E+03,3.589227E-01,1.559035E-01,7.310574E+03,5.348430E+03,4.480786E-01,3.743047E-01,5.855962E+03,2.870901E+03,3.589227E-01,2.009172E-01,3.979497E+04,0.000000E+00,2.439107E+00,0.000000E+00,7.310574E+03,1.655765E+03,4.480786E-01,1.158771E-01,5.914071E+03,3.056090E+02,3.624843E-01,2.138789E-02,7.276984E+03,0.000000E+00,4.460198E-01,0.000000E+00,7.276984E+03,0.000000E+00,4.460198E-01,0.000000E+00,3.431590E+04,0.000000E+00,2.103285E+00,0.000000E+00,7.244355E+03,0.000000E+00,4.440198E-01,0.000000E+00 
16:00:00,7.243943E+03,3.323280E+03,4.439946E-01,2.325765E-01,7.243943E+03,4.153352E+03,4.439946E-01,2.906683E-01,7.244355E+03,0.000000E+00,4.440198E-01,0.000000E+00,1.378965E+04,0.000000E+00,8.451932E-01,0.000000E+00,5.914071E+03,3.909417E+03,3.624843E-01,2.735967E-01,5.855962E+03,2.159561E+03,3.589227E-01,1.511348E-01,7.310574E+03,5.627187E+03,4.480786E-01,3.938132E-01,5.855962E+03,2.736613E+03,3.589227E-01,1.915192E-01,3.979497E+04,0.000000E+00,2.439107E+00,0.000000E+00,7.310574E+03,1.676259E+03,4.480786E-01,1.173114E-01,5.914071E+03,3.149226E+02,3.624843E-01,2.203971E-02,7.276984E+03,0.000000E+00,4.460198E-01,0.000000E+00,7.276984E+03,1.200087E+02,4.460198E-01,8.426876E-03,3.431590E+04,0.000000E+00,2.103285E+00,0.000000E+00,7.244355E+03,0.000000E+00,4.440198E-01,0.000000E+00 
16:15:00,7.243943E+03,3.265944E+03,4.439946E-01,2.285639E-01,7.243943E+03,3.986545E+03,4.439946E-01,2.789945E-01,7.244355E+03,0.000000E+00,4.440198E-01,0.000000E+00,1.378965E+04,0.000000E+00,8.451932E-01,0.000000E+00,5.914071E+03,4.160131E+03,3.624843E-01,2.911427E-01,5.855962E+03,2.088530E+03,3.589227E-01,1.461637E-01,7.310574E+03,5.878035E+03,4.480786E-01,4.113685E-01,5.855962E+03,2.585197E+03,3.589227E-01,1.809225E-01,3.979497E+04,0.000000E+00,2.439107E+00,0.000000E+00,7.310574E+03,1.691665E+03,4.480786E-01,1.183896E-01,5.914071E+03,3.201001E+02,3.624843E-01,2.240205E-02,7.276984E+03,0.000000E+00,4.460198E-01,0.000000E+00,7.276984E+03,2.509146E+02,4.460198E-01,1.758845E-02,3.431590E+04,0.000000E+00,2.103285E+00,0.000000E+00,7.244355E+03,0.000000E+00,4.440198E-01,0.000000E+00 
16:30:00,7.243943E+03,3.203781E+03,4.439946E-01,2.242135E-01,7.243943E+03,3.817185E+03,4.439946E-01,2.671420E-01,7.244355E+03,0.000000E+00,4.440198E-01,0.000000E+00,1.378965E+04,0.000000E+00,8.451932E-01,0.000000E+00,5.914071E+03,4.375184E+03,3.624843E-01,3.061930E-01,5.855962E+03,2.012239E+03,3.589227E-01,1.408246E-01,7.310574E+03,6.090782E+03,4.480786E-01,4.262575E-01,5.855962E+03,2.430510E+03,3.589227E-01,1.700969E-01,3.979497E+04,0.000000E+00,2.439107E+00,0.000000E+00,7.310574E+03,1.702917E+03,4.480786E-01,1.191770E-01,5.914071E+03,3.217081E+02,3.624843E-01,2.251459E-02,7.276984E+03,0.000000E+00,4.460198E-01,0.000000E+00,7.276984E+03,4.136189E+02,4.460198E-01,2.897505E-02,3.431590E+04,0.000000E+00,2.103285E+00,0.000000E+00,7.244355E+03,0.000000E+00,4.440198E-01,0.000000E+00 
16:45:00,7.243943E+03,3.136609E+03,4.439946E-01,2.195125E-01,7.243943E+03,3.658054E+03,4.439946E-01,2.560053E-01,7.244355E+03,0.000000E+00,4.440198E-01,0.000000E+00,1.378965E+04,0.000000E+00,8.451932E-01,0.000000E+00,5.914071E+03,4.552781E+03,3.624843E-01,3.186219E-01,5.855962E+03,1.930917E+03,3.589227E-01,1.351334E-01,7.310574E+03,6.263287E+03,4.480786E-01,4.383301E-01,5.855962E+03,2.284695E+03,3.589227E-01,1.598922E-01,3.979497E+04,0.000000E+00,2.439107E+00,0.000000E+00,7.310574E+03,1.718508E+03,4.480786E-01,1.202681E-01,5.914071E+03,3.250041E+02,3.624843E-01,2.274526E-02,7.276984E+03,0.000000E+00,4.460198E-01,0.000000E+00,7.276984E+03,5.996611E+02,4.460198E-01,4.199486E-02,3.431590E+04,0.000000E+00,2.103285E+00,0.000000E+00,7.244355E+03,0.000000E+00,4.440198E-01,0.000000E+00 
17:00:00,7.243943E+03,3.064457E+03,4.439946E-01,2.144630E-01,7.243943E+03,3.515835E+03,4.439946E-01,2.460523E-01,7.244355E+03,0.000000E+00,4.440198E-01,0.000000E+00,1.378965E+04,0.000000E+00,8.451932E-01,0.000000E+00,5.914071E+03,4.690518E+03,3.624843E-01,3.282613E-01,5.855962E+03,1.844935E+03,3.589227E-01,1.291160E-01,7.310574E+03,6.393137E+03,4.480786E-01,4.474174E-01,5.855962E+03,2.153694E+03,3.589227E-01,1.507242E-01,3.979497E+04,0.000000E+00,2.439107E+00,0.000000E+00,7.310574E+03,1.747052E+03,4.480786E-01,1.222657E-01,5.914071E+03,3.348689E+02,3.624843E-01,2.343564E-02,7.276984E+03,0.000000E+00,4.460198E-01,0.000000E+00,7.276984E+03,6.754039E+02,4.460198E-01,4.726728E-02,3.431590E+04,0.000000E+00,2.103285E+00,0.000000E+00,7.244355E+03,0.000000E+00,4.440198E-01,0.000000E+00 
17:15:00,7.243943E+03,2.987359E+03,4.439946E-01,2.090674E-01,7.243943E+03,3.390240E+03,4.439946E-01,2.372626E-01,7.244355E+03,0.000000E+00,4.440198E-01,0.000000E+00,1.378965E+04,0.000000E+00,8.451932E-01,0.000000E+00,5.914071E+03,4.784468E+03,3.624843E-01,3.348363E-01,5.855962E+03,1.754583E+03,3.589227E-01,1.227928E-01,7.310574E+03,6.476452E+03,4.480786E-01,4.532482E-01,5.855962E+03,2.036702E+03,3.589227E-01,1.425366E-01,3.979497E+04,0.000000E+00,2.439107E+00,0.000000E+00,7.310574E+03,1.794016E+03,4.480786E-01,1.255525E-01,5.914071E+03,3.538868E+02,3.624843E-01,2.476660E-02,7.276984E+03,0.000000E+00,4.460198E-01,0.000000E+00,7.276984E+03,7.381195E+02,4.460198E-01,5.165592E-02,3.431590E+04,0.000000E+00,2.103285E+00,0.000000E+00,7.244355E+03,0.000000E+00,4.440198E-01,0.000000E+00 
17:30:00,7.243943E+03,2.907038E+03,4.439946E-01,2.034462E-01,7.243943E+03,3.275211E+03,4.439946E-01,2.292124E-01,7.244355E+03,0.000000E+00,4.440198E-01,0.000000E+00,1.378965E+04,0.000000E+00,8.451932E-01,0.000000E+00,5.914071E+03,4.836719E+03,3.624843E-01,3.384931E-01,5.855962E+03,1.661741E+03,3.589227E-01,1.162953E-01,7.310574E+03,6.515210E+03,4.480786E-01,4.559606E-01,5.855962E+03,1.927840E+03,3.589227E-01,1.349180E-01,3.979497E+04,0.000000E+00,2.439107E+00,0.000000E+00,7.310574E+03,1.859314E+03,4.480786E-01,1.301222E-01,5.914071E+03,3.808628E+02,3.624843E-01,2.665451E-02,7.276984E+03,0.000000E+00,4.460198E-01,0.000000E+00,7.276984E+03,7.540452E+02,4.460198E-01,5.277042E-02,3.431590E+04,0.000000E+00,2.103285E+00,0.000000E+00,7.244355E+03,0.000000E+00,4.440198E-01,0.000000E+00 
17:45:00,7.243943E+03,2.822973E+03,4.439946E-01,1.975630E-01,7.243943E+03,3.164461E+03,4.439946E-01,2.214617E-01,7.244355E+03,0.000000E+00,4.440198E-01,0.000000E+00,1.378965E+04,0.000000E+00,8.451932E-01,0.000000E+00,5.914071E+03,4.840003E+03,3.624843E-01,3.387229E-01,5.855962E+03,1.566361E+03,3.589227E-01,1.096203E-01,7.310574E+03,6.502925E+03,4.480786E-01,4.551009E-01,5.855962E+03,1.821072E+03,3.589227E-01,1.274460E-01,3.979497E+04,0.000000E+00,2.439107E+00,0.000000E+00,7.310574E+03,1.931812E+03,4.480786E-01,1.351960E-01,5.914071E+03,4.134624E+02,3.624843E-01,2.893599E-02,7.276984E+03,0.000000E+00,4.460198E-01,0.000000E+00,7.276984E+03,7.175206E+02,4.460198E-01,5.021432E-02,3.431590E+04,0.000000E+00,2.103285E+00,0.000000E+00,7.244355E+03,0.000000E+00,4.440198E-01,0.000000E+00 
18:00:00,7.243943E+03,2.734911E+03,4.439946E-01,1.914001E-01,7.243943E+03,3.054410E+03,4.439946E-01,2.137599E-01,7.244355E+03,0.000000E+00,4.440198E-01,0.000000E+00,1.378965E+04,0.000000E+00,8.451932E-01,0.000000E+00,5.914071E+03,4.787955E+03,3.624843E-01,3.350804E-01,5.855962E+03,1.467913E+03,3.589227E-01,1.027305E-01,7.310574E+03,6.433558E+03,4.480786E-01,4.502463E-01,5.855962E+03,1.713409E+03,3.589227E-01,1.199113E-01,3.979497E+04,0.000000E+00,2.439107E+00,0.000000E+00,7.310574E+03,1.997488E+03,4.480786E-01,1.397922E-01,5.914071E+03,4.433070E+02,3.624843E-01,3.102467E-02,7.276984E+03,0.000000E+00,4.460198E-01,0.000000E+00,7.276984E+03,6.270704E+02,4.460198E-01,4.388438E-02,3.431590E+04,0.000000E+00,2.103285E+00,0.000000E+00,7.244355E+03,0.000000E+00,4.440198E-01,0.000000E+00 
18:15:00,7.243943E+03,2.640847E+03,4.439946E-01,1.848171E-01,7.243943E+03,2.941344E+03,4.439946E-01,2.058471E-01,7.244355E+03,0.000000E+00,4.440198E-01,0.000000E+00,1.378965E+04,0.000000E+00,8.451932E-01,0.000000E+00,5.914071E+03,4.661550E+03,3.624843E-01,3.262341E-01,5.855962E+03,1.365038E+03,3.589227E-01,9.553088E-02,7.310574E+03,6.289168E+03,4.480786E-01,4.401413E-01,5.855962E+03,1.601915E+03,3.589227E-01,1.121085E-01,3.979497E+04,0.000000E+00,2.439107E+00,0.000000E+00,7.310574E+03,2.039060E+03,4.480786E-01,1.427016E-01,5.914071E+03,4.600187E+02,3.624843E-01,3.219424E-02,7.276984E+03,0.000000E+00,4.460198E-01,0.000000E+00,7.276984E+03,4.657209E+02,4.460198E-01,3.259266E-02,3.431590E+04,0.000000E+00,2.103285E+00,0.000000E+00,7.244355E+03,0.000000E+00,4.440198E-01,0.000000E+00 
18:30:00,7.243943E+03,2.540926E+03,4.439946E-01,1.778242E-01,7.243943E+03,2.824313E+03,4.439946E-01,1.976568E-01,7.244355E+03,0.000000E+00,4.440198E-01,0.000000E+00,1.378965E+04,0.000000E+00,8.451932E-01,0.000000E+00,5.914071E+03,4.463756E+03,3.624843E-01,3.123916E-01,5.855962E+03,1.258379E+03,3.589227E-01,8.806645E-02,7.310574E+03,6.071276E+03,4.480786E-01,4.248924E-01,5.855962E+03,1.486453E+03,3.589227E-01,1.040280E-01,3.979497E+04,0.000000E+00,2.439107E+00,0.000000E+00,7.310574E+03,2.047440E+03,4.480786E-01,1.432881E-01,5.914071E+03,4.598204E+02,3.624843E-01,3.218036E-02,7.276984E+03,0.000000E+00,4.460198E-01,0.000000E+00,7.276984E+03,2.870908E+02,4.460198E-01,2.009157E-02,3.431590E+04,0.000000E+00,2.103285E+00,0.000000E+00,7.244355E+03,0.000000E+00,4.440198E-01,0.000000E+00 
18:45:00,7.243943E+03,2.435584E+03,4.439946E-01,1.704520E-01,7.243943E+03,2.703001E+03,4.439946E-01,1.891669E-01,7.244355E+03,0.000000E+00,4.440198E-01,0.000000E+00,1.378965E+04,0.000000E+00,8.451932E-01,0.000000E+00,5.914071E+03,4.201249E+03,3.624843E-01,2.940204E-01,5.855962E+03,1.148402E+03,3.589227E-01,8.036980E-02,7.310574E+03,5.785627E+03,4.480786E-01,4.049015E-01,5.855962E+03,1.367402E+03,3.589227E-01,9.569627E-02,3.979497E+04,0.000000E+00,2.439107E+00,0.000000E+00,7.310574E+03,2.017580E+03,4.480786E-01,1.411983E-01,5.914071E+03,4.350675E+02,3.624843E-01,3.044803E-02,7.276984E+03,0.000000E+00,4.460198E-01,0.000000E+00,7.276984E+03,1.375733E+02,4.460198E-01,9.627852E-03,3.431590E+04,0.000000E+00,2.103285E+00,0.000000E+00,7.244355E+03,0.000000E+00,4.440198E-01,0.000000E+00 
19:00:00,7.243943E+03,2.324750E+03,4.439946E-01,1.626954E-01,7.243943E+03,2.577207E+03,4.439946E-01,1.803633E-01,7.244355E+03,0.000000E+00,4.440198E-01,0.000000E+00,1.378965E+04,0.000000E+00,8.451932E-01,0.000000E+00,5.914071E+03,3.867703E+03,3.624843E-01,2.706774E-01,5.855962E+03,1.035954E+03,3.589227E-01,7.250024E-02,7.310574E+03,5.426700E+03,4.480786E-01,3.797823E-01,5.855962E+03,1.245193E+03,3.589227E-01,8.714361E-02,3.979497E+04,0.000000E+00,2.439107E+00,0.000000E+00,7.310574E+03,1.943072E+03,4.480786E-01,1.359840E-01,5.914071E+03,3.814286E+02,3.624843E-01,2.669412E-02,7.276984E+03,0.000000E+00,4.460198E-01,0.000000E+00,7.276984E+03,3.227185E+01,4.460198E-01,2.258500E-03,3.431590E+04,0.000000E+00,2.103285E+00,0.000000E+00,7.244355E+03,0.000000E+00,4.440198E-01,0.000000E+00 
19:15:00,7.243943E+03,2.212453E+03,4.439946E-01,1.548364E-01,7.243943E+03,2.450787E+03,4.439946E-01,1.715160E-01,7.244355E+03,0.000000E+00,4.440198E-01,0.000000E+00,1.378965E+04,0.000000E+00,8.451932E-01,0.000000E+00,5.914071E+03,3.497457E+03,3.624843E-01,2.447662E-01,5.855962E+03,9.250664E+02,3.589227E-01,6.473987E-02,7.310574E+03,5.027067E+03,4.480786E-01,3.518144E-01,5.855962E+03,1.124099E+03,3.589227E-01,7.866898E-02,3.979497E+04,0.000000E+00,2.439107E+00,0.000000E+00,7.310574E+03,1.833966E+03,4.480786E-01,1.283483E-01,5.914071E+03,3.088808E+02,3.624843E-01,2.161687E-02,7.276984E+03,0.000000E+00,4.460198E-01,0.000000E+00,7.276984E+03,0.000000E+00,4.460198E-01,0.000000E+00,3.431590E+04,0.000000E+00,2.103285E+00,0.000000E+00,7.244355E+03,0.000000E+00,4.440198E-01,0.000000E+00 
19:30:00,7.243943E+03,2.101037E+03,4.439946E-01,1.470390E-01,7.243943E+03,2.326013E+03,4.439946E-01,1.627837E-01,7.244355E+03,0.000000E+00,4.440198E-01,0.000000E+00,1.378965E+04,0.000000E+00,8.451932E-01,0.000000E+00,5.914071E+03,3.128100E+03,3.624843E-01,2.189170E-01,5.855962E+03,8.184085E+02,3.589227E-01,5.727552E-02,7.310574E+03,4.624538E+03,4.480786E-01,3.236438E-01,5.855962E+03,1.006621E+03,3.589227E-01,7.044742E-02,3.979497E+04,0.000000E+00,2.439107E+00,0.000000E+00,7.310574E+03,1.707050E+03,4.480786E-01,1.194662E-01,5.914071E+03,2.255263E+02,3.624843E-01,1.578332E-02,7.276984E+03,0.000000E+00,4.460198E-01,0.000000E+00,7.276984E+03,0.000000E+00,4.460198E-01,0.000000E+00,3.431590E+04,0.000000E+00,2.103285E+00,0.000000E+00,7.244355E+03,0.000000E+00,4.440198E-01,0.000000E+00 
19:45:00,7.243943E+03,1.994344E+03,4.439946E-01,1.395722E-01,7.243943E+03,2.206743E+03,4.439946E-01,1.544367E-01,7.244355E+03,0.000000E+00,4.440198E-01,0.000000E+00,1.378965E+04,0.000000E+00,8.451932E-01,0.000000E+00,5.914071E+03,2.787226E+03,3.624843E-01,1.950613E-01,5.855962E+03,7.200565E+02,3.589227E-01,5.039246E-02,7.310574E+03,4.248551E+03,4.480786E-01,2.973307E-01,5.855962E+03,8.965031E+02,3.589227E-01,6.274089E-02,3.979497E+04,0.000000E+00,2.439107E+00,0.000000E+00,7.310574E+03,1.578698E+03,4.480786E-01,1.104837E-01,5.914071E+03,1.411432E+02,3.624843E-01,9.877812E-03,7.276984E+03,0.000000E+00,4.460198E-01,0.000000E+00,7.276984E+03,0.000000E+00,4.460198E-01,0.000000E+00,3.431590E+04,0.000000E+00,2.103285E+00,0.000000E+00,7.244355E+03,0.000000E+00,4.440198E-01,0.000000E+00 
20:00:00,7.243943E+03,1.895392E+03,4.439946E-01,1.326472E-01,7.243943E+03,2.096030E+03,4.439946E-01,1.466887E-01,7.244355E+03,0.000000E+00,4.440198E-01,0.000000E+00,1.378965E+04,0.000000E+00,8.451932E-01,0.000000E+00,5.914071E+03,2.506121E+03,3.624843E-01,1.753884E-01,5.855962E+03,6.319842E+02,3.589227E-01,4.422880E-02,7.310574E+03,3.931656E+03,4.480786E-01,2.751531E-01,5.855962E+03,7.966104E+02,3.589227E-01,5.575000E-02,3.979497E+04,0.000000E+00,2.439107E+00,0.000000E+00,7.310574E+03,1.466191E+03,4.480786E-01,1.026100E-01,5.914071E+03,7.398617E+01,3.624843E-01,5.177862E-03,7.276984E+03,0.000000E+00,4.460198E-01,0.000000E+00,7.276984E+03,0.000000E+00,4.460198E-01,0.000000E+00,3.431590E+04,0.000000E+00,2.103285E+00,0.000000E+00,7.244355E+03,0.000000E+00,4.440198E-01,0.000000E+00 
20:15:00,7.243943E+03,1.804910E+03,4.439946E-01,1.263149E-01,7.243943E+03,1.994633E+03,4.439946E-01,1.395925E-01,7.244355E+03,0.000000E+00,4.440198E-01,0.000000E+00,1.378965E+04,0.000000E+00,8.451932E-01,0.000000E+00,5.914071E+03,2.286937E+03,3.624843E-01,1.600491E-01,5.855962E+03,5.519222E+02,3.589227E-01,3.862574E-02,7.310574E+03,3.679013E+03,4.480786E-01,2.574722E-01,5.855962E+03,7.087873E+02,3.589227E-01,4.960379E-02,3.979497E+04,0.000000E+00,2.439107E+00,0.000000E+00,7.310574E+03,1.375785E+03,4.480786E-01,9.628300E-02,5.914071E+03,3.017563E+01,3.624843E-01,2.111815E-03,7.276984E+03,0.000000E+00,4.460198E-01,0.000000E+00,7.276984E+03,0.000000E+00,4.460198E-01,0.000000E+00,3.431590E+04,0.000000E+00,2.103285E+00,0.000000E+00,7.244355E+03,0.000000E+00,4.440198E-01,0.000000E+00 
20:30:00,7.243943E+03,1.722505E+03,4.439946E-01,1.205478E-01,7.243943E+03,1.902210E+03,4.439946E-01,1.331243E-01,7.244355E+03,0.000000E+00,4.440198E-01,0.000000E+00,1.378965E+04,0.000000E+00,8.451932E-01,0.000000E+00,5.914071E+03,2.105851E+03,3.624843E-01,1.473759E-01,5.855962E+03,4.781456E+02,3.589227E-01,3.346255E-02,7.310574E+03,3.469600E+03,4.480786E-01,2.428165E-01,5.855962E+03,6.289407E+02,3.589227E-01,4.401580E-02,3.979497E+04,0.000000E+00,2.439107E+00,0.000000E+00,7.310574E+03,1.301708E+03,4.480786E-01,9.109874E-02,5.914071E+03,6.896087E+00,3.624843E-01,4.826162E-04,7.276984E+03,0.000000E+00,4.460198E-01,0.000000E+00,7.276984E+03,0.000000E+00,4.460198E-01,0.000000E+00,3.431590E+04,0.000000E+00,2.103285E+00,0.000000E+00,7.244355E+03,0.000000E+00,4.440198E-01,0.000000E+00 
20:45:00,7.243943E+03,1.645929E+03,4.439946E-01,1.151887E-01,7.243943E+03,1.816196E+03,4.439946E-01,1.271047E-01,7.244355E+03,0.000000E+00,4.440198E-01,0.000000E+00,1.378965E+04,0.000000E+00,8.451932E-01,0.000000E+00,5.914071E+03,1.945586E+03,3.624843E-01,1.361599E-01,5.855962E+03,4.068611E+02,3.589227E-01,2.847378E-02,7.310574E+03,3.286499E+03,4.480786E-01,2.300024E-01,5.855962E+03,5.540028E+02,3.589227E-01,3.877135E-02,3.979497E+04,0.000000E+00,2.439107E+00,0.000000E+00,7.310574E+03,1.237313E+03,4.480786E-01,8.659216E-02,5.914071E+03,0.000000E+00,3.624843E-01,0.000000E+00,7.276984E+03,0.000000E+00,4.460198E-01,0.000000E+00,7.276984E+03,0.000000E+00,4.460198E-01,0.000000E+00,3.431590E+04,0.000000E+00,2.103285E+00,0.000000E+00,7.244355E+03,0.000000E+00,4.440198E-01,0.000000E+00 
21:00:00,7.243943E+03,1.573476E+03,4.439946E-01,1.101182E-01,7.243943E+03,1.735078E+03,4.439946E-01,1.214278E-01,7.244355E+03,0.000000E+00,4.440198E-01,0.000000E+00,1.378965E+04,0.000000E+00,8.451932E-01,0.000000E+00,5.914071E+03,1.798343E+03,3.624843E-01,1.258553E-01,5.855962E+03,3.366603E+02,3.589227E-01,2.356084E-02,7.310574E+03,3.120905E+03,4.480786E-01,2.184135E-01,5.855962E+03,4.817865E+02,3.589227E-01,3.371736E-02,3.979497E+04,0.000000E+00,2.439107E+00,0.000000E+00,7.310574E+03,1.179370E+03,4.480786E-01,8.253705E-02,5.914071E+03,0.000000E+00,3.624843E-01,0.000000E+00,7.276984E+03,0.000000E+00,4.460198E-01,0.000000E+00,7.276984E+03,0.000000E+00,4.460198E-01,0.000000E+00,3.431590E+04,0.000000E+00,2.103285E+00,0.000000E+00,7.244355E+03,0.000000E+00,4.440198E-01,0.000000E+00 
21:15:00,7.243943E+03,1.504256E+03,4.439946E-01,1.052739E-01,7.243943E+03,1.657516E+03,4.439946E-01,1.159996E-01,7.244355E+03,0.000000E+00,4.440198E-01,0.000000E+00,1.378965E+04,0.000000E+00,8.451932E-01,0.000000E+00,5.914071E+03,1.660235E+03,3.624843E-01,1.161899E-01,5.855962E+03,2.685788E+02,3.589227E-01,1.879622E-02,7.310574E+03,2.967295E+03,4.480786E-01,2.076633E-01,5.855962E+03,4.090907E+02,3.589227E-01,2.862981E-02,3.979497E+04,0.000000E+00,2.439107E+00,0.000000E+00,7.310574E+03,1.125240E+03,4.480786E-01,7.874886E-02,5.914071E+03,0.000000E+00,3.624843E-01,0.000000E+00,7.276984E+03,0.000000E+00,4.460198E-01,0.000000E+00,7.276984E+03,0.000000E+00,4.460198E-01,0.000000E+00,3.431590E+04,0.000000E+00,2.103285E+00,0.000000E+00,7.244355E+03,0.000000E+00,4.440198E-01,0.000000E+00 
21:30:00,7.243943E+03,1.437515E+03,4.439946E-01,1.006031E-01,7.243943E+03,1.582919E+03,4.439946E-01,1.107791E-01,7.244355E+03,0.000000E+00,4.440198E-01,0.000000E+00,1.378965E+04,0.000000E+00,8.451932E-01,0.000000E+00,5.914071E+03,1.529259E+03,3.624843E-01,1.070237E-01,5.855962E+03,2.024766E+02,3.589227E-01,1.417012E-02,7.310574E+03,2.822702E+03,4.480786E-01,1.975440E-01,5.855962E+03,3.384275E+02,3.589227E-01,2.368452E-02,3.979497E+04,0.000000E+00,2.439107E+00,0.000000E+00,7.310574E+03,1.073083E+03,4.480786E-01,7.509868E-02,5.914071E+03,0.000000E+00,3.624843E-01,0.000000E+00,7.276984E+03,0.000000E+00,4.460198E-01,0.000000E+00,7.276984E+03,0.000000E+00,4.460198E-01,0.000000E+00,3.431590E+04,0.000000E+00,2.103285E+00,0.000000E+00,7.244355E+03,0.000000E+00,4.440198E-01,0.000000E+00 
21:45:00,7.243943E+03,1.372439E+03,4.439946E-01,9.604879E-02,7.243943E+03,1.511034E+03,4.439946E-01,1.057483E-01,7.244355E+03,0.000000E+00,4.440198E-01,0.000000E+00,1.378965E+04,0.000000E+00,8.451932E-01,0.000000E+00,5.914071E+03,1.403751E+03,3.624843E-01,9.824012E-02,5.855962E+03,1.386214E+02,3.589227E-01,9.701283E-03,7.310574E+03,2.685160E+03,4.480786E-01,1.879183E-01,5.855962E+03,2.695744E+02,3.589227E-01,1.886590E-02,3.979497E+04,0.000000E+00,2.439107E+00,0.000000E+00,7.310574E+03,1.022198E+03,4.480786E-01,7.153750E-02,5.914071E+03,0.000000E+00,3.624843E-01,0.000000E+00,7.276984E+03,0.000000E+00,4.460198E-01,0.000000E+00,7.276984E+03,0.000000E+00,4.460198E-01,0.000000E+00,3.431590E+04,0.000000E+00,2.103285E+00,0.000000E+00,7.244355E+03,0.000000E+00,4.440198E-01,0.000000E+00 
22:00:00,7.243943E+03,1.308494E+03,4.439946E-01,9.157370E-02,7.243943E+03,1.441066E+03,4.439946E-01,1.008516E-01,7.244355E+03,0.000000E+00,4.440198E-01,0.000000E+00,1.378965E+04,0.000000E+00,8.451932E-01,0.000000E+00,5.914071E+03,1.283048E+03,3.624843E-01,8.979288E-02,5.855962E+03,8.014908E+01,3.589227E-01,5.609155E-03,7.310574E+03,2.553574E+03,4.480786E-01,1.787094E-01,5.855962E+03,2.026894E+02,3.589227E-01,1.418502E-02,3.979497E+04,0.000000E+00,2.439107E+00,0.000000E+00,7.310574E+03,9.714254E+02,4.480786E-01,6.798426E-02,5.914071E+03,0.000000E+00,3.624843E-01,0.000000E+00,7.276984E+03,0.000000E+00,4.460198E-01,0.000000E+00,7.276984E+03,0.000000E+00,4.460198E-01,0.000000E+00,3.431590E+04,0.000000E+00,2.103285E+00,0.000000E+00,7.244355E+03,0.000000E+00,4.440198E-01,0.000000E+00 
22:15:00,7.243943E+03,1.245494E+03,4.439946E-01,8.716471E-02,7.243943E+03,1.372861E+03,4.439946E-01,9.607837E-02,7.244355E+03,0.000000E+00,4.440198E-01,0.000000E+00,1.378965E+04,0.000000E+00,8.451932E-01,0.000000E+00,5.914071E+03,1.166804E+03,3.624843E-01,8.165767E-02,5.855962E+03,3.792371E+01,3.589227E-01,2.654054E-03,7.310574E+03,2.427670E+03,4.480786E-01,1.698981E-01,5.855962E+03,1.383282E+02,3.589227E-01,9.680763E-03,3.979497E+04,0.000000E+00,2.439107E+00,0.000000E+00,7.310574E+03,9.211627E+02,4.480786E-01,6.446668E-02,5.914071E+03,0.000000E+00,3.624843E-01,0.000000E+00,7.276984E+03,0.000000E+00,4.460198E-01,0.000000E+00,7.276984E+03,0.000000E+00,4.460198E-01,0.000000E+00,3.431590E+04,0.000000E+00,2.103285E+00,0.000000E+00,7.244355E+03,0.000000E+00,4.440198E-01,0.000000E+00 
22:30:00,7.243943E+03,1.183329E+03,4.439946E-01,8.281415E-02,7.243943E+03,1.305987E+03,4.439946E-01,9.139824E-02,7.244355E+03,0.000000E+00,4.440198E-01,0.000000E+00,1.378965E+04,0.000000E+00,8.451932E-01,0.000000E+00,5.914071E+03,1.054908E+03,3.624843E-01,7.382668E-02,5.855962E+03,1.140052E+01,3.589227E-01,7.978546E-04,7.310574E+03,2.307165E+03,4.480786E-01,1.614647E-01,5.855962E+03,7.964164E+01,3.589227E-01,5.573642E-03,3.979497E+04,0.000000E+00,2.439107E+00,0.000000E+00,7.310574E+03,8.715903E+02,4.480786E-01,6.099740E-02,5.914071E+03,0.000000E+00,3.624843E-01,0.000000E+00,7.276984E+03,0.000000E+00,4.460198E-01,0.000000E+00,7.276984E+03,0.000000E+00,4.460198E-01,0.000000E+00,3.431590E+04,0.000000E+00,2.103285E+00,0.000000E+00,7.244355E+03,0.000000E+00,4.440198E-01,0.000000E+00 
22:45:00,7.243943E+03,1.122130E+03,4.439946E-01,7.853119E-02,7.243943E+03,1.240175E+03,4.439946E-01,8.679244E-02,7.244355E+03,0.000000E+00,4.440198E-01,0.000000E+00,1.378965E+04,0.000000E+00,8.451932E-01,0.000000E+00,5.914071E+03,9.479995E+02,3.624843E-01,6.634482E-02,5.855962E+03,0.000000E+00,3.589227E-01,0.000000E+00,7.310574E+03,2.191502E+03,4.480786E-01,1.533702E-01,5.855962E+03,3.751240E+01,3.589227E-01,2.625269E-03,3.979497E+04,0.000000E+00,2.439107E+00,0.000000E+00,7.310574E+03,8.225698E+02,4.480786E-01,5.756675E-02,5.914071E+03,0.000000E+00,3.624843E-01,0.000000E+00,7.276984E+03,0.000000E+00,4.460198E-01,0.000000E+00,7.276984E+03,0.000000E+00,4.460198E-01,0.000000E+00,3.431590E+04,0.000000E+00,2.103285E+00,0.000000E+00,7.244355E+03,0.000000E+00,4.440198E-01,0.000000E+00 
23:00:00,7.243943E+03,1.062160E+03,4.439946E-01,7.433425E-02,7.243943E+03,1.175603E+03,4.439946E-01,8.227346E-02,7.244355E+03,0.000000E+00,4.440198E-01,0.000000E+00,1.378965E+04,0.000000E+00,8.451932E-01,0.000000E+00,5.914071E+03,8.463521E+02,3.624843E-01,5.923113E-02,5.855962E+03,0.000000E+00,3.589227E-01,0.000000E+00,7.310574E+03,2.080069E+03,4.480786E-01,1.455716E-01,5.855962E+03,1.124588E+01,3.589227E-01,7.870321E-04,3.979497E+04,0.000000E+00,2.439107E+00,0.000000E+00,7.310574E+03,7.743228E+02,4.480786E-01,5.419022E-02,5.914071E+03,0.000000E+00,3.624843E-01,0.000000E+00,7.276984E+03,0.000000E+00,4.460198E-01,0.000000E+00,7.276984E+03,0.000000E+00,4.460198E-01,0.000000E+00,3.431590E+04,0.000000E+00,2.103285E+00,0.000000E+00,7.244355E+03,0.000000E+00,4.440198E-01,0.000000E+00 
23:15:00,7.243943E+03,1.003057E+03,4.439946E-01,7.019794E-02,7.243943E+03,1.112144E+03,4.439946E-01,7.783235E-02,7.244355E+03,0.000000E+00,4.440198E-01,0.000000E+00,1.378965E+04,0.000000E+00,8.451932E-01,0.000000E+00,5.914071E+03,7.509061E+02,3.624843E-01,5.255144E-02,5.855962E+03,0.000000E+00,3.589227E-01,0.000000E+00,7.310574E+03,1.972189E+03,4.480786E-01,1.380218E-01,5.855962E+03,0.000000E+00,3.589227E-01,0.000000E+00,3.979497E+04,0.000000E+00,2.439107E+00,0.000000E+00,7.310574E+03,7.264628E+02,4.480786E-01,5.084079E-02,5.914071E+03,0.000000E+00,3.624843E-01,0.000000E+00,7.276984E+03,0.000000E+00,4.460198E-01,0.000000E+00,7.276984E+03,0.000000E+00,4.460198E-01,0.000000E+00,3.431590E+04,0.000000E+00,2.103285E+00,0.000000E+00,7.244355E+03,0.000000E+00,4.440198E-01,0.000000E+00 
23:30:00,7.243943E+03,9.447930E+02,4.439946E-01,6.612042E-02,7.243943E+03,1.049739E+03,4.439946E-01,7.346498E-02,7.244355E+03,0.000000E+00,4.440198E-01,0.000000E+00,1.378965E+04,0.000000E+00,8.451932E-01,0.000000E+00,5.914071E+03,6.589902E+02,3.624843E-01,4.611879E-02,5.855962E+03,0.000000E+00,3.589227E-01,0.000000E+00,7.310574E+03,1.867262E+03,4.480786E-01,1.306785E-01,5.855962E+03,0.000000E+00,3.589227E-01,0.000000E+00,3.979497E+04,0.000000E+00,2.439107E+00,0.000000E+00,7.310574E+03,6.789828E+02,4.480786E-01,4.751795E-02,5.914071E+03,0.000000E+00,3.624843E-01,0.000000E+00,7.276984E+03,0.000000E+00,4.460198E-01,0.000000E+00,7.276984E+03,0.000000E+00,4.460198E-01,0.000000E+00,3.431590E+04,0.000000E+00,2.103285E+00,0.000000E+00,7.244355E+03,0.000000E+00,4.440198E-01,0.000000E+00 
23:45:00,7.243943E+03,8.873537E+02,4.439946E-01,6.210059E-02,7.243943E+03,9.883559E+02,4.439946E-01,6.916913E-02,7.244355E+03,0.000000E+00,4.440198E-01,0.000000E+00,1.378965E+04,0.000000E+00,8.451932E-01,0.000000E+00,5.914071E+03,5.701408E+02,3.624843E-01,3.990075E-02,5.855962E+03,0.000000E+00,3.589227E-01,0.000000E+00,7.310574E+03,1.765338E+03,4.480786E-01,1.235455E-01,5.855962E+03,0.000000E+00,3.589227E-01,0.000000E+00,3.979497E+04,0.000000E+00,2.439107E+00,0.000000E+00,7.310574E+03,6.318929E+02,4.480786E-01,4.422241E-02,5.914071E+03,0.000000E+00,3.624843E-01,0.000000E+00,7.276984E+03,0.000000E+00,4.460198E-01,0.000000E+00,7.276984E+03,0.000000E+00,4.460198E-01,0.000000E+00,3.431590E+04,0.000000E+00,2.103285E+00,0.000000E+00,7.244355E+03,0.000000E+00,4.440198E-01,0.000000E+00 
24:00:00,7.243943E+03,8.307316E+02,4.439946E-01,5.813794E-02,7.243943E+03,9.279765E+02,4.439946E-01,6.494353E-02,7.244355E+03,0.000000E+00,4.440198E-01,0.000000E+00,1.378965E+04,0.000000E+00,8.451932E-01,0.000000E+00,5.914071E+03,4.835429E+02,3.624843E-01,3.384028E-02,5.855962E+03,0.000000E+00,3.589227E-01,0.000000E+00,7.310574E+03,1.666390E+03,4.480786E-01,1.166207E-01,5.855962E+03,0.000000E+00,3.589227E-01,0.000000E+00,3.979497E+04,0.000000E+00,2.439107E+00,0.000000E+00,7.310574E+03,5.852157E+02,4.480786E-01,4.095575E-02,5.914071E+03,0.000000E+00,3.624843E-01,0.000000E+00,7.276984E+03,0.000000E+00,4.460198E-01,0.000000E+00,7.276984E+03,0.000000E+00,4.460198E-01,0.000000E+00,3.431590E+04,0.000000E+00,2.103285E+00,0.000000E+00,7.244355E+03,0.000000E+00,4.440198E-01,0.000000E+00 
Peak,7.243943E+03,5.304231E+03,4.439946E-01,3.712114E-01,7.243943E+03,4.582877E+03,4.439946E-01,3.207282E-01,7.244355E+03,0.000000E+00,4.440198E-01,0.000000E+00,1.378965E+04,0.000000E+00,8.451932E-01,0.000000E+00,5.914071E+03,4.840003E+03,3.624843E-01,3.387229E-01,5.855962E+03,3.850391E+03,3.589227E-01,2.694659E-01,7.310574E+03,6.515210E+03,4.480786E-01,4.559606E-01,5.855962E+03,3.090823E+03,3.589227E-01,2.163082E-01,3.979497E+04,0.000000E+00,2.439107E+00,0.000000E+00,7.310574E+03,2.047440E+03,4.480786E-01,1.432881E-01,5.914071E+03,4.600187E+02,3.624843E-01,3.219424E-02,7.276984E+03,0.000000E+00,4.460198E-01,0.000000E+00,7.276984E+03,7.540452E+02,4.460198E-01,5.277042E-02,3.431590E+04,0.000000E+00,2.103285E+00,0.000000E+00,7.244355E+03,0.000000E+00,4.440198E-01,0.000000E+00 

Peak Vol Flow (m3/s),,,3.687592E-01,3.083092E-01,,,3.687592E-01,2.663804E-01,,,3.687801E-01,0.000000E+00,,,7.019742E-01,0.000000E+00,,,3.010609E-01,2.813259E-01,,,2.981028E-01,2.238046E-01,,,3.721511E-01,3.786975E-01,,,2.981028E-01,1.796545E-01,,,2.025797E+00,0.000000E+00,,,3.721511E-01,1.190077E-01,,,3.010609E-01,2.673889E-02,,,3.704412E-01,0.000000E+00,,,3.704412E-01,4.382841E-02,,,1.746881E+00,0.000000E+00,,,3.687801E-01,0.000000E+00 
