Time,THERMAL ZONE 4:BALTIMORE ANN HTG 99.6% CONDNS DB:Des Heat Load [W],THERMAL ZONE 4:BALTIMORE ANN CLG .4% CONDNS DB=>MWB:Des Sens Cool Load [W],THERMAL ZONE 4:BALTIMORE ANN HTG 99.6% CONDNS DB:Des Heat Mass Flow [kg/s],THERMAL ZONE 4:BALTIMORE ANN CLG .4% CONDNS DB=>MWB:Des Cool Mass Flow [kg/s],THERMAL ZONE 5:BALTIMORE ANN HTG 99.6% CONDNS DB:Des Heat Load [W],THERMAL ZONE 5:BALTIMORE ANN CLG .4% CONDNS DB=>MWB:Des Sens Cool Load [W],THERMAL ZONE 5:BALTIMORE ANN HTG 99.6% CONDNS DB:Des Heat Mass Flow [kg/s],THERMAL ZONE 5:BALTIMORE ANN CLG .4% CONDNS DB=>MWB:Des Cool Mass Flow [kg/s],THERMAL ZONE 3:BALTIMORE ANN HTG 99.6% CONDNS DB:Des Heat Load [W],THERMAL ZONE 3:BALTIMORE ANN CLG .4% CONDNS DB=>MWB:Des Sens Cool Load [W],THERMAL ZONE 3:BALTIMORE ANN HTG 99.6% CONDNS DB:Des Heat Mass Flow [kg/s],THERMAL ZONE 3:BALTIMORE ANN CLG .4% CONDNS DB=>MWB:Des Cool Mass Flow [kg/s],THERMAL ZONE 1:BALTIMORE ANN HTG 99.6% CONDNS DB:Des Heat Load [W],THERMAL ZONE 1:BALTIMORE ANN CLG .4% CONDNS DB=>MWB:Des Sens Cool Load [W],THERMAL ZONE 1:BALTIMORE ANN HTG 99.6% CONDNS DB:Des Heat Mass Flow [kg/s],THERMAL ZONE 1:BALTIMORE ANN CLG .4% CONDNS DB=>MWB:Des Cool Mass Flow [kg/s],THERMAL ZONE 2:BALTIMORE ANN HTG 99.6% CONDNS DB:Des Heat Load [W],THERMAL ZONE 2:BALTIMORE ANN CLG .4% CONDNS DB=>MWB:Des Sens Cool Load [W],THERMAL ZONE 2:BALTIMORE ANN HTG 99.6% CONDNS DB:Des Heat Mass Flow [kg/s],THERMAL ZONE 2:BALTIMORE ANN CLG .4% CONDNS DB=>MWB:Des Cool Mass Flow [kg/s] 
00:15:00,4.501670E+03,3.679004E+02,2.757811E-01,2.575181E-02,4.494965E+03,2.489405E+02,2.753703E-01,1.742424E-02,4.501670E+03,2.331092E+02,2.757811E-01,1.631604E-02,6.191184E+03,1.533674E+03,3.793714E-01,1.073491E-01,4.494965E+03,2.229112E+02,2.753703E-01,1.560220E-02 
00:30:00,4.501686E+03,3.279113E+02,2.757820E-01,2.295246E-02,4.494981E+03,2.178590E+02,2.753713E-01,1.524858E-02,4.501686E+03,2.027802E+02,2.757820E-01,1.419309E-02,6.191212E+03,1.488707E+03,3.793730E-01,1.042014E-01,4.494981E+03,1.935901E+02,2.753713E-01,1.354980E-02 
00:45:00,4.501700E+03,2.896698E+02,2.757829E-01,2.027546E-02,4.494995E+03,1.878857E+02,2.753721E-01,1.315053E-02,4.501700E+03,1.735417E+02,2.757829E-01,1.214648E-02,6.191235E+03,1.444958E+03,3.793745E-01,1.011389E-01,4.494995E+03,1.652314E+02,2.753721E-01,1.156478E-02 
01:00:00,4.501713E+03,2.531135E+02,2.757837E-01,1.771646E-02,4.495007E+03,1.589843E+02,2.753729E-01,1.112752E-02,4.501713E+03,1.453529E+02,2.757837E-01,1.017338E-02,6.191256E+03,1.402387E+03,3.793758E-01,9.815887E-02,4.495007E+03,1.378103E+02,2.753729E-01,9.645429E-03 
01:15:00,4.501724E+03,2.198602E+02,2.757844E-01,1.538872E-02,4.495019E+03,1.328058E+02,2.753736E-01,9.295133E-03,4.501724E+03,1.198623E+02,2.757844E-01,8.389159E-03,6.191275E+03,1.366224E+03,3.793769E-01,9.562746E-02,4.495019E+03,1.129886E+02,2.753736E-01,7.908047E-03 
01:30:00,4.501734E+03,1.886633E+02,2.757850E-01,1.320497E-02,4.495028E+03,1.081371E+02,2.753742E-01,7.568474E-03,4.501734E+03,9.585456E+01,2.757850E-01,6.708779E-03,6.191291E+03,1.331842E+03,3.793779E-01,9.322071E-02,4.495028E+03,8.956198E+01,2.753742E-01,6.268347E-03 
01:45:00,4.501743E+03,1.594616E+02,2.757855E-01,1.116093E-02,4.495037E+03,8.495502E+01,2.753747E-01,5.945897E-03,4.501743E+03,7.330533E+01,2.757855E-01,5.130518E-03,6.191305E+03,1.299150E+03,3.793788E-01,9.093223E-02,4.495037E+03,6.751654E+01,2.753747E-01,4.725356E-03 
02:00:00,4.501751E+03,1.321931E+02,2.757860E-01,9.252253E-03,4.495045E+03,6.323386E+01,2.753752E-01,4.425610E-03,4.501751E+03,5.218845E+01,2.757860E-01,3.652544E-03,6.191318E+03,1.268086E+03,3.793796E-01,8.875778E-02,4.495045E+03,4.683538E+01,2.753752E-01,3.277886E-03 
02:15:00,4.501758E+03,1.063723E+02,2.757864E-01,7.444956E-03,4.495052E+03,4.252278E+01,2.753757E-01,2.976054E-03,4.501758E+03,3.205280E+01,2.757864E-01,2.243279E-03,6.191329E+03,1.238160E+03,3.793803E-01,8.666299E-02,4.495052E+03,2.740571E+01,2.753757E-01,1.918039E-03 
02:30:00,4.501764E+03,8.193637E+01,2.757868E-01,5.734624E-03,4.495059E+03,2.411176E+01,2.753761E-01,1.687503E-03,4.501764E+03,1.647321E+01,2.757868E-01,1.152901E-03,6.191339E+03,1.209346E+03,3.793809E-01,8.464602E-02,4.495059E+03,1.320724E+01,2.753761E-01,9.243256E-04 
02:45:00,4.501770E+03,5.882486E+01,2.757872E-01,4.117030E-03,4.495065E+03,1.104999E+01,2.753764E-01,7.733458E-04,4.501770E+03,6.095434E+00,2.757872E-01,4.265937E-04,6.191349E+03,1.181615E+03,3.793814E-01,8.270495E-02,4.495065E+03,4.110756E+00,2.753764E-01,2.876941E-04 
03:00:00,4.501775E+03,3.698250E+01,2.757875E-01,2.588303E-03,4.495070E+03,3.200748E+00,2.753767E-01,2.240058E-04,4.501775E+03,7.900453E-01,2.757875E-01,5.529133E-05,6.191357E+03,1.154931E+03,3.793819E-01,8.083714E-02,4.495070E+03,0.000000E+00,2.753767E-01,0.000000E+00 
03:15:00,4.501780E+03,1.960442E+01,2.757878E-01,1.372047E-03,4.495075E+03,0.000000E+00,2.753770E-01,0.000000E+00,4.501780E+03,0.000000E+00,2.757878E-01,0.000000E+00,6.191364E+03,1.128769E+03,3.793824E-01,7.900583E-02,4.495075E+03,0.000000E+00,2.753770E-01,0.000000E+00 
03:30:00,4.501784E+03,7.781487E+00,2.757881E-01,5.445950E-04,4.495079E+03,0.000000E+00,2.753773E-01,0.000000E+00,4.501784E+03,0.000000E+00,2.757881E-01,0.000000E+00,6.191371E+03,1.103035E+03,3.793828E-01,7.720450E-02,4.495079E+03,0.000000E+00,2.753773E-01,0.000000E+00 
03:45:00,4.501788E+03,1.308846E+00,2.757883E-01,9.159989E-05,4.495083E+03,0.000000E+00,2.753775E-01,0.000000E+00,4.501788E+03,0.000000E+00,2.757883E-01,0.000000E+00,6.191377E+03,1.077609E+03,3.793832E-01,7.542481E-02,4.495083E+03,0.000000E+00,2.753775E-01,0.000000E+00 
04:00:00,4.501792E+03,0.000000E+00,2.757885E-01,0.000000E+00,4.495087E+03,0.000000E+00,2.753778E-01,0.000000E+00,4.501792E+03,0.000000E+00,2.757885E-01,0.000000E+00,6.191382E+03,1.052372E+03,3.793835E-01,7.365825E-02,4.495087E+03,0.000000E+00,2.753778E-01,0.000000E+00 
04:15:00,4.501795E+03,0.000000E+00,2.757887E-01,0.000000E+00,4.495090E+03,0.000000E+00,2.753780E-01,0.000000E+00,4.501795E+03,0.000000E+00,2.757887E-01,0.000000E+00,6.191387E+03,1.027682E+03,3.793838E-01,7.193001E-02,4.495090E+03,0.000000E+00,2.753780E-01,0.000000E+00 
04:30:00,4.501798E+03,0.000000E+00,2.757889E-01,0.000000E+00,4.495093E+03,0.000000E+00,2.753781E-01,0.000000E+00,4.501798E+03,0.000000E+00,2.757889E-01,0.000000E+00,6.191392E+03,1.003465E+03,3.793841E-01,7.023493E-02,4.495093E+03,0.000000E+00,2.753781E-01,0.000000E+00 
04:45:00,4.501801E+03,0.000000E+00,2.757891E-01,0.000000E+00,4.495096E+03,0.000000E+00,2.753783E-01,0.000000E+00,4.501801E+03,0.000000E+00,2.757891E-01,0.000000E+00,6.191396E+03,9.796857E+02,3.793843E-01,6.857045E-02,4.495096E+03,0.000000E+00,2.753783E-01,0.000000E+00 
05:00:00,4.501804E+03,0.000000E+00,2.757893E-01,0.000000E+00,4.495098E+03,0.000000E+00,2.753785E-01,0.000000E+00,4.501804E+03,0.000000E+00,2.757893E-01,0.000000E+00,6.191400E+03,9.563373E+02,3.793846E-01,6.693614E-02,4.495098E+03,0.000000E+00,2.753785E-01,0.000000E+00 
05:15:00,4.501806E+03,0.000000E+00,2.757894E-01,0.000000E+00,4.495101E+03,0.000000E+00,2.753786E-01,0.000000E+00,4.501806E+03,0.000000E+00,2.757894E-01,0.000000E+00,6.191403E+03,9.348653E+02,3.793848E-01,6.543317E-02,4.495101E+03,0.000000E+00,2.753786E-01,0.000000E+00 
05:30:00,4.501808E+03,0.000000E+00,2.757895E-01,0.000000E+00,4.495103E+03,0.000000E+00,2.753788E-01,0.000000E+00,4.501808E+03,0.000000E+00,2.757895E-01,0.000000E+00,6.191407E+03,9.156592E+02,3.793850E-01,6.408881E-02,4.495103E+03,0.000000E+00,2.753788E-01,0.000000E+00 
05:45:00,4.501810E+03,0.000000E+00,2.757897E-01,0.000000E+00,4.495105E+03,0.000000E+00,2.753789E-01,0.000000E+00,4.501810E+03,0.000000E+00,2.757897E-01,0.000000E+00,6.191410E+03,8.998592E+02,3.793852E-01,6.298286E-02,4.495105E+03,1.678865E+01,2.753789E-01,1.194737E-03 
06:00:00,4.501812E+03,0.000000E+00,2.757898E-01,0.000000E+00,4.495107E+03,0.000000E+00,2.753790E-01,0.000000E+00,4.501812E+03,6.125887E+00,2.757898E-01,4.337012E-04,6.191413E+03,8.892423E+02,3.793854E-01,6.223972E-02,4.495107E+03,1.144271E+02,2.753790E-01,8.028821E-03 
06:15:00,4.156945E+03,1.044923E+01,2.546625E-01,7.445983E-04,4.150240E+03,0.000000E+00,2.542518E-01,0.000000E+00,4.156945E+03,1.121832E+02,2.546625E-01,7.856323E-03,5.676582E+03,1.030226E+03,3.478386E-01,7.210742E-02,4.150240E+03,3.023086E+02,2.542518E-01,2.118160E-02 
06:30:00,3.811737E+03,7.351161E+01,2.335199E-01,5.158371E-03,3.805031E+03,5.807303E+01,2.331091E-01,4.069155E-03,3.811737E+03,2.303847E+02,2.335199E-01,1.613139E-02,5.160873E+03,1.181807E+03,3.162428E-01,8.271890E-02,3.805031E+03,5.465292E+02,2.331091E-01,3.828345E-02 
06:45:00,3.466462E+03,1.263092E+02,2.123766E-01,8.854126E-03,3.459757E+03,1.056624E+02,2.119658E-01,7.400359E-03,3.466462E+03,3.708906E+02,2.123766E-01,2.596836E-02,4.645375E+03,1.343817E+03,2.846610E-01,9.406056E-02,3.459757E+03,8.106919E+02,2.119658E-01,5.676561E-02 
07:00:00,3.120998E+03,1.973830E+02,1.912251E-01,1.382905E-02,3.114292E+03,1.728389E+02,1.908143E-01,1.210241E-02,3.120998E+03,5.167406E+02,1.912251E-01,3.617522E-02,4.129621E+03,1.514843E+03,2.530648E-01,1.060335E-01,3.114292E+03,1.025614E+03,1.908143E-01,7.182389E-02 
07:15:00,3.120283E+03,2.714792E+02,1.911961E-01,1.900269E-02,3.113578E+03,2.553580E+02,1.907852E-01,1.787875E-02,3.120283E+03,5.700046E+02,1.911961E-01,3.990755E-02,4.128539E+03,1.548330E+03,2.530066E-01,1.083801E-01,3.113578E+03,1.187620E+03,1.907852E-01,8.317758E-02 
07:30:00,3.119829E+03,3.062512E+02,1.911786E-01,2.143767E-02,3.113124E+03,2.945852E+02,1.907678E-01,2.062096E-02,3.119829E+03,6.135232E+02,1.911786E-01,4.295525E-02,4.128202E+03,1.585136E+03,2.529902E-01,1.109573E-01,3.113124E+03,1.340183E+03,1.907678E-01,9.386412E-02 
07:45:00,3.119380E+03,3.641358E+02,1.911586E-01,2.549036E-02,3.112675E+03,3.585919E+02,1.907477E-01,2.510223E-02,3.119380E+03,6.343335E+02,1.911586E-01,4.441248E-02,4.127544E+03,1.624254E+03,2.529537E-01,1.136963E-01,3.112675E+03,1.500773E+03,1.907477E-01,1.051070E-01 
08:00:00,3.119072E+03,4.161861E+02,1.911438E-01,2.913515E-02,3.112367E+03,4.168465E+02,1.907330E-01,2.918150E-02,3.119072E+03,6.442029E+02,1.911438E-01,4.510279E-02,4.127045E+03,1.665030E+03,2.529262E-01,1.165512E-01,3.112367E+03,1.671075E+03,1.907330E-01,1.170254E-01 
08:15:00,3.118842E+03,4.680325E+02,1.911315E-01,3.276569E-02,3.112138E+03,4.774366E+02,1.907207E-01,3.342437E-02,3.118842E+03,6.531149E+02,1.911315E-01,4.572566E-02,4.126627E+03,1.705562E+03,2.529028E-01,1.193891E-01,3.112138E+03,1.844994E+03,1.907207E-01,1.291943E-01 
08:30:00,3.118659E+03,5.191144E+02,1.911209E-01,3.634274E-02,3.111955E+03,5.467692E+02,1.907100E-01,3.827950E-02,3.118659E+03,6.682100E+02,1.911209E-01,4.678142E-02,4.126269E+03,1.745386E+03,2.528826E-01,1.221775E-01,3.111955E+03,2.007798E+03,1.907100E-01,1.405844E-01 
08:45:00,3.118508E+03,5.691658E+02,1.911118E-01,3.984760E-02,3.111804E+03,6.299722E+02,1.907010E-01,4.410608E-02,3.118508E+03,6.927320E+02,1.911118E-01,4.849746E-02,4.125961E+03,1.784459E+03,2.528650E-01,1.249132E-01,3.111804E+03,2.155773E+03,1.907010E-01,1.509368E-01 
09:00:00,3.118382E+03,6.181069E+02,1.911042E-01,4.327460E-02,3.111678E+03,7.291747E+02,1.906934E-01,5.105339E-02,3.118382E+03,7.257653E+02,1.911042E-01,5.080975E-02,4.125697E+03,1.823079E+03,2.528498E-01,1.276171E-01,3.111678E+03,2.286995E+03,1.906934E-01,1.601168E-01 
09:15:00,3.118277E+03,6.643219E+02,1.910979E-01,4.651061E-02,3.111573E+03,8.404896E+02,1.906870E-01,5.884943E-02,3.118277E+03,7.612839E+02,1.910979E-01,5.329635E-02,4.125471E+03,1.861198E+03,2.528367E-01,1.302859E-01,3.111573E+03,2.395985E+03,1.906870E-01,1.677412E-01 
09:30:00,3.118189E+03,7.081148E+02,1.910925E-01,4.957684E-02,3.111485E+03,9.548647E+02,1.906817E-01,6.686011E-02,3.118189E+03,7.970225E+02,1.910925E-01,5.579844E-02,4.125277E+03,1.899105E+03,2.528254E-01,1.329398E-01,3.111485E+03,2.482378E+03,1.906817E-01,1.737844E-01 
09:45:00,3.118115E+03,7.497638E+02,1.910880E-01,5.249276E-02,3.111410E+03,1.063921E+03,1.906771E-01,7.449838E-02,3.118115E+03,8.322403E+02,1.910880E-01,5.826405E-02,4.125111E+03,1.936940E+03,2.528157E-01,1.355886E-01,3.111410E+03,2.546639E+03,1.906771E-01,1.782792E-01 
10:00:00,3.118051E+03,7.893140E+02,1.910842E-01,5.526159E-02,3.111347E+03,1.164463E+03,1.906733E-01,8.153988E-02,3.118051E+03,8.665231E+02,1.910842E-01,6.066415E-02,4.124970E+03,1.974732E+03,2.528073E-01,1.382345E-01,3.111347E+03,2.589114E+03,1.906733E-01,1.812497E-01 
10:15:00,3.117997E+03,8.267660E+02,1.910808E-01,5.788340E-02,3.111293E+03,1.258171E+03,1.906700E-01,8.810198E-02,3.117997E+03,8.992336E+02,1.910808E-01,6.295412E-02,4.124850E+03,2.012469E+03,2.528002E-01,1.408764E-01,3.111293E+03,2.610758E+03,1.906700E-01,1.827626E-01 
10:30:00,3.117950E+03,8.619143E+02,1.910780E-01,6.034386E-02,3.111246E+03,1.350776E+03,1.906671E-01,9.458506E-02,3.117950E+03,9.298325E+02,1.910780E-01,6.509628E-02,4.124747E+03,2.050071E+03,2.527941E-01,1.435088E-01,3.111246E+03,2.612925E+03,1.906671E-01,1.829126E-01 
10:45:00,3.117910E+03,8.947827E+02,1.910755E-01,6.264470E-02,3.111205E+03,1.451214E+03,1.906646E-01,1.016150E-01,3.117910E+03,9.585024E+02,1.910755E-01,6.710335E-02,4.124659E+03,2.087376E+03,2.527889E-01,1.461204E-01,3.111205E+03,2.596605E+03,1.906646E-01,1.817689E-01 
11:00:00,3.117875E+03,9.254557E+02,1.910733E-01,6.479176E-02,3.111170E+03,1.559325E+03,1.906625E-01,1.091807E-01,3.117875E+03,9.853394E+02,1.910733E-01,6.898207E-02,4.124584E+03,2.124178E+03,2.527844E-01,1.486968E-01,3.111170E+03,2.561204E+03,1.906625E-01,1.792898E-01 
11:15:00,3.117844E+03,9.540926E+02,1.910715E-01,6.679629E-02,3.111140E+03,1.671187E+03,1.906606E-01,1.170081E-01,3.117844E+03,1.009963E+03,1.910715E-01,7.070585E-02,4.124520E+03,2.159883E+03,2.527805E-01,1.511963E-01,3.111140E+03,2.502952E+03,1.906606E-01,1.752111E-01 
11:30:00,3.117818E+03,9.809784E+02,1.910698E-01,6.867816E-02,3.111113E+03,1.782211E+03,1.906590E-01,1.247771E-01,3.117818E+03,1.032262E+03,1.910698E-01,7.226687E-02,4.124464E+03,2.194171E+03,2.527772E-01,1.535966E-01,3.111113E+03,2.416565E+03,1.906590E-01,1.691632E-01 
11:45:00,3.117794E+03,1.006121E+03,1.910684E-01,7.043799E-02,3.111090E+03,1.884788E+03,1.906575E-01,1.319549E-01,3.117794E+03,1.052350E+03,1.910684E-01,7.367320E-02,4.124417E+03,2.226706E+03,2.527743E-01,1.558741E-01,3.111090E+03,2.299039E+03,1.906575E-01,1.609356E-01 
12:00:00,3.117774E+03,1.029288E+03,1.910672E-01,7.205961E-02,3.111069E+03,1.978173E+03,1.906563E-01,1.384897E-01,3.117774E+03,1.070453E+03,1.910672E-01,7.494065E-02,4.124376E+03,2.257077E+03,2.527719E-01,1.580002E-01,3.111069E+03,2.164700E+03,1.906563E-01,1.515310E-01 
12:15:00,3.117756E+03,1.051622E+03,1.910661E-01,7.362301E-02,3.111051E+03,2.061506E+03,1.906552E-01,1.443211E-01,3.117756E+03,1.087302E+03,1.910661E-01,7.612016E-02,4.124340E+03,2.285212E+03,2.527697E-01,1.599696E-01,3.111051E+03,2.017509E+03,1.906552E-01,1.412273E-01 
12:30:00,3.117740E+03,1.085983E+03,1.910651E-01,7.602844E-02,3.111035E+03,2.134045E+03,1.906542E-01,1.493971E-01,3.117740E+03,1.103418E+03,1.910651E-01,7.724830E-02,4.124309E+03,2.310913E+03,2.527678E-01,1.617686E-01,3.111035E+03,1.883379E+03,1.906542E-01,1.318378E-01 
12:45:00,3.117726E+03,1.145312E+03,1.910642E-01,8.018213E-02,3.111021E+03,2.195488E+03,1.906533E-01,1.536966E-01,3.117726E+03,1.118729E+03,1.910642E-01,7.831988E-02,4.124283E+03,2.334543E+03,2.527662E-01,1.634227E-01,3.111021E+03,1.777575E+03,1.906533E-01,1.244315E-01 
13:00:00,3.117713E+03,1.231288E+03,1.910634E-01,8.620206E-02,3.111009E+03,2.245646E+03,1.906526E-01,1.572063E-01,3.117713E+03,1.133323E+03,1.910634E-01,7.934137E-02,4.124259E+03,2.357127E+03,2.527648E-01,1.650034E-01,3.111009E+03,1.695179E+03,1.906526E-01,1.186641E-01 
13:15:00,3.117702E+03,1.350593E+03,1.910628E-01,9.455619E-02,3.110998E+03,2.284452E+03,1.906519E-01,1.599215E-01,3.117702E+03,1.147192E+03,1.910628E-01,8.031224E-02,4.124239E+03,2.380019E+03,2.527636E-01,1.666058E-01,3.110998E+03,1.642972E+03,1.906519E-01,1.150099E-01 
13:30:00,3.117692E+03,1.497709E+03,1.910622E-01,1.048574E-01,3.110988E+03,2.312031E+03,1.906513E-01,1.618510E-01,3.117692E+03,1.160565E+03,1.910622E-01,8.124843E-02,4.124221E+03,2.404662E+03,2.527625E-01,1.683307E-01,3.110988E+03,1.606181E+03,1.906513E-01,1.124352E-01 
13:45:00,3.117684E+03,1.663441E+03,1.910616E-01,1.164615E-01,3.110979E+03,2.328292E+03,1.906507E-01,1.629884E-01,3.117684E+03,1.173447E+03,1.910616E-01,8.215028E-02,4.124205E+03,2.431904E+03,2.527615E-01,1.702376E-01,3.110979E+03,1.578131E+03,1.906507E-01,1.104724E-01 
14:00:00,3.117676E+03,1.844181E+03,1.910611E-01,1.291151E-01,3.110971E+03,2.332890E+03,1.906502E-01,1.633095E-01,3.117676E+03,1.185692E+03,1.910611E-01,8.300772E-02,4.124191E+03,2.461840E+03,2.527607E-01,1.723332E-01,3.110971E+03,1.555879E+03,1.906502E-01,1.089154E-01 
14:15:00,3.117668E+03,2.029748E+03,1.910607E-01,1.421052E-01,3.110964E+03,2.324875E+03,1.906498E-01,1.627478E-01,3.117668E+03,1.197095E+03,1.910607E-01,8.380620E-02,4.124179E+03,2.493727E+03,2.527599E-01,1.745653E-01,3.110964E+03,1.537086E+03,1.906498E-01,1.076003E-01 
14:30:00,3.117662E+03,2.211069E+03,1.910603E-01,1.547971E-01,3.110957E+03,2.303601E+03,1.906494E-01,1.612579E-01,3.117662E+03,1.207577E+03,1.910603E-01,8.454011E-02,4.124168E+03,2.526755E+03,2.527593E-01,1.768775E-01,3.110957E+03,1.520362E+03,1.906494E-01,1.064300E-01 
14:45:00,3.117656E+03,2.382285E+03,1.910599E-01,1.667812E-01,3.110952E+03,2.268531E+03,1.906491E-01,1.588024E-01,3.117656E+03,1.217159E+03,1.910599E-01,8.521090E-02,4.124158E+03,2.560063E+03,2.527587E-01,1.792092E-01,3.110952E+03,1.504707E+03,1.906491E-01,1.053344E-01 
15:00:00,3.117651E+03,2.542714E+03,1.910596E-01,1.780096E-01,3.110946E+03,2.219585E+03,1.906487E-01,1.553757E-01,3.117651E+03,1.225750E+03,1.910596E-01,8.581211E-02,4.124150E+03,2.592863E+03,2.527581E-01,1.815054E-01,3.110946E+03,1.489354E+03,1.906487E-01,1.042599E-01 
15:15:00,3.117646E+03,2.690135E+03,1.910593E-01,1.883272E-01,3.110942E+03,2.157773E+03,1.906484E-01,1.510483E-01,3.117646E+03,1.232661E+03,1.910593E-01,8.629555E-02,4.124142E+03,2.624382E+03,2.527577E-01,1.837119E-01,3.110942E+03,1.473382E+03,1.906484E-01,1.031420E-01 
15:30:00,3.117642E+03,2.822047E+03,1.910591E-01,1.975590E-01,3.110937E+03,2.088339E+03,1.906482E-01,1.461877E-01,3.117642E+03,1.237521E+03,1.910591E-01,8.663534E-02,4.124135E+03,2.654026E+03,2.527572E-01,1.857871E-01,3.110937E+03,1.456416E+03,1.906482E-01,1.019544E-01 
15:45:00,3.117638E+03,2.935976E+03,1.910588E-01,2.055322E-01,3.110933E+03,2.007682E+03,1.906479E-01,1.405416E-01,3.117638E+03,1.239903E+03,1.910588E-01,8.680170E-02,4.124129E+03,2.681263E+03,2.527568E-01,1.876938E-01,3.110933E+03,1.438032E+03,1.906479E-01,1.006675E-01 
16:00:00,3.117634E+03,3.029889E+03,1.910586E-01,2.121043E-01,3.110930E+03,1.917698E+03,1.906477E-01,1.342426E-01,3.117634E+03,1.239512E+03,1.910586E-01,8.677398E-02,4.124123E+03,2.705627E+03,2.527565E-01,1.893993E-01,3.110930E+03,1.417873E+03,1.906477E-01,9.925635E-02 
16:15:00,3.117631E+03,3.103163E+03,1.910584E-01,2.172318E-01,3.110926E+03,1.822574E+03,1.906475E-01,1.275837E-01,3.117631E+03,1.236816E+03,1.910584E-01,8.658494E-02,4.124118E+03,2.727162E+03,2.527562E-01,1.909068E-01,3.110926E+03,1.396448E+03,1.906475E-01,9.775655E-02 
16:30:00,3.117628E+03,3.150576E+03,1.910582E-01,2.205493E-01,3.110923E+03,1.724913E+03,1.906473E-01,1.207470E-01,3.117628E+03,1.231977E+03,1.910582E-01,8.624596E-02,4.124113E+03,2.745586E+03,2.527559E-01,1.921964E-01,3.110923E+03,1.372697E+03,1.906473E-01,9.609392E-02 
16:45:00,3.117625E+03,3.172327E+03,1.910580E-01,2.220705E-01,3.110920E+03,1.636161E+03,1.906471E-01,1.145337E-01,3.117625E+03,1.229411E+03,1.910580E-01,8.606612E-02,4.124109E+03,2.760717E+03,2.527556E-01,1.932554E-01,3.110920E+03,1.346649E+03,1.906471E-01,9.427043E-02 
17:00:00,3.117622E+03,3.168407E+03,1.910579E-01,2.217948E-01,3.110918E+03,1.559696E+03,1.906470E-01,1.091810E-01,3.117622E+03,1.233584E+03,1.910579E-01,8.635824E-02,4.124105E+03,2.772568E+03,2.527554E-01,1.940848E-01,3.110918E+03,1.318488E+03,1.906470E-01,9.229903E-02 
17:15:00,3.117620E+03,3.137811E+03,1.910577E-01,2.196519E-01,3.110915E+03,1.495344E+03,1.906468E-01,1.046763E-01,3.117620E+03,1.246824E+03,1.910577E-01,8.728526E-02,4.124101E+03,2.781362E+03,2.527552E-01,1.947003E-01,3.110915E+03,1.288479E+03,1.906468E-01,9.019829E-02 
17:30:00,3.117618E+03,3.083225E+03,1.910576E-01,2.158298E-01,3.110913E+03,1.439222E+03,1.906467E-01,1.007479E-01,3.117618E+03,1.268886E+03,1.910576E-01,8.882997E-02,4.124098E+03,2.787432E+03,2.527549E-01,1.951250E-01,3.110913E+03,1.257635E+03,1.906467E-01,8.803913E-02 
17:45:00,3.117616E+03,3.002034E+03,1.910575E-01,2.101456E-01,3.110911E+03,1.387244E+03,1.906466E-01,9.710974E-02,3.117616E+03,1.293610E+03,1.910575E-01,9.056115E-02,4.124095E+03,2.791112E+03,2.527548E-01,1.953824E-01,3.110911E+03,1.226222E+03,1.906466E-01,8.584016E-02 
18:00:00,3.117614E+03,2.892102E+03,1.910574E-01,2.024495E-01,3.110909E+03,1.337482E+03,1.906465E-01,9.362661E-02,3.117614E+03,1.313495E+03,1.910574E-01,9.195343E-02,4.124092E+03,2.792528E+03,2.527546E-01,1.954813E-01,3.110909E+03,1.194304E+03,1.906465E-01,8.360594E-02 
18:15:00,3.462481E+03,2.745346E+03,2.121919E-01,1.921758E-01,3.455777E+03,1.288254E+03,2.117810E-01,9.018081E-02,3.462481E+03,1.320295E+03,2.121919E-01,9.242945E-02,4.638922E+03,2.791138E+03,2.843072E-01,1.953837E-01,3.455777E+03,1.160450E+03,2.117810E-01,8.123623E-02 
18:30:00,3.807486E+03,2.567124E+03,2.333319E-01,1.796994E-01,3.800782E+03,1.239782E+03,2.329211E-01,8.678793E-02,3.807486E+03,1.309933E+03,2.333319E-01,9.170370E-02,5.154109E+03,2.786336E+03,3.158787E-01,1.950473E-01,3.800782E+03,1.124821E+03,2.329211E-01,7.874213E-02 
18:45:00,4.152742E+03,2.367017E+03,2.544802E-01,1.656912E-01,4.146037E+03,1.191515E+03,2.540693E-01,8.340947E-02,4.152742E+03,1.280545E+03,2.544802E-01,8.964582E-02,5.669469E+03,2.777310E+03,3.474580E-01,1.944152E-01,4.146037E+03,1.086819E+03,2.540693E-01,7.608186E-02 
19:00:00,4.498220E+03,2.154508E+03,2.756343E-01,1.508151E-01,4.491515E+03,1.142014E+03,2.752235E-01,7.994451E-02,4.498220E+03,1.231707E+03,2.756343E-01,8.622622E-02,6.185160E+03,2.763227E+03,3.790541E-01,1.934291E-01,4.491515E+03,1.046308E+03,2.752235E-01,7.324571E-02 
19:15:00,4.498946E+03,1.935935E+03,2.756564E-01,1.355147E-01,4.492241E+03,1.092820E+03,2.752456E-01,7.650081E-02,4.498946E+03,1.167188E+03,2.756564E-01,8.170886E-02,6.186251E+03,2.744219E+03,3.791086E-01,1.920981E-01,4.492241E+03,1.006235E+03,2.752456E-01,7.044023E-02 
19:30:00,4.499603E+03,1.729540E+03,2.756758E-01,1.210669E-01,4.492898E+03,1.043665E+03,2.752650E-01,7.305973E-02,4.499603E+03,1.095787E+03,2.756758E-01,7.670969E-02,6.187154E+03,2.719643E+03,3.791524E-01,1.903774E-01,4.492898E+03,9.662343E+02,2.752650E-01,6.763990E-02 
19:45:00,4.500066E+03,1.546719E+03,2.756902E-01,1.082695E-01,4.493360E+03,9.963436E+02,2.752794E-01,6.974686E-02,4.500066E+03,1.027123E+03,2.756902E-01,7.190222E-02,6.188007E+03,2.689429E+03,3.791948E-01,1.882620E-01,4.493360E+03,9.272774E+02,2.752794E-01,6.491262E-02 
20:00:00,4.500355E+03,1.392149E+03,2.757020E-01,9.744962E-02,4.493650E+03,9.540995E+02,2.752912E-01,6.678948E-02,4.500355E+03,9.659947E+02,2.757020E-01,6.762256E-02,6.188628E+03,2.654223E+03,3.792258E-01,1.857971E-01,4.493650E+03,8.891427E+02,2.752912E-01,6.224285E-02 
20:15:00,4.500570E+03,1.279287E+03,2.757138E-01,8.954939E-02,4.493864E+03,9.159724E+02,2.753030E-01,6.412054E-02,4.500570E+03,9.167360E+02,2.757138E-01,6.417379E-02,6.189096E+03,2.615196E+03,3.792502E-01,1.830646E-01,4.493864E+03,8.513725E+02,2.753030E-01,5.959839E-02 
20:30:00,4.500751E+03,1.194994E+03,2.757250E-01,8.364934E-02,4.494046E+03,8.802547E+02,2.753142E-01,6.162022E-02,4.500751E+03,8.741426E+02,2.757250E-01,6.119189E-02,6.189464E+03,2.574152E+03,3.792702E-01,1.801911E-01,4.494046E+03,8.147414E+02,2.753142E-01,5.703355E-02 
20:45:00,4.500906E+03,1.126161E+03,2.757346E-01,7.883171E-02,4.494201E+03,8.455637E+02,2.753238E-01,5.919157E-02,4.500906E+03,8.334182E+02,2.757346E-01,5.834078E-02,6.189763E+03,2.532704E+03,3.792870E-01,1.772892E-01,4.494201E+03,7.791827E+02,2.753238E-01,5.454381E-02 
21:00:00,4.501036E+03,1.067568E+03,2.757424E-01,7.473070E-02,4.494330E+03,8.100865E+02,2.753316E-01,5.670774E-02,4.501036E+03,7.942407E+02,2.757424E-01,5.559780E-02,6.190009E+03,2.491935E+03,3.793012E-01,1.744349E-01,4.494330E+03,7.454075E+02,2.753316E-01,5.217898E-02 
21:15:00,4.501142E+03,1.014564E+03,2.757488E-01,7.102080E-02,4.494437E+03,7.742273E+02,2.753380E-01,5.419697E-02,4.501142E+03,7.558587E+02,2.757488E-01,5.291055E-02,6.190214E+03,2.452179E+03,3.793131E-01,1.716517E-01,4.494437E+03,7.130437E+02,2.753380E-01,4.991313E-02 
21:30:00,4.501231E+03,9.648338E+02,2.757542E-01,6.753979E-02,4.494526E+03,7.394717E+02,2.753434E-01,5.176348E-02,4.501231E+03,7.195504E+02,2.757542E-01,5.036850E-02,6.190385E+03,2.413655E+03,3.793232E-01,1.689547E-01,4.494526E+03,6.819140E+02,2.753434E-01,4.773376E-02 
21:45:00,4.501306E+03,9.189290E+02,2.757588E-01,6.432636E-02,4.494601E+03,7.056950E+02,2.753480E-01,4.939870E-02,4.501306E+03,6.850401E+02,2.757588E-01,4.795246E-02,6.190528E+03,2.376397E+03,3.793317E-01,1.663464E-01,4.494601E+03,6.518639E+02,2.753480E-01,4.563003E-02 
22:00:00,4.501370E+03,8.766307E+02,2.757627E-01,6.136539E-02,4.494665E+03,6.729600E+02,2.753519E-01,4.710694E-02,4.501370E+03,6.520336E+02,2.757627E-01,4.564176E-02,6.190649E+03,2.340332E+03,3.793389E-01,1.638217E-01,4.494665E+03,6.227684E+02,2.753519E-01,4.359315E-02 
22:15:00,4.501426E+03,8.072005E+02,2.757661E-01,5.650518E-02,4.494720E+03,6.105883E+02,2.753553E-01,4.274071E-02,4.501426E+03,5.896502E+02,2.757661E-01,4.127479E-02,6.190751E+03,2.203178E+03,3.793450E-01,1.542208E-01,4.494720E+03,5.638524E+02,2.753553E-01,3.946892E-02 
22:30:00,4.501473E+03,7.366455E+02,2.757690E-01,5.156572E-02,4.494768E+03,5.470140E+02,2.753582E-01,3.829000E-02,4.501473E+03,5.264181E+02,2.757690E-01,3.684811E-02,6.190837E+03,2.060979E+03,3.793502E-01,1.442656E-01,4.494768E+03,5.035978E+02,2.753582E-01,3.525070E-02 
22:45:00,4.501514E+03,6.642424E+02,2.757715E-01,4.649690E-02,4.494809E+03,4.824416E+02,2.753607E-01,3.376952E-02,4.501514E+03,4.622536E+02,2.757715E-01,3.235625E-02,6.190912E+03,1.914772E+03,3.793547E-01,1.340297E-01,4.494809E+03,4.420829E+02,2.753607E-01,3.094432E-02 
23:00:00,4.501550E+03,5.890518E+02,2.757737E-01,4.123302E-02,4.494844E+03,4.169110E+02,2.753629E-01,2.918209E-02,4.501550E+03,3.973570E+02,2.757737E-01,2.781322E-02,6.190975E+03,1.765298E+03,3.793586E-01,1.235651E-01,4.494844E+03,3.794556E+02,2.753629E-01,2.656016E-02 
23:15:00,4.501581E+03,5.419521E+02,2.757756E-01,3.793553E-02,4.494875E+03,3.812103E+02,2.753648E-01,2.668277E-02,4.501581E+03,3.623476E+02,2.757756E-01,2.536233E-02,6.191030E+03,1.715014E+03,3.793619E-01,1.200436E-01,4.494875E+03,3.464273E+02,2.753648E-01,2.424793E-02 
23:30:00,4.501608E+03,4.963142E+02,2.757772E-01,3.474091E-02,4.494902E+03,3.467822E+02,2.753665E-01,2.427293E-02,4.501608E+03,3.286559E+02,2.757772E-01,2.300404E-02,6.191077E+03,1.667959E+03,3.793648E-01,1.167495E-01,4.494902E+03,3.144663E+02,2.753665E-01,2.201079E-02 
23:45:00,4.501631E+03,4.522470E+02,2.757787E-01,3.165624E-02,4.494926E+03,3.135101E+02,2.753679E-01,2.194399E-02,4.501631E+03,2.961448E+02,2.757787E-01,2.072839E-02,6.191118E+03,1.623185E+03,3.793673E-01,1.136151E-01,4.494926E+03,2.834693E+02,2.753679E-01,1.984111E-02 
24:00:00,4.501652E+03,4.097249E+02,2.757800E-01,2.867963E-02,4.494946E+03,2.811984E+02,2.753692E-01,1.968224E-02,4.501652E+03,2.646021E+02,2.757800E-01,1.852048E-02,6.191154E+03,1.579967E+03,3.793695E-01,1.105897E-01,4.494946E+03,2.532491E+02,2.753692E-01,1.772578E-02 
Peak,4.501812E+03,3.172327E+03,2.757898E-01,2.220705E-01,4.495107E+03,2.332890E+03,2.753790E-01,1.633095E-01,4.501812E+03,1.320295E+03,2.757898E-01,9.242945E-02,6.191413E+03,2.792528E+03,3.793854E-01,1.954813E-01,4.495107E+03,2.612925E+03,2.753790E-01,1.829126E-01 

Peak Vol Flow (m3/s),,,2.302829E-01,1.854276E-01,,,2.299399E-01,1.363625E-01,,,2.302829E-01,7.717806E-02,,,3.167846E-01,1.632257E-01,,,2.299399E-01,1.527310E-01 
