Time,THERMAL ZONE 13:SAN FRANCISCO INTL AP ANN HTG 99.6% CONDNS DB:Des Heat Load [W],THERMAL ZONE 13::Des Sens Cool Load [W],THERMAL ZONE 13:SAN FRANCISCO INTL AP ANN HTG 99.6% CONDNS DB:Des Heat Mass Flow [kg/s],THERMAL ZONE 13::Des Cool Mass Flow [kg/s],THERMAL ZONE 15:SAN FRANCISCO INTL AP ANN HTG 99.6% CONDNS DB:Des Heat Load [W],THERMAL ZONE 15:SAN FRANCISCO INTL AP ANN CLG .4% CONDNS DB=>MWB:Des Sens Cool Load [W],THERMAL ZONE 15:SAN FRANCISCO INTL AP ANN HTG 99.6% CONDNS DB:Des Heat Mass Flow [kg/s],THERMAL ZONE 15:SAN FRANCISCO INTL AP ANN CLG .4% CONDNS DB=>MWB:Des Cool Mass Flow [kg/s],THERMAL ZONE 4:SAN FRANCISCO INTL AP ANN HTG 99.6% CONDNS DB:Des Heat Load [W],THERMAL ZONE 4::Des Sens Cool Load [W],THERMAL ZONE 4:SAN FRANCISCO INTL AP ANN HTG 99.6% CONDNS DB:Des Heat Mass Flow [kg/s],THERMAL ZONE 4::Des Cool Mass Flow [kg/s],THERMAL ZONE 5:SAN FRANCISCO INTL AP ANN HTG 99.6% CONDNS DB:Des Heat Load [W],THERMAL ZONE 5::Des Sens Cool Load [W],THERMAL ZONE 5:SAN FRANCISCO INTL AP ANN HTG 99.6% CONDNS DB:Des Heat Mass Flow [kg/s],THERMAL ZONE 5::Des Cool Mass Flow [kg/s],THERMAL ZONE 14:SAN FRANCISCO INTL AP ANN HTG 99.6% CONDNS DB:Des Heat Load [W],THERMAL ZONE 14:SAN FRANCISCO INTL AP ANN CLG .4% CONDNS DB=>MWB:Des Sens Cool Load [W],THERMAL ZONE 14:SAN FRANCISCO INTL AP ANN HTG 99.6% CONDNS DB:Des Heat Mass Flow [kg/s],THERMAL ZONE 14:SAN FRANCISCO INTL AP ANN CLG .4% CONDNS DB=>MWB:Des Cool Mass Flow [kg/s],THERMAL ZONE 7:SAN FRANCISCO INTL AP ANN HTG 99.6% CONDNS DB:Des Heat Load [W],THERMAL ZONE 7:SAN FRANCISCO INTL AP ANN CLG .4% CONDNS DB=>MWB:Des Sens Cool Load [W],THERMAL ZONE 7:SAN FRANCISCO INTL AP ANN HTG 99.6% CONDNS DB:Des Heat Mass Flow [kg/s],THERMAL ZONE 7:SAN FRANCISCO INTL AP ANN CLG .4% CONDNS DB=>MWB:Des Cool Mass Flow [kg/s],THERMAL ZONE 8:SAN FRANCISCO INTL AP ANN HTG 99.6% CONDNS DB:Des Heat Load [W],THERMAL ZONE 8:SAN FRANCISCO INTL AP ANN CLG .4% CONDNS DB=>MWB:Des Sens Cool Load [W],THERMAL ZONE 8:SAN FRANCISCO INTL AP ANN HTG 99.6% CONDNS DB:Des Heat Mass Flow [kg/s],THERMAL ZONE 8:SAN FRANCISCO INTL AP ANN CLG .4% CONDNS DB=>MWB:Des Cool Mass Flow [kg/s],THERMAL ZONE 10:SAN FRANCISCO INTL AP ANN HTG 99.6% CONDNS DB:Des Heat Load [W],THERMAL ZONE 10:SAN FRANCISCO INTL AP ANN CLG .4% CONDNS DB=>MWB:Des Sens Cool Load [W],THERMAL ZONE 10:SAN FRANCISCO INTL AP ANN HTG 99.6% CONDNS DB:Des Heat Mass Flow [kg/s],THERMAL ZONE 10:SAN FRANCISCO INTL AP ANN CLG .4% CONDNS DB=>MWB:Des Cool Mass Flow [kg/s],THERMAL ZONE 12:SAN FRANCISCO INTL AP ANN HTG 99.6% CONDNS DB:Des Heat Load [W],THERMAL ZONE 12:SAN FRANCISCO INTL AP ANN CLG .4% CONDNS DB=>MWB:Des Sens Cool Load [W],THERMAL ZONE 12:SAN FRANCISCO INTL AP ANN HTG 99.6% CONDNS DB:Des Heat Mass Flow [kg/s],THERMAL ZONE 12:SAN FRANCISCO INTL AP ANN CLG .4% CONDNS DB=>MWB:Des Cool Mass Flow [kg/s],THERMAL ZONE 11:SAN FRANCISCO INTL AP ANN HTG 99.6% CONDNS DB:Des Heat Load [W],THERMAL ZONE 11:SAN FRANCISCO INTL AP ANN CLG .4% CONDNS DB=>MWB:Des Sens Cool Load [W],THERMAL ZONE 11:SAN FRANCISCO INTL AP ANN HTG 99.6% CONDNS DB:Des Heat Mass Flow [kg/s],THERMAL ZONE 11:SAN FRANCISCO INTL AP ANN CLG .4% CONDNS DB=>MWB:Des Cool Mass Flow [kg/s],THERMAL ZONE 2:SAN FRANCISCO INTL AP ANN HTG 99.6% CONDNS DB:Des Heat Load [W],THERMAL ZONE 2:SAN FRANCISCO INTL AP ANN CLG .4% CONDNS DB=>MWB:Des Sens Cool Load [W],THERMAL ZONE 2:SAN FRANCISCO INTL AP ANN HTG 99.6% CONDNS DB:Des Heat Mass Flow [kg/s],THERMAL ZONE 2:SAN FRANCISCO INTL AP ANN CLG .4% CONDNS DB=>MWB:Des Cool Mass Flow [kg/s],THERMAL ZONE 1:SAN FRANCISCO INTL AP ANN HTG 99.6% CONDNS DB:Des Heat Load [W],THERMAL ZONE 1:SAN FRANCISCO INTL AP ANN CLG .4% CONDNS DB=>MWB:Des Sens Cool Load [W],THERMAL ZONE 1:SAN FRANCISCO INTL AP ANN HTG 99.6% CONDNS DB:Des Heat Mass Flow [kg/s],THERMAL ZONE 1:SAN FRANCISCO INTL AP ANN CLG .4% CONDNS DB=>MWB:Des Cool Mass Flow [kg/s],THERMAL ZONE 3:SAN FRANCISCO INTL AP ANN HTG 99.6% CONDNS DB:Des Heat Load [W],THERMAL ZONE 3:SAN FRANCISCO INTL AP ANN CLG .4% CONDNS DB=>MWB:Des Sens Cool Load [W],THERMAL ZONE 3:SAN FRANCISCO INTL AP ANN HTG 99.6% CONDNS DB:Des Heat Mass Flow [kg/s],THERMAL ZONE 3:SAN FRANCISCO INTL AP ANN CLG .4% CONDNS DB=>MWB:Des Cool Mass Flow [kg/s],THERMAL ZONE 6:SAN FRANCISCO INTL AP ANN HTG 99.6% CONDNS DB:Des Heat Load [W],THERMAL ZONE 6:SAN FRANCISCO INTL AP ANN CLG .4% CONDNS DB=>MWB:Des Sens Cool Load [W],THERMAL ZONE 6:SAN FRANCISCO INTL AP ANN HTG 99.6% CONDNS DB:Des Heat Mass Flow [kg/s],THERMAL ZONE 6:SAN FRANCISCO INTL AP ANN CLG .4% CONDNS DB=>MWB:Des Cool Mass Flow [kg/s],THERMAL ZONE 9:SAN FRANCISCO INTL AP ANN HTG 99.6% CONDNS DB:Des Heat Load [W],THERMAL ZONE 9:SAN FRANCISCO INTL AP ANN CLG .4% CONDNS DB=>MWB:Des Sens Cool Load [W],THERMAL ZONE 9:SAN FRANCISCO INTL AP ANN HTG 99.6% CONDNS DB:Des Heat Mass Flow [kg/s],THERMAL ZONE 9:SAN FRANCISCO INTL AP ANN CLG .4% CONDNS DB=>MWB:Des Cool Mass Flow [kg/s] 
00:15:00,1.575839E+03,0.000000E+00,9.658607E-02,0.000000E+00,1.100974E+03,1.672635E+02,6.748075E-02,1.170577E-02,6.004879E+02,0.000000E+00,3.680501E-02,0.000000E+00,1.413593E+03,0.000000E+00,8.664173E-02,0.000000E+00,1.273164E+03,1.021709E+02,7.803457E-02,7.150334E-03,1.413593E+03,0.000000E+00,8.664173E-02,0.000000E+00,1.100968E+03,0.000000E+00,6.748034E-02,0.000000E+00,1.029316E+03,1.474481E+02,6.308868E-02,1.031901E-02,1.272387E+03,0.000000E+00,7.798693E-02,0.000000E+00,1.100974E+03,0.000000E+00,6.748075E-02,0.000000E+00,1.273164E+03,6.540036E+00,7.803457E-02,4.576980E-04,1.412282E+03,0.000000E+00,8.656138E-02,0.000000E+00,1.412282E+03,0.000000E+00,8.656138E-02,0.000000E+00,1.272387E+03,2.773166E+02,7.798693E-02,1.940773E-02,1.100968E+03,3.875960E+00,6.748034E-02,2.712553E-04 
00:30:00,1.575839E+03,0.000000E+00,9.658607E-02,0.000000E+00,1.100974E+03,1.346960E+02,6.748075E-02,9.426571E-03,6.004879E+02,0.000000E+00,3.680501E-02,0.000000E+00,1.413593E+03,0.000000E+00,8.664173E-02,0.000000E+00,1.273164E+03,8.108462E+01,7.803457E-02,5.674628E-03,1.413593E+03,0.000000E+00,8.664173E-02,0.000000E+00,1.100968E+03,0.000000E+00,6.748034E-02,0.000000E+00,1.029316E+03,1.373352E+02,6.308868E-02,9.611269E-03,1.272387E+03,0.000000E+00,7.798693E-02,0.000000E+00,1.100974E+03,0.000000E+00,6.748075E-02,0.000000E+00,1.273164E+03,1.262062E+00,7.803457E-02,8.832421E-05,1.412282E+03,0.000000E+00,8.656138E-02,0.000000E+00,1.412282E+03,0.000000E+00,8.656138E-02,0.000000E+00,1.272387E+03,2.458256E+02,7.798693E-02,1.720386E-02,1.100968E+03,0.000000E+00,6.748034E-02,0.000000E+00 
00:45:00,1.575839E+03,0.000000E+00,9.658607E-02,0.000000E+00,1.100974E+03,1.038400E+02,6.748075E-02,7.267139E-03,6.004879E+02,0.000000E+00,3.680501E-02,0.000000E+00,1.413593E+03,0.000000E+00,8.664173E-02,0.000000E+00,1.273164E+03,6.089361E+01,7.803457E-02,4.261580E-03,1.413593E+03,0.000000E+00,8.664173E-02,0.000000E+00,1.100968E+03,0.000000E+00,6.748034E-02,0.000000E+00,1.029316E+03,1.271721E+02,6.308868E-02,8.900014E-03,1.272387E+03,0.000000E+00,7.798693E-02,0.000000E+00,1.100974E+03,0.000000E+00,6.748075E-02,0.000000E+00,1.273164E+03,0.000000E+00,7.803457E-02,0.000000E+00,1.412282E+03,0.000000E+00,8.656138E-02,0.000000E+00,1.412282E+03,0.000000E+00,8.656138E-02,0.000000E+00,1.272387E+03,2.157467E+02,7.798693E-02,1.509882E-02,1.100968E+03,0.000000E+00,6.748034E-02,0.000000E+00 
01:00:00,1.575839E+03,0.000000E+00,9.658607E-02,0.000000E+00,1.100974E+03,7.469635E+01,6.748075E-02,5.227551E-03,6.004879E+02,0.000000E+00,3.680501E-02,0.000000E+00,1.413593E+03,0.000000E+00,8.664173E-02,0.000000E+00,1.273164E+03,4.158827E+01,7.803457E-02,2.910514E-03,1.413593E+03,0.000000E+00,8.664173E-02,0.000000E+00,1.100968E+03,0.000000E+00,6.748034E-02,0.000000E+00,1.029316E+03,1.169783E+02,6.308868E-02,8.186611E-03,1.272387E+03,0.000000E+00,7.798693E-02,0.000000E+00,1.100974E+03,0.000000E+00,6.748075E-02,0.000000E+00,1.273164E+03,0.000000E+00,7.803457E-02,0.000000E+00,1.412282E+03,0.000000E+00,8.656138E-02,0.000000E+00,1.412282E+03,0.000000E+00,8.656138E-02,0.000000E+00,1.272387E+03,1.870256E+02,7.798693E-02,1.308881E-02,1.100968E+03,0.000000E+00,6.748034E-02,0.000000E+00 
01:15:00,1.575839E+03,0.000000E+00,9.658607E-02,0.000000E+00,1.100974E+03,4.740936E+01,6.748075E-02,3.317898E-03,6.004879E+02,0.000000E+00,3.680501E-02,0.000000E+00,1.413593E+03,0.000000E+00,8.664173E-02,0.000000E+00,1.273164E+03,2.400668E+01,7.803457E-02,1.680084E-03,1.413593E+03,0.000000E+00,8.664173E-02,0.000000E+00,1.100968E+03,0.000000E+00,6.748034E-02,0.000000E+00,1.029316E+03,1.068362E+02,6.308868E-02,7.476825E-03,1.272387E+03,0.000000E+00,7.798693E-02,0.000000E+00,1.100974E+03,0.000000E+00,6.748075E-02,0.000000E+00,1.273164E+03,0.000000E+00,7.803457E-02,0.000000E+00,1.412282E+03,0.000000E+00,8.656138E-02,0.000000E+00,1.412282E+03,0.000000E+00,8.656138E-02,0.000000E+00,1.272387E+03,1.597095E+02,7.798693E-02,1.117712E-02,1.100968E+03,0.000000E+00,6.748034E-02,0.000000E+00 
01:30:00,1.575839E+03,0.000000E+00,9.658607E-02,0.000000E+00,1.100974E+03,2.539877E+01,6.748075E-02,1.777508E-03,6.004879E+02,0.000000E+00,3.680501E-02,0.000000E+00,1.413593E+03,0.000000E+00,8.664173E-02,0.000000E+00,1.273164E+03,1.134795E+01,7.803457E-02,7.941749E-04,1.413593E+03,0.000000E+00,8.664173E-02,0.000000E+00,1.100968E+03,0.000000E+00,6.748034E-02,0.000000E+00,1.029316E+03,9.670800E+01,6.308868E-02,6.768015E-03,1.272387E+03,0.000000E+00,7.798693E-02,0.000000E+00,1.100974E+03,0.000000E+00,6.748075E-02,0.000000E+00,1.273164E+03,0.000000E+00,7.803457E-02,0.000000E+00,1.412282E+03,0.000000E+00,8.656138E-02,0.000000E+00,1.412282E+03,0.000000E+00,8.656138E-02,0.000000E+00,1.272387E+03,1.337520E+02,7.798693E-02,9.360502E-03,1.100968E+03,0.000000E+00,6.748034E-02,0.000000E+00 
01:45:00,1.575839E+03,0.000000E+00,9.658607E-02,0.000000E+00,1.100974E+03,1.047020E+01,6.748075E-02,7.327469E-04,6.004879E+02,0.000000E+00,3.680501E-02,0.000000E+00,1.413593E+03,0.000000E+00,8.664173E-02,0.000000E+00,1.273164E+03,3.411835E+00,7.803457E-02,2.387740E-04,1.413593E+03,0.000000E+00,8.664173E-02,0.000000E+00,1.100968E+03,0.000000E+00,6.748034E-02,0.000000E+00,1.029316E+03,8.662628E+01,6.308868E-02,6.062455E-03,1.272387E+03,0.000000E+00,7.798693E-02,0.000000E+00,1.100974E+03,0.000000E+00,6.748075E-02,0.000000E+00,1.273164E+03,0.000000E+00,7.803457E-02,0.000000E+00,1.412282E+03,0.000000E+00,8.656138E-02,0.000000E+00,1.412282E+03,0.000000E+00,8.656138E-02,0.000000E+00,1.272387E+03,1.091236E+02,7.798693E-02,7.636912E-03,1.100968E+03,0.000000E+00,6.748034E-02,0.000000E+00 
02:00:00,1.575839E+03,0.000000E+00,9.658607E-02,0.000000E+00,1.100974E+03,2.209183E+00,6.748075E-02,1.546075E-04,6.004879E+02,0.000000E+00,3.680501E-02,0.000000E+00,1.413593E+03,0.000000E+00,8.664173E-02,0.000000E+00,1.273164E+03,0.000000E+00,7.803457E-02,0.000000E+00,1.413593E+03,0.000000E+00,8.664173E-02,0.000000E+00,1.100968E+03,0.000000E+00,6.748034E-02,0.000000E+00,1.029316E+03,7.663104E+01,6.308868E-02,5.362948E-03,1.272387E+03,0.000000E+00,7.798693E-02,0.000000E+00,1.100974E+03,0.000000E+00,6.748075E-02,0.000000E+00,1.273164E+03,0.000000E+00,7.803457E-02,0.000000E+00,1.412282E+03,0.000000E+00,8.656138E-02,0.000000E+00,1.412282E+03,0.000000E+00,8.656138E-02,0.000000E+00,1.272387E+03,8.580134E+01,7.798693E-02,6.004723E-03,1.100968E+03,0.000000E+00,6.748034E-02,0.000000E+00 
02:15:00,1.575839E+03,0.000000E+00,9.658607E-02,0.000000E+00,1.100974E+03,0.000000E+00,6.748075E-02,0.000000E+00,6.004879E+02,0.000000E+00,3.680501E-02,0.000000E+00,1.413593E+03,0.000000E+00,8.664173E-02,0.000000E+00,1.273164E+03,0.000000E+00,7.803457E-02,0.000000E+00,1.413593E+03,0.000000E+00,8.664173E-02,0.000000E+00,1.100968E+03,0.000000E+00,6.748034E-02,0.000000E+00,1.029316E+03,6.677066E+01,6.308868E-02,4.672879E-03,1.272387E+03,0.000000E+00,7.798693E-02,0.000000E+00,1.100974E+03,0.000000E+00,6.748075E-02,0.000000E+00,1.273164E+03,0.000000E+00,7.803457E-02,0.000000E+00,1.412282E+03,0.000000E+00,8.656138E-02,0.000000E+00,1.412282E+03,0.000000E+00,8.656138E-02,0.000000E+00,1.272387E+03,6.368561E+01,7.798693E-02,4.456976E-03,1.100968E+03,0.000000E+00,6.748034E-02,0.000000E+00 
02:30:00,1.575839E+03,0.000000E+00,9.658607E-02,0.000000E+00,1.100974E+03,0.000000E+00,6.748075E-02,0.000000E+00,6.004879E+02,0.000000E+00,3.680501E-02,0.000000E+00,1.413593E+03,0.000000E+00,8.664173E-02,0.000000E+00,1.273164E+03,0.000000E+00,7.803457E-02,0.000000E+00,1.413593E+03,0.000000E+00,8.664173E-02,0.000000E+00,1.100968E+03,0.000000E+00,6.748034E-02,0.000000E+00,1.029316E+03,5.710619E+01,6.308868E-02,3.996521E-03,1.272387E+03,0.000000E+00,7.798693E-02,0.000000E+00,1.100974E+03,0.000000E+00,6.748075E-02,0.000000E+00,1.273164E+03,0.000000E+00,7.803457E-02,0.000000E+00,1.412282E+03,0.000000E+00,8.656138E-02,0.000000E+00,1.412282E+03,0.000000E+00,8.656138E-02,0.000000E+00,1.272387E+03,4.276087E+01,7.798693E-02,2.992577E-03,1.100968E+03,0.000000E+00,6.748034E-02,0.000000E+00 
02:45:00,1.575839E+03,0.000000E+00,9.658607E-02,0.000000E+00,1.100974E+03,0.000000E+00,6.748075E-02,0.000000E+00,6.004879E+02,0.000000E+00,3.680501E-02,0.000000E+00,1.413593E+03,0.000000E+00,8.664173E-02,0.000000E+00,1.273164E+03,0.000000E+00,7.803457E-02,0.000000E+00,1.413593E+03,0.000000E+00,8.664173E-02,0.000000E+00,1.100968E+03,0.000000E+00,6.748034E-02,0.000000E+00,1.029316E+03,4.773246E+01,6.308868E-02,3.340509E-03,1.272387E+03,0.000000E+00,7.798693E-02,0.000000E+00,1.100974E+03,0.000000E+00,6.748075E-02,0.000000E+00,1.273164E+03,0.000000E+00,7.803457E-02,0.000000E+00,1.412282E+03,0.000000E+00,8.656138E-02,0.000000E+00,1.412282E+03,0.000000E+00,8.656138E-02,0.000000E+00,1.272387E+03,2.429271E+01,7.798693E-02,1.700101E-03,1.100968E+03,0.000000E+00,6.748034E-02,0.000000E+00 
03:00:00,1.575839E+03,0.000000E+00,9.658607E-02,0.000000E+00,1.100974E+03,0.000000E+00,6.748075E-02,0.000000E+00,6.004879E+02,0.000000E+00,3.680501E-02,0.000000E+00,1.413593E+03,0.000000E+00,8.664173E-02,0.000000E+00,1.273164E+03,0.000000E+00,7.803457E-02,0.000000E+00,1.413593E+03,0.000000E+00,8.664173E-02,0.000000E+00,1.100968E+03,0.000000E+00,6.748034E-02,0.000000E+00,1.029316E+03,3.870549E+01,6.308868E-02,2.708766E-03,1.272387E+03,0.000000E+00,7.798693E-02,0.000000E+00,1.100974E+03,0.000000E+00,6.748075E-02,0.000000E+00,1.273164E+03,0.000000E+00,7.803457E-02,0.000000E+00,1.412282E+03,0.000000E+00,8.656138E-02,0.000000E+00,1.412282E+03,0.000000E+00,8.656138E-02,0.000000E+00,1.272387E+03,1.123318E+01,7.798693E-02,7.861432E-04,1.100968E+03,0.000000E+00,6.748034E-02,0.000000E+00 
03:15:00,1.575839E+03,0.000000E+00,9.658607E-02,0.000000E+00,1.100974E+03,0.000000E+00,6.748075E-02,0.000000E+00,6.004879E+02,0.000000E+00,3.680501E-02,0.000000E+00,1.413593E+03,0.000000E+00,8.664173E-02,0.000000E+00,1.273164E+03,0.000000E+00,7.803457E-02,0.000000E+00,1.413593E+03,0.000000E+00,8.664173E-02,0.000000E+00,1.100968E+03,0.000000E+00,6.748034E-02,0.000000E+00,1.029316E+03,2.997049E+01,6.308868E-02,2.097455E-03,1.272387E+03,0.000000E+00,7.798693E-02,0.000000E+00,1.100974E+03,0.000000E+00,6.748075E-02,0.000000E+00,1.273164E+03,0.000000E+00,7.803457E-02,0.000000E+00,1.412282E+03,0.000000E+00,8.656138E-02,0.000000E+00,1.412282E+03,0.000000E+00,8.656138E-02,0.000000E+00,1.272387E+03,3.228248E+00,7.798693E-02,2.259258E-04,1.100968E+03,0.000000E+00,6.748034E-02,0.000000E+00 
03:30:00,1.575839E+03,0.000000E+00,9.658607E-02,0.000000E+00,1.100974E+03,0.000000E+00,6.748075E-02,0.000000E+00,6.004879E+02,0.000000E+00,3.680501E-02,0.000000E+00,1.413593E+03,0.000000E+00,8.664173E-02,0.000000E+00,1.273164E+03,0.000000E+00,7.803457E-02,0.000000E+00,1.413593E+03,0.000000E+00,8.664173E-02,0.000000E+00,1.100968E+03,0.000000E+00,6.748034E-02,0.000000E+00,1.029316E+03,2.164801E+01,6.308868E-02,1.515015E-03,1.272387E+03,0.000000E+00,7.798693E-02,0.000000E+00,1.100974E+03,0.000000E+00,6.748075E-02,0.000000E+00,1.273164E+03,0.000000E+00,7.803457E-02,0.000000E+00,1.412282E+03,0.000000E+00,8.656138E-02,0.000000E+00,1.412282E+03,0.000000E+00,8.656138E-02,0.000000E+00,1.272387E+03,0.000000E+00,7.798693E-02,0.000000E+00,1.100968E+03,0.000000E+00,6.748034E-02,0.000000E+00 
03:45:00,1.575839E+03,0.000000E+00,9.658607E-02,0.000000E+00,1.100974E+03,0.000000E+00,6.748075E-02,0.000000E+00,6.004879E+02,0.000000E+00,3.680501E-02,0.000000E+00,1.413593E+03,0.000000E+00,8.664173E-02,0.000000E+00,1.273164E+03,0.000000E+00,7.803457E-02,0.000000E+00,1.413593E+03,0.000000E+00,8.664173E-02,0.000000E+00,1.100968E+03,0.000000E+00,6.748034E-02,0.000000E+00,1.029316E+03,1.352625E+01,6.308868E-02,9.466212E-04,1.272387E+03,0.000000E+00,7.798693E-02,0.000000E+00,1.100974E+03,0.000000E+00,6.748075E-02,0.000000E+00,1.273164E+03,0.000000E+00,7.803457E-02,0.000000E+00,1.412282E+03,0.000000E+00,8.656138E-02,0.000000E+00,1.412282E+03,0.000000E+00,8.656138E-02,0.000000E+00,1.272387E+03,0.000000E+00,7.798693E-02,0.000000E+00,1.100968E+03,0.000000E+00,6.748034E-02,0.000000E+00 
04:00:00,1.575839E+03,0.000000E+00,9.658607E-02,0.000000E+00,1.100974E+03,0.000000E+00,6.748075E-02,0.000000E+00,6.004879E+02,0.000000E+00,3.680501E-02,0.000000E+00,1.413593E+03,0.000000E+00,8.664173E-02,0.000000E+00,1.273164E+03,0.000000E+00,7.803457E-02,0.000000E+00,1.413593E+03,0.000000E+00,8.664173E-02,0.000000E+00,1.100968E+03,0.000000E+00,6.748034E-02,0.000000E+00,1.029316E+03,7.109929E+00,6.308868E-02,4.975815E-04,1.272387E+03,0.000000E+00,7.798693E-02,0.000000E+00,1.100974E+03,0.000000E+00,6.748075E-02,0.000000E+00,1.273164E+03,0.000000E+00,7.803457E-02,0.000000E+00,1.412282E+03,0.000000E+00,8.656138E-02,0.000000E+00,1.412282E+03,0.000000E+00,8.656138E-02,0.000000E+00,1.272387E+03,0.000000E+00,7.798693E-02,0.000000E+00,1.100968E+03,0.000000E+00,6.748034E-02,0.000000E+00 
04:15:00,1.575839E+03,0.000000E+00,9.658607E-02,0.000000E+00,1.100974E+03,0.000000E+00,6.748075E-02,0.000000E+00,6.004879E+02,0.000000E+00,3.680501E-02,0.000000E+00,1.413593E+03,0.000000E+00,8.664173E-02,0.000000E+00,1.273164E+03,0.000000E+00,7.803457E-02,0.000000E+00,1.413593E+03,0.000000E+00,8.664173E-02,0.000000E+00,1.100968E+03,0.000000E+00,6.748034E-02,0.000000E+00,1.029316E+03,2.800103E+00,6.308868E-02,1.959625E-04,1.272387E+03,0.000000E+00,7.798693E-02,0.000000E+00,1.100974E+03,0.000000E+00,6.748075E-02,0.000000E+00,1.273164E+03,0.000000E+00,7.803457E-02,0.000000E+00,1.412282E+03,0.000000E+00,8.656138E-02,0.000000E+00,1.412282E+03,0.000000E+00,8.656138E-02,0.000000E+00,1.272387E+03,0.000000E+00,7.798693E-02,0.000000E+00,1.100968E+03,0.000000E+00,6.748034E-02,0.000000E+00 
04:30:00,1.575839E+03,0.000000E+00,9.658607E-02,0.000000E+00,1.100974E+03,0.000000E+00,6.748075E-02,0.000000E+00,6.004879E+02,0.000000E+00,3.680501E-02,0.000000E+00,1.413593E+03,0.000000E+00,8.664173E-02,0.000000E+00,1.273164E+03,0.000000E+00,7.803457E-02,0.000000E+00,1.413593E+03,0.000000E+00,8.664173E-02,0.000000E+00,1.100968E+03,0.000000E+00,6.748034E-02,0.000000E+00,1.029316E+03,4.000631E-01,6.308868E-02,2.799803E-05,1.272387E+03,0.000000E+00,7.798693E-02,0.000000E+00,1.100974E+03,0.000000E+00,6.748075E-02,0.000000E+00,1.273164E+03,0.000000E+00,7.803457E-02,0.000000E+00,1.412282E+03,0.000000E+00,8.656138E-02,0.000000E+00,1.412282E+03,0.000000E+00,8.656138E-02,0.000000E+00,1.272387E+03,0.000000E+00,7.798693E-02,0.000000E+00,1.100968E+03,0.000000E+00,6.748034E-02,0.000000E+00 
04:45:00,1.575839E+03,0.000000E+00,9.658607E-02,0.000000E+00,1.100974E+03,0.000000E+00,6.748075E-02,0.000000E+00,6.004879E+02,0.000000E+00,3.680501E-02,0.000000E+00,1.413593E+03,0.000000E+00,8.664173E-02,0.000000E+00,1.273164E+03,0.000000E+00,7.803457E-02,0.000000E+00,1.413593E+03,0.000000E+00,8.664173E-02,0.000000E+00,1.100968E+03,0.000000E+00,6.748034E-02,0.000000E+00,1.029316E+03,0.000000E+00,6.308868E-02,0.000000E+00,1.272387E+03,0.000000E+00,7.798693E-02,0.000000E+00,1.100974E+03,0.000000E+00,6.748075E-02,0.000000E+00,1.273164E+03,0.000000E+00,7.803457E-02,0.000000E+00,1.412282E+03,0.000000E+00,8.656138E-02,0.000000E+00,1.412282E+03,0.000000E+00,8.656138E-02,0.000000E+00,1.272387E+03,0.000000E+00,7.798693E-02,0.000000E+00,1.100968E+03,0.000000E+00,6.748034E-02,0.000000E+00 
05:00:00,1.575839E+03,0.000000E+00,9.658607E-02,0.000000E+00,1.100974E+03,0.000000E+00,6.748075E-02,0.000000E+00,6.004879E+02,0.000000E+00,3.680501E-02,0.000000E+00,1.413593E+03,0.000000E+00,8.664173E-02,0.000000E+00,1.273164E+03,0.000000E+00,7.803457E-02,0.000000E+00,1.413593E+03,0.000000E+00,8.664173E-02,0.000000E+00,1.100968E+03,0.000000E+00,6.748034E-02,0.000000E+00,1.029316E+03,0.000000E+00,6.308868E-02,0.000000E+00,1.272387E+03,0.000000E+00,7.798693E-02,0.000000E+00,1.100974E+03,0.000000E+00,6.748075E-02,0.000000E+00,1.273164E+03,0.000000E+00,7.803457E-02,0.000000E+00,1.412282E+03,0.000000E+00,8.656138E-02,0.000000E+00,1.412282E+03,0.000000E+00,8.656138E-02,0.000000E+00,1.272387E+03,0.000000E+00,7.798693E-02,0.000000E+00,1.100968E+03,0.000000E+00,6.748034E-02,0.000000E+00 
05:15:00,1.575839E+03,0.000000E+00,9.658607E-02,0.000000E+00,1.100974E+03,0.000000E+00,6.748075E-02,0.000000E+00,6.004879E+02,0.000000E+00,3.680501E-02,0.000000E+00,1.413593E+03,0.000000E+00,8.664173E-02,0.000000E+00,1.273164E+03,0.000000E+00,7.803457E-02,0.000000E+00,1.413593E+03,0.000000E+00,8.664173E-02,0.000000E+00,1.100968E+03,0.000000E+00,6.748034E-02,0.000000E+00,1.029316E+03,0.000000E+00,6.308868E-02,0.000000E+00,1.272387E+03,0.000000E+00,7.798693E-02,0.000000E+00,1.100974E+03,0.000000E+00,6.748075E-02,0.000000E+00,1.273164E+03,0.000000E+00,7.803457E-02,0.000000E+00,1.412282E+03,0.000000E+00,8.656138E-02,0.000000E+00,1.412282E+03,0.000000E+00,8.656138E-02,0.000000E+00,1.272387E+03,0.000000E+00,7.798693E-02,0.000000E+00,1.100968E+03,0.000000E+00,6.748034E-02,0.000000E+00 
05:30:00,1.575839E+03,0.000000E+00,9.658607E-02,0.000000E+00,1.100974E+03,0.000000E+00,6.748075E-02,0.000000E+00,6.004879E+02,0.000000E+00,3.680501E-02,0.000000E+00,1.413593E+03,0.000000E+00,8.664173E-02,0.000000E+00,1.273164E+03,0.000000E+00,7.803457E-02,0.000000E+00,1.413593E+03,0.000000E+00,8.664173E-02,0.000000E+00,1.100968E+03,0.000000E+00,6.748034E-02,0.000000E+00,1.029316E+03,0.000000E+00,6.308868E-02,0.000000E+00,1.272387E+03,0.000000E+00,7.798693E-02,0.000000E+00,1.100974E+03,0.000000E+00,6.748075E-02,0.000000E+00,1.273164E+03,0.000000E+00,7.803457E-02,0.000000E+00,1.412282E+03,0.000000E+00,8.656138E-02,0.000000E+00,1.412282E+03,0.000000E+00,8.656138E-02,0.000000E+00,1.272387E+03,0.000000E+00,7.798693E-02,0.000000E+00,1.100968E+03,0.000000E+00,6.748034E-02,0.000000E+00 
05:45:00,1.575839E+03,0.000000E+00,9.658607E-02,0.000000E+00,1.100974E+03,0.000000E+00,6.748075E-02,0.000000E+00,6.004879E+02,0.000000E+00,3.680501E-02,0.000000E+00,1.413593E+03,0.000000E+00,8.664173E-02,0.000000E+00,1.273164E+03,0.000000E+00,7.803457E-02,0.000000E+00,1.413593E+03,0.000000E+00,8.664173E-02,0.000000E+00,1.100968E+03,0.000000E+00,6.748034E-02,0.000000E+00,1.029316E+03,0.000000E+00,6.308868E-02,0.000000E+00,1.272387E+03,0.000000E+00,7.798693E-02,0.000000E+00,1.100974E+03,0.000000E+00,6.748075E-02,0.000000E+00,1.273164E+03,0.000000E+00,7.803457E-02,0.000000E+00,1.412282E+03,0.000000E+00,8.656138E-02,0.000000E+00,1.412282E+03,0.000000E+00,8.656138E-02,0.000000E+00,1.272387E+03,0.000000E+00,7.798693E-02,0.000000E+00,1.100968E+03,0.000000E+00,6.748034E-02,0.000000E+00 
06:00:00,1.575839E+03,0.000000E+00,9.658607E-02,0.000000E+00,1.100974E+03,0.000000E+00,6.748075E-02,0.000000E+00,6.004879E+02,0.000000E+00,3.680501E-02,0.000000E+00,1.413593E+03,0.000000E+00,8.664173E-02,0.000000E+00,1.273164E+03,0.000000E+00,7.803457E-02,0.000000E+00,1.413593E+03,0.000000E+00,8.664173E-02,0.000000E+00,1.100968E+03,0.000000E+00,6.748034E-02,0.000000E+00,1.029316E+03,0.000000E+00,6.308868E-02,0.000000E+00,1.272387E+03,0.000000E+00,7.798693E-02,0.000000E+00,1.100974E+03,0.000000E+00,6.748075E-02,0.000000E+00,1.273164E+03,0.000000E+00,7.803457E-02,0.000000E+00,1.412282E+03,0.000000E+00,8.656138E-02,0.000000E+00,1.412282E+03,0.000000E+00,8.656138E-02,0.000000E+00,1.272387E+03,0.000000E+00,7.798693E-02,0.000000E+00,1.100968E+03,0.000000E+00,6.748034E-02,0.000000E+00 
06:15:00,1.575839E+03,0.000000E+00,9.658607E-02,0.000000E+00,1.100974E+03,0.000000E+00,6.748075E-02,0.000000E+00,6.004879E+02,0.000000E+00,3.680501E-02,0.000000E+00,1.413593E+03,0.000000E+00,8.664173E-02,0.000000E+00,1.273164E+03,0.000000E+00,7.803457E-02,0.000000E+00,1.413593E+03,0.000000E+00,8.664173E-02,0.000000E+00,1.100968E+03,0.000000E+00,6.748034E-02,0.000000E+00,1.029316E+03,0.000000E+00,6.308868E-02,0.000000E+00,1.272387E+03,0.000000E+00,7.798693E-02,0.000000E+00,1.100974E+03,0.000000E+00,6.748075E-02,0.000000E+00,1.273164E+03,0.000000E+00,7.803457E-02,0.000000E+00,1.412282E+03,0.000000E+00,8.656138E-02,0.000000E+00,1.412282E+03,0.000000E+00,8.656138E-02,0.000000E+00,1.272387E+03,0.000000E+00,7.798693E-02,0.000000E+00,1.100968E+03,0.000000E+00,6.748034E-02,0.000000E+00 
06:30:00,1.575839E+03,0.000000E+00,9.658607E-02,0.000000E+00,1.100974E+03,0.000000E+00,6.748075E-02,0.000000E+00,6.004879E+02,0.000000E+00,3.680501E-02,0.000000E+00,1.413593E+03,0.000000E+00,8.664173E-02,0.000000E+00,1.273164E+03,0.000000E+00,7.803457E-02,0.000000E+00,1.413593E+03,0.000000E+00,8.664173E-02,0.000000E+00,1.100968E+03,0.000000E+00,6.748034E-02,0.000000E+00,1.029316E+03,0.000000E+00,6.308868E-02,0.000000E+00,1.272387E+03,0.000000E+00,7.798693E-02,0.000000E+00,1.100974E+03,0.000000E+00,6.748075E-02,0.000000E+00,1.273164E+03,2.866072E+01,7.803457E-02,2.012326E-03,1.412282E+03,0.000000E+00,8.656138E-02,0.000000E+00,1.412282E+03,0.000000E+00,8.656138E-02,0.000000E+00,1.272387E+03,0.000000E+00,7.798693E-02,0.000000E+00,1.100968E+03,0.000000E+00,6.748034E-02,0.000000E+00 
06:45:00,1.575839E+03,0.000000E+00,9.658607E-02,0.000000E+00,1.100974E+03,0.000000E+00,6.748075E-02,0.000000E+00,6.004879E+02,0.000000E+00,3.680501E-02,0.000000E+00,1.413593E+03,0.000000E+00,8.664173E-02,0.000000E+00,1.273164E+03,0.000000E+00,7.803457E-02,0.000000E+00,1.413593E+03,0.000000E+00,8.664173E-02,0.000000E+00,1.100968E+03,0.000000E+00,6.748034E-02,0.000000E+00,1.029316E+03,0.000000E+00,6.308868E-02,0.000000E+00,1.272387E+03,0.000000E+00,7.798693E-02,0.000000E+00,1.100974E+03,0.000000E+00,6.748075E-02,0.000000E+00,1.273164E+03,9.848392E+01,7.803457E-02,6.900486E-03,1.412282E+03,0.000000E+00,8.656138E-02,0.000000E+00,1.412282E+03,0.000000E+00,8.656138E-02,0.000000E+00,1.272387E+03,0.000000E+00,7.798693E-02,0.000000E+00,1.100968E+03,0.000000E+00,6.748034E-02,0.000000E+00 
07:00:00,1.575839E+03,0.000000E+00,9.658607E-02,0.000000E+00,1.100974E+03,0.000000E+00,6.748075E-02,0.000000E+00,6.004879E+02,0.000000E+00,3.680501E-02,0.000000E+00,1.413593E+03,0.000000E+00,8.664173E-02,0.000000E+00,1.273164E+03,0.000000E+00,7.803457E-02,0.000000E+00,1.413593E+03,0.000000E+00,8.664173E-02,0.000000E+00,1.100968E+03,6.250662E+01,6.748034E-02,4.411338E-03,1.029316E+03,0.000000E+00,6.308868E-02,0.000000E+00,1.272387E+03,0.000000E+00,7.798693E-02,0.000000E+00,1.100974E+03,0.000000E+00,6.748075E-02,0.000000E+00,1.273164E+03,2.260726E+02,7.803457E-02,1.582967E-02,1.412282E+03,0.000000E+00,8.656138E-02,0.000000E+00,1.412282E+03,0.000000E+00,8.656138E-02,0.000000E+00,1.272387E+03,0.000000E+00,7.798693E-02,0.000000E+00,1.100968E+03,0.000000E+00,6.748034E-02,0.000000E+00 
07:15:00,1.575839E+03,0.000000E+00,9.658607E-02,0.000000E+00,1.100974E+03,0.000000E+00,6.748075E-02,0.000000E+00,6.004879E+02,0.000000E+00,3.680501E-02,0.000000E+00,1.413593E+03,0.000000E+00,8.664173E-02,0.000000E+00,1.273164E+03,0.000000E+00,7.803457E-02,0.000000E+00,1.413593E+03,0.000000E+00,8.664173E-02,0.000000E+00,1.100968E+03,1.724670E+02,6.748034E-02,1.210706E-02,1.029316E+03,0.000000E+00,6.308868E-02,0.000000E+00,1.272387E+03,0.000000E+00,7.798693E-02,0.000000E+00,1.100974E+03,0.000000E+00,6.748075E-02,0.000000E+00,1.273164E+03,4.037026E+02,7.803457E-02,2.826093E-02,1.412282E+03,0.000000E+00,8.656138E-02,0.000000E+00,1.412282E+03,0.000000E+00,8.656138E-02,0.000000E+00,1.272387E+03,0.000000E+00,7.798693E-02,0.000000E+00,1.100968E+03,0.000000E+00,6.748034E-02,0.000000E+00 
07:30:00,1.575839E+03,0.000000E+00,9.658607E-02,0.000000E+00,1.100974E+03,0.000000E+00,6.748075E-02,0.000000E+00,6.004879E+02,0.000000E+00,3.680501E-02,0.000000E+00,1.413593E+03,0.000000E+00,8.664173E-02,0.000000E+00,1.273164E+03,0.000000E+00,7.803457E-02,0.000000E+00,1.413593E+03,0.000000E+00,8.664173E-02,0.000000E+00,1.100968E+03,3.308503E+02,6.748034E-02,2.319137E-02,1.029316E+03,0.000000E+00,6.308868E-02,0.000000E+00,1.272387E+03,0.000000E+00,7.798693E-02,0.000000E+00,1.100974E+03,0.000000E+00,6.748075E-02,0.000000E+00,1.273164E+03,6.008171E+02,7.803457E-02,4.204926E-02,1.412282E+03,0.000000E+00,8.656138E-02,0.000000E+00,1.412282E+03,0.000000E+00,8.656138E-02,0.000000E+00,1.272387E+03,0.000000E+00,7.798693E-02,0.000000E+00,1.100968E+03,0.000000E+00,6.748034E-02,0.000000E+00 
07:45:00,1.575839E+03,0.000000E+00,9.658607E-02,0.000000E+00,1.100974E+03,0.000000E+00,6.748075E-02,0.000000E+00,6.004879E+02,0.000000E+00,3.680501E-02,0.000000E+00,1.413593E+03,0.000000E+00,8.664173E-02,0.000000E+00,1.273164E+03,0.000000E+00,7.803457E-02,0.000000E+00,1.413593E+03,0.000000E+00,8.664173E-02,0.000000E+00,1.100968E+03,5.342925E+02,6.748034E-02,3.742907E-02,1.029316E+03,0.000000E+00,6.308868E-02,0.000000E+00,1.272387E+03,0.000000E+00,7.798693E-02,0.000000E+00,1.100974E+03,0.000000E+00,6.748075E-02,0.000000E+00,1.273164E+03,8.009747E+02,7.803457E-02,5.605545E-02,1.412282E+03,0.000000E+00,8.656138E-02,0.000000E+00,1.412282E+03,0.000000E+00,8.656138E-02,0.000000E+00,1.272387E+03,0.000000E+00,7.798693E-02,0.000000E+00,1.100968E+03,0.000000E+00,6.748034E-02,0.000000E+00 
08:00:00,1.575839E+03,0.000000E+00,9.658607E-02,0.000000E+00,1.100974E+03,0.000000E+00,6.748075E-02,0.000000E+00,6.004879E+02,0.000000E+00,3.680501E-02,0.000000E+00,1.413593E+03,0.000000E+00,8.664173E-02,0.000000E+00,1.273164E+03,0.000000E+00,7.803457E-02,0.000000E+00,1.413593E+03,0.000000E+00,8.664173E-02,0.000000E+00,1.100968E+03,7.175780E+02,6.748034E-02,5.021925E-02,1.029316E+03,0.000000E+00,6.308868E-02,0.000000E+00,1.272387E+03,0.000000E+00,7.798693E-02,0.000000E+00,1.100974E+03,0.000000E+00,6.748075E-02,0.000000E+00,1.273164E+03,9.842047E+02,7.803457E-02,6.887860E-02,1.412282E+03,0.000000E+00,8.656138E-02,0.000000E+00,1.412282E+03,5.719810E+01,8.656138E-02,4.010581E-03,1.272387E+03,0.000000E+00,7.798693E-02,0.000000E+00,1.100968E+03,0.000000E+00,6.748034E-02,0.000000E+00 
08:15:00,1.575839E+03,0.000000E+00,9.658607E-02,0.000000E+00,1.100974E+03,0.000000E+00,6.748075E-02,0.000000E+00,6.004879E+02,0.000000E+00,3.680501E-02,0.000000E+00,1.413593E+03,0.000000E+00,8.664173E-02,0.000000E+00,1.273164E+03,0.000000E+00,7.803457E-02,0.000000E+00,1.413593E+03,0.000000E+00,8.664173E-02,0.000000E+00,1.100968E+03,8.930109E+02,6.748034E-02,6.249650E-02,1.029316E+03,0.000000E+00,6.308868E-02,0.000000E+00,1.272387E+03,0.000000E+00,7.798693E-02,0.000000E+00,1.100974E+03,0.000000E+00,6.748075E-02,0.000000E+00,1.273164E+03,1.154963E+03,7.803457E-02,8.082894E-02,1.412282E+03,0.000000E+00,8.656138E-02,0.000000E+00,1.412282E+03,1.699907E+02,8.656138E-02,1.190444E-02,1.272387E+03,0.000000E+00,7.798693E-02,0.000000E+00,1.100968E+03,0.000000E+00,6.748034E-02,0.000000E+00 
08:30:00,1.575839E+03,0.000000E+00,9.658607E-02,0.000000E+00,1.100974E+03,0.000000E+00,6.748075E-02,0.000000E+00,6.004879E+02,0.000000E+00,3.680501E-02,0.000000E+00,1.413593E+03,0.000000E+00,8.664173E-02,0.000000E+00,1.273164E+03,0.000000E+00,7.803457E-02,0.000000E+00,1.413593E+03,0.000000E+00,8.664173E-02,0.000000E+00,1.100968E+03,1.056355E+03,6.748034E-02,7.392799E-02,1.029316E+03,0.000000E+00,6.308868E-02,0.000000E+00,1.272387E+03,0.000000E+00,7.798693E-02,0.000000E+00,1.100974E+03,0.000000E+00,6.748075E-02,0.000000E+00,1.273164E+03,1.311514E+03,7.803457E-02,9.178503E-02,1.412282E+03,0.000000E+00,8.656138E-02,0.000000E+00,1.412282E+03,2.937694E+02,8.656138E-02,2.056668E-02,1.272387E+03,0.000000E+00,7.798693E-02,0.000000E+00,1.100968E+03,0.000000E+00,6.748034E-02,0.000000E+00 
08:45:00,1.575839E+03,0.000000E+00,9.658607E-02,0.000000E+00,1.100974E+03,0.000000E+00,6.748075E-02,0.000000E+00,6.004879E+02,0.000000E+00,3.680501E-02,0.000000E+00,1.413593E+03,0.000000E+00,8.664173E-02,0.000000E+00,1.273164E+03,2.900877E+00,7.803457E-02,2.056768E-04,1.413593E+03,0.000000E+00,8.664173E-02,0.000000E+00,1.100968E+03,1.207612E+03,6.748034E-02,8.451356E-02,1.029316E+03,0.000000E+00,6.308868E-02,0.000000E+00,1.272387E+03,0.000000E+00,7.798693E-02,0.000000E+00,1.100974E+03,0.000000E+00,6.748075E-02,0.000000E+00,1.273164E+03,1.454155E+03,7.803457E-02,1.017676E-01,1.412282E+03,0.000000E+00,8.656138E-02,0.000000E+00,1.412282E+03,4.501252E+02,8.656138E-02,3.150874E-02,1.272387E+03,0.000000E+00,7.798693E-02,0.000000E+00,1.100968E+03,0.000000E+00,6.748034E-02,0.000000E+00 
09:00:00,1.575839E+03,0.000000E+00,9.658607E-02,0.000000E+00,1.100974E+03,0.000000E+00,6.748075E-02,0.000000E+00,6.004879E+02,0.000000E+00,3.680501E-02,0.000000E+00,1.413593E+03,0.000000E+00,8.664173E-02,0.000000E+00,1.273164E+03,4.991259E+01,7.803457E-02,3.509398E-03,1.413593E+03,0.000000E+00,8.664173E-02,0.000000E+00,1.100968E+03,1.346035E+03,6.748034E-02,9.420093E-02,1.029316E+03,0.000000E+00,6.308868E-02,0.000000E+00,1.272387E+03,0.000000E+00,7.798693E-02,0.000000E+00,1.100974E+03,0.000000E+00,6.748075E-02,0.000000E+00,1.273164E+03,1.582587E+03,7.803457E-02,1.107558E-01,1.412282E+03,0.000000E+00,8.656138E-02,0.000000E+00,1.412282E+03,5.717314E+02,8.656138E-02,4.001131E-02,1.272387E+03,0.000000E+00,7.798693E-02,0.000000E+00,1.100968E+03,0.000000E+00,6.748034E-02,0.000000E+00 
09:15:00,1.575839E+03,0.000000E+00,9.658607E-02,0.000000E+00,1.100974E+03,0.000000E+00,6.748075E-02,0.000000E+00,6.004879E+02,0.000000E+00,3.680501E-02,0.000000E+00,1.413593E+03,0.000000E+00,8.664173E-02,0.000000E+00,1.273164E+03,1.232370E+02,7.803457E-02,8.641066E-03,1.413593E+03,0.000000E+00,8.664173E-02,0.000000E+00,1.100968E+03,1.467833E+03,6.748034E-02,1.027249E-01,1.029316E+03,0.000000E+00,6.308868E-02,0.000000E+00,1.272387E+03,0.000000E+00,7.798693E-02,0.000000E+00,1.100974E+03,0.000000E+00,6.748075E-02,0.000000E+00,1.273164E+03,1.693656E+03,7.803457E-02,1.185289E-01,1.412282E+03,0.000000E+00,8.656138E-02,0.000000E+00,1.412282E+03,6.520170E+02,8.656138E-02,4.562957E-02,1.272387E+03,0.000000E+00,7.798693E-02,0.000000E+00,1.100968E+03,1.483325E+01,6.748034E-02,1.042744E-03 
09:30:00,1.575839E+03,0.000000E+00,9.658607E-02,0.000000E+00,1.100974E+03,0.000000E+00,6.748075E-02,0.000000E+00,6.004879E+02,0.000000E+00,3.680501E-02,0.000000E+00,1.413593E+03,0.000000E+00,8.664173E-02,0.000000E+00,1.273164E+03,2.275989E+02,7.803457E-02,1.594474E-02,1.413593E+03,0.000000E+00,8.664173E-02,0.000000E+00,1.100968E+03,1.573139E+03,6.748034E-02,1.100946E-01,1.029316E+03,0.000000E+00,6.308868E-02,0.000000E+00,1.272387E+03,0.000000E+00,7.798693E-02,0.000000E+00,1.100974E+03,0.000000E+00,6.748075E-02,0.000000E+00,1.273164E+03,1.787553E+03,7.803457E-02,1.251002E-01,1.412282E+03,0.000000E+00,8.656138E-02,0.000000E+00,1.412282E+03,7.316027E+02,8.656138E-02,5.119936E-02,1.272387E+03,0.000000E+00,7.798693E-02,0.000000E+00,1.100968E+03,5.871728E+01,6.748034E-02,4.117550E-03 
09:45:00,1.575839E+03,0.000000E+00,9.658607E-02,0.000000E+00,1.100974E+03,0.000000E+00,6.748075E-02,0.000000E+00,6.004879E+02,0.000000E+00,3.680501E-02,0.000000E+00,1.413593E+03,0.000000E+00,8.664173E-02,0.000000E+00,1.273164E+03,3.600545E+02,7.803457E-02,2.521185E-02,1.413593E+03,0.000000E+00,8.664173E-02,0.000000E+00,1.100968E+03,1.662274E+03,6.748034E-02,1.163326E-01,1.029316E+03,0.000000E+00,6.308868E-02,0.000000E+00,1.272387E+03,0.000000E+00,7.798693E-02,0.000000E+00,1.100974E+03,0.000000E+00,6.748075E-02,0.000000E+00,1.273164E+03,1.864632E+03,7.803457E-02,1.304945E-01,1.412282E+03,0.000000E+00,8.656138E-02,0.000000E+00,1.412282E+03,7.850169E+02,8.656138E-02,5.493764E-02,1.272387E+03,0.000000E+00,7.798693E-02,0.000000E+00,1.100968E+03,1.359418E+02,6.748034E-02,9.522068E-03 
10:00:00,1.575839E+03,0.000000E+00,9.658607E-02,0.000000E+00,1.100974E+03,0.000000E+00,6.748075E-02,0.000000E+00,6.004879E+02,0.000000E+00,3.680501E-02,0.000000E+00,1.413593E+03,0.000000E+00,8.664173E-02,0.000000E+00,1.273164E+03,4.798208E+02,7.803457E-02,3.357992E-02,1.413593E+03,0.000000E+00,8.664173E-02,0.000000E+00,1.100968E+03,1.735010E+03,6.748034E-02,1.214230E-01,1.029316E+03,0.000000E+00,6.308868E-02,0.000000E+00,1.272387E+03,0.000000E+00,7.798693E-02,0.000000E+00,1.100974E+03,0.000000E+00,6.748075E-02,0.000000E+00,1.273164E+03,1.924869E+03,7.803457E-02,1.347101E-01,1.412282E+03,0.000000E+00,8.656138E-02,0.000000E+00,1.412282E+03,8.180392E+02,8.656138E-02,5.724881E-02,1.272387E+03,0.000000E+00,7.798693E-02,0.000000E+00,1.100968E+03,2.446316E+02,6.748034E-02,1.712862E-02 
10:15:00,1.575839E+03,0.000000E+00,9.658607E-02,0.000000E+00,1.100974E+03,0.000000E+00,6.748075E-02,0.000000E+00,6.004879E+02,0.000000E+00,3.680501E-02,0.000000E+00,1.413593E+03,0.000000E+00,8.664173E-02,0.000000E+00,1.273164E+03,6.046181E+02,7.803457E-02,4.231361E-02,1.413593E+03,0.000000E+00,8.664173E-02,0.000000E+00,1.100968E+03,1.794036E+03,6.748034E-02,1.255538E-01,1.029316E+03,0.000000E+00,6.308868E-02,0.000000E+00,1.272387E+03,0.000000E+00,7.798693E-02,0.000000E+00,1.100974E+03,0.000000E+00,6.748075E-02,0.000000E+00,1.273164E+03,1.970921E+03,7.803457E-02,1.379330E-01,1.412282E+03,0.000000E+00,8.656138E-02,0.000000E+00,1.412282E+03,8.347925E+02,8.656138E-02,5.842142E-02,1.272387E+03,3.632720E+00,7.798693E-02,2.545142E-04,1.100968E+03,3.704418E+02,6.748034E-02,2.592867E-02 
10:30:00,1.575839E+03,0.000000E+00,9.658607E-02,0.000000E+00,1.100974E+03,0.000000E+00,6.748075E-02,0.000000E+00,6.004879E+02,0.000000E+00,3.680501E-02,0.000000E+00,1.413593E+03,0.000000E+00,8.664173E-02,0.000000E+00,1.273164E+03,7.292692E+02,7.803457E-02,5.103719E-02,1.413593E+03,0.000000E+00,8.664173E-02,0.000000E+00,1.100968E+03,1.838914E+03,6.748034E-02,1.286946E-01,1.029316E+03,0.000000E+00,6.308868E-02,0.000000E+00,1.272387E+03,0.000000E+00,7.798693E-02,0.000000E+00,1.100974E+03,0.000000E+00,6.748075E-02,0.000000E+00,1.273164E+03,2.002792E+03,7.803457E-02,1.401634E-01,1.412282E+03,0.000000E+00,8.656138E-02,0.000000E+00,1.412282E+03,8.358198E+02,8.656138E-02,5.849346E-02,1.272387E+03,1.398747E+01,7.798693E-02,9.793913E-04,1.100968E+03,4.990724E+02,6.748034E-02,3.492714E-02 
10:45:00,1.575839E+03,0.000000E+00,9.658607E-02,0.000000E+00,1.100974E+03,0.000000E+00,6.748075E-02,0.000000E+00,6.004879E+02,0.000000E+00,3.680501E-02,0.000000E+00,1.413593E+03,0.000000E+00,8.664173E-02,0.000000E+00,1.273164E+03,8.530998E+02,7.803457E-02,5.970336E-02,1.413593E+03,0.000000E+00,8.664173E-02,0.000000E+00,1.100968E+03,1.868985E+03,6.748034E-02,1.307991E-01,1.029316E+03,0.000000E+00,6.308868E-02,0.000000E+00,1.272387E+03,0.000000E+00,7.798693E-02,0.000000E+00,1.100974E+03,0.000000E+00,6.748075E-02,0.000000E+00,1.273164E+03,2.020253E+03,7.803457E-02,1.413854E-01,1.412282E+03,0.000000E+00,8.656138E-02,0.000000E+00,1.412282E+03,8.214914E+02,8.656138E-02,5.749083E-02,1.272387E+03,3.030089E+01,7.798693E-02,2.121071E-03,1.100968E+03,6.257580E+02,6.748034E-02,4.379307E-02 
11:00:00,1.575839E+03,0.000000E+00,9.658607E-02,0.000000E+00,1.100974E+03,0.000000E+00,6.748075E-02,0.000000E+00,6.004879E+02,0.000000E+00,3.680501E-02,0.000000E+00,1.413593E+03,0.000000E+00,8.664173E-02,0.000000E+00,1.273164E+03,9.747587E+02,7.803457E-02,6.821754E-02,1.413593E+03,0.000000E+00,8.664173E-02,0.000000E+00,1.100968E+03,1.883327E+03,6.748034E-02,1.318028E-01,1.029316E+03,0.000000E+00,6.308868E-02,0.000000E+00,1.272387E+03,1.191470E+01,7.798693E-02,8.338880E-04,1.100974E+03,0.000000E+00,6.748075E-02,0.000000E+00,1.273164E+03,2.022634E+03,7.803457E-02,1.415520E-01,1.412282E+03,2.759278E+01,8.656138E-02,1.950064E-03,1.412282E+03,7.914498E+02,8.656138E-02,5.538850E-02,1.272387E+03,5.255828E+01,7.798693E-02,3.678733E-03,1.100968E+03,7.516369E+02,6.748034E-02,5.260258E-02 
11:15:00,1.575839E+03,0.000000E+00,9.658607E-02,0.000000E+00,1.100974E+03,0.000000E+00,6.748075E-02,0.000000E+00,6.004879E+02,0.000000E+00,3.680501E-02,0.000000E+00,1.413593E+03,0.000000E+00,8.664173E-02,0.000000E+00,1.273164E+03,1.092856E+03,7.803457E-02,7.648243E-02,1.413593E+03,0.000000E+00,8.664173E-02,0.000000E+00,1.100968E+03,1.878884E+03,6.748034E-02,1.314918E-01,1.029316E+03,0.000000E+00,6.308868E-02,0.000000E+00,1.272387E+03,2.601827E+01,7.798693E-02,1.820913E-03,1.100974E+03,0.000000E+00,6.748075E-02,0.000000E+00,1.273164E+03,2.007136E+03,7.803457E-02,1.404674E-01,1.412282E+03,9.209375E+01,8.656138E-02,6.464557E-03,1.412282E+03,7.424068E+02,8.656138E-02,5.195634E-02,1.272387E+03,7.709749E+01,7.798693E-02,5.395804E-03,1.100968E+03,8.749140E+02,6.748034E-02,6.123000E-02 
11:30:00,1.575839E+03,0.000000E+00,9.658607E-02,0.000000E+00,1.100974E+03,0.000000E+00,6.748075E-02,0.000000E+00,6.004879E+02,0.000000E+00,3.680501E-02,0.000000E+00,1.413593E+03,0.000000E+00,8.664173E-02,0.000000E+00,1.273164E+03,1.206480E+03,7.803457E-02,8.443433E-02,1.413593E+03,0.000000E+00,8.664173E-02,0.000000E+00,1.100968E+03,1.849969E+03,6.748034E-02,1.294682E-01,1.029316E+03,2.568945E+00,6.308868E-02,1.801209E-04,1.272387E+03,4.475520E+01,7.798693E-02,3.132199E-03,1.100974E+03,0.000000E+00,6.748075E-02,0.000000E+00,1.273164E+03,1.968335E+03,7.803457E-02,1.377520E-01,1.412282E+03,1.688443E+02,8.656138E-02,1.183577E-02,1.412282E+03,6.685394E+02,8.656138E-02,4.678685E-02,1.272387E+03,1.005853E+02,7.798693E-02,7.039363E-03,1.100968E+03,9.944309E+02,6.748034E-02,6.959428E-02 
11:45:00,1.575839E+03,0.000000E+00,9.658607E-02,0.000000E+00,1.100974E+03,0.000000E+00,6.748075E-02,0.000000E+00,6.004879E+02,0.000000E+00,3.680501E-02,0.000000E+00,1.413593E+03,0.000000E+00,8.664173E-02,0.000000E+00,1.273164E+03,1.314839E+03,7.803457E-02,9.201771E-02,1.413593E+03,0.000000E+00,8.664173E-02,0.000000E+00,1.100968E+03,1.789632E+03,6.748034E-02,1.252456E-01,1.029316E+03,1.612900E+01,6.308868E-02,1.129109E-03,1.272387E+03,6.936378E+01,7.798693E-02,4.854406E-03,1.100974E+03,0.000000E+00,6.748075E-02,0.000000E+00,1.273164E+03,1.899395E+03,7.803457E-02,1.329273E-01,1.412282E+03,2.729996E+02,8.656138E-02,1.912479E-02,1.412282E+03,5.671894E+02,8.656138E-02,3.969403E-02,1.272387E+03,1.236747E+02,7.798693E-02,8.655253E-03,1.100968E+03,1.109262E+03,6.748034E-02,7.763060E-02 
12:00:00,1.575839E+03,0.000000E+00,9.658607E-02,0.000000E+00,1.100974E+03,0.000000E+00,6.748075E-02,0.000000E+00,6.004879E+02,0.000000E+00,3.680501E-02,0.000000E+00,1.413593E+03,0.000000E+00,8.664173E-02,0.000000E+00,1.273164E+03,1.417201E+03,7.803457E-02,9.918146E-02,1.413593E+03,0.000000E+00,8.664173E-02,0.000000E+00,1.100968E+03,1.694995E+03,6.748034E-02,1.186226E-01,1.029316E+03,2.754158E+01,6.308868E-02,1.927807E-03,1.272387E+03,8.728234E+01,7.798693E-02,6.108370E-03,1.100974E+03,0.000000E+00,6.748075E-02,0.000000E+00,1.273164E+03,1.797523E+03,7.803457E-02,1.257979E-01,1.412282E+03,3.714126E+02,8.656138E-02,2.599286E-02,1.412282E+03,4.501510E+02,8.656138E-02,3.150325E-02,1.272387E+03,1.462768E+02,7.798693E-02,1.023704E-02,1.100968E+03,1.218571E+03,6.748034E-02,8.528053E-02 
12:15:00,1.575839E+03,0.000000E+00,9.658607E-02,0.000000E+00,1.100974E+03,1.288584E+01,6.748075E-02,9.018772E-04,6.004879E+02,0.000000E+00,3.680501E-02,0.000000E+00,1.413593E+03,0.000000E+00,8.664173E-02,0.000000E+00,1.273164E+03,1.513071E+03,7.803457E-02,1.058908E-01,1.413593E+03,0.000000E+00,8.664173E-02,0.000000E+00,1.100968E+03,1.578594E+03,6.748034E-02,1.104763E-01,1.029316E+03,4.377236E+01,6.308868E-02,3.063702E-03,1.272387E+03,1.079658E+02,7.798693E-02,7.555880E-03,1.100974E+03,0.000000E+00,6.748075E-02,0.000000E+00,1.273164E+03,1.674532E+03,7.803457E-02,1.171905E-01,1.412282E+03,4.518262E+02,8.656138E-02,3.161976E-02,1.412282E+03,3.213309E+02,8.656138E-02,2.248796E-02,1.272387E+03,1.683882E+02,7.798693E-02,1.178448E-02,1.100968E+03,1.321755E+03,6.748034E-02,9.250175E-02 
12:30:00,1.575839E+03,0.000000E+00,9.658607E-02,0.000000E+00,1.100974E+03,2.915723E+01,6.748075E-02,2.040616E-03,6.004879E+02,0.000000E+00,3.680501E-02,0.000000E+00,1.413593E+03,0.000000E+00,8.664173E-02,0.000000E+00,1.273164E+03,1.601900E+03,7.803457E-02,1.121074E-01,1.413593E+03,0.000000E+00,8.664173E-02,0.000000E+00,1.100968E+03,1.461339E+03,6.748034E-02,1.022704E-01,1.029316E+03,6.023942E+01,6.308868E-02,4.215798E-03,1.272387E+03,1.287608E+02,7.798693E-02,9.011202E-03,1.100974E+03,0.000000E+00,6.748075E-02,0.000000E+00,1.273164E+03,1.550579E+03,7.803457E-02,1.085158E-01,1.412282E+03,5.360491E+02,8.656138E-02,3.751378E-02,1.412282E+03,2.063216E+02,8.656138E-02,1.443919E-02,1.272387E+03,1.974749E+02,7.798693E-02,1.382009E-02,1.100968E+03,1.418173E+03,6.748034E-02,9.924946E-02 
12:45:00,1.575839E+03,0.000000E+00,9.658607E-02,0.000000E+00,1.100974E+03,6.222539E+01,6.748075E-02,4.354858E-03,6.004879E+02,0.000000E+00,3.680501E-02,0.000000E+00,1.413593E+03,0.000000E+00,8.664173E-02,0.000000E+00,1.273164E+03,1.683271E+03,7.803457E-02,1.178021E-01,1.413593E+03,0.000000E+00,8.664173E-02,0.000000E+00,1.100968E+03,1.360119E+03,6.748034E-02,9.518658E-02,1.029316E+03,6.834977E+01,6.308868E-02,4.783392E-03,1.272387E+03,1.482596E+02,7.798693E-02,1.037581E-02,1.100974E+03,0.000000E+00,6.748075E-02,0.000000E+00,1.273164E+03,1.442487E+03,7.803457E-02,1.009511E-01,1.412282E+03,6.061712E+02,8.656138E-02,4.242111E-02,1.412282E+03,1.186406E+02,8.656138E-02,8.302937E-03,1.272387E+03,2.457984E+02,7.798693E-02,1.720196E-02,1.100968E+03,1.507307E+03,6.748034E-02,1.054874E-01 
13:00:00,1.575839E+03,0.000000E+00,9.658607E-02,0.000000E+00,1.100974E+03,1.296252E+02,6.748075E-02,9.071766E-03,6.004879E+02,0.000000E+00,3.680501E-02,0.000000E+00,1.413593E+03,0.000000E+00,8.664173E-02,0.000000E+00,1.273164E+03,1.756928E+03,7.803457E-02,1.229569E-01,1.413593E+03,0.000000E+00,8.664173E-02,0.000000E+00,1.100968E+03,1.285236E+03,6.748034E-02,8.994600E-02,1.029316E+03,8.122087E+01,6.308868E-02,5.684163E-03,1.272387E+03,1.669861E+02,7.798693E-02,1.168636E-02,1.100974E+03,6.102514E+00,6.748075E-02,4.273016E-04,1.273164E+03,1.360733E+03,7.803457E-02,9.522961E-02,1.412282E+03,6.651309E+02,8.656138E-02,4.654740E-02,1.412282E+03,5.389409E+01,8.656138E-02,3.771722E-03,1.272387E+03,3.236729E+02,7.798693E-02,2.265193E-02,1.100968E+03,1.588802E+03,6.748034E-02,1.111908E-01 
13:15:00,1.575839E+03,0.000000E+00,9.658607E-02,0.000000E+00,1.100974E+03,2.222398E+02,6.748075E-02,1.555324E-02,6.004879E+02,0.000000E+00,3.680501E-02,0.000000E+00,1.413593E+03,0.000000E+00,8.664173E-02,0.000000E+00,1.273164E+03,1.822645E+03,7.803457E-02,1.275560E-01,1.413593E+03,0.000000E+00,8.664173E-02,0.000000E+00,1.100968E+03,1.232494E+03,6.748034E-02,8.625492E-02,1.029316E+03,9.192448E+01,6.308868E-02,6.433245E-03,1.272387E+03,1.849870E+02,7.798693E-02,1.294613E-02,1.100974E+03,1.509257E+01,6.748075E-02,1.056462E-03,1.273164E+03,1.302002E+03,7.803457E-02,9.111937E-02,1.412282E+03,7.131595E+02,8.656138E-02,4.990880E-02,1.412282E+03,2.192576E+01,8.656138E-02,1.534452E-03,1.272387E+03,4.360301E+02,7.798693E-02,3.051514E-02,1.100968E+03,1.662328E+03,6.748034E-02,1.163364E-01 
13:30:00,1.575839E+03,0.000000E+00,9.658607E-02,0.000000E+00,1.100974E+03,3.515820E+02,6.748075E-02,2.460512E-02,6.004879E+02,0.000000E+00,3.680501E-02,0.000000E+00,1.413593E+03,0.000000E+00,8.664173E-02,0.000000E+00,1.273164E+03,1.880315E+03,7.803457E-02,1.315920E-01,1.413593E+03,0.000000E+00,8.664173E-02,0.000000E+00,1.100968E+03,1.191242E+03,6.748034E-02,8.336792E-02,1.029316E+03,1.021331E+02,6.308868E-02,7.147684E-03,1.272387E+03,2.025080E+02,7.798693E-02,1.417232E-02,1.100974E+03,2.851483E+01,6.748075E-02,1.995806E-03,1.273164E+03,1.256414E+03,7.803457E-02,8.792889E-02,1.412282E+03,7.507089E+02,8.656138E-02,5.253687E-02,1.412282E+03,6.410618E+00,8.656138E-02,4.486408E-04,1.272387E+03,5.770499E+02,7.798693E-02,4.038427E-02,1.100968E+03,1.727679E+03,6.748034E-02,1.209099E-01 
13:45:00,1.575839E+03,0.000000E+00,9.658607E-02,0.000000E+00,1.100974E+03,5.044004E+02,6.748075E-02,3.529997E-02,6.004879E+02,0.000000E+00,3.680501E-02,0.000000E+00,1.413593E+03,0.000000E+00,8.664173E-02,0.000000E+00,1.273164E+03,1.929758E+03,7.803457E-02,1.350522E-01,1.413593E+03,0.000000E+00,8.664173E-02,0.000000E+00,1.100968E+03,1.155868E+03,6.748034E-02,8.089228E-02,1.029316E+03,1.126484E+02,6.308868E-02,7.883585E-03,1.272387E+03,2.196995E+02,7.798693E-02,1.537545E-02,1.100974E+03,4.581176E+01,6.748075E-02,3.206314E-03,1.273164E+03,1.218468E+03,7.803457E-02,8.527329E-02,1.412282E+03,7.781840E+02,8.656138E-02,5.445987E-02,1.412282E+03,0.000000E+00,8.656138E-02,0.000000E+00,1.272387E+03,7.343403E+02,7.798693E-02,5.139209E-02,1.100968E+03,1.784575E+03,6.748034E-02,1.248917E-01 
14:00:00,1.575839E+03,0.000000E+00,9.658607E-02,0.000000E+00,1.100974E+03,6.629377E+02,6.748075E-02,4.639505E-02,6.004879E+02,0.000000E+00,3.680501E-02,0.000000E+00,1.413593E+03,0.000000E+00,8.664173E-02,0.000000E+00,1.273164E+03,1.970654E+03,7.803457E-02,1.379143E-01,1.413593E+03,0.000000E+00,8.664173E-02,0.000000E+00,1.100968E+03,1.123946E+03,6.748034E-02,7.865823E-02,1.029316E+03,1.237592E+02,6.308868E-02,8.661166E-03,1.272387E+03,2.366138E+02,7.798693E-02,1.655918E-02,1.100974E+03,6.072271E+01,6.748075E-02,4.249619E-03,1.273164E+03,1.185504E+03,7.803457E-02,8.296636E-02,1.412282E+03,7.958282E+02,8.656138E-02,5.569478E-02,1.412282E+03,0.000000E+00,8.656138E-02,0.000000E+00,1.272387E+03,8.971213E+02,7.798693E-02,6.278416E-02,1.100968E+03,1.832603E+03,6.748034E-02,1.282529E-01 
14:15:00,1.575839E+03,0.000000E+00,9.658607E-02,0.000000E+00,1.100974E+03,8.228547E+02,6.748075E-02,5.758669E-02,6.004879E+02,0.000000E+00,3.680501E-02,0.000000E+00,1.413593E+03,0.000000E+00,8.664173E-02,0.000000E+00,1.273164E+03,2.002373E+03,7.803457E-02,1.401341E-01,1.413593E+03,5.612682E+01,8.664173E-02,3.969942E-03,1.100968E+03,1.093972E+03,6.748034E-02,7.656059E-02,1.029316E+03,1.356486E+02,6.308868E-02,9.493238E-03,1.272387E+03,2.530450E+02,7.798693E-02,1.770911E-02,1.100974E+03,7.599002E+01,6.748075E-02,5.318086E-03,1.273164E+03,1.155741E+03,7.803457E-02,8.088340E-02,1.412282E+03,8.034663E+02,8.656138E-02,5.622937E-02,1.412282E+03,0.000000E+00,8.656138E-02,0.000000E+00,1.272387E+03,1.059568E+03,7.798693E-02,7.415281E-02,1.100968E+03,1.871046E+03,6.748034E-02,1.309433E-01 
14:30:00,1.575839E+03,0.000000E+00,9.658607E-02,0.000000E+00,1.100974E+03,9.820495E+02,6.748075E-02,6.872778E-02,6.004879E+02,0.000000E+00,3.680501E-02,0.000000E+00,1.413593E+03,0.000000E+00,8.664173E-02,0.000000E+00,1.273164E+03,2.024328E+03,7.803457E-02,1.416706E-01,1.413593E+03,1.772723E+02,8.664173E-02,1.244810E-02,1.100968E+03,1.064883E+03,6.748034E-02,7.452479E-02,1.029316E+03,1.488012E+02,6.308868E-02,1.041371E-02,1.272387E+03,2.687308E+02,7.798693E-02,1.880687E-02,1.100974E+03,8.981793E+01,6.748075E-02,6.285819E-03,1.273164E+03,1.127952E+03,7.803457E-02,7.893863E-02,1.412282E+03,8.008522E+02,8.656138E-02,5.604646E-02,1.412282E+03,0.000000E+00,8.656138E-02,0.000000E+00,1.272387E+03,1.219854E+03,7.798693E-02,8.537032E-02,1.100968E+03,1.899244E+03,6.748034E-02,1.329168E-01 
14:45:00,1.575839E+03,0.000000E+00,9.658607E-02,0.000000E+00,1.100974E+03,1.139971E+03,6.748075E-02,7.977975E-02,6.004879E+02,0.000000E+00,3.680501E-02,0.000000E+00,1.413593E+03,0.000000E+00,8.664173E-02,0.000000E+00,1.273164E+03,2.035813E+03,7.803457E-02,1.424744E-01,1.413593E+03,3.032725E+02,8.664173E-02,2.126577E-02,1.100968E+03,1.036141E+03,6.748034E-02,7.251333E-02,1.029316E+03,1.626568E+02,6.308868E-02,1.138337E-02,1.272387E+03,2.834193E+02,7.798693E-02,1.983483E-02,1.100974E+03,1.024728E+02,6.748075E-02,7.171457E-03,1.273164E+03,1.101255E+03,7.803457E-02,7.707027E-02,1.412282E+03,7.875458E+02,8.656138E-02,5.511521E-02,1.412282E+03,0.000000E+00,8.656138E-02,0.000000E+00,1.272387E+03,1.377502E+03,7.798693E-02,9.640311E-02,1.100968E+03,1.916438E+03,6.748034E-02,1.341201E-01 
15:00:00,1.575839E+03,0.000000E+00,9.658607E-02,0.000000E+00,1.100974E+03,1.295965E+03,6.748075E-02,9.069686E-02,6.004879E+02,0.000000E+00,3.680501E-02,0.000000E+00,1.413593E+03,0.000000E+00,8.664173E-02,0.000000E+00,1.273164E+03,2.035975E+03,7.803457E-02,1.424857E-01,1.413593E+03,4.800941E+02,8.664173E-02,3.364001E-02,1.100968E+03,1.007332E+03,6.748034E-02,7.049713E-02,1.029316E+03,1.769416E+02,6.308868E-02,1.238308E-02,1.272387E+03,2.968734E+02,7.798693E-02,2.077640E-02,1.100974E+03,1.137947E+02,6.748075E-02,7.963809E-03,1.273164E+03,1.075125E+03,7.803457E-02,7.524158E-02,1.412282E+03,7.628624E+02,8.656138E-02,5.338779E-02,1.412282E+03,0.000000E+00,8.656138E-02,0.000000E+00,1.272387E+03,1.531903E+03,7.798693E-02,1.072087E-01,1.100968E+03,1.921736E+03,6.748034E-02,1.344908E-01 
15:15:00,1.575839E+03,0.000000E+00,9.658607E-02,0.000000E+00,1.100974E+03,1.448628E+03,6.748075E-02,1.013809E-01,6.004879E+02,0.000000E+00,3.680501E-02,0.000000E+00,1.413593E+03,0.000000E+00,8.664173E-02,0.000000E+00,1.273164E+03,2.023704E+03,7.803457E-02,1.416269E-01,1.413593E+03,6.380778E+02,8.664173E-02,4.465377E-02,1.100968E+03,9.780006E+02,6.748034E-02,6.844442E-02,1.029316E+03,1.913229E+02,6.308868E-02,1.338955E-02,1.272387E+03,3.088442E+02,7.798693E-02,2.161416E-02,1.100974E+03,1.236222E+02,6.748075E-02,8.651576E-03,1.273164E+03,1.048974E+03,7.803457E-02,7.341144E-02,1.412282E+03,7.259266E+02,8.656138E-02,5.080292E-02,1.412282E+03,0.000000E+00,8.656138E-02,0.000000E+00,1.272387E+03,1.681758E+03,7.798693E-02,1.176962E-01,1.100968E+03,1.913995E+03,6.748034E-02,1.339491E-01 
15:30:00,1.575839E+03,0.000000E+00,9.658607E-02,0.000000E+00,1.100974E+03,1.599050E+03,6.748075E-02,1.119080E-01,6.004879E+02,0.000000E+00,3.680501E-02,0.000000E+00,1.413593E+03,0.000000E+00,8.664173E-02,0.000000E+00,1.273164E+03,1.997949E+03,7.803457E-02,1.398245E-01,1.413593E+03,7.675973E+02,8.664173E-02,5.371745E-02,1.100968E+03,9.471814E+02,6.748034E-02,6.628757E-02,1.029316E+03,2.059305E+02,6.308868E-02,1.441184E-02,1.272387E+03,3.185108E+02,7.798693E-02,2.229067E-02,1.100974E+03,1.312281E+02,6.748075E-02,9.183865E-03,1.273164E+03,1.021727E+03,7.803457E-02,7.150459E-02,1.412282E+03,6.762146E+02,8.656138E-02,4.732393E-02,1.412282E+03,0.000000E+00,8.656138E-02,0.000000E+00,1.272387E+03,1.827982E+03,7.798693E-02,1.279296E-01,1.100968E+03,1.892170E+03,6.748034E-02,1.324217E-01 
15:45:00,1.575839E+03,0.000000E+00,9.658607E-02,0.000000E+00,1.100974E+03,1.744791E+03,6.748075E-02,1.221075E-01,6.004879E+02,0.000000E+00,3.680501E-02,0.000000E+00,1.413593E+03,0.000000E+00,8.664173E-02,0.000000E+00,1.273164E+03,1.957228E+03,7.803457E-02,1.369747E-01,1.413593E+03,9.236217E+02,8.664173E-02,6.463628E-02,1.100968E+03,9.148609E+02,6.748034E-02,6.402565E-02,1.029316E+03,2.207164E+02,6.308868E-02,1.544662E-02,1.272387E+03,3.258086E+02,7.798693E-02,2.280140E-02,1.100974E+03,1.366025E+02,6.748075E-02,9.559985E-03,1.273164E+03,9.933303E+02,7.803457E-02,6.951725E-02,1.412282E+03,6.133440E+02,8.656138E-02,4.292408E-02,1.412282E+03,0.000000E+00,8.656138E-02,0.000000E+00,1.272387E+03,1.968479E+03,7.798693E-02,1.377621E-01,1.100968E+03,1.854739E+03,6.748034E-02,1.298021E-01 
16:00:00,1.575839E+03,0.000000E+00,9.658607E-02,0.000000E+00,1.100974E+03,1.883212E+03,6.748075E-02,1.317947E-01,6.004879E+02,0.000000E+00,3.680501E-02,0.000000E+00,1.413593E+03,0.000000E+00,8.664173E-02,0.000000E+00,1.273164E+03,1.900197E+03,7.803457E-02,1.329834E-01,1.413593E+03,1.054557E+03,8.664173E-02,7.379943E-02,1.100968E+03,8.811557E+02,6.748034E-02,6.166682E-02,1.029316E+03,2.355923E+02,6.308868E-02,1.648770E-02,1.272387E+03,3.307919E+02,7.798693E-02,2.315015E-02,1.100974E+03,1.398234E+02,6.748075E-02,9.785403E-03,1.273164E+03,9.637016E+02,7.803457E-02,6.744372E-02,1.412282E+03,5.391278E+02,8.656138E-02,3.773020E-02,1.412282E+03,0.000000E+00,8.656138E-02,0.000000E+00,1.272387E+03,2.100933E+03,7.798693E-02,1.470317E-01,1.100968E+03,1.800350E+03,6.748034E-02,1.259958E-01 
16:15:00,1.575839E+03,0.000000E+00,9.658607E-02,0.000000E+00,1.100974E+03,2.012798E+03,6.748075E-02,1.408637E-01,6.004879E+02,0.000000E+00,3.680501E-02,0.000000E+00,1.413593E+03,0.000000E+00,8.664173E-02,0.000000E+00,1.273164E+03,1.826516E+03,7.803457E-02,1.278269E-01,1.413593E+03,1.168671E+03,8.664173E-02,8.178561E-02,1.100968E+03,8.463591E+02,6.748034E-02,5.923162E-02,1.029316E+03,2.505007E+02,6.308868E-02,1.753104E-02,1.272387E+03,3.337363E+02,7.798693E-02,2.335621E-02,1.100974E+03,1.410561E+02,6.748075E-02,9.871666E-03,1.273164E+03,9.330492E+02,7.803457E-02,6.529854E-02,1.412282E+03,4.590037E+02,8.656138E-02,3.212285E-02,1.412282E+03,0.000000E+00,8.656138E-02,0.000000E+00,1.272387E+03,2.223969E+03,7.798693E-02,1.556423E-01,1.100968E+03,1.728725E+03,6.748034E-02,1.209831E-01 
16:30:00,1.575839E+03,0.000000E+00,9.658607E-02,0.000000E+00,1.100974E+03,2.128544E+03,6.748075E-02,1.489641E-01,6.004879E+02,0.000000E+00,3.680501E-02,0.000000E+00,1.413593E+03,0.000000E+00,8.664173E-02,0.000000E+00,1.273164E+03,1.736576E+03,7.803457E-02,1.215326E-01,1.413593E+03,1.260910E+03,8.664173E-02,8.824115E-02,1.100968E+03,8.113389E+02,6.748034E-02,5.678076E-02,1.029316E+03,2.649274E+02,6.308868E-02,1.854068E-02,1.272387E+03,3.351408E+02,7.798693E-02,2.345450E-02,1.100974E+03,1.408739E+02,6.748075E-02,9.858919E-03,1.273164E+03,9.020871E+02,7.803457E-02,6.313169E-02,1.412282E+03,3.690314E+02,8.656138E-02,2.582626E-02,1.412282E+03,0.000000E+00,8.656138E-02,0.000000E+00,1.272387E+03,2.333009E+03,7.798693E-02,1.632733E-01,1.100968E+03,1.640319E+03,6.748034E-02,1.147961E-01 
16:45:00,1.575839E+03,0.000000E+00,9.658607E-02,0.000000E+00,1.100974E+03,2.228773E+03,6.748075E-02,1.559785E-01,6.004879E+02,0.000000E+00,3.680501E-02,0.000000E+00,1.413593E+03,0.000000E+00,8.664173E-02,0.000000E+00,1.273164E+03,1.633205E+03,7.803457E-02,1.142983E-01,1.413593E+03,1.330083E+03,8.664173E-02,9.308261E-02,1.100968E+03,7.758313E+02,6.748034E-02,5.429580E-02,1.029316E+03,2.785506E+02,6.308868E-02,1.949409E-02,1.272387E+03,3.348015E+02,7.798693E-02,2.343076E-02,1.100974E+03,1.391591E+02,6.748075E-02,9.738912E-03,1.273164E+03,8.705799E+02,7.803457E-02,6.092669E-02,1.412282E+03,2.715311E+02,8.656138E-02,1.900281E-02,1.412282E+03,0.000000E+00,8.656138E-02,0.000000E+00,1.272387E+03,2.426302E+03,7.798693E-02,1.698024E-01,1.100968E+03,1.538119E+03,6.748034E-02,1.076437E-01 
17:00:00,1.575839E+03,0.000000E+00,9.658607E-02,0.000000E+00,1.100974E+03,2.313287E+03,6.748075E-02,1.618931E-01,6.004879E+02,0.000000E+00,3.680501E-02,0.000000E+00,1.413593E+03,0.000000E+00,8.664173E-02,0.000000E+00,1.273164E+03,1.521579E+03,7.803457E-02,1.064863E-01,1.413593E+03,1.376748E+03,8.664173E-02,9.634886E-02,1.100968E+03,7.387902E+02,6.748034E-02,5.170351E-02,1.029316E+03,2.911212E+02,6.308868E-02,2.037383E-02,1.272387E+03,3.318350E+02,7.798693E-02,2.322315E-02,1.100974E+03,1.352057E+02,6.748075E-02,9.462236E-03,1.273164E+03,8.375420E+02,7.803457E-02,5.861456E-02,1.412282E+03,1.708506E+02,8.656138E-02,1.195680E-02,1.412282E+03,0.000000E+00,8.656138E-02,0.000000E+00,1.272387E+03,2.503437E+03,7.798693E-02,1.752006E-01,1.100968E+03,1.427430E+03,6.748034E-02,9.989729E-02 
17:15:00,1.575839E+03,0.000000E+00,9.658607E-02,0.000000E+00,1.100974E+03,2.378615E+03,6.748075E-02,1.664650E-01,6.004879E+02,0.000000E+00,3.680501E-02,0.000000E+00,1.413593E+03,0.000000E+00,8.664173E-02,0.000000E+00,1.273164E+03,1.411050E+03,7.803457E-02,9.875099E-02,1.413593E+03,1.397053E+03,8.664173E-02,9.777025E-02,1.100968E+03,7.004941E+02,6.748034E-02,4.902340E-02,1.029316E+03,3.024365E+02,6.308868E-02,2.116572E-02,1.272387E+03,3.269636E+02,7.798693E-02,2.288223E-02,1.100974E+03,1.296760E+02,6.748075E-02,9.075242E-03,1.273164E+03,8.030367E+02,7.803457E-02,5.619974E-02,1.412282E+03,8.732925E+01,8.656138E-02,6.111647E-03,1.412282E+03,0.000000E+00,8.656138E-02,0.000000E+00,1.272387E+03,2.561204E+03,7.798693E-02,1.792433E-01,1.100968E+03,1.317932E+03,6.748034E-02,9.223422E-02 
17:30:00,1.575839E+03,0.000000E+00,9.658607E-02,0.000000E+00,1.100974E+03,2.420438E+03,6.748075E-02,1.693920E-01,6.004879E+02,0.000000E+00,3.680501E-02,0.000000E+00,1.413593E+03,0.000000E+00,8.664173E-02,0.000000E+00,1.273164E+03,1.308940E+03,7.803457E-02,9.160493E-02,1.413593E+03,1.386546E+03,8.664173E-02,9.703529E-02,1.100968E+03,6.609932E+02,6.748034E-02,4.625896E-02,1.029316E+03,3.123728E+02,6.308868E-02,2.186110E-02,1.272387E+03,3.236655E+02,7.798693E-02,2.265142E-02,1.100974E+03,1.246333E+02,6.748075E-02,8.722334E-03,1.273164E+03,7.673756E+02,7.803457E-02,5.370404E-02,1.412282E+03,3.110484E+01,8.656138E-02,2.176841E-03,1.412282E+03,0.000000E+00,8.656138E-02,0.000000E+00,1.272387E+03,2.595565E+03,7.798693E-02,1.816481E-01,1.100968E+03,1.217037E+03,6.748034E-02,8.517315E-02 
17:45:00,1.575839E+03,0.000000E+00,9.658607E-02,0.000000E+00,1.100974E+03,2.434184E+03,6.748075E-02,1.703540E-01,6.004879E+02,0.000000E+00,3.680501E-02,0.000000E+00,1.413593E+03,0.000000E+00,8.664173E-02,0.000000E+00,1.273164E+03,1.218851E+03,7.803457E-02,8.530007E-02,1.413593E+03,1.340977E+03,8.664173E-02,9.384646E-02,1.100968E+03,6.201946E+02,6.748034E-02,4.340372E-02,1.029316E+03,3.209005E+02,6.308868E-02,2.245791E-02,1.272387E+03,3.252896E+02,7.798693E-02,2.276507E-02,1.100974E+03,1.237378E+02,6.748075E-02,8.659667E-03,1.273164E+03,7.304393E+02,7.803457E-02,5.111908E-02,1.412282E+03,3.029534E+00,8.656138E-02,2.120189E-04,1.412282E+03,0.000000E+00,8.656138E-02,0.000000E+00,1.272387E+03,2.602109E+03,7.798693E-02,1.821061E-01,1.100968E+03,1.128163E+03,6.748034E-02,7.895337E-02 
18:00:00,1.575839E+03,0.000000E+00,9.658607E-02,0.000000E+00,1.100974E+03,2.412654E+03,6.748075E-02,1.688472E-01,6.004879E+02,0.000000E+00,3.680501E-02,0.000000E+00,1.413593E+03,0.000000E+00,8.664173E-02,0.000000E+00,1.273164E+03,1.141246E+03,7.803457E-02,7.986901E-02,1.413593E+03,1.253175E+03,8.664173E-02,8.770189E-02,1.100968E+03,5.788708E+02,6.748034E-02,4.051171E-02,1.029316E+03,3.280541E+02,6.308868E-02,2.295854E-02,1.272387E+03,3.337812E+02,7.798693E-02,2.335935E-02,1.100974E+03,1.286782E+02,6.748075E-02,9.005415E-03,1.273164E+03,6.928161E+02,7.803457E-02,4.848606E-02,1.412282E+03,0.000000E+00,8.656138E-02,0.000000E+00,1.412282E+03,0.000000E+00,8.656138E-02,0.000000E+00,1.272387E+03,2.573998E+03,7.798693E-02,1.801387E-01,1.100968E+03,1.051618E+03,6.748034E-02,7.359649E-02 
18:15:00,1.575839E+03,0.000000E+00,9.658607E-02,0.000000E+00,1.100974E+03,2.349272E+03,6.748075E-02,1.644115E-01,6.004879E+02,0.000000E+00,3.680501E-02,0.000000E+00,1.413593E+03,0.000000E+00,8.664173E-02,0.000000E+00,1.273164E+03,1.071679E+03,7.803457E-02,7.500042E-02,1.413593E+03,1.118352E+03,8.664173E-02,7.826659E-02,1.100968E+03,5.365101E+02,6.748034E-02,3.754714E-02,1.029316E+03,3.338667E+02,6.308868E-02,2.336533E-02,1.272387E+03,3.466121E+02,7.798693E-02,2.425731E-02,1.100974E+03,1.374204E+02,6.748075E-02,9.617231E-03,1.273164E+03,6.541576E+02,7.803457E-02,4.578059E-02,1.412282E+03,0.000000E+00,8.656138E-02,0.000000E+00,1.412282E+03,0.000000E+00,8.656138E-02,0.000000E+00,1.272387E+03,2.504740E+03,7.798693E-02,1.752918E-01,1.100968E+03,9.823613E+02,6.748034E-02,6.874960E-02 
18:30:00,1.575839E+03,0.000000E+00,9.658607E-02,0.000000E+00,1.100974E+03,2.236789E+03,6.748075E-02,1.565395E-01,6.004879E+02,0.000000E+00,3.680501E-02,0.000000E+00,1.413593E+03,0.000000E+00,8.664173E-02,0.000000E+00,1.273164E+03,1.005629E+03,7.803457E-02,7.037799E-02,1.413593E+03,9.339350E+02,8.664173E-02,6.536043E-02,1.100968E+03,4.925438E+02,6.748034E-02,3.447020E-02,1.029316E+03,3.382716E+02,6.308868E-02,2.367361E-02,1.272387E+03,3.557619E+02,7.798693E-02,2.489765E-02,1.100974E+03,1.438618E+02,6.748075E-02,1.006803E-02,1.273164E+03,6.135928E+02,7.803457E-02,4.294170E-02,1.412282E+03,0.000000E+00,8.656138E-02,0.000000E+00,1.412282E+03,0.000000E+00,8.656138E-02,0.000000E+00,1.272387E+03,2.387168E+03,7.798693E-02,1.670636E-01,1.100968E+03,9.156343E+02,6.748034E-02,6.407977E-02 
18:45:00,1.575839E+03,0.000000E+00,9.658607E-02,0.000000E+00,1.100974E+03,2.062680E+03,6.748075E-02,1.443546E-01,6.004879E+02,0.000000E+00,3.680501E-02,0.000000E+00,1.413593E+03,0.000000E+00,8.664173E-02,0.000000E+00,1.273164E+03,9.409312E+02,7.803457E-02,6.585015E-02,1.413593E+03,7.074960E+02,8.664173E-02,4.951337E-02,1.100968E+03,4.471532E+02,6.748034E-02,3.129358E-02,1.029316E+03,3.410010E+02,6.308868E-02,2.386461E-02,1.272387E+03,3.506208E+02,7.798693E-02,2.453785E-02,1.100974E+03,1.379528E+02,6.748075E-02,9.654490E-03,1.273164E+03,5.712183E+02,7.803457E-02,3.997616E-02,1.412282E+03,0.000000E+00,8.656138E-02,0.000000E+00,1.412282E+03,0.000000E+00,8.656138E-02,0.000000E+00,1.272387E+03,2.209577E+03,7.798693E-02,1.546351E-01,1.100968E+03,8.494850E+02,6.748034E-02,5.945038E-02 
19:00:00,1.575839E+03,0.000000E+00,9.658607E-02,0.000000E+00,1.100974E+03,1.839200E+03,6.748075E-02,1.287146E-01,6.004879E+02,0.000000E+00,3.680501E-02,0.000000E+00,1.413593E+03,0.000000E+00,8.664173E-02,0.000000E+00,1.273164E+03,8.761505E+02,7.803457E-02,6.131654E-02,1.413593E+03,4.568753E+02,8.664173E-02,3.197395E-02,1.100968E+03,4.002903E+02,6.748034E-02,2.801393E-02,1.029316E+03,3.415231E+02,6.308868E-02,2.390116E-02,1.272387E+03,3.262561E+02,7.798693E-02,2.283271E-02,1.100974E+03,1.159272E+02,6.748075E-02,8.113050E-03,1.273164E+03,5.270298E+02,7.803457E-02,3.688367E-02,1.412282E+03,0.000000E+00,8.656138E-02,0.000000E+00,1.412282E+03,0.000000E+00,8.656138E-02,0.000000E+00,1.272387E+03,1.983151E+03,7.798693E-02,1.387889E-01,1.100968E+03,7.826479E+02,6.748034E-02,5.477285E-02 
19:15:00,1.575839E+03,0.000000E+00,9.658607E-02,0.000000E+00,1.100974E+03,1.605145E+03,6.748075E-02,1.123345E-01,6.004879E+02,0.000000E+00,3.680501E-02,0.000000E+00,1.413593E+03,0.000000E+00,8.664173E-02,0.000000E+00,1.273164E+03,8.125392E+02,7.803457E-02,5.686476E-02,1.413593E+03,2.431697E+02,8.664173E-02,1.701798E-02,1.100968E+03,3.543213E+02,6.748034E-02,2.479683E-02,1.029316E+03,3.392425E+02,6.308868E-02,2.374155E-02,1.272387E+03,2.888537E+02,7.798693E-02,2.021514E-02,1.100974E+03,8.397995E+01,6.748075E-02,5.877254E-03,1.273164E+03,4.831910E+02,7.803457E-02,3.381565E-02,1.412282E+03,0.000000E+00,8.656138E-02,0.000000E+00,1.412282E+03,0.000000E+00,8.656138E-02,0.000000E+00,1.272387E+03,1.744351E+03,7.798693E-02,1.220767E-01,1.100968E+03,7.169656E+02,6.748034E-02,5.017614E-02 
19:30:00,1.575839E+03,0.000000E+00,9.658607E-02,0.000000E+00,1.100974E+03,1.389129E+03,6.748075E-02,9.721684E-02,6.004879E+02,0.000000E+00,3.680501E-02,0.000000E+00,1.413593E+03,0.000000E+00,8.664173E-02,0.000000E+00,1.273164E+03,7.520425E+02,7.803457E-02,5.263096E-02,1.413593E+03,9.518925E+01,8.664173E-02,6.661725E-03,1.100968E+03,3.112280E+02,6.748034E-02,2.178099E-02,1.029316E+03,3.339442E+02,6.308868E-02,2.337076E-02,1.272387E+03,2.459764E+02,7.798693E-02,1.721442E-02,1.100974E+03,4.884571E+01,6.748075E-02,3.418419E-03,1.273164E+03,4.416422E+02,7.803457E-02,3.090790E-02,1.412282E+03,0.000000E+00,8.656138E-02,0.000000E+00,1.412282E+03,0.000000E+00,8.656138E-02,0.000000E+00,1.272387E+03,1.521533E+03,7.798693E-02,1.064830E-01,1.100968E+03,6.546165E+02,6.748034E-02,4.581270E-02 
19:45:00,1.575839E+03,0.000000E+00,9.658607E-02,0.000000E+00,1.100974E+03,1.218835E+03,6.748075E-02,8.529898E-02,6.004879E+02,0.000000E+00,3.680501E-02,0.000000E+00,1.413593E+03,0.000000E+00,8.664173E-02,0.000000E+00,1.273164E+03,6.956336E+02,7.803457E-02,4.868324E-02,1.413593E+03,1.599879E+01,8.664173E-02,1.119659E-03,1.100968E+03,2.717503E+02,6.748034E-02,1.901818E-02,1.029316E+03,3.259549E+02,6.308868E-02,2.281163E-02,1.272387E+03,2.066350E+02,7.798693E-02,1.446115E-02,1.100974E+03,2.203877E+01,6.748075E-02,1.542362E-03,1.273164E+03,4.032796E+02,7.803457E-02,2.822313E-02,1.412282E+03,0.000000E+00,8.656138E-02,0.000000E+00,1.412282E+03,0.000000E+00,8.656138E-02,0.000000E+00,1.272387E+03,1.342003E+03,7.798693E-02,9.391877E-02,1.100968E+03,5.966117E+02,6.748034E-02,4.175329E-02 
20:00:00,1.575839E+03,0.000000E+00,9.658607E-02,0.000000E+00,1.100974E+03,1.096558E+03,6.748075E-02,7.674156E-02,6.004879E+02,0.000000E+00,3.680501E-02,0.000000E+00,1.413593E+03,0.000000E+00,8.664173E-02,0.000000E+00,1.273164E+03,6.443945E+02,7.803457E-02,4.509732E-02,1.413593E+03,0.000000E+00,8.664173E-02,0.000000E+00,1.100968E+03,2.367009E+02,6.748034E-02,1.656528E-02,1.029316E+03,3.160757E+02,6.308868E-02,2.212025E-02,1.272387E+03,1.757657E+02,7.798693E-02,1.230079E-02,1.100974E+03,7.521043E+00,6.748075E-02,5.263528E-04,1.273164E+03,3.690435E+02,7.803457E-02,2.582715E-02,1.412282E+03,0.000000E+00,8.656138E-02,0.000000E+00,1.412282E+03,0.000000E+00,8.656138E-02,0.000000E+00,1.272387E+03,1.209641E+03,7.798693E-02,8.465554E-02,1.100968E+03,5.438669E+02,6.748034E-02,3.806200E-02 
20:15:00,1.575839E+03,0.000000E+00,9.658607E-02,0.000000E+00,1.100974E+03,9.995518E+02,6.748075E-02,6.995266E-02,6.004879E+02,0.000000E+00,3.680501E-02,0.000000E+00,1.413593E+03,0.000000E+00,8.664173E-02,0.000000E+00,1.273164E+03,5.972163E+02,7.803457E-02,4.179560E-02,1.413593E+03,0.000000E+00,8.664173E-02,0.000000E+00,1.100968E+03,2.046878E+02,6.748034E-02,1.432487E-02,1.029316E+03,3.053045E+02,6.308868E-02,2.136644E-02,1.272387E+03,1.500987E+02,7.798693E-02,1.050451E-02,1.100974E+03,9.383491E-01,6.748075E-02,6.566945E-05,1.273164E+03,3.377962E+02,7.803457E-02,2.364034E-02,1.412282E+03,0.000000E+00,8.656138E-02,0.000000E+00,1.412282E+03,0.000000E+00,8.656138E-02,0.000000E+00,1.272387E+03,1.104399E+03,7.798693E-02,7.729026E-02,1.100968E+03,4.950985E+02,6.748034E-02,3.464899E-02 
20:30:00,1.575839E+03,0.000000E+00,9.658607E-02,0.000000E+00,1.100974E+03,9.164646E+02,6.748075E-02,6.413788E-02,6.004879E+02,0.000000E+00,3.680501E-02,0.000000E+00,1.413593E+03,0.000000E+00,8.664173E-02,0.000000E+00,1.273164E+03,5.532289E+02,7.803457E-02,3.871718E-02,1.413593E+03,0.000000E+00,8.664173E-02,0.000000E+00,1.100968E+03,1.747989E+02,6.748034E-02,1.223313E-02,1.029316E+03,2.943828E+02,6.308868E-02,2.060209E-02,1.272387E+03,1.276241E+02,7.798693E-02,8.931646E-03,1.100974E+03,0.000000E+00,6.748075E-02,0.000000E+00,1.273164E+03,3.086968E+02,7.803457E-02,2.160385E-02,1.412282E+03,0.000000E+00,8.656138E-02,0.000000E+00,1.412282E+03,0.000000E+00,8.656138E-02,0.000000E+00,1.272387E+03,1.015367E+03,7.798693E-02,7.105945E-02,1.100968E+03,4.493994E+02,6.748034E-02,3.145078E-02 
20:45:00,1.575839E+03,0.000000E+00,9.658607E-02,0.000000E+00,1.100974E+03,8.424748E+02,6.748075E-02,5.895978E-02,6.004879E+02,0.000000E+00,3.680501E-02,0.000000E+00,1.413593E+03,0.000000E+00,8.664173E-02,0.000000E+00,1.273164E+03,5.120229E+02,7.803457E-02,3.583343E-02,1.413593E+03,0.000000E+00,8.664173E-02,0.000000E+00,1.100968E+03,1.467261E+02,6.748034E-02,1.026848E-02,1.029316E+03,2.836756E+02,6.308868E-02,1.985276E-02,1.272387E+03,1.074373E+02,7.798693E-02,7.518897E-03,1.100974E+03,0.000000E+00,6.748075E-02,0.000000E+00,1.273164E+03,2.813849E+02,7.803457E-02,1.969245E-02,1.412282E+03,0.000000E+00,8.656138E-02,0.000000E+00,1.412282E+03,0.000000E+00,8.656138E-02,0.000000E+00,1.272387E+03,9.375350E+02,7.798693E-02,6.561247E-02,1.100968E+03,4.063019E+02,6.748034E-02,2.843464E-02 
21:00:00,1.575839E+03,0.000000E+00,9.658607E-02,0.000000E+00,1.100974E+03,7.749239E+02,6.748075E-02,5.423230E-02,6.004879E+02,0.000000E+00,3.680501E-02,0.000000E+00,1.413593E+03,0.000000E+00,8.664173E-02,0.000000E+00,1.273164E+03,4.731941E+02,7.803457E-02,3.311603E-02,1.413593E+03,0.000000E+00,8.664173E-02,0.000000E+00,1.100968E+03,1.201833E+02,6.748034E-02,8.410909E-03,1.029316E+03,2.733011E+02,6.308868E-02,1.912671E-02,1.272387E+03,8.900521E+01,7.798693E-02,6.228943E-03,1.100974E+03,0.000000E+00,6.748075E-02,0.000000E+00,1.273164E+03,2.555196E+02,7.803457E-02,1.788229E-02,1.412282E+03,0.000000E+00,8.656138E-02,0.000000E+00,1.412282E+03,0.000000E+00,8.656138E-02,0.000000E+00,1.272387E+03,8.678330E+02,7.798693E-02,6.073445E-02,1.100968E+03,3.655925E+02,6.748034E-02,2.558564E-02 
21:15:00,1.575839E+03,0.000000E+00,9.658607E-02,0.000000E+00,1.100974E+03,7.121178E+02,6.748075E-02,4.983687E-02,6.004879E+02,0.000000E+00,3.680501E-02,0.000000E+00,1.413593E+03,0.000000E+00,8.664173E-02,0.000000E+00,1.273164E+03,4.363770E+02,7.803457E-02,3.053942E-02,1.413593E+03,0.000000E+00,8.664173E-02,0.000000E+00,1.100968E+03,9.494386E+01,6.748034E-02,6.644554E-03,1.029316E+03,2.632533E+02,6.308868E-02,1.842353E-02,1.272387E+03,7.179831E+01,7.798693E-02,5.024735E-03,1.100974E+03,0.000000E+00,6.748075E-02,0.000000E+00,1.273164E+03,2.308130E+02,7.803457E-02,1.615322E-02,1.412282E+03,0.000000E+00,8.656138E-02,0.000000E+00,1.412282E+03,0.000000E+00,8.656138E-02,0.000000E+00,1.272387E+03,8.041651E+02,7.798693E-02,5.627871E-02,1.100968E+03,3.268845E+02,6.748034E-02,2.287670E-02 
21:30:00,1.575839E+03,0.000000E+00,9.658607E-02,0.000000E+00,1.100974E+03,6.530755E+02,6.748075E-02,4.570485E-02,6.004879E+02,0.000000E+00,3.680501E-02,0.000000E+00,1.413593E+03,0.000000E+00,8.664173E-02,0.000000E+00,1.273164E+03,4.013247E+02,7.803457E-02,2.808632E-02,1.413593E+03,0.000000E+00,8.664173E-02,0.000000E+00,1.100968E+03,7.089739E+01,6.748034E-02,4.961685E-03,1.029316E+03,2.534719E+02,6.308868E-02,1.773898E-02,1.272387E+03,5.554369E+01,7.798693E-02,3.887171E-03,1.100974E+03,0.000000E+00,6.748075E-02,0.000000E+00,1.273164E+03,2.070944E+02,7.803457E-02,1.449330E-02,1.412282E+03,0.000000E+00,8.656138E-02,0.000000E+00,1.412282E+03,0.000000E+00,8.656138E-02,0.000000E+00,1.272387E+03,7.452273E+02,7.798693E-02,5.215401E-02,1.100968E+03,2.899886E+02,6.748034E-02,2.029457E-02 
21:45:00,1.575839E+03,0.000000E+00,9.658607E-02,0.000000E+00,1.100974E+03,5.971804E+02,6.748075E-02,4.179309E-02,6.004879E+02,0.000000E+00,3.680501E-02,0.000000E+00,1.413593E+03,0.000000E+00,8.664173E-02,0.000000E+00,1.273164E+03,3.678431E+02,7.803457E-02,2.574314E-02,1.413593E+03,0.000000E+00,8.664173E-02,0.000000E+00,1.100968E+03,4.798922E+01,6.748034E-02,3.358479E-03,1.029316E+03,2.438785E+02,6.308868E-02,1.706760E-02,1.272387E+03,4.005184E+01,7.798693E-02,2.802989E-03,1.100974E+03,0.000000E+00,6.748075E-02,0.000000E+00,1.273164E+03,1.842419E+02,7.803457E-02,1.289399E-02,1.412282E+03,0.000000E+00,8.656138E-02,0.000000E+00,1.412282E+03,0.000000E+00,8.656138E-02,0.000000E+00,1.272387E+03,6.901468E+02,7.798693E-02,4.829925E-02,1.100968E+03,2.547615E+02,6.748034E-02,1.782923E-02 
22:00:00,1.575839E+03,0.000000E+00,9.658607E-02,0.000000E+00,1.100974E+03,5.440437E+02,6.748075E-02,3.807437E-02,6.004879E+02,0.000000E+00,3.680501E-02,0.000000E+00,1.413593E+03,0.000000E+00,8.664173E-02,0.000000E+00,1.273164E+03,3.357823E+02,7.803457E-02,2.349940E-02,1.413593E+03,0.000000E+00,8.664173E-02,0.000000E+00,1.100968E+03,2.747265E+01,6.748034E-02,1.922646E-03,1.029316E+03,2.343982E+02,6.308868E-02,1.640413E-02,1.272387E+03,2.519498E+01,7.798693E-02,1.763246E-03,1.100974E+03,0.000000E+00,6.748075E-02,0.000000E+00,1.273164E+03,1.621709E+02,7.803457E-02,1.134938E-02,1.412282E+03,0.000000E+00,8.656138E-02,0.000000E+00,1.412282E+03,0.000000E+00,8.656138E-02,0.000000E+00,1.272387E+03,6.383245E+02,7.798693E-02,4.467252E-02,1.100968E+03,2.210959E+02,6.748034E-02,1.547318E-02 
22:15:00,1.575839E+03,0.000000E+00,9.658607E-02,0.000000E+00,1.100974E+03,4.935607E+02,6.748075E-02,3.454136E-02,6.004879E+02,0.000000E+00,3.680501E-02,0.000000E+00,1.413593E+03,0.000000E+00,8.664173E-02,0.000000E+00,1.273164E+03,3.051775E+02,7.803457E-02,2.135755E-02,1.413593E+03,0.000000E+00,8.664173E-02,0.000000E+00,1.100968E+03,1.282027E+01,6.748034E-02,8.972140E-04,1.029316E+03,2.249654E+02,6.308868E-02,1.574399E-02,1.272387E+03,1.337757E+01,7.798693E-02,9.362162E-04,1.100974E+03,0.000000E+00,6.748075E-02,0.000000E+00,1.273164E+03,1.409758E+02,7.803457E-02,9.866054E-03,1.412282E+03,0.000000E+00,8.656138E-02,0.000000E+00,1.412282E+03,0.000000E+00,8.656138E-02,0.000000E+00,1.272387E+03,5.894762E+02,7.798693E-02,4.125391E-02,1.100968E+03,1.890645E+02,6.748034E-02,1.323150E-02 
22:30:00,1.575839E+03,0.000000E+00,9.658607E-02,0.000000E+00,1.100974E+03,4.455551E+02,6.748075E-02,3.118174E-02,6.004879E+02,0.000000E+00,3.680501E-02,0.000000E+00,1.413593E+03,0.000000E+00,8.664173E-02,0.000000E+00,1.273164E+03,2.759400E+02,7.803457E-02,1.931139E-02,1.413593E+03,0.000000E+00,8.664173E-02,0.000000E+00,1.100968E+03,3.755656E+00,6.748034E-02,2.628359E-04,1.029316E+03,2.155299E+02,6.308868E-02,1.508365E-02,1.272387E+03,5.322478E+00,7.798693E-02,3.724885E-04,1.100974E+03,0.000000E+00,6.748075E-02,0.000000E+00,1.273164E+03,1.206189E+02,7.803457E-02,8.441394E-03,1.412282E+03,0.000000E+00,8.656138E-02,0.000000E+00,1.412282E+03,0.000000E+00,8.656138E-02,0.000000E+00,1.272387E+03,5.432991E+02,7.798693E-02,3.802226E-02,1.100968E+03,1.586058E+02,6.748034E-02,1.109987E-02 
22:45:00,1.575839E+03,0.000000E+00,9.658607E-02,0.000000E+00,1.100974E+03,3.998915E+02,6.748075E-02,2.798602E-02,6.004879E+02,0.000000E+00,3.680501E-02,0.000000E+00,1.413593E+03,0.000000E+00,8.664173E-02,0.000000E+00,1.273164E+03,2.479977E+02,7.803457E-02,1.735588E-02,1.413593E+03,0.000000E+00,8.664173E-02,0.000000E+00,1.100968E+03,0.000000E+00,6.748034E-02,0.000000E+00,1.029316E+03,2.060563E+02,6.308868E-02,1.442065E-02,1.272387E+03,9.135993E-01,7.798693E-02,6.393736E-05,1.100974E+03,0.000000E+00,6.748075E-02,0.000000E+00,1.273164E+03,1.010747E+02,7.803457E-02,7.073614E-03,1.412282E+03,0.000000E+00,8.656138E-02,0.000000E+00,1.412282E+03,0.000000E+00,8.656138E-02,0.000000E+00,1.272387E+03,4.995665E+02,7.798693E-02,3.496168E-02,1.100968E+03,1.296722E+02,6.748034E-02,9.074985E-03 
23:00:00,1.575839E+03,0.000000E+00,9.658607E-02,0.000000E+00,1.100974E+03,3.564538E+02,6.748075E-02,2.494607E-02,6.004879E+02,0.000000E+00,3.680501E-02,0.000000E+00,1.413593E+03,0.000000E+00,8.664173E-02,0.000000E+00,1.273164E+03,2.212880E+02,7.803457E-02,1.548663E-02,1.413593E+03,0.000000E+00,8.664173E-02,0.000000E+00,1.100968E+03,0.000000E+00,6.748034E-02,0.000000E+00,1.029316E+03,1.965190E+02,6.308868E-02,1.375319E-02,1.272387E+03,0.000000E+00,7.798693E-02,0.000000E+00,1.100974E+03,0.000000E+00,6.748075E-02,0.000000E+00,1.273164E+03,8.232298E+01,7.803457E-02,5.761294E-03,1.412282E+03,0.000000E+00,8.656138E-02,0.000000E+00,1.412282E+03,0.000000E+00,8.656138E-02,0.000000E+00,1.272387E+03,4.580887E+02,7.798693E-02,3.205889E-02,1.100968E+03,1.022226E+02,6.748034E-02,7.153951E-03 
23:15:00,1.575839E+03,0.000000E+00,9.658607E-02,0.000000E+00,1.100974E+03,3.149881E+02,6.748075E-02,2.204413E-02,6.004879E+02,0.000000E+00,3.680501E-02,0.000000E+00,1.413593E+03,0.000000E+00,8.664173E-02,0.000000E+00,1.273164E+03,1.956014E+02,7.803457E-02,1.368897E-02,1.413593E+03,0.000000E+00,8.664173E-02,0.000000E+00,1.100968E+03,0.000000E+00,6.748034E-02,0.000000E+00,1.029316E+03,1.869018E+02,6.308868E-02,1.308014E-02,1.272387E+03,0.000000E+00,7.798693E-02,0.000000E+00,1.100974E+03,0.000000E+00,6.748075E-02,0.000000E+00,1.273164E+03,6.419212E+01,7.803457E-02,4.492423E-03,1.412282E+03,0.000000E+00,8.656138E-02,0.000000E+00,1.412282E+03,0.000000E+00,8.656138E-02,0.000000E+00,1.272387E+03,4.185628E+02,7.798693E-02,2.929271E-02,1.100968E+03,7.607219E+01,6.748034E-02,5.323838E-03 
23:30:00,1.575839E+03,0.000000E+00,9.658607E-02,0.000000E+00,1.100974E+03,2.754006E+02,6.748075E-02,1.927365E-02,6.004879E+02,0.000000E+00,3.680501E-02,0.000000E+00,1.413593E+03,0.000000E+00,8.664173E-02,0.000000E+00,1.273164E+03,1.708827E+02,7.803457E-02,1.195906E-02,1.413593E+03,0.000000E+00,8.664173E-02,0.000000E+00,1.100968E+03,0.000000E+00,6.748034E-02,0.000000E+00,1.029316E+03,1.771941E+02,6.308868E-02,1.240075E-02,1.272387E+03,0.000000E+00,7.798693E-02,0.000000E+00,1.100974E+03,0.000000E+00,6.748075E-02,0.000000E+00,1.273164E+03,4.666378E+01,7.803457E-02,3.265720E-03,1.412282E+03,0.000000E+00,8.656138E-02,0.000000E+00,1.412282E+03,0.000000E+00,8.656138E-02,0.000000E+00,1.272387E+03,3.808386E+02,7.798693E-02,2.665262E-02,1.100968E+03,5.120661E+01,6.748034E-02,3.583645E-03 
23:45:00,1.575839E+03,0.000000E+00,9.658607E-02,0.000000E+00,1.100974E+03,2.376143E+02,6.748075E-02,1.662920E-02,6.004879E+02,0.000000E+00,3.680501E-02,0.000000E+00,1.413593E+03,0.000000E+00,8.664173E-02,0.000000E+00,1.273164E+03,1.470845E+02,7.803457E-02,1.029357E-02,1.413593E+03,0.000000E+00,8.664173E-02,0.000000E+00,1.100968E+03,0.000000E+00,6.748034E-02,0.000000E+00,1.029316E+03,1.673905E+02,6.308868E-02,1.171466E-02,1.272387E+03,0.000000E+00,7.798693E-02,0.000000E+00,1.100974E+03,0.000000E+00,6.748075E-02,0.000000E+00,1.273164E+03,2.972572E+01,7.803457E-02,2.080325E-03,1.412282E+03,0.000000E+00,8.656138E-02,0.000000E+00,1.412282E+03,0.000000E+00,8.656138E-02,0.000000E+00,1.272387E+03,3.447821E+02,7.798693E-02,2.412924E-02,1.100968E+03,2.915970E+01,6.748034E-02,2.040713E-03 
24:00:00,1.575839E+03,0.000000E+00,9.658607E-02,0.000000E+00,1.100974E+03,2.015639E+02,6.748075E-02,1.410625E-02,6.004879E+02,0.000000E+00,3.680501E-02,0.000000E+00,1.413593E+03,0.000000E+00,8.664173E-02,0.000000E+00,1.273164E+03,1.241673E+02,7.803457E-02,8.689725E-03,1.413593E+03,0.000000E+00,8.664173E-02,0.000000E+00,1.100968E+03,0.000000E+00,6.748034E-02,0.000000E+00,1.029316E+03,1.574926E+02,6.308868E-02,1.102196E-02,1.272387E+03,0.000000E+00,7.798693E-02,0.000000E+00,1.100974E+03,0.000000E+00,6.748075E-02,0.000000E+00,1.273164E+03,1.597958E+01,7.803457E-02,1.118315E-03,1.412282E+03,0.000000E+00,8.656138E-02,0.000000E+00,1.412282E+03,0.000000E+00,8.656138E-02,0.000000E+00,1.272387E+03,3.102822E+02,7.798693E-02,2.171480E-02,1.100968E+03,1.348831E+01,6.748034E-02,9.439660E-04 
Peak,1.575839E+03,0.000000E+00,9.658607E-02,0.000000E+00,1.100974E+03,2.434184E+03,6.748075E-02,1.703540E-01,6.004879E+02,0.000000E+00,3.680501E-02,0.000000E+00,1.413593E+03,0.000000E+00,8.664173E-02,0.000000E+00,1.273164E+03,2.035975E+03,7.803457E-02,1.424857E-01,1.413593E+03,1.397053E+03,8.664173E-02,9.777025E-02,1.100968E+03,1.883327E+03,6.748034E-02,1.318028E-01,1.029316E+03,3.415231E+02,6.308868E-02,2.390116E-02,1.272387E+03,3.557619E+02,7.798693E-02,2.489765E-02,1.100974E+03,1.438618E+02,6.748075E-02,1.006803E-02,1.273164E+03,2.022634E+03,7.803457E-02,1.415520E-01,1.412282E+03,8.034663E+02,8.656138E-02,5.622937E-02,1.412282E+03,8.358198E+02,8.656138E-02,5.849346E-02,1.272387E+03,2.602109E+03,7.798693E-02,1.821061E-01,1.100968E+03,1.921736E+03,6.748034E-02,1.344908E-01 

Peak Vol Flow (m3/s),,,8.021944E-02,0.000000E+00,,,5.604606E-02,1.414873E-01,,,3.056835E-02,0.000000E+00,,,7.196019E-02,0.000000E+00,,,6.481151E-02,1.183414E-01,,,7.196019E-02,8.120296E-02,,,5.604571E-02,1.094686E-01,,,5.239823E-02,1.985108E-02,,,6.477195E-02,2.067871E-02,,,5.604606E-02,8.361987E-03,,,6.481151E-02,1.175659E-01,,,7.189345E-02,4.670124E-02,,,7.189345E-02,4.858167E-02,,,6.477195E-02,1.512480E-01,,,5.604571E-02,1.117012E-01 
