Time,THERMAL ZONE 5:PHILADELPHIA INTERNATIONAL AP ANN HTG 99.6% CONDNS DB:Des Heat Load [W],THERMAL ZONE 5::Des Sens Cool Load [W],THERMAL ZONE 5:PHILADELPHIA INTERNATIONAL AP ANN HTG 99.6% CONDNS DB:Des Heat Mass Flow [kg/s],THERMAL ZONE 5::Des Cool Mass Flow [kg/s],THERMAL ZONE 1:PHILADELPHIA INTERNATIONAL AP ANN HTG 99.6% CONDNS DB:Des Heat Load [W],THERMAL ZONE 1::Des Sens Cool Load [W],THERMAL ZONE 1:PHILADELPHIA INTERNATIONAL AP ANN HTG 99.6% CONDNS DB:Des Heat Mass Flow [kg/s],THERMAL ZONE 1::Des Cool Mass Flow [kg/s],THERMAL ZONE 3:PHILADELPHIA INTERNATIONAL AP ANN HTG 99.6% CONDNS DB:Des Heat Load [W],THERMAL ZONE 3::Des Sens Cool Load [W],THERMAL ZONE 3:PHILADELPHIA INTERNATIONAL AP ANN HTG 99.6% CONDNS DB:Des Heat Mass Flow [kg/s],THERMAL ZONE 3::Des Cool Mass Flow [kg/s],THERMAL ZONE 4:PHILADELPHIA INTERNATIONAL AP ANN HTG 99.6% CONDNS DB:Des Heat Load [W],THERMAL ZONE 4::Des Sens Cool Load [W],THERMAL ZONE 4:PHILADELPHIA INTERNATIONAL AP ANN HTG 99.6% CONDNS DB:Des Heat Mass Flow [kg/s],THERMAL ZONE 4::Des Cool Mass Flow [kg/s],THERMAL ZONE 2:PHILADELPHIA INTERNATIONAL AP ANN HTG 99.6% CONDNS DB:Des Heat Load [W],THERMAL ZONE 2::Des Sens Cool Load [W],THERMAL ZONE 2:PHILADELPHIA INTERNATIONAL AP ANN HTG 99.6% CONDNS DB:Des Heat Mass Flow [kg/s],THERMAL ZONE 2::Des Cool Mass Flow [kg/s] 
00:15:00,7.278393E+02,0.000000E+00,4.461061E-02,0.000000E+00,7.278393E+02,0.000000E+00,4.461061E-02,0.000000E+00,3.412208E+02,0.000000E+00,2.091405E-02,0.000000E+00,7.287452E+02,0.000000E+00,4.466613E-02,0.000000E+00,7.287452E+02,0.000000E+00,4.466613E-02,0.000000E+00 
00:30:00,7.278393E+02,0.000000E+00,4.461061E-02,0.000000E+00,7.278393E+02,0.000000E+00,4.461061E-02,0.000000E+00,3.412208E+02,0.000000E+00,2.091405E-02,0.000000E+00,7.287452E+02,0.000000E+00,4.466613E-02,0.000000E+00,7.287452E+02,0.000000E+00,4.466613E-02,0.000000E+00 
00:45:00,7.278393E+02,0.000000E+00,4.461061E-02,0.000000E+00,7.278393E+02,0.000000E+00,4.461061E-02,0.000000E+00,3.412208E+02,0.000000E+00,2.091405E-02,0.000000E+00,7.287452E+02,0.000000E+00,4.466613E-02,0.000000E+00,7.287452E+02,0.000000E+00,4.466613E-02,0.000000E+00 
01:00:00,7.278393E+02,0.000000E+00,4.461061E-02,0.000000E+00,7.278393E+02,0.000000E+00,4.461061E-02,0.000000E+00,3.412208E+02,0.000000E+00,2.091405E-02,0.000000E+00,7.287452E+02,0.000000E+00,4.466613E-02,0.000000E+00,7.287452E+02,0.000000E+00,4.466613E-02,0.000000E+00 
01:15:00,7.278393E+02,0.000000E+00,4.461061E-02,0.000000E+00,7.278393E+02,0.000000E+00,4.461061E-02,0.000000E+00,3.412208E+02,0.000000E+00,2.091405E-02,0.000000E+00,7.287452E+02,0.000000E+00,4.466613E-02,0.000000E+00,7.287452E+02,0.000000E+00,4.466613E-02,0.000000E+00 
01:30:00,7.278393E+02,0.000000E+00,4.461061E-02,0.000000E+00,7.278393E+02,0.000000E+00,4.461061E-02,0.000000E+00,3.412208E+02,0.000000E+00,2.091405E-02,0.000000E+00,7.287452E+02,0.000000E+00,4.466613E-02,0.000000E+00,7.287452E+02,0.000000E+00,4.466613E-02,0.000000E+00 
01:45:00,7.278393E+02,0.000000E+00,4.461061E-02,0.000000E+00,7.278393E+02,0.000000E+00,4.461061E-02,0.000000E+00,3.412208E+02,0.000000E+00,2.091405E-02,0.000000E+00,7.287452E+02,0.000000E+00,4.466613E-02,0.000000E+00,7.287452E+02,0.000000E+00,4.466613E-02,0.000000E+00 
02:00:00,7.278393E+02,0.000000E+00,4.461061E-02,0.000000E+00,7.278393E+02,0.000000E+00,4.461061E-02,0.000000E+00,3.412208E+02,0.000000E+00,2.091405E-02,0.000000E+00,7.287452E+02,0.000000E+00,4.466613E-02,0.000000E+00,7.287452E+02,0.000000E+00,4.466613E-02,0.000000E+00 
02:15:00,7.278393E+02,0.000000E+00,4.461061E-02,0.000000E+00,7.278393E+02,0.000000E+00,4.461061E-02,0.000000E+00,3.412208E+02,0.000000E+00,2.091405E-02,0.000000E+00,7.287452E+02,0.000000E+00,4.466613E-02,0.000000E+00,7.287452E+02,0.000000E+00,4.466613E-02,0.000000E+00 
02:30:00,7.278393E+02,0.000000E+00,4.461061E-02,0.000000E+00,7.278393E+02,0.000000E+00,4.461061E-02,0.000000E+00,3.412208E+02,0.000000E+00,2.091405E-02,0.000000E+00,7.287452E+02,0.000000E+00,4.466613E-02,0.000000E+00,7.287452E+02,0.000000E+00,4.466613E-02,0.000000E+00 
02:45:00,7.278393E+02,0.000000E+00,4.461061E-02,0.000000E+00,7.278393E+02,0.000000E+00,4.461061E-02,0.000000E+00,3.412208E+02,0.000000E+00,2.091405E-02,0.000000E+00,7.287452E+02,0.000000E+00,4.466613E-02,0.000000E+00,7.287452E+02,0.000000E+00,4.466613E-02,0.000000E+00 
03:00:00,7.278393E+02,0.000000E+00,4.461061E-02,0.000000E+00,7.278393E+02,0.000000E+00,4.461061E-02,0.000000E+00,3.412208E+02,0.000000E+00,2.091405E-02,0.000000E+00,7.287452E+02,0.000000E+00,4.466613E-02,0.000000E+00,7.287452E+02,0.000000E+00,4.466613E-02,0.000000E+00 
03:15:00,7.278393E+02,0.000000E+00,4.461061E-02,0.000000E+00,7.278393E+02,0.000000E+00,4.461061E-02,0.000000E+00,3.412208E+02,0.000000E+00,2.091405E-02,0.000000E+00,7.287452E+02,0.000000E+00,4.466613E-02,0.000000E+00,7.287452E+02,0.000000E+00,4.466613E-02,0.000000E+00 
03:30:00,7.278393E+02,0.000000E+00,4.461061E-02,0.000000E+00,7.278393E+02,0.000000E+00,4.461061E-02,0.000000E+00,3.412208E+02,0.000000E+00,2.091405E-02,0.000000E+00,7.287452E+02,0.000000E+00,4.466613E-02,0.000000E+00,7.287452E+02,0.000000E+00,4.466613E-02,0.000000E+00 
03:45:00,7.278393E+02,0.000000E+00,4.461061E-02,0.000000E+00,7.278393E+02,0.000000E+00,4.461061E-02,0.000000E+00,3.412208E+02,0.000000E+00,2.091405E-02,0.000000E+00,7.287452E+02,0.000000E+00,4.466613E-02,0.000000E+00,7.287452E+02,0.000000E+00,4.466613E-02,0.000000E+00 
04:00:00,7.278393E+02,0.000000E+00,4.461061E-02,0.000000E+00,7.278393E+02,0.000000E+00,4.461061E-02,0.000000E+00,3.412208E+02,0.000000E+00,2.091405E-02,0.000000E+00,7.287452E+02,0.000000E+00,4.466613E-02,0.000000E+00,7.287452E+02,0.000000E+00,4.466613E-02,0.000000E+00 
04:15:00,7.278393E+02,0.000000E+00,4.461061E-02,0.000000E+00,7.278393E+02,0.000000E+00,4.461061E-02,0.000000E+00,3.412208E+02,0.000000E+00,2.091405E-02,0.000000E+00,7.287452E+02,0.000000E+00,4.466613E-02,0.000000E+00,7.287452E+02,0.000000E+00,4.466613E-02,0.000000E+00 
04:30:00,7.278393E+02,0.000000E+00,4.461061E-02,0.000000E+00,7.278393E+02,0.000000E+00,4.461061E-02,0.000000E+00,3.412208E+02,0.000000E+00,2.091405E-02,0.000000E+00,7.287452E+02,0.000000E+00,4.466613E-02,0.000000E+00,7.287452E+02,0.000000E+00,4.466613E-02,0.000000E+00 
04:45:00,7.278393E+02,0.000000E+00,4.461061E-02,0.000000E+00,7.278393E+02,0.000000E+00,4.461061E-02,0.000000E+00,3.412208E+02,0.000000E+00,2.091405E-02,0.000000E+00,7.287452E+02,0.000000E+00,4.466613E-02,0.000000E+00,7.287452E+02,0.000000E+00,4.466613E-02,0.000000E+00 
05:00:00,7.278393E+02,0.000000E+00,4.461061E-02,0.000000E+00,7.278393E+02,0.000000E+00,4.461061E-02,0.000000E+00,3.412208E+02,0.000000E+00,2.091405E-02,0.000000E+00,7.287452E+02,0.000000E+00,4.466613E-02,0.000000E+00,7.287452E+02,0.000000E+00,4.466613E-02,0.000000E+00 
05:15:00,7.278393E+02,0.000000E+00,4.461061E-02,0.000000E+00,7.278393E+02,0.000000E+00,4.461061E-02,0.000000E+00,3.412208E+02,0.000000E+00,2.091405E-02,0.000000E+00,7.287452E+02,0.000000E+00,4.466613E-02,0.000000E+00,7.287452E+02,0.000000E+00,4.466613E-02,0.000000E+00 
05:30:00,7.278393E+02,0.000000E+00,4.461061E-02,0.000000E+00,7.278393E+02,0.000000E+00,4.461061E-02,0.000000E+00,3.412208E+02,0.000000E+00,2.091405E-02,0.000000E+00,7.287452E+02,0.000000E+00,4.466613E-02,0.000000E+00,7.287452E+02,0.000000E+00,4.466613E-02,0.000000E+00 
05:45:00,7.278393E+02,0.000000E+00,4.461061E-02,0.000000E+00,7.278393E+02,0.000000E+00,4.461061E-02,0.000000E+00,3.412208E+02,0.000000E+00,2.091405E-02,0.000000E+00,7.287452E+02,0.000000E+00,4.466613E-02,0.000000E+00,7.287452E+02,0.000000E+00,4.466613E-02,0.000000E+00 
06:00:00,7.278393E+02,0.000000E+00,4.461061E-02,0.000000E+00,7.278393E+02,0.000000E+00,4.461061E-02,0.000000E+00,3.412208E+02,0.000000E+00,2.091405E-02,0.000000E+00,7.287452E+02,0.000000E+00,4.466613E-02,0.000000E+00,7.287452E+02,0.000000E+00,4.466613E-02,0.000000E+00 
06:15:00,7.278393E+02,0.000000E+00,4.461061E-02,0.000000E+00,7.278393E+02,0.000000E+00,4.461061E-02,0.000000E+00,3.412208E+02,0.000000E+00,2.091405E-02,0.000000E+00,7.287452E+02,0.000000E+00,4.466613E-02,0.000000E+00,7.287452E+02,0.000000E+00,4.466613E-02,0.000000E+00 
06:30:00,7.278393E+02,0.000000E+00,4.461061E-02,0.000000E+00,7.278393E+02,0.000000E+00,4.461061E-02,0.000000E+00,3.412208E+02,0.000000E+00,2.091405E-02,0.000000E+00,7.287452E+02,0.000000E+00,4.466613E-02,0.000000E+00,7.287452E+02,0.000000E+00,4.466613E-02,0.000000E+00 
06:45:00,7.278393E+02,0.000000E+00,4.461061E-02,0.000000E+00,7.278393E+02,0.000000E+00,4.461061E-02,0.000000E+00,3.412208E+02,0.000000E+00,2.091405E-02,0.000000E+00,7.287452E+02,0.000000E+00,4.466613E-02,0.000000E+00,7.287452E+02,0.000000E+00,4.466613E-02,0.000000E+00 
07:00:00,7.278393E+02,0.000000E+00,4.461061E-02,0.000000E+00,7.278393E+02,0.000000E+00,4.461061E-02,0.000000E+00,3.412208E+02,0.000000E+00,2.091405E-02,0.000000E+00,7.287452E+02,0.000000E+00,4.466613E-02,0.000000E+00,7.287452E+02,0.000000E+00,4.466613E-02,0.000000E+00 
07:15:00,7.278393E+02,0.000000E+00,4.461061E-02,0.000000E+00,7.278393E+02,0.000000E+00,4.461061E-02,0.000000E+00,3.412208E+02,0.000000E+00,2.091405E-02,0.000000E+00,7.287452E+02,0.000000E+00,4.466613E-02,0.000000E+00,7.287452E+02,0.000000E+00,4.466613E-02,0.000000E+00 
07:30:00,7.278393E+02,0.000000E+00,4.461061E-02,0.000000E+00,7.278393E+02,0.000000E+00,4.461061E-02,0.000000E+00,3.412208E+02,0.000000E+00,2.091405E-02,0.000000E+00,7.287452E+02,0.000000E+00,4.466613E-02,0.000000E+00,7.287452E+02,0.000000E+00,4.466613E-02,0.000000E+00 
07:45:00,7.278393E+02,0.000000E+00,4.461061E-02,0.000000E+00,7.278393E+02,0.000000E+00,4.461061E-02,0.000000E+00,3.412208E+02,0.000000E+00,2.091405E-02,0.000000E+00,7.287452E+02,0.000000E+00,4.466613E-02,0.000000E+00,7.287452E+02,0.000000E+00,4.466613E-02,0.000000E+00 
08:00:00,7.278393E+02,0.000000E+00,4.461061E-02,0.000000E+00,7.278393E+02,0.000000E+00,4.461061E-02,0.000000E+00,3.412208E+02,0.000000E+00,2.091405E-02,0.000000E+00,7.287452E+02,0.000000E+00,4.466613E-02,0.000000E+00,7.287452E+02,0.000000E+00,4.466613E-02,0.000000E+00 
08:15:00,7.278393E+02,0.000000E+00,4.461061E-02,0.000000E+00,7.278393E+02,0.000000E+00,4.461061E-02,0.000000E+00,3.412208E+02,0.000000E+00,2.091405E-02,0.000000E+00,7.287452E+02,0.000000E+00,4.466613E-02,0.000000E+00,7.287452E+02,0.000000E+00,4.466613E-02,0.000000E+00 
08:30:00,7.278393E+02,0.000000E+00,4.461061E-02,0.000000E+00,7.278393E+02,0.000000E+00,4.461061E-02,0.000000E+00,3.412208E+02,0.000000E+00,2.091405E-02,0.000000E+00,7.287452E+02,0.000000E+00,4.466613E-02,0.000000E+00,7.287452E+02,0.000000E+00,4.466613E-02,0.000000E+00 
08:45:00,7.278393E+02,0.000000E+00,4.461061E-02,0.000000E+00,7.278393E+02,0.000000E+00,4.461061E-02,0.000000E+00,3.412208E+02,0.000000E+00,2.091405E-02,0.000000E+00,7.287452E+02,0.000000E+00,4.466613E-02,0.000000E+00,7.287452E+02,0.000000E+00,4.466613E-02,0.000000E+00 
09:00:00,7.278393E+02,0.000000E+00,4.461061E-02,0.000000E+00,7.278393E+02,0.000000E+00,4.461061E-02,0.000000E+00,3.412208E+02,0.000000E+00,2.091405E-02,0.000000E+00,7.287452E+02,0.000000E+00,4.466613E-02,0.000000E+00,7.287452E+02,0.000000E+00,4.466613E-02,0.000000E+00 
09:15:00,7.278393E+02,0.000000E+00,4.461061E-02,0.000000E+00,7.278393E+02,0.000000E+00,4.461061E-02,0.000000E+00,3.412208E+02,0.000000E+00,2.091405E-02,0.000000E+00,7.287452E+02,0.000000E+00,4.466613E-02,0.000000E+00,7.287452E+02,0.000000E+00,4.466613E-02,0.000000E+00 
09:30:00,7.278393E+02,0.000000E+00,4.461061E-02,0.000000E+00,7.278393E+02,0.000000E+00,4.461061E-02,0.000000E+00,3.412208E+02,0.000000E+00,2.091405E-02,0.000000E+00,7.287452E+02,0.000000E+00,4.466613E-02,0.000000E+00,7.287452E+02,0.000000E+00,4.466613E-02,0.000000E+00 
09:45:00,7.278393E+02,0.000000E+00,4.461061E-02,0.000000E+00,7.278393E+02,0.000000E+00,4.461061E-02,0.000000E+00,3.412208E+02,0.000000E+00,2.091405E-02,0.000000E+00,7.287452E+02,0.000000E+00,4.466613E-02,0.000000E+00,7.287452E+02,0.000000E+00,4.466613E-02,0.000000E+00 
10:00:00,7.278393E+02,0.000000E+00,4.461061E-02,0.000000E+00,7.278393E+02,0.000000E+00,4.461061E-02,0.000000E+00,3.412208E+02,0.000000E+00,2.091405E-02,0.000000E+00,7.287452E+02,0.000000E+00,4.466613E-02,0.000000E+00,7.287452E+02,0.000000E+00,4.466613E-02,0.000000E+00 
10:15:00,7.278393E+02,0.000000E+00,4.461061E-02,0.000000E+00,7.278393E+02,0.000000E+00,4.461061E-02,0.000000E+00,3.412208E+02,0.000000E+00,2.091405E-02,0.000000E+00,7.287452E+02,0.000000E+00,4.466613E-02,0.000000E+00,7.287452E+02,0.000000E+00,4.466613E-02,0.000000E+00 
10:30:00,7.278393E+02,0.000000E+00,4.461061E-02,0.000000E+00,7.278393E+02,0.000000E+00,4.461061E-02,0.000000E+00,3.412208E+02,0.000000E+00,2.091405E-02,0.000000E+00,7.287452E+02,0.000000E+00,4.466613E-02,0.000000E+00,7.287452E+02,0.000000E+00,4.466613E-02,0.000000E+00 
10:45:00,7.278393E+02,0.000000E+00,4.461061E-02,0.000000E+00,7.278393E+02,0.000000E+00,4.461061E-02,0.000000E+00,3.412208E+02,0.000000E+00,2.091405E-02,0.000000E+00,7.287452E+02,0.000000E+00,4.466613E-02,0.000000E+00,7.287452E+02,0.000000E+00,4.466613E-02,0.000000E+00 
11:00:00,7.278393E+02,0.000000E+00,4.461061E-02,0.000000E+00,7.278393E+02,0.000000E+00,4.461061E-02,0.000000E+00,3.412208E+02,0.000000E+00,2.091405E-02,0.000000E+00,7.287452E+02,0.000000E+00,4.466613E-02,0.000000E+00,7.287452E+02,0.000000E+00,4.466613E-02,0.000000E+00 
11:15:00,7.278393E+02,0.000000E+00,4.461061E-02,0.000000E+00,7.278393E+02,0.000000E+00,4.461061E-02,0.000000E+00,3.412208E+02,0.000000E+00,2.091405E-02,0.000000E+00,7.287452E+02,0.000000E+00,4.466613E-02,0.000000E+00,7.287452E+02,0.000000E+00,4.466613E-02,0.000000E+00 
11:30:00,7.278393E+02,0.000000E+00,4.461061E-02,0.000000E+00,7.278393E+02,0.000000E+00,4.461061E-02,0.000000E+00,3.412208E+02,0.000000E+00,2.091405E-02,0.000000E+00,7.287452E+02,0.000000E+00,4.466613E-02,0.000000E+00,7.287452E+02,0.000000E+00,4.466613E-02,0.000000E+00 
11:45:00,7.278393E+02,0.000000E+00,4.461061E-02,0.000000E+00,7.278393E+02,0.000000E+00,4.461061E-02,0.000000E+00,3.412208E+02,0.000000E+00,2.091405E-02,0.000000E+00,7.287452E+02,0.000000E+00,4.466613E-02,0.000000E+00,7.287452E+02,0.000000E+00,4.466613E-02,0.000000E+00 
12:00:00,7.278393E+02,0.000000E+00,4.461061E-02,0.000000E+00,7.278393E+02,0.000000E+00,4.461061E-02,0.000000E+00,3.412208E+02,0.000000E+00,2.091405E-02,0.000000E+00,7.287452E+02,0.000000E+00,4.466613E-02,0.000000E+00,7.287452E+02,0.000000E+00,4.466613E-02,0.000000E+00 
12:15:00,7.278393E+02,0.000000E+00,4.461061E-02,0.000000E+00,7.278393E+02,0.000000E+00,4.461061E-02,0.000000E+00,3.412208E+02,0.000000E+00,2.091405E-02,0.000000E+00,7.287452E+02,0.000000E+00,4.466613E-02,0.000000E+00,7.287452E+02,0.000000E+00,4.466613E-02,0.000000E+00 
12:30:00,7.278393E+02,0.000000E+00,4.461061E-02,0.000000E+00,7.278393E+02,0.000000E+00,4.461061E-02,0.000000E+00,3.412208E+02,0.000000E+00,2.091405E-02,0.000000E+00,7.287452E+02,0.000000E+00,4.466613E-02,0.000000E+00,7.287452E+02,0.000000E+00,4.466613E-02,0.000000E+00 
12:45:00,7.278393E+02,0.000000E+00,4.461061E-02,0.000000E+00,7.278393E+02,0.000000E+00,4.461061E-02,0.000000E+00,3.412208E+02,0.000000E+00,2.091405E-02,0.000000E+00,7.287452E+02,0.000000E+00,4.466613E-02,0.000000E+00,7.287452E+02,0.000000E+00,4.466613E-02,0.000000E+00 
13:00:00,7.278393E+02,0.000000E+00,4.461061E-02,0.000000E+00,7.278393E+02,0.000000E+00,4.461061E-02,0.000000E+00,3.412208E+02,0.000000E+00,2.091405E-02,0.000000E+00,7.287452E+02,0.000000E+00,4.466613E-02,0.000000E+00,7.287452E+02,0.000000E+00,4.466613E-02,0.000000E+00 
13:15:00,7.278393E+02,0.000000E+00,4.461061E-02,0.000000E+00,7.278393E+02,0.000000E+00,4.461061E-02,0.000000E+00,3.412208E+02,0.000000E+00,2.091405E-02,0.000000E+00,7.287452E+02,0.000000E+00,4.466613E-02,0.000000E+00,7.287452E+02,0.000000E+00,4.466613E-02,0.000000E+00 
13:30:00,7.278393E+02,0.000000E+00,4.461061E-02,0.000000E+00,7.278393E+02,0.000000E+00,4.461061E-02,0.000000E+00,3.412208E+02,0.000000E+00,2.091405E-02,0.000000E+00,7.287452E+02,0.000000E+00,4.466613E-02,0.000000E+00,7.287452E+02,0.000000E+00,4.466613E-02,0.000000E+00 
13:45:00,7.278393E+02,0.000000E+00,4.461061E-02,0.000000E+00,7.278393E+02,0.000000E+00,4.461061E-02,0.000000E+00,3.412208E+02,0.000000E+00,2.091405E-02,0.000000E+00,7.287452E+02,0.000000E+00,4.466613E-02,0.000000E+00,7.287452E+02,0.000000E+00,4.466613E-02,0.000000E+00 
14:00:00,7.278393E+02,0.000000E+00,4.461061E-02,0.000000E+00,7.278393E+02,0.000000E+00,4.461061E-02,0.000000E+00,3.412208E+02,0.000000E+00,2.091405E-02,0.000000E+00,7.287452E+02,0.000000E+00,4.466613E-02,0.000000E+00,7.287452E+02,0.000000E+00,4.466613E-02,0.000000E+00 
14:15:00,7.278393E+02,0.000000E+00,4.461061E-02,0.000000E+00,7.278393E+02,0.000000E+00,4.461061E-02,0.000000E+00,3.412208E+02,0.000000E+00,2.091405E-02,0.000000E+00,7.287452E+02,0.000000E+00,4.466613E-02,0.000000E+00,7.287452E+02,0.000000E+00,4.466613E-02,0.000000E+00 
14:30:00,7.278393E+02,0.000000E+00,4.461061E-02,0.000000E+00,7.278393E+02,0.000000E+00,4.461061E-02,0.000000E+00,3.412208E+02,0.000000E+00,2.091405E-02,0.000000E+00,7.287452E+02,0.000000E+00,4.466613E-02,0.000000E+00,7.287452E+02,0.000000E+00,4.466613E-02,0.000000E+00 
14:45:00,7.278393E+02,0.000000E+00,4.461061E-02,0.000000E+00,7.278393E+02,0.000000E+00,4.461061E-02,0.000000E+00,3.412208E+02,0.000000E+00,2.091405E-02,0.000000E+00,7.287452E+02,0.000000E+00,4.466613E-02,0.000000E+00,7.287452E+02,0.000000E+00,4.466613E-02,0.000000E+00 
15:00:00,7.278393E+02,0.000000E+00,4.461061E-02,0.000000E+00,7.278393E+02,0.000000E+00,4.461061E-02,0.000000E+00,3.412208E+02,0.000000E+00,2.091405E-02,0.000000E+00,7.287452E+02,0.000000E+00,4.466613E-02,0.000000E+00,7.287452E+02,0.000000E+00,4.466613E-02,0.000000E+00 
15:15:00,7.278393E+02,0.000000E+00,4.461061E-02,0.000000E+00,7.278393E+02,0.000000E+00,4.461061E-02,0.000000E+00,3.412208E+02,0.000000E+00,2.091405E-02,0.000000E+00,7.287452E+02,0.000000E+00,4.466613E-02,0.000000E+00,7.287452E+02,0.000000E+00,4.466613E-02,0.000000E+00 
15:30:00,7.278393E+02,0.000000E+00,4.461061E-02,0.000000E+00,7.278393E+02,0.000000E+00,4.461061E-02,0.000000E+00,3.412208E+02,0.000000E+00,2.091405E-02,0.000000E+00,7.287452E+02,0.000000E+00,4.466613E-02,0.000000E+00,7.287452E+02,0.000000E+00,4.466613E-02,0.000000E+00 
15:45:00,7.278393E+02,0.000000E+00,4.461061E-02,0.000000E+00,7.278393E+02,0.000000E+00,4.461061E-02,0.000000E+00,3.412208E+02,0.000000E+00,2.091405E-02,0.000000E+00,7.287452E+02,0.000000E+00,4.466613E-02,0.000000E+00,7.287452E+02,0.000000E+00,4.466613E-02,0.000000E+00 
16:00:00,7.278393E+02,0.000000E+00,4.461061E-02,0.000000E+00,7.278393E+02,0.000000E+00,4.461061E-02,0.000000E+00,3.412208E+02,0.000000E+00,2.091405E-02,0.000000E+00,7.287452E+02,0.000000E+00,4.466613E-02,0.000000E+00,7.287452E+02,0.000000E+00,4.466613E-02,0.000000E+00 
16:15:00,7.278393E+02,0.000000E+00,4.461061E-02,0.000000E+00,7.278393E+02,0.000000E+00,4.461061E-02,0.000000E+00,3.412208E+02,0.000000E+00,2.091405E-02,0.000000E+00,7.287452E+02,0.000000E+00,4.466613E-02,0.000000E+00,7.287452E+02,0.000000E+00,4.466613E-02,0.000000E+00 
16:30:00,7.278393E+02,0.000000E+00,4.461061E-02,0.000000E+00,7.278393E+02,0.000000E+00,4.461061E-02,0.000000E+00,3.412208E+02,0.000000E+00,2.091405E-02,0.000000E+00,7.287452E+02,0.000000E+00,4.466613E-02,0.000000E+00,7.287452E+02,0.000000E+00,4.466613E-02,0.000000E+00 
16:45:00,7.278393E+02,0.000000E+00,4.461061E-02,0.000000E+00,7.278393E+02,0.000000E+00,4.461061E-02,0.000000E+00,3.412208E+02,0.000000E+00,2.091405E-02,0.000000E+00,7.287452E+02,0.000000E+00,4.466613E-02,0.000000E+00,7.287452E+02,0.000000E+00,4.466613E-02,0.000000E+00 
17:00:00,7.278393E+02,0.000000E+00,4.461061E-02,0.000000E+00,7.278393E+02,0.000000E+00,4.461061E-02,0.000000E+00,3.412208E+02,0.000000E+00,2.091405E-02,0.000000E+00,7.287452E+02,0.000000E+00,4.466613E-02,0.000000E+00,7.287452E+02,0.000000E+00,4.466613E-02,0.000000E+00 
17:15:00,7.278393E+02,0.000000E+00,4.461061E-02,0.000000E+00,7.278393E+02,0.000000E+00,4.461061E-02,0.000000E+00,3.412208E+02,0.000000E+00,2.091405E-02,0.000000E+00,7.287452E+02,0.000000E+00,4.466613E-02,0.000000E+00,7.287452E+02,0.000000E+00,4.466613E-02,0.000000E+00 
17:30:00,7.278393E+02,0.000000E+00,4.461061E-02,0.000000E+00,7.278393E+02,0.000000E+00,4.461061E-02,0.000000E+00,3.412208E+02,0.000000E+00,2.091405E-02,0.000000E+00,7.287452E+02,0.000000E+00,4.466613E-02,0.000000E+00,7.287452E+02,0.000000E+00,4.466613E-02,0.000000E+00 
17:45:00,7.278393E+02,0.000000E+00,4.461061E-02,0.000000E+00,7.278393E+02,0.000000E+00,4.461061E-02,0.000000E+00,3.412208E+02,0.000000E+00,2.091405E-02,0.000000E+00,7.287452E+02,0.000000E+00,4.466613E-02,0.000000E+00,7.287452E+02,0.000000E+00,4.466613E-02,0.000000E+00 
18:00:00,7.278393E+02,0.000000E+00,4.461061E-02,0.000000E+00,7.278393E+02,0.000000E+00,4.461061E-02,0.000000E+00,3.412208E+02,0.000000E+00,2.091405E-02,0.000000E+00,7.287452E+02,0.000000E+00,4.466613E-02,0.000000E+00,7.287452E+02,0.000000E+00,4.466613E-02,0.000000E+00 
18:15:00,7.278393E+02,0.000000E+00,4.461061E-02,0.000000E+00,7.278393E+02,0.000000E+00,4.461061E-02,0.000000E+00,3.412208E+02,0.000000E+00,2.091405E-02,0.000000E+00,7.287452E+02,0.000000E+00,4.466613E-02,0.000000E+00,7.287452E+02,0.000000E+00,4.466613E-02,0.000000E+00 
18:30:00,7.278393E+02,0.000000E+00,4.461061E-02,0.000000E+00,7.278393E+02,0.000000E+00,4.461061E-02,0.000000E+00,3.412208E+02,0.000000E+00,2.091405E-02,0.000000E+00,7.287452E+02,0.000000E+00,4.466613E-02,0.000000E+00,7.287452E+02,0.000000E+00,4.466613E-02,0.000000E+00 
18:45:00,7.278393E+02,0.000000E+00,4.461061E-02,0.000000E+00,7.278393E+02,0.000000E+00,4.461061E-02,0.000000E+00,3.412208E+02,0.000000E+00,2.091405E-02,0.000000E+00,7.287452E+02,0.000000E+00,4.466613E-02,0.000000E+00,7.287452E+02,0.000000E+00,4.466613E-02,0.000000E+00 
19:00:00,7.278393E+02,0.000000E+00,4.461061E-02,0.000000E+00,7.278393E+02,0.000000E+00,4.461061E-02,0.000000E+00,3.412208E+02,0.000000E+00,2.091405E-02,0.000000E+00,7.287452E+02,0.000000E+00,4.466613E-02,0.000000E+00,7.287452E+02,0.000000E+00,4.466613E-02,0.000000E+00 
19:15:00,7.278393E+02,0.000000E+00,4.461061E-02,0.000000E+00,7.278393E+02,0.000000E+00,4.461061E-02,0.000000E+00,3.412208E+02,0.000000E+00,2.091405E-02,0.000000E+00,7.287452E+02,0.000000E+00,4.466613E-02,0.000000E+00,7.287452E+02,0.000000E+00,4.466613E-02,0.000000E+00 
19:30:00,7.278393E+02,0.000000E+00,4.461061E-02,0.000000E+00,7.278393E+02,0.000000E+00,4.461061E-02,0.000000E+00,3.412208E+02,0.000000E+00,2.091405E-02,0.000000E+00,7.287452E+02,0.000000E+00,4.466613E-02,0.000000E+00,7.287452E+02,0.000000E+00,4.466613E-02,0.000000E+00 
19:45:00,7.278393E+02,0.000000E+00,4.461061E-02,0.000000E+00,7.278393E+02,0.000000E+00,4.461061E-02,0.000000E+00,3.412208E+02,0.000000E+00,2.091405E-02,0.000000E+00,7.287452E+02,0.000000E+00,4.466613E-02,0.000000E+00,7.287452E+02,0.000000E+00,4.466613E-02,0.000000E+00 
20:00:00,7.278393E+02,0.000000E+00,4.461061E-02,0.000000E+00,7.278393E+02,0.000000E+00,4.461061E-02,0.000000E+00,3.412208E+02,0.000000E+00,2.091405E-02,0.000000E+00,7.287452E+02,0.000000E+00,4.466613E-02,0.000000E+00,7.287452E+02,0.000000E+00,4.466613E-02,0.000000E+00 
20:15:00,7.278393E+02,0.000000E+00,4.461061E-02,0.000000E+00,7.278393E+02,0.000000E+00,4.461061E-02,0.000000E+00,3.412208E+02,0.000000E+00,2.091405E-02,0.000000E+00,7.287452E+02,0.000000E+00,4.466613E-02,0.000000E+00,7.287452E+02,0.000000E+00,4.466613E-02,0.000000E+00 
20:30:00,7.278393E+02,0.000000E+00,4.461061E-02,0.000000E+00,7.278393E+02,0.000000E+00,4.461061E-02,0.000000E+00,3.412208E+02,0.000000E+00,2.091405E-02,0.000000E+00,7.287452E+02,0.000000E+00,4.466613E-02,0.000000E+00,7.287452E+02,0.000000E+00,4.466613E-02,0.000000E+00 
20:45:00,7.278393E+02,0.000000E+00,4.461061E-02,0.000000E+00,7.278393E+02,0.000000E+00,4.461061E-02,0.000000E+00,3.412208E+02,0.000000E+00,2.091405E-02,0.000000E+00,7.287452E+02,0.000000E+00,4.466613E-02,0.000000E+00,7.287452E+02,0.000000E+00,4.466613E-02,0.000000E+00 
21:00:00,7.278393E+02,0.000000E+00,4.461061E-02,0.000000E+00,7.278393E+02,0.000000E+00,4.461061E-02,0.000000E+00,3.412208E+02,0.000000E+00,2.091405E-02,0.000000E+00,7.287452E+02,0.000000E+00,4.466613E-02,0.000000E+00,7.287452E+02,0.000000E+00,4.466613E-02,0.000000E+00 
21:15:00,7.278393E+02,0.000000E+00,4.461061E-02,0.000000E+00,7.278393E+02,0.000000E+00,4.461061E-02,0.000000E+00,3.412208E+02,0.000000E+00,2.091405E-02,0.000000E+00,7.287452E+02,0.000000E+00,4.466613E-02,0.000000E+00,7.287452E+02,0.000000E+00,4.466613E-02,0.000000E+00 
21:30:00,7.278393E+02,0.000000E+00,4.461061E-02,0.000000E+00,7.278393E+02,0.000000E+00,4.461061E-02,0.000000E+00,3.412208E+02,0.000000E+00,2.091405E-02,0.000000E+00,7.287452E+02,0.000000E+00,4.466613E-02,0.000000E+00,7.287452E+02,0.000000E+00,4.466613E-02,0.000000E+00 
21:45:00,7.278393E+02,0.000000E+00,4.461061E-02,0.000000E+00,7.278393E+02,0.000000E+00,4.461061E-02,0.000000E+00,3.412208E+02,0.000000E+00,2.091405E-02,0.000000E+00,7.287452E+02,0.000000E+00,4.466613E-02,0.000000E+00,7.287452E+02,0.000000E+00,4.466613E-02,0.000000E+00 
22:00:00,7.278393E+02,0.000000E+00,4.461061E-02,0.000000E+00,7.278393E+02,0.000000E+00,4.461061E-02,0.000000E+00,3.412208E+02,0.000000E+00,2.091405E-02,0.000000E+00,7.287452E+02,0.000000E+00,4.466613E-02,0.000000E+00,7.287452E+02,0.000000E+00,4.466613E-02,0.000000E+00 
22:15:00,7.278393E+02,0.000000E+00,4.461061E-02,0.000000E+00,7.278393E+02,0.000000E+00,4.461061E-02,0.000000E+00,3.412208E+02,0.000000E+00,2.091405E-02,0.000000E+00,7.287452E+02,0.000000E+00,4.466613E-02,0.000000E+00,7.287452E+02,0.000000E+00,4.466613E-02,0.000000E+00 
22:30:00,7.278393E+02,0.000000E+00,4.461061E-02,0.000000E+00,7.278393E+02,0.000000E+00,4.461061E-02,0.000000E+00,3.412208E+02,0.000000E+00,2.091405E-02,0.000000E+00,7.287452E+02,0.000000E+00,4.466613E-02,0.000000E+00,7.287452E+02,0.000000E+00,4.466613E-02,0.000000E+00 
22:45:00,7.278393E+02,0.000000E+00,4.461061E-02,0.000000E+00,7.278393E+02,0.000000E+00,4.461061E-02,0.000000E+00,3.412208E+02,0.000000E+00,2.091405E-02,0.000000E+00,7.287452E+02,0.000000E+00,4.466613E-02,0.000000E+00,7.287452E+02,0.000000E+00,4.466613E-02,0.000000E+00 
23:00:00,7.278393E+02,0.000000E+00,4.461061E-02,0.000000E+00,7.278393E+02,0.000000E+00,4.461061E-02,0.000000E+00,3.412208E+02,0.000000E+00,2.091405E-02,0.000000E+00,7.287452E+02,0.000000E+00,4.466613E-02,0.000000E+00,7.287452E+02,0.000000E+00,4.466613E-02,0.000000E+00 
23:15:00,7.278393E+02,0.000000E+00,4.461061E-02,0.000000E+00,7.278393E+02,0.000000E+00,4.461061E-02,0.000000E+00,3.412208E+02,0.000000E+00,2.091405E-02,0.000000E+00,7.287452E+02,0.000000E+00,4.466613E-02,0.000000E+00,7.287452E+02,0.000000E+00,4.466613E-02,0.000000E+00 
23:30:00,7.278393E+02,0.000000E+00,4.461061E-02,0.000000E+00,7.278393E+02,0.000000E+00,4.461061E-02,0.000000E+00,3.412208E+02,0.000000E+00,2.091405E-02,0.000000E+00,7.287452E+02,0.000000E+00,4.466613E-02,0.000000E+00,7.287452E+02,0.000000E+00,4.466613E-02,0.000000E+00 
23:45:00,7.278393E+02,0.000000E+00,4.461061E-02,0.000000E+00,7.278393E+02,0.000000E+00,4.461061E-02,0.000000E+00,3.412208E+02,0.000000E+00,2.091405E-02,0.000000E+00,7.287452E+02,0.000000E+00,4.466613E-02,0.000000E+00,7.287452E+02,0.000000E+00,4.466613E-02,0.000000E+00 
24:00:00,7.278393E+02,0.000000E+00,4.461061E-02,0.000000E+00,7.278393E+02,0.000000E+00,4.461061E-02,0.000000E+00,3.412208E+02,0.000000E+00,2.091405E-02,0.000000E+00,7.287452E+02,0.000000E+00,4.466613E-02,0.000000E+00,7.287452E+02,0.000000E+00,4.466613E-02,0.000000E+00 
Peak,7.278393E+02,0.000000E+00,4.461061E-02,0.000000E+00,7.278393E+02,0.000000E+00,4.461061E-02,0.000000E+00,3.412208E+02,0.000000E+00,2.091405E-02,0.000000E+00,7.287452E+02,0.000000E+00,4.466613E-02,0.000000E+00,7.287452E+02,0.000000E+00,4.466613E-02,0.000000E+00 

Peak Vol Flow (m3/s),,,3.705129E-02,0.000000E+00,,,3.705129E-02,0.000000E+00,,,1.737014E-02,0.000000E+00,,,3.709740E-02,0.000000E+00,,,3.709740E-02,0.000000E+00 
