Time,THERMAL ZONE 2:PHOENIX SKY HARBOR INTL AP ANN HTG 99.6% CONDNS DB:Des Heat Load [W],THERMAL ZONE 2:PHOENIX SKY HARBOR INTL AP ANN CLG .4% CONDNS DB=>MWB:Des Sens Cool Load [W],THERMAL ZONE 2:PHOENIX SKY HARBOR INTL AP ANN HTG 99.6% CONDNS DB:Des Heat Mass Flow [kg/s],THERMAL ZONE 2:PHOENIX SKY HARBOR INTL AP ANN CLG .4% CONDNS DB=>MWB:Des Cool Mass Flow [kg/s],THERMAL ZONE 7:PHOENIX SKY HARBOR INTL AP ANN HTG 99.6% CONDNS DB:Des Heat Load [W],THERMAL ZONE 7:PHOENIX SKY HARBOR INTL AP ANN CLG .4% CONDNS DB=>MWB:Des Sens Cool Load [W],THERMAL ZONE 7:PHOENIX SKY HARBOR INTL AP ANN HTG 99.6% CONDNS DB:Des Heat Mass Flow [kg/s],THERMAL ZONE 7:PHOENIX SKY HARBOR INTL AP ANN CLG .4% CONDNS DB=>MWB:Des Cool Mass Flow [kg/s],THERMAL ZONE 8:PHOENIX SKY HARBOR INTL AP ANN HTG 99.6% CONDNS DB:Des Heat Load [W],THERMAL ZONE 8:PHOENIX SKY HARBOR INTL AP ANN CLG .4% CONDNS DB=>MWB:Des Sens Cool Load [W],THERMAL ZONE 8:PHOENIX SKY HARBOR INTL AP ANN HTG 99.6% CONDNS DB:Des Heat Mass Flow [kg/s],THERMAL ZONE 8:PHOENIX SKY HARBOR INTL AP ANN CLG .4% CONDNS DB=>MWB:Des Cool Mass Flow [kg/s],THERMAL ZONE 1:PHOENIX SKY HARBOR INTL AP ANN HTG 99.6% CONDNS DB:Des Heat Load [W],THERMAL ZONE 1:PHOENIX SKY HARBOR INTL AP ANN CLG .4% CONDNS DB=>MWB:Des Sens Cool Load [W],THERMAL ZONE 1:PHOENIX SKY HARBOR INTL AP ANN HTG 99.6% CONDNS DB:Des Heat Mass Flow [kg/s],THERMAL ZONE 1:PHOENIX SKY HARBOR INTL AP ANN CLG .4% CONDNS DB=>MWB:Des Cool Mass Flow [kg/s],THERMAL ZONE 4:PHOENIX SKY HARBOR INTL AP ANN HTG 99.6% CONDNS DB:Des Heat Load [W],THERMAL ZONE 4:PHOENIX SKY HARBOR INTL AP ANN CLG .4% CONDNS DB=>MWB:Des Sens Cool Load [W],THERMAL ZONE 4:PHOENIX SKY HARBOR INTL AP ANN HTG 99.6% CONDNS DB:Des Heat Mass Flow [kg/s],THERMAL ZONE 4:PHOENIX SKY HARBOR INTL AP ANN CLG .4% CONDNS DB=>MWB:Des Cool Mass Flow [kg/s],THERMAL ZONE 5:PHOENIX SKY HARBOR INTL AP ANN HTG 99.6% CONDNS DB:Des Heat Load [W],THERMAL ZONE 5:PHOENIX SKY HARBOR INTL AP ANN CLG .4% CONDNS DB=>MWB:Des Sens Cool Load [W],THERMAL ZONE 5:PHOENIX SKY HARBOR INTL AP ANN HTG 99.6% CONDNS DB:Des Heat Mass Flow [kg/s],THERMAL ZONE 5:PHOENIX SKY HARBOR INTL AP ANN CLG .4% CONDNS DB=>MWB:Des Cool Mass Flow [kg/s],THERMAL ZONE 10:PHOENIX SKY HARBOR INTL AP ANN HTG 99.6% CONDNS DB:Des Heat Load [W],THERMAL ZONE 10:PHOENIX SKY HARBOR INTL AP ANN CLG .4% CONDNS DB=>MWB:Des Sens Cool Load [W],THERMAL ZONE 10:PHOENIX SKY HARBOR INTL AP ANN HTG 99.6% CONDNS DB:Des Heat Mass Flow [kg/s],THERMAL ZONE 10:PHOENIX SKY HARBOR INTL AP ANN CLG .4% CONDNS DB=>MWB:Des Cool Mass Flow [kg/s],THERMAL ZONE 6:PHOENIX SKY HARBOR INTL AP ANN HTG 99.6% CONDNS DB:Des Heat Load [W],THERMAL ZONE 6:PHOENIX SKY HARBOR INTL AP ANN CLG .4% CONDNS DB=>MWB:Des Sens Cool Load [W],THERMAL ZONE 6:PHOENIX SKY HARBOR INTL AP ANN HTG 99.6% CONDNS DB:Des Heat Mass Flow [kg/s],THERMAL ZONE 6:PHOENIX SKY HARBOR INTL AP ANN CLG .4% CONDNS DB=>MWB:Des Cool Mass Flow [kg/s],THERMAL ZONE 9:PHOENIX SKY HARBOR INTL AP ANN HTG 99.6% CONDNS DB:Des Heat Load [W],THERMAL ZONE 9::Des Sens Cool Load [W],THERMAL ZONE 9:PHOENIX SKY HARBOR INTL AP ANN HTG 99.6% CONDNS DB:Des Heat Mass Flow [kg/s],THERMAL ZONE 9::Des Cool Mass Flow [kg/s],THERMAL ZONE 3:PHOENIX SKY HARBOR INTL AP ANN HTG 99.6% CONDNS DB:Des Heat Load [W],THERMAL ZONE 3:PHOENIX SKY HARBOR INTL AP ANN CLG .4% CONDNS DB=>MWB:Des Sens Cool Load [W],THERMAL ZONE 3:PHOENIX SKY HARBOR INTL AP ANN HTG 99.6% CONDNS DB:Des Heat Mass Flow [kg/s],THERMAL ZONE 3:PHOENIX SKY HARBOR INTL AP ANN CLG .4% CONDNS DB=>MWB:Des Cool Mass Flow [kg/s] 
00:15:00,8.540574E+02,5.821400E+02,5.234675E-02,4.074050E-02,9.255599E+02,0.000000E+00,5.672927E-02,0.000000E+00,8.532883E+02,4.190704E+02,5.229961E-02,2.932824E-02,9.255261E+02,0.000000E+00,5.672720E-02,0.000000E+00,8.532624E+02,4.064311E+02,5.229802E-02,2.844368E-02,9.267205E+02,0.000000E+00,5.680040E-02,0.000000E+00,8.532883E+02,3.977424E+02,5.229961E-02,2.783561E-02,9.255599E+02,0.000000E+00,5.672927E-02,0.000000E+00,5.186109E+02,0.000000E+00,3.178662E-02,0.000000E+00,3.865416E+02,2.182691E+02,2.369185E-02,1.527535E-02 
00:30:00,8.540574E+02,5.576544E+02,5.234675E-02,3.902690E-02,9.255599E+02,0.000000E+00,5.672927E-02,0.000000E+00,8.532883E+02,4.033528E+02,5.229961E-02,2.822825E-02,9.255261E+02,0.000000E+00,5.672720E-02,0.000000E+00,8.532624E+02,3.909551E+02,5.229802E-02,2.736061E-02,9.267205E+02,0.000000E+00,5.680040E-02,0.000000E+00,8.532883E+02,3.830561E+02,5.229961E-02,2.680781E-02,9.255599E+02,0.000000E+00,5.672927E-02,0.000000E+00,5.186109E+02,0.000000E+00,3.178662E-02,0.000000E+00,3.865416E+02,2.118240E+02,2.369185E-02,1.482430E-02 
00:45:00,8.540574E+02,5.340767E+02,5.234675E-02,3.737684E-02,9.255599E+02,0.000000E+00,5.672927E-02,0.000000E+00,8.532883E+02,3.880293E+02,5.229961E-02,2.715585E-02,9.255261E+02,0.000000E+00,5.672720E-02,0.000000E+00,8.532624E+02,3.758624E+02,5.229802E-02,2.630437E-02,9.267205E+02,0.000000E+00,5.680040E-02,0.000000E+00,8.532883E+02,3.687151E+02,5.229961E-02,2.580417E-02,9.255599E+02,0.000000E+00,5.672927E-02,0.000000E+00,5.186109E+02,0.000000E+00,3.178662E-02,0.000000E+00,3.865416E+02,2.053774E+02,2.369185E-02,1.437314E-02 
01:00:00,8.540574E+02,5.113652E+02,5.234675E-02,3.578740E-02,9.255599E+02,0.000000E+00,5.672927E-02,0.000000E+00,8.532883E+02,3.730930E+02,5.229961E-02,2.611055E-02,9.255261E+02,0.000000E+00,5.672720E-02,0.000000E+00,8.532624E+02,3.611479E+02,5.229802E-02,2.527459E-02,9.267205E+02,0.000000E+00,5.680040E-02,0.000000E+00,8.532883E+02,3.547141E+02,5.229961E-02,2.482432E-02,9.255599E+02,0.000000E+00,5.672927E-02,0.000000E+00,5.186109E+02,0.000000E+00,3.178662E-02,0.000000E+00,3.865416E+02,1.989333E+02,2.369185E-02,1.392215E-02 
01:15:00,8.540574E+02,4.895509E+02,5.234675E-02,3.426074E-02,9.255599E+02,0.000000E+00,5.672927E-02,0.000000E+00,8.532883E+02,3.586045E+02,5.229961E-02,2.509658E-02,9.255261E+02,0.000000E+00,5.672720E-02,0.000000E+00,8.532624E+02,3.468721E+02,5.229802E-02,2.427551E-02,9.267205E+02,0.000000E+00,5.680040E-02,0.000000E+00,8.532883E+02,3.411153E+02,5.229961E-02,2.387262E-02,9.255599E+02,0.000000E+00,5.672927E-02,0.000000E+00,5.186109E+02,0.000000E+00,3.178662E-02,0.000000E+00,3.865416E+02,1.924970E+02,2.369185E-02,1.347171E-02 
01:30:00,8.540574E+02,4.686052E+02,5.234675E-02,3.279488E-02,9.255599E+02,0.000000E+00,5.672927E-02,0.000000E+00,8.532883E+02,3.445641E+02,5.229961E-02,2.411398E-02,9.255261E+02,0.000000E+00,5.672720E-02,0.000000E+00,8.532624E+02,3.330358E+02,5.229802E-02,2.330718E-02,9.267205E+02,0.000000E+00,5.680040E-02,0.000000E+00,8.532883E+02,3.279208E+02,5.229961E-02,2.294922E-02,9.255599E+02,0.000000E+00,5.672927E-02,0.000000E+00,5.186109E+02,0.000000E+00,3.178662E-02,0.000000E+00,3.865416E+02,1.860756E+02,2.369185E-02,1.302232E-02 
01:45:00,8.540574E+02,4.485029E+02,5.234675E-02,3.138804E-02,9.255599E+02,0.000000E+00,5.672927E-02,0.000000E+00,8.532883E+02,3.309733E+02,5.229961E-02,2.316285E-02,9.255261E+02,0.000000E+00,5.672720E-02,0.000000E+00,8.532624E+02,3.196410E+02,5.229802E-02,2.236976E-02,9.267205E+02,0.000000E+00,5.680040E-02,0.000000E+00,8.532883E+02,3.151342E+02,5.229961E-02,2.205436E-02,9.255599E+02,0.000000E+00,5.672927E-02,0.000000E+00,5.186109E+02,0.000000E+00,3.178662E-02,0.000000E+00,3.865416E+02,1.796774E+02,2.369185E-02,1.257455E-02 
02:00:00,8.540574E+02,4.292204E+02,5.234675E-02,3.003857E-02,9.255599E+02,0.000000E+00,5.672927E-02,0.000000E+00,8.532883E+02,3.178333E+02,5.229961E-02,2.224325E-02,9.255261E+02,0.000000E+00,5.672720E-02,0.000000E+00,8.532624E+02,3.066895E+02,5.229802E-02,2.146336E-02,9.267205E+02,0.000000E+00,5.680040E-02,0.000000E+00,8.532883E+02,3.027584E+02,5.229961E-02,2.118825E-02,9.255599E+02,0.000000E+00,5.672927E-02,0.000000E+00,5.186109E+02,0.000000E+00,3.178662E-02,0.000000E+00,3.865416E+02,1.733114E+02,2.369185E-02,1.212903E-02 
02:15:00,8.540574E+02,4.106614E+02,5.234675E-02,2.873974E-02,9.255599E+02,0.000000E+00,5.672927E-02,0.000000E+00,8.532883E+02,3.050732E+02,5.229961E-02,2.135025E-02,9.255261E+02,0.000000E+00,5.672720E-02,0.000000E+00,8.532624E+02,2.941119E+02,5.229802E-02,2.058314E-02,9.267205E+02,0.000000E+00,5.680040E-02,0.000000E+00,8.532883E+02,2.907250E+02,5.229961E-02,2.034610E-02,9.255599E+02,0.000000E+00,5.672927E-02,0.000000E+00,5.186109E+02,0.000000E+00,3.178662E-02,0.000000E+00,3.865416E+02,1.669865E+02,2.369185E-02,1.168639E-02 
02:30:00,8.540574E+02,3.927991E+02,5.234675E-02,2.748967E-02,9.255599E+02,0.000000E+00,5.672927E-02,0.000000E+00,8.532883E+02,2.926877E+02,5.229961E-02,2.048347E-02,9.255261E+02,0.000000E+00,5.672720E-02,0.000000E+00,8.532624E+02,2.819043E+02,5.229802E-02,1.972880E-02,9.267205E+02,0.000000E+00,5.680040E-02,0.000000E+00,8.532883E+02,2.790304E+02,5.229961E-02,1.952767E-02,9.255599E+02,0.000000E+00,5.672927E-02,0.000000E+00,5.186109E+02,0.000000E+00,3.178662E-02,0.000000E+00,3.865416E+02,1.607110E+02,2.369185E-02,1.124720E-02 
02:45:00,8.540574E+02,3.756080E+02,5.234675E-02,2.628656E-02,9.255599E+02,0.000000E+00,5.672927E-02,0.000000E+00,8.532883E+02,2.806713E+02,5.229961E-02,1.964251E-02,9.255261E+02,0.000000E+00,5.672720E-02,0.000000E+00,8.532624E+02,2.700614E+02,5.229802E-02,1.889999E-02,9.267205E+02,0.000000E+00,5.680040E-02,0.000000E+00,8.532883E+02,2.676709E+02,5.229961E-02,1.873269E-02,9.255599E+02,0.000000E+00,5.672927E-02,0.000000E+00,5.186109E+02,0.000000E+00,3.178662E-02,0.000000E+00,3.865416E+02,1.544919E+02,2.369185E-02,1.081197E-02 
03:00:00,8.540574E+02,3.590647E+02,5.234675E-02,2.512879E-02,9.255599E+02,0.000000E+00,5.672927E-02,0.000000E+00,8.532883E+02,2.690192E+02,5.229961E-02,1.882705E-02,9.255261E+02,0.000000E+00,5.672720E-02,0.000000E+00,8.532624E+02,2.585787E+02,5.229802E-02,1.809638E-02,9.267205E+02,0.000000E+00,5.680040E-02,0.000000E+00,8.532883E+02,2.566434E+02,5.229961E-02,1.796094E-02,9.255599E+02,0.000000E+00,5.672927E-02,0.000000E+00,5.186109E+02,0.000000E+00,3.178662E-02,0.000000E+00,3.865416E+02,1.483357E+02,2.369185E-02,1.038113E-02 
03:15:00,8.540574E+02,3.430793E+02,5.234675E-02,2.401007E-02,9.255599E+02,0.000000E+00,5.672927E-02,0.000000E+00,8.532883E+02,2.576607E+02,5.229961E-02,1.803213E-02,9.255261E+02,0.000000E+00,5.672720E-02,0.000000E+00,8.532624E+02,2.473872E+02,5.229802E-02,1.731315E-02,9.267205E+02,0.000000E+00,5.680040E-02,0.000000E+00,8.532883E+02,2.458793E+02,5.229961E-02,1.720762E-02,9.255599E+02,0.000000E+00,5.672927E-02,0.000000E+00,5.186109E+02,0.000000E+00,3.178662E-02,0.000000E+00,3.865416E+02,1.422485E+02,2.369185E-02,9.955121E-03 
03:30:00,8.540574E+02,3.276263E+02,5.234675E-02,2.292861E-02,9.255599E+02,0.000000E+00,5.672927E-02,0.000000E+00,8.532883E+02,2.465867E+02,5.229961E-02,1.725713E-02,9.255261E+02,0.000000E+00,5.672720E-02,0.000000E+00,8.532624E+02,2.364788E+02,5.229802E-02,1.654974E-02,9.267205E+02,0.000000E+00,5.680040E-02,0.000000E+00,8.532883E+02,2.353711E+02,5.229961E-02,1.647222E-02,9.255599E+02,0.000000E+00,5.672927E-02,0.000000E+00,5.186109E+02,0.000000E+00,3.178662E-02,0.000000E+00,3.865416E+02,1.362353E+02,2.369185E-02,9.534295E-03 
03:45:00,8.540574E+02,3.126818E+02,5.234675E-02,2.188273E-02,9.255599E+02,0.000000E+00,5.672927E-02,0.000000E+00,8.532883E+02,2.357885E+02,5.229961E-02,1.650143E-02,9.255261E+02,0.000000E+00,5.672720E-02,0.000000E+00,8.532624E+02,2.258450E+02,5.229802E-02,1.580554E-02,9.267205E+02,0.000000E+00,5.680040E-02,0.000000E+00,8.532883E+02,2.251115E+02,5.229961E-02,1.575421E-02,9.255599E+02,0.000000E+00,5.672927E-02,0.000000E+00,5.186109E+02,0.000000E+00,3.178662E-02,0.000000E+00,3.865416E+02,1.303005E+02,2.369185E-02,9.118950E-03 
04:00:00,8.540574E+02,2.982240E+02,5.234675E-02,2.087091E-02,9.255599E+02,0.000000E+00,5.672927E-02,0.000000E+00,8.532883E+02,2.252581E+02,5.229961E-02,1.576447E-02,9.255261E+02,0.000000E+00,5.672720E-02,0.000000E+00,8.532624E+02,2.154782E+02,5.229802E-02,1.508003E-02,9.267205E+02,0.000000E+00,5.680040E-02,0.000000E+00,8.532883E+02,2.150940E+02,5.229961E-02,1.505314E-02,9.255599E+02,0.000000E+00,5.672927E-02,0.000000E+00,5.186109E+02,0.000000E+00,3.178662E-02,0.000000E+00,3.865416E+02,1.244478E+02,2.369185E-02,8.709357E-03 
04:15:00,8.540574E+02,2.842965E+02,5.234675E-02,1.989622E-02,9.255599E+02,0.000000E+00,5.672927E-02,0.000000E+00,8.532883E+02,2.150501E+02,5.229961E-02,1.505007E-02,9.255261E+02,0.000000E+00,5.672720E-02,0.000000E+00,8.532624E+02,2.054314E+02,5.229802E-02,1.437692E-02,9.267205E+02,0.000000E+00,5.680040E-02,0.000000E+00,8.532883E+02,2.053742E+02,5.229961E-02,1.437291E-02,9.255599E+02,0.000000E+00,5.672927E-02,0.000000E+00,5.186109E+02,0.000000E+00,3.178662E-02,0.000000E+00,3.865416E+02,1.186812E+02,2.369185E-02,8.305789E-03 
04:30:00,8.540574E+02,2.708867E+02,5.234675E-02,1.895774E-02,9.255599E+02,0.000000E+00,5.672927E-02,0.000000E+00,8.532883E+02,2.051635E+02,5.229961E-02,1.435816E-02,9.255261E+02,0.000000E+00,5.672720E-02,0.000000E+00,8.532624E+02,1.957032E+02,5.229802E-02,1.369610E-02,9.267205E+02,0.000000E+00,5.680040E-02,0.000000E+00,8.532883E+02,1.959522E+02,5.229961E-02,1.371352E-02,9.255599E+02,0.000000E+00,5.672927E-02,0.000000E+00,5.186109E+02,0.000000E+00,3.178662E-02,0.000000E+00,3.865416E+02,1.130056E+02,2.369185E-02,7.908585E-03 
04:45:00,8.540574E+02,2.579828E+02,5.234675E-02,1.805468E-02,9.255599E+02,0.000000E+00,5.672927E-02,0.000000E+00,8.532883E+02,1.955977E+02,5.229961E-02,1.368872E-02,9.255261E+02,0.000000E+00,5.672720E-02,0.000000E+00,8.532624E+02,1.862931E+02,5.229802E-02,1.303754E-02,9.267205E+02,0.000000E+00,5.680040E-02,0.000000E+00,8.532883E+02,1.868288E+02,5.229961E-02,1.307503E-02,9.255599E+02,0.000000E+00,5.672927E-02,0.000000E+00,5.186109E+02,0.000000E+00,3.178662E-02,0.000000E+00,3.865416E+02,1.074270E+02,2.369185E-02,7.518176E-03 
05:00:00,8.540574E+02,2.455735E+02,5.234675E-02,1.718622E-02,9.255599E+02,0.000000E+00,5.672927E-02,0.000000E+00,8.532883E+02,1.863520E+02,5.229961E-02,1.304166E-02,9.255261E+02,0.000000E+00,5.672720E-02,0.000000E+00,8.532624E+02,1.772002E+02,5.229802E-02,1.240118E-02,9.267205E+02,0.000000E+00,5.680040E-02,0.000000E+00,8.532883E+02,1.780041E+02,5.229961E-02,1.245744E-02,9.255599E+02,0.000000E+00,5.672927E-02,0.000000E+00,5.186109E+02,0.000000E+00,3.178662E-02,0.000000E+00,3.865416E+02,1.019528E+02,2.369185E-02,7.135065E-03 
05:15:00,8.540574E+02,2.338406E+02,5.234675E-02,1.636510E-02,9.255599E+02,0.000000E+00,5.672927E-02,0.000000E+00,8.532883E+02,1.776058E+02,5.229961E-02,1.242957E-02,9.255261E+02,0.000000E+00,5.672720E-02,0.000000E+00,8.532624E+02,1.686004E+02,5.229802E-02,1.179933E-02,9.267205E+02,0.000000E+00,5.680040E-02,0.000000E+00,8.532883E+02,1.696569E+02,5.229961E-02,1.187327E-02,9.255599E+02,0.000000E+00,5.672927E-02,0.000000E+00,5.186109E+02,0.000000E+00,3.178662E-02,0.000000E+00,3.865416E+02,9.659112E+01,2.369185E-02,6.759836E-03 
05:30:00,8.540574E+02,2.227978E+02,5.234675E-02,1.559228E-02,9.255599E+02,0.000000E+00,5.672927E-02,0.000000E+00,8.532883E+02,1.693686E+02,5.229961E-02,1.185310E-02,9.255261E+02,0.000000E+00,5.672720E-02,0.000000E+00,8.532624E+02,1.604971E+02,5.229802E-02,1.123223E-02,9.267205E+02,0.000000E+00,5.680040E-02,0.000000E+00,8.532883E+02,1.617988E+02,5.229961E-02,1.132333E-02,9.255599E+02,0.000000E+00,5.672927E-02,0.000000E+00,5.186109E+02,0.000000E+00,3.178662E-02,0.000000E+00,3.865416E+02,9.135331E+01,2.369185E-02,6.393273E-03 
05:45:00,8.540574E+02,2.130152E+02,5.234675E-02,1.490766E-02,9.255599E+02,0.000000E+00,5.672927E-02,0.000000E+00,8.532883E+02,1.622144E+02,5.229961E-02,1.135241E-02,9.255261E+02,0.000000E+00,5.672720E-02,0.000000E+00,8.532624E+02,1.538961E+02,5.229802E-02,1.077027E-02,9.267205E+02,0.000000E+00,5.680040E-02,0.000000E+00,8.532883E+02,1.552140E+02,5.229961E-02,1.086250E-02,9.255599E+02,0.000000E+00,5.672927E-02,0.000000E+00,5.186109E+02,0.000000E+00,3.178662E-02,0.000000E+00,3.865416E+02,8.626005E+01,2.369185E-02,6.036826E-03 
06:00:00,8.540574E+02,2.054090E+02,5.234675E-02,1.437535E-02,9.255599E+02,0.000000E+00,5.672927E-02,0.000000E+00,8.532883E+02,1.570201E+02,5.229961E-02,1.098890E-02,9.255261E+02,0.000000E+00,5.672720E-02,0.000000E+00,8.532624E+02,1.551453E+02,5.229802E-02,1.085769E-02,9.267205E+02,0.000000E+00,5.680040E-02,0.000000E+00,8.532883E+02,1.531487E+02,5.229961E-02,1.071796E-02,9.255599E+02,0.000000E+00,5.672927E-02,0.000000E+00,5.186109E+02,0.000000E+00,3.178662E-02,0.000000E+00,3.865416E+02,8.136670E+01,2.369185E-02,5.694369E-03 
06:15:00,8.540574E+02,2.008292E+02,5.234675E-02,1.405484E-02,9.255599E+02,0.000000E+00,5.672927E-02,0.000000E+00,8.532883E+02,1.546660E+02,5.229961E-02,1.082415E-02,9.255261E+02,0.000000E+00,5.672720E-02,0.000000E+00,8.532624E+02,1.701245E+02,5.229802E-02,1.190600E-02,9.267205E+02,0.000000E+00,5.680040E-02,0.000000E+00,8.532883E+02,1.583186E+02,5.229961E-02,1.107977E-02,9.255599E+02,0.000000E+00,5.672927E-02,0.000000E+00,5.186109E+02,0.000000E+00,3.178662E-02,0.000000E+00,3.865416E+02,7.684389E+01,2.369185E-02,5.377845E-03 
06:30:00,8.540574E+02,2.001587E+02,5.234675E-02,1.400791E-02,9.255599E+02,0.000000E+00,5.672927E-02,0.000000E+00,8.532883E+02,1.559917E+02,5.229961E-02,1.091693E-02,9.255261E+02,0.000000E+00,5.672720E-02,0.000000E+00,8.532624E+02,2.056977E+02,5.229802E-02,1.439555E-02,9.267205E+02,0.000000E+00,5.680040E-02,0.000000E+00,8.532883E+02,1.732914E+02,5.229961E-02,1.212763E-02,9.255599E+02,0.000000E+00,5.672927E-02,0.000000E+00,5.186109E+02,0.000000E+00,3.178662E-02,0.000000E+00,3.865416E+02,7.296550E+01,2.369185E-02,5.106420E-03 
06:45:00,8.540574E+02,2.033890E+02,5.234675E-02,1.423398E-02,9.255599E+02,0.000000E+00,5.672927E-02,0.000000E+00,8.532883E+02,1.611654E+02,5.229961E-02,1.127900E-02,9.255261E+02,0.000000E+00,5.672720E-02,0.000000E+00,8.532624E+02,2.646461E+02,5.229802E-02,1.852100E-02,9.267205E+02,0.000000E+00,5.680040E-02,0.000000E+00,8.532883E+02,1.982066E+02,5.229961E-02,1.387130E-02,9.255599E+02,0.000000E+00,5.672927E-02,0.000000E+00,5.186109E+02,0.000000E+00,3.178662E-02,0.000000E+00,3.865416E+02,7.008016E+01,2.369185E-02,4.904491E-03 
07:00:00,8.540574E+02,2.101332E+02,5.234675E-02,1.470597E-02,9.255599E+02,0.000000E+00,5.672927E-02,0.000000E+00,8.532883E+02,1.698405E+02,5.229961E-02,1.188612E-02,9.255261E+02,0.000000E+00,5.672720E-02,0.000000E+00,8.532624E+02,3.427425E+02,5.229802E-02,2.398650E-02,9.267205E+02,0.000000E+00,5.680040E-02,0.000000E+00,8.532883E+02,2.298522E+02,5.229961E-02,1.608598E-02,9.255599E+02,0.000000E+00,5.672927E-02,0.000000E+00,5.186109E+02,0.000000E+00,3.178662E-02,0.000000E+00,3.865416E+02,6.848022E+01,2.369185E-02,4.792522E-03 
07:15:00,8.540574E+02,2.205111E+02,5.234675E-02,1.543225E-02,9.255599E+02,0.000000E+00,5.672927E-02,0.000000E+00,8.532883E+02,1.822751E+02,5.229961E-02,1.275634E-02,9.255261E+02,0.000000E+00,5.672720E-02,0.000000E+00,8.532624E+02,4.391499E+02,5.229802E-02,3.073348E-02,9.267205E+02,0.000000E+00,5.680040E-02,0.000000E+00,8.532883E+02,2.661849E+02,5.229961E-02,1.862869E-02,9.255599E+02,0.000000E+00,5.672927E-02,0.000000E+00,5.186109E+02,0.000000E+00,3.178662E-02,0.000000E+00,3.865416E+02,6.826164E+01,2.369185E-02,4.777224E-03 
07:30:00,8.540574E+02,2.340433E+02,5.234675E-02,1.637929E-02,9.255599E+02,0.000000E+00,5.672927E-02,0.000000E+00,8.532883E+02,1.981534E+02,5.229961E-02,1.386757E-02,9.255261E+02,0.000000E+00,5.672720E-02,0.000000E+00,8.532624E+02,5.475821E+02,5.229802E-02,3.832200E-02,9.267205E+02,0.000000E+00,5.680040E-02,0.000000E+00,8.532883E+02,3.035192E+02,5.229961E-02,2.124150E-02,9.255599E+02,0.000000E+00,5.672927E-02,0.000000E+00,5.186109E+02,0.000000E+00,3.178662E-02,0.000000E+00,3.865416E+02,6.943650E+01,2.369185E-02,4.859446E-03 
07:45:00,8.540574E+02,2.504517E+02,5.234675E-02,1.752762E-02,9.255599E+02,0.000000E+00,5.672927E-02,0.000000E+00,8.532883E+02,2.171489E+02,5.229961E-02,1.519695E-02,9.255261E+02,1.784622E+01,5.672720E-02,1.252968E-03,8.532624E+02,6.634085E+02,5.229802E-02,4.642800E-02,9.267205E+02,0.000000E+00,5.680040E-02,0.000000E+00,8.532883E+02,3.392554E+02,5.229961E-02,2.374246E-02,9.255599E+02,0.000000E+00,5.672927E-02,0.000000E+00,5.186109E+02,0.000000E+00,3.178662E-02,0.000000E+00,3.865416E+02,7.190036E+01,2.369185E-02,5.031876E-03 
08:00:00,8.540574E+02,2.694322E+02,5.234675E-02,1.885595E-02,9.255599E+02,0.000000E+00,5.672927E-02,0.000000E+00,8.532883E+02,2.390765E+02,5.229961E-02,1.673154E-02,9.255261E+02,8.767385E+01,5.672720E-02,6.139790E-03,8.532624E+02,7.834724E+02,5.229802E-02,5.483055E-02,9.267205E+02,0.000000E+00,5.680040E-02,0.000000E+00,8.532883E+02,3.715934E+02,5.229961E-02,2.600561E-02,9.255599E+02,0.000000E+00,5.672927E-02,0.000000E+00,5.186109E+02,0.000000E+00,3.178662E-02,0.000000E+00,3.865416E+02,7.550556E+01,2.369185E-02,5.284183E-03 
08:15:00,8.540574E+02,2.900561E+02,5.234675E-02,2.029929E-02,9.255599E+02,0.000000E+00,5.672927E-02,0.000000E+00,8.532883E+02,2.629577E+02,5.229961E-02,1.840284E-02,9.255261E+02,1.603510E+02,5.672720E-02,1.122603E-02,8.532624E+02,9.012612E+02,5.229802E-02,6.307389E-02,9.267205E+02,0.000000E+00,5.680040E-02,0.000000E+00,8.532883E+02,3.981363E+02,5.229961E-02,2.786318E-02,9.255599E+02,0.000000E+00,5.672927E-02,0.000000E+00,5.186109E+02,0.000000E+00,3.178662E-02,0.000000E+00,3.865416E+02,8.011843E+01,2.369185E-02,5.607010E-03 
08:30:00,8.540574E+02,3.120121E+02,5.234675E-02,2.183586E-02,9.255599E+02,0.000000E+00,5.672927E-02,0.000000E+00,8.532883E+02,2.884646E+02,5.229961E-02,2.018792E-02,9.255261E+02,2.684146E+02,5.672720E-02,1.878876E-02,8.532624E+02,1.014555E+03,5.229802E-02,7.100265E-02,9.267205E+02,0.000000E+00,5.680040E-02,0.000000E+00,8.532883E+02,4.188682E+02,5.229961E-02,2.931409E-02,9.255599E+02,0.000000E+00,5.672927E-02,0.000000E+00,5.186109E+02,0.000000E+00,3.178662E-02,0.000000E+00,3.865416E+02,8.552614E+01,2.369185E-02,5.985463E-03 
08:45:00,8.540574E+02,3.350725E+02,5.234675E-02,2.344972E-02,9.255599E+02,0.000000E+00,5.672927E-02,0.000000E+00,8.532883E+02,3.153202E+02,5.229961E-02,2.206738E-02,9.255261E+02,3.864692E+02,5.672720E-02,2.704667E-02,8.532624E+02,1.122358E+03,5.229802E-02,7.854711E-02,9.267205E+02,0.000000E+00,5.680040E-02,0.000000E+00,8.532883E+02,4.352123E+02,5.229961E-02,3.045791E-02,9.255599E+02,0.000000E+00,5.672927E-02,0.000000E+00,5.186109E+02,0.000000E+00,3.178662E-02,0.000000E+00,3.865416E+02,9.150233E+01,2.369185E-02,6.403701E-03 
09:00:00,8.540574E+02,3.593293E+02,5.234675E-02,2.514731E-02,9.255599E+02,0.000000E+00,5.672927E-02,0.000000E+00,8.532883E+02,3.439381E+02,5.229961E-02,2.407017E-02,9.255261E+02,4.784215E+02,5.672720E-02,3.348186E-02,8.532624E+02,1.225304E+03,5.229802E-02,8.575174E-02,9.267205E+02,0.000000E+00,5.680040E-02,0.000000E+00,8.532883E+02,4.502560E+02,5.229961E-02,3.151072E-02,9.255599E+02,0.000000E+00,5.672927E-02,0.000000E+00,5.186109E+02,0.000000E+00,3.178662E-02,0.000000E+00,3.865416E+02,9.785509E+01,2.369185E-02,6.848293E-03 
09:15:00,8.540574E+02,3.841940E+02,5.234675E-02,2.688744E-02,9.255599E+02,0.000000E+00,5.672927E-02,0.000000E+00,8.532883E+02,3.753226E+02,5.229961E-02,2.626659E-02,9.255261E+02,5.895131E+02,5.672720E-02,4.125650E-02,8.532624E+02,1.322046E+03,5.229802E-02,9.252211E-02,9.267205E+02,0.000000E+00,5.680040E-02,0.000000E+00,8.532883E+02,4.662550E+02,5.229961E-02,3.263040E-02,9.255599E+02,0.000000E+00,5.672927E-02,0.000000E+00,5.186109E+02,0.000000E+00,3.178662E-02,0.000000E+00,3.865416E+02,1.044618E+02,2.369185E-02,7.310659E-03 
09:30:00,8.540574E+02,4.093446E+02,5.234675E-02,2.864758E-02,9.255599E+02,0.000000E+00,5.672927E-02,0.000000E+00,8.532883E+02,4.112196E+02,5.229961E-02,2.877880E-02,9.255261E+02,6.831138E+02,5.672720E-02,4.780705E-02,8.532624E+02,1.411391E+03,5.229802E-02,9.877485E-02,9.267205E+02,0.000000E+00,5.680040E-02,0.000000E+00,8.532883E+02,4.847179E+02,5.229961E-02,3.392251E-02,9.255599E+02,0.000000E+00,5.672927E-02,0.000000E+00,5.186109E+02,0.000000E+00,3.178662E-02,0.000000E+00,3.865416E+02,1.112578E+02,2.369185E-02,7.786270E-03 
09:45:00,8.540574E+02,4.345669E+02,5.234675E-02,3.041274E-02,9.255599E+02,0.000000E+00,5.672927E-02,0.000000E+00,8.532883E+02,4.533609E+02,5.229961E-02,3.172802E-02,9.255261E+02,7.630994E+02,5.672720E-02,5.340476E-02,8.532624E+02,1.492422E+03,5.229802E-02,1.044457E-01,9.267205E+02,0.000000E+00,5.680040E-02,0.000000E+00,8.532883E+02,5.060573E+02,5.229961E-02,3.541593E-02,9.255599E+02,0.000000E+00,5.672927E-02,0.000000E+00,5.186109E+02,0.000000E+00,3.178662E-02,0.000000E+00,3.865416E+02,1.182138E+02,2.369185E-02,8.273081E-03 
10:00:00,8.540574E+02,4.594035E+02,5.234675E-02,3.215091E-02,9.255599E+02,0.000000E+00,5.672927E-02,0.000000E+00,8.532883E+02,5.025350E+02,5.229961E-02,3.516942E-02,9.255261E+02,8.278760E+02,5.672720E-02,5.793810E-02,8.532624E+02,1.562729E+03,5.229802E-02,1.093661E-01,9.267205E+02,0.000000E+00,5.680040E-02,0.000000E+00,8.532883E+02,5.289731E+02,5.229961E-02,3.701967E-02,9.255599E+02,0.000000E+00,5.672927E-02,0.000000E+00,5.186109E+02,0.000000E+00,3.178662E-02,0.000000E+00,3.865416E+02,1.253196E+02,2.369185E-02,8.770373E-03 
10:15:00,8.540574E+02,4.838535E+02,5.234675E-02,3.386202E-02,9.255599E+02,0.000000E+00,5.672927E-02,0.000000E+00,8.532883E+02,5.583163E+02,5.229961E-02,3.907322E-02,9.255261E+02,8.778255E+02,5.672720E-02,6.143376E-02,8.532624E+02,1.621918E+03,5.229802E-02,1.135084E-01,9.267205E+02,0.000000E+00,5.680040E-02,0.000000E+00,8.532883E+02,5.524648E+02,5.229961E-02,3.866371E-02,9.255599E+02,0.000000E+00,5.672927E-02,0.000000E+00,5.186109E+02,0.000000E+00,3.178662E-02,0.000000E+00,3.865416E+02,1.325509E+02,2.369185E-02,9.276449E-03 
10:30:00,8.540574E+02,5.079553E+02,5.234675E-02,3.554876E-02,9.255599E+02,0.000000E+00,5.672927E-02,0.000000E+00,8.532883E+02,6.194429E+02,5.229961E-02,4.335111E-02,9.255261E+02,9.140084E+02,5.672720E-02,6.396599E-02,8.532624E+02,1.670062E+03,5.229802E-02,1.168777E-01,9.267205E+02,0.000000E+00,5.680040E-02,0.000000E+00,8.532883E+02,5.759807E+02,5.229961E-02,4.030945E-02,9.255599E+02,6.674887E-01,5.672927E-02,4.729730E-05,5.186109E+02,0.000000E+00,3.178662E-02,0.000000E+00,3.865416E+02,1.398681E+02,2.369185E-02,9.788534E-03 
10:45:00,8.540574E+02,5.316832E+02,5.234675E-02,3.720933E-02,9.255599E+02,0.000000E+00,5.672927E-02,0.000000E+00,8.532883E+02,6.843475E+02,5.229961E-02,4.789339E-02,9.255261E+02,9.373745E+02,5.672720E-02,6.560124E-02,8.532624E+02,1.707274E+03,5.229802E-02,1.194819E-01,9.267205E+02,0.000000E+00,5.680040E-02,0.000000E+00,8.532883E+02,5.991533E+02,5.229961E-02,4.193116E-02,9.255599E+02,3.177210E+01,5.672927E-02,2.224139E-03,5.186109E+02,0.000000E+00,3.178662E-02,0.000000E+00,3.865416E+02,1.472243E+02,2.369185E-02,1.030335E-02 
11:00:00,8.540574E+02,5.549878E+02,5.234675E-02,3.884028E-02,9.255599E+02,0.000000E+00,5.672927E-02,0.000000E+00,8.532883E+02,7.514523E+02,5.229961E-02,5.258966E-02,9.255261E+02,9.487854E+02,5.672720E-02,6.639983E-02,8.532624E+02,1.733708E+03,5.229802E-02,1.213318E-01,9.267205E+02,0.000000E+00,5.680040E-02,0.000000E+00,8.532883E+02,6.217278E+02,5.229961E-02,4.351102E-02,9.255599E+02,7.257479E+01,5.672927E-02,5.079676E-03,5.186109E+02,0.000000E+00,3.178662E-02,0.000000E+00,3.865416E+02,1.545600E+02,2.369185E-02,1.081673E-02 
11:15:00,8.540574E+02,5.775647E+02,5.234675E-02,4.042030E-02,9.255599E+02,0.000000E+00,5.672927E-02,0.000000E+00,8.532883E+02,8.190498E+02,5.229961E-02,5.732041E-02,9.255261E+02,9.480928E+02,5.672720E-02,6.635135E-02,8.532624E+02,1.748924E+03,5.229802E-02,1.223967E-01,9.267205E+02,0.000000E+00,5.680040E-02,0.000000E+00,8.532883E+02,6.432824E+02,5.229961E-02,4.501949E-02,9.255599E+02,1.293724E+02,5.672927E-02,9.054603E-03,5.186109E+02,0.000000E+00,3.178662E-02,0.000000E+00,3.865416E+02,1.618825E+02,2.369185E-02,1.132919E-02 
11:30:00,8.540574E+02,5.993243E+02,5.234675E-02,4.194313E-02,9.255599E+02,5.380585E+00,5.672927E-02,3.786491E-04,8.532883E+02,8.858380E+02,5.229961E-02,6.199451E-02,9.255261E+02,9.339154E+02,5.672720E-02,6.535916E-02,8.532624E+02,1.751821E+03,5.229802E-02,1.225995E-01,9.267205E+02,0.000000E+00,5.680040E-02,0.000000E+00,8.532883E+02,6.636698E+02,5.229961E-02,4.644628E-02,9.255599E+02,2.026790E+02,5.672927E-02,1.418431E-02,5.186109E+02,0.000000E+00,3.178662E-02,0.000000E+00,3.865416E+02,1.691586E+02,2.369185E-02,1.183840E-02 
11:45:00,8.540574E+02,6.201951E+02,5.234675E-02,4.340375E-02,9.255599E+02,1.805297E+01,5.672927E-02,1.265533E-03,8.532883E+02,9.507131E+02,5.229961E-02,6.653473E-02,9.255261E+02,9.032117E+02,5.672720E-02,6.321039E-02,8.532624E+02,1.740013E+03,5.229802E-02,1.217731E-01,9.267205E+02,0.000000E+00,5.680040E-02,0.000000E+00,8.532883E+02,6.827937E+02,5.229961E-02,4.778465E-02,9.255599E+02,2.616478E+02,5.672927E-02,1.831116E-02,5.186109E+02,0.000000E+00,3.178662E-02,0.000000E+00,3.865416E+02,1.763452E+02,2.369185E-02,1.234135E-02 
12:00:00,8.540574E+02,6.401409E+02,5.234675E-02,4.479964E-02,9.255599E+02,3.368613E+01,5.672927E-02,2.359605E-03,8.532883E+02,1.012754E+03,5.229961E-02,7.087659E-02,9.255261E+02,8.525572E+02,5.672720E-02,5.966538E-02,8.532624E+02,1.710167E+03,5.229802E-02,1.196844E-01,9.267205E+02,0.000000E+00,5.680040E-02,0.000000E+00,8.532883E+02,7.006061E+02,5.229961E-02,4.903124E-02,9.255599E+02,3.263156E+02,5.672927E-02,2.283688E-02,5.186109E+02,0.000000E+00,3.178662E-02,0.000000E+00,3.865416E+02,1.833956E+02,2.369185E-02,1.283476E-02 
12:15:00,8.540574E+02,6.594561E+02,5.234675E-02,4.615139E-02,9.255599E+02,5.475764E+01,5.672927E-02,3.834273E-03,8.532883E+02,1.071474E+03,5.229961E-02,7.498610E-02,9.255261E+02,7.825967E+02,5.672720E-02,5.476927E-02,8.532624E+02,1.660146E+03,5.229802E-02,1.161837E-01,9.267205E+02,0.000000E+00,5.680040E-02,0.000000E+00,8.532883E+02,7.173474E+02,5.229961E-02,5.020286E-02,9.255599E+02,3.885264E+02,5.672927E-02,2.719064E-02,5.186109E+02,0.000000E+00,3.178662E-02,0.000000E+00,3.865416E+02,1.901784E+02,2.369185E-02,1.330945E-02 
12:30:00,8.540574E+02,6.781739E+02,5.234675E-02,4.746134E-02,9.255599E+02,7.444108E+01,5.672927E-02,5.209706E-03,8.532883E+02,1.126268E+03,5.229961E-02,7.882077E-02,9.255261E+02,7.041262E+02,5.672720E-02,4.927759E-02,8.532624E+02,1.592758E+03,5.229802E-02,1.114676E-01,9.267205E+02,1.254101E+01,5.680040E-02,8.781358E-04,8.532883E+02,7.331064E+02,5.229961E-02,5.130574E-02,9.255599E+02,4.453324E+02,5.672927E-02,3.116616E-02,5.186109E+02,0.000000E+00,3.178662E-02,0.000000E+00,3.865416E+02,1.965915E+02,2.369185E-02,1.375826E-02 
12:45:00,8.540574E+02,7.000045E+02,5.234675E-02,4.898914E-02,9.255599E+02,9.037888E+01,5.672927E-02,6.325078E-03,8.532883E+02,1.176666E+03,5.229961E-02,8.234784E-02,9.255261E+02,6.267275E+02,5.672720E-02,4.386091E-02,8.532624E+02,1.519977E+03,5.229802E-02,1.063741E-01,9.267205E+02,3.052186E+01,5.680040E-02,2.136514E-03,8.532883E+02,7.480358E+02,5.229961E-02,5.235055E-02,9.255599E+02,4.959995E+02,5.672927E-02,3.471204E-02,5.186109E+02,0.000000E+00,3.178662E-02,0.000000E+00,3.865416E+02,2.025618E+02,2.369185E-02,1.417609E-02 
13:00:00,8.540574E+02,7.335086E+02,5.234675E-02,5.133388E-02,9.255599E+02,1.070717E+02,5.672927E-02,7.493311E-03,8.532883E+02,1.222311E+03,5.229961E-02,8.554228E-02,9.255261E+02,5.635463E+02,5.672720E-02,3.943924E-02,8.532624E+02,1.453137E+03,5.229802E-02,1.016964E-01,9.267205E+02,6.880386E+01,5.680040E-02,4.815643E-03,8.532883E+02,7.623742E+02,5.229961E-02,5.335401E-02,9.255599E+02,5.394718E+02,5.672927E-02,3.775441E-02,5.186109E+02,0.000000E+00,3.178662E-02,0.000000E+00,3.865416E+02,2.081142E+02,2.369185E-02,1.456467E-02 
13:15:00,8.540574E+02,7.859451E+02,5.234675E-02,5.500360E-02,9.255599E+02,1.217370E+02,5.672927E-02,8.519644E-03,8.532883E+02,1.262966E+03,5.229961E-02,8.838747E-02,9.255261E+02,5.199993E+02,5.672720E-02,3.639164E-02,8.532624E+02,1.400403E+03,5.229802E-02,9.800585E-02,9.267205E+02,1.322185E+02,5.680040E-02,9.253657E-03,8.532883E+02,7.763785E+02,5.229961E-02,5.433410E-02,9.255599E+02,5.756738E+02,5.672927E-02,4.028797E-02,5.186109E+02,0.000000E+00,3.178662E-02,0.000000E+00,3.865416E+02,2.134168E+02,2.369185E-02,1.493576E-02 
13:30:00,8.540574E+02,8.613156E+02,5.234675E-02,6.027834E-02,9.255599E+02,1.358628E+02,5.672927E-02,9.508224E-03,8.532883E+02,1.298539E+03,5.229961E-02,9.087699E-02,9.255261E+02,4.910680E+02,5.672720E-02,3.436691E-02,8.532624E+02,1.364474E+03,5.229802E-02,9.549138E-02,9.267205E+02,2.095869E+02,5.680040E-02,1.466774E-02,8.532883E+02,7.903473E+02,5.229961E-02,5.531169E-02,9.255599E+02,6.047707E+02,5.672927E-02,4.232429E-02,5.186109E+02,0.000000E+00,3.178662E-02,0.000000E+00,3.865416E+02,2.187546E+02,2.369185E-02,1.530933E-02 
13:45:00,8.540574E+02,9.572647E+02,5.234675E-02,6.699324E-02,9.255599E+02,1.499556E+02,5.672927E-02,1.049450E-02,8.532883E+02,1.328917E+03,5.229961E-02,9.300296E-02,9.255261E+02,4.737729E+02,5.672720E-02,3.315654E-02,8.532624E+02,1.339475E+03,5.229802E-02,9.374183E-02,9.267205E+02,3.133069E+02,5.680040E-02,2.192648E-02,8.532883E+02,8.045220E+02,5.229961E-02,5.630369E-02,9.255599E+02,6.269723E+02,5.672927E-02,4.387805E-02,5.186109E+02,0.000000E+00,3.178662E-02,0.000000E+00,3.865416E+02,2.244525E+02,2.369185E-02,1.570809E-02 
14:00:00,8.540574E+02,1.065093E+03,5.234675E-02,7.453950E-02,9.255599E+02,1.638690E+02,5.672927E-02,1.146821E-02,8.532883E+02,1.353913E+03,5.229961E-02,9.475229E-02,9.255261E+02,4.615902E+02,5.672720E-02,3.230394E-02,8.532624E+02,1.320741E+03,5.229802E-02,9.243078E-02,9.267205E+02,4.283528E+02,5.680040E-02,2.997786E-02,8.532883E+02,8.189986E+02,5.229961E-02,5.731682E-02,9.255599E+02,6.423790E+02,5.672927E-02,4.495627E-02,5.186109E+02,0.000000E+00,3.178662E-02,0.000000E+00,3.865416E+02,2.307628E+02,2.369185E-02,1.614971E-02 
14:15:00,8.540574E+02,1.176477E+03,5.234675E-02,8.233457E-02,9.255599E+02,1.773987E+02,5.672927E-02,1.241508E-02,8.532883E+02,1.372875E+03,5.229961E-02,9.607930E-02,9.255261E+02,4.519947E+02,5.672720E-02,3.163241E-02,8.532624E+02,1.305670E+03,5.229802E-02,9.137602E-02,9.267205E+02,5.470084E+02,5.680040E-02,3.828185E-02,8.532883E+02,8.334500E+02,5.229961E-02,5.832819E-02,9.255599E+02,6.507270E+02,5.672927E-02,4.554050E-02,5.186109E+02,0.000000E+00,3.178662E-02,0.000000E+00,3.865416E+02,2.377940E+02,2.369185E-02,1.664178E-02 
14:30:00,8.540574E+02,1.286642E+03,5.234675E-02,9.004441E-02,9.255599E+02,1.903725E+02,5.672927E-02,1.332304E-02,8.532883E+02,1.385299E+03,5.229961E-02,9.694878E-02,9.255261E+02,4.436987E+02,5.672720E-02,3.105182E-02,8.532624E+02,1.292761E+03,5.229802E-02,9.047259E-02,9.267205E+02,6.659555E+02,5.680040E-02,4.660624E-02,8.532883E+02,8.476869E+02,5.229961E-02,5.932454E-02,9.255599E+02,6.518492E+02,5.672927E-02,4.561903E-02,5.186109E+02,0.000000E+00,3.178662E-02,0.000000E+00,3.865416E+02,2.455175E+02,2.369185E-02,1.718230E-02 
14:45:00,8.540574E+02,1.393469E+03,5.234675E-02,9.752057E-02,9.255599E+02,2.025045E+02,5.672927E-02,1.417208E-02,8.532883E+02,1.390649E+03,5.229961E-02,9.732322E-02,9.255261E+02,4.358734E+02,5.672720E-02,3.050418E-02,8.532624E+02,1.281002E+03,5.229802E-02,8.964964E-02,9.267205E+02,7.781497E+02,5.680040E-02,5.445805E-02,8.532883E+02,8.614198E+02,5.229961E-02,6.028563E-02,9.255599E+02,6.456992E+02,5.672927E-02,4.518863E-02,5.186109E+02,0.000000E+00,3.178662E-02,0.000000E+00,3.865416E+02,2.538122E+02,2.369185E-02,1.776280E-02 
15:00:00,8.540574E+02,1.496220E+03,5.234675E-02,1.047115E-01,9.255599E+02,2.134886E+02,5.672927E-02,1.494079E-02,8.532883E+02,1.388475E+03,5.229961E-02,9.717109E-02,9.255261E+02,4.279403E+02,5.672720E-02,2.994898E-02,8.532624E+02,1.269671E+03,5.229802E-02,8.885666E-02,9.267205E+02,8.820032E+02,5.680040E-02,6.172613E-02,8.532883E+02,8.743341E+02,5.229961E-02,6.118942E-02,9.255599E+02,6.327489E+02,5.672927E-02,4.428231E-02,5.186109E+02,0.000000E+00,3.178662E-02,0.000000E+00,3.865416E+02,2.625155E+02,2.369185E-02,1.837189E-02 
15:15:00,8.540574E+02,1.594354E+03,5.234675E-02,1.115793E-01,9.255599E+02,2.229974E+02,5.672927E-02,1.560626E-02,8.532883E+02,1.378448E+03,5.229961E-02,9.646932E-02,9.255261E+02,4.193127E+02,5.672720E-02,2.934519E-02,8.532624E+02,1.258061E+03,5.229802E-02,8.804420E-02,9.267205E+02,9.777545E+02,5.680040E-02,6.842720E-02,8.532883E+02,8.860789E+02,5.229961E-02,6.201137E-02,9.255599E+02,6.144952E+02,5.672927E-02,4.300484E-02,5.186109E+02,0.000000E+00,3.178662E-02,0.000000E+00,3.865416E+02,2.714532E+02,2.369185E-02,1.899739E-02 
15:30:00,8.540574E+02,1.687216E+03,5.234675E-02,1.180781E-01,9.255599E+02,2.307316E+02,5.672927E-02,1.614752E-02,8.532883E+02,1.360681E+03,5.229961E-02,9.522591E-02,9.255261E+02,4.097288E+02,5.672720E-02,2.867447E-02,8.532624E+02,1.245833E+03,5.229802E-02,8.718840E-02,9.267205E+02,1.064929E+03,5.680040E-02,7.452805E-02,8.532883E+02,8.963289E+02,5.229961E-02,6.272871E-02,9.255599E+02,5.897868E+02,5.672927E-02,4.127565E-02,5.186109E+02,0.000000E+00,3.178662E-02,0.000000E+00,3.865416E+02,2.804554E+02,2.369185E-02,1.962740E-02 
15:45:00,8.540574E+02,1.773632E+03,5.234675E-02,1.241259E-01,9.255599E+02,2.364663E+02,5.672927E-02,1.654886E-02,8.532883E+02,1.335832E+03,5.229961E-02,9.348687E-02,9.255261E+02,3.989172E+02,5.672720E-02,2.791783E-02,8.532624E+02,1.232643E+03,5.229802E-02,8.626535E-02,9.267205E+02,1.142294E+03,5.680040E-02,7.994230E-02,8.532883E+02,9.048128E+02,5.229961E-02,6.332244E-02,9.255599E+02,5.592292E+02,5.672927E-02,3.913711E-02,5.186109E+02,0.000000E+00,3.178662E-02,0.000000E+00,3.865416E+02,2.893642E+02,2.369185E-02,2.025087E-02 
16:00:00,8.540574E+02,1.852454E+03,5.234675E-02,1.296422E-01,9.255599E+02,2.400068E+02,5.672927E-02,1.679664E-02,8.532883E+02,1.305337E+03,5.229961E-02,9.135274E-02,9.255261E+02,3.866573E+02,5.672720E-02,2.705984E-02,8.532624E+02,1.218207E+03,5.229802E-02,8.525506E-02,9.267205E+02,1.208540E+03,5.680040E-02,8.457846E-02,8.532883E+02,9.112840E+02,5.229961E-02,6.377532E-02,9.255599E+02,5.238463E+02,5.672927E-02,3.666087E-02,5.186109E+02,0.000000E+00,3.178662E-02,0.000000E+00,3.865416E+02,2.980337E+02,2.369185E-02,2.085760E-02 
16:15:00,8.540574E+02,1.921041E+03,5.234675E-02,1.344422E-01,9.255599E+02,2.411427E+02,5.672927E-02,1.687613E-02,8.532883E+02,1.271676E+03,5.229961E-02,8.899704E-02,9.255261E+02,3.727746E+02,5.672720E-02,2.608827E-02,8.532624E+02,1.202313E+03,5.229802E-02,8.414269E-02,9.267205E+02,1.260661E+03,5.680040E-02,8.822615E-02,8.532883E+02,9.154977E+02,5.229961E-02,6.407021E-02,9.255599E+02,4.849446E+02,5.672927E-02,3.393838E-02,5.186109E+02,0.000000E+00,3.178662E-02,0.000000E+00,3.865416E+02,3.063309E+02,2.369185E-02,2.143827E-02 
16:30:00,8.540574E+02,1.978587E+03,5.234675E-02,1.384695E-01,9.255599E+02,2.413126E+02,5.672927E-02,1.688803E-02,8.532883E+02,1.238075E+03,5.229961E-02,8.664546E-02,9.255261E+02,3.570477E+02,5.672720E-02,2.498763E-02,8.532624E+02,1.184647E+03,5.229802E-02,8.290633E-02,9.267205E+02,1.298443E+03,5.680040E-02,9.087028E-02,8.532883E+02,9.185725E+02,5.229961E-02,6.428540E-02,9.255599E+02,4.477453E+02,5.672927E-02,3.133502E-02,5.186109E+02,0.000000E+00,3.178662E-02,0.000000E+00,3.865416E+02,3.141250E+02,2.369185E-02,2.198373E-02 
16:45:00,8.540574E+02,2.024810E+03,5.234675E-02,1.417043E-01,9.255599E+02,2.432557E+02,5.672927E-02,1.702401E-02,8.532883E+02,1.206677E+03,5.229961E-02,8.444810E-02,9.255261E+02,3.395366E+02,5.672720E-02,2.376214E-02,8.532624E+02,1.165215E+03,5.229802E-02,8.154641E-02,9.267205E+02,1.322181E+03,5.680040E-02,9.253154E-02,8.532883E+02,9.226441E+02,5.229961E-02,6.457035E-02,9.255599E+02,4.144068E+02,5.672927E-02,2.900185E-02,5.186109E+02,0.000000E+00,3.178662E-02,0.000000E+00,3.865416E+02,3.213193E+02,2.369185E-02,2.248722E-02 
17:00:00,8.540574E+02,2.058967E+03,5.234675E-02,1.440948E-01,9.255599E+02,2.490275E+02,5.672927E-02,1.742794E-02,8.532883E+02,1.178112E+03,5.229961E-02,8.244901E-02,9.255261E+02,3.202805E+02,5.672720E-02,2.241452E-02,8.532624E+02,1.143880E+03,5.229802E-02,8.005336E-02,9.267205E+02,1.331520E+03,5.680040E-02,9.318516E-02,8.532883E+02,9.296924E+02,5.229961E-02,6.506362E-02,9.255599E+02,3.853867E+02,5.672927E-02,2.697091E-02,5.186109E+02,0.000000E+00,3.178662E-02,0.000000E+00,3.865416E+02,3.278711E+02,2.369185E-02,2.294574E-02 
17:15:00,8.540574E+02,2.082049E+03,5.234675E-02,1.457101E-01,9.255599E+02,2.600510E+02,5.672927E-02,1.819941E-02,8.532883E+02,1.152135E+03,5.229961E-02,8.063105E-02,9.255261E+02,2.998146E+02,5.672720E-02,2.098223E-02,8.532624E+02,1.121091E+03,5.229802E-02,7.845847E-02,9.267205E+02,1.328144E+03,5.680040E-02,9.294886E-02,8.532883E+02,9.413910E+02,5.229961E-02,6.588233E-02,9.255599E+02,3.598618E+02,5.672927E-02,2.518457E-02,5.186109E+02,0.000000E+00,3.178662E-02,0.000000E+00,3.865416E+02,3.337784E+02,2.369185E-02,2.335916E-02 
17:30:00,8.540574E+02,2.092699E+03,5.234675E-02,1.464555E-01,9.255599E+02,2.747855E+02,5.672927E-02,1.923059E-02,8.532883E+02,1.126903E+03,5.229961E-02,7.886519E-02,9.255261E+02,2.782458E+02,5.672720E-02,1.947276E-02,8.532624E+02,1.096905E+03,5.229802E-02,7.676586E-02,9.267205E+02,1.310524E+03,5.680040E-02,9.171575E-02,8.532883E+02,9.569051E+02,5.229961E-02,6.696807E-02,9.255599E+02,3.353433E+02,5.672927E-02,2.346868E-02,5.186109E+02,0.000000E+00,3.178662E-02,0.000000E+00,3.865416E+02,3.390744E+02,2.369185E-02,2.372979E-02 
17:45:00,8.540574E+02,2.089181E+03,5.234675E-02,1.462093E-01,9.255599E+02,2.895087E+02,5.672927E-02,2.026099E-02,8.532883E+02,1.101120E+03,5.229961E-02,7.706078E-02,9.255261E+02,2.555167E+02,5.672720E-02,1.788209E-02,8.532624E+02,1.071171E+03,5.229802E-02,7.496488E-02,9.267205E+02,1.276870E+03,5.680040E-02,8.936052E-02,8.532883E+02,9.735080E+02,5.229961E-02,6.813001E-02,9.255599E+02,3.104510E+02,5.672927E-02,2.172661E-02,5.186109E+02,0.000000E+00,3.178662E-02,0.000000E+00,3.865416E+02,3.437757E+02,2.369185E-02,2.405881E-02 
18:00:00,8.540574E+02,2.069913E+03,5.234675E-02,1.448609E-01,9.255599E+02,3.004896E+02,5.672927E-02,2.102947E-02,8.532883E+02,1.074188E+03,5.229961E-02,7.517597E-02,9.255261E+02,2.316194E+02,5.672720E-02,1.620966E-02,8.532624E+02,1.043906E+03,5.229802E-02,7.305674E-02,9.267205E+02,1.225929E+03,5.680040E-02,8.579544E-02,8.532883E+02,9.878558E+02,5.229961E-02,6.913413E-02,9.255599E+02,2.845775E+02,5.672927E-02,1.991588E-02,5.186109E+02,0.000000E+00,3.178662E-02,0.000000E+00,3.865416E+02,3.478459E+02,2.369185E-02,2.434366E-02 
18:15:00,8.540574E+02,2.029294E+03,5.234675E-02,1.420182E-01,9.255599E+02,3.030978E+02,5.672927E-02,2.121200E-02,8.532883E+02,1.045061E+03,5.229961E-02,7.313756E-02,9.255261E+02,2.059387E+02,5.672720E-02,1.441242E-02,8.532624E+02,1.014405E+03,5.229802E-02,7.099216E-02,9.267205E+02,1.151651E+03,5.680040E-02,8.059718E-02,8.532883E+02,9.952844E+02,5.229961E-02,6.965401E-02,9.255599E+02,2.568914E+02,5.672927E-02,1.797830E-02,5.186109E+02,0.000000E+00,3.178662E-02,0.000000E+00,3.865416E+02,3.511889E+02,2.369185E-02,2.457761E-02 
18:30:00,8.540574E+02,1.967288E+03,5.234675E-02,1.376787E-01,9.255599E+02,2.950171E+02,5.672927E-02,2.064649E-02,8.532883E+02,1.013526E+03,5.229961E-02,7.093063E-02,9.255261E+02,1.786096E+02,5.672720E-02,1.249982E-02,8.532624E+02,9.826786E+02,5.229802E-02,6.877180E-02,9.267205E+02,1.056295E+03,5.680040E-02,7.392381E-02,8.532883E+02,9.930999E+02,5.229961E-02,6.950113E-02,9.255599E+02,2.273200E+02,5.672927E-02,1.590877E-02,5.186109E+02,0.000000E+00,3.178662E-02,0.000000E+00,3.865416E+02,3.536207E+02,2.369185E-02,2.474780E-02 
18:45:00,8.540574E+02,1.884728E+03,5.234675E-02,1.319009E-01,9.255599E+02,2.748400E+02,5.672927E-02,1.923441E-02,8.532883E+02,9.794797E+02,5.229961E-02,6.854793E-02,9.255261E+02,1.497653E+02,5.672720E-02,1.048118E-02,8.532624E+02,9.487399E+02,5.229802E-02,6.639664E-02,9.267205E+02,9.432937E+02,5.680040E-02,6.601549E-02,8.532883E+02,9.794253E+02,5.229961E-02,6.854413E-02,9.255599E+02,1.959091E+02,5.672927E-02,1.371050E-02,5.186109E+02,0.000000E+00,3.178662E-02,0.000000E+00,3.865416E+02,3.549260E+02,2.369185E-02,2.483915E-02 
19:00:00,8.540574E+02,1.779973E+03,5.234675E-02,1.245697E-01,9.255599E+02,2.409015E+02,5.672927E-02,1.685926E-02,8.532883E+02,9.427832E+02,5.229961E-02,6.597976E-02,9.255261E+02,1.194447E+02,5.672720E-02,8.359218E-03,8.532624E+02,9.124984E+02,5.229802E-02,6.386031E-02,9.267205E+02,8.157942E+02,5.680040E-02,5.709256E-02,8.532883E+02,9.521452E+02,5.229961E-02,6.663496E-02,9.255599E+02,1.626624E+02,5.672927E-02,1.138377E-02,5.186109E+02,0.000000E+00,3.178662E-02,0.000000E+00,3.865416E+02,3.549044E+02,2.369185E-02,2.483764E-02 
19:15:00,8.540574E+02,1.658674E+03,5.234675E-02,1.160807E-01,9.255599E+02,1.953158E+02,5.672927E-02,1.366899E-02,8.532883E+02,9.046151E+02,5.229961E-02,6.330861E-02,9.255261E+02,8.899890E+01,5.672720E-02,6.228502E-03,8.532624E+02,8.751307E+02,5.229802E-02,6.124517E-02,9.267205E+02,6.840810E+02,5.680040E-02,4.787474E-02,8.532883E+02,9.124901E+02,5.229961E-02,6.385973E-02,9.255599E+02,1.289225E+02,5.672927E-02,9.022513E-03,5.186109E+02,0.000000E+00,3.178662E-02,0.000000E+00,3.865416E+02,3.533543E+02,2.369185E-02,2.472916E-02 
19:30:00,8.540574E+02,1.530132E+03,5.234675E-02,1.070848E-01,9.255599E+02,1.434037E+02,5.672927E-02,1.003597E-02,8.532883E+02,8.655784E+02,5.229961E-02,6.057666E-02,9.255261E+02,5.940701E+01,5.672720E-02,4.157542E-03,8.532624E+02,8.372152E+02,5.229802E-02,5.859169E-02,9.267205E+02,5.540203E+02,5.680040E-02,3.877257E-02,8.532883E+02,8.641885E+02,5.229961E-02,6.047939E-02,9.255599E+02,9.547200E+01,5.672927E-02,6.681515E-03,5.186109E+02,0.000000E+00,3.178662E-02,0.000000E+00,3.865416E+02,3.501306E+02,2.369185E-02,2.450355E-02 
19:45:00,8.540574E+02,1.405381E+03,5.234675E-02,9.835419E-02,9.255599E+02,9.209460E+01,5.672927E-02,6.445151E-03,8.532883E+02,8.269406E+02,5.229961E-02,5.787263E-02,9.255261E+02,3.327336E+01,5.672720E-02,2.328603E-03,8.532624E+02,7.999633E+02,5.229802E-02,5.598465E-02,9.267205E+02,4.366636E+02,5.680040E-02,3.055947E-02,8.532883E+02,8.129076E+02,5.229961E-02,5.689055E-02,9.255599E+02,6.373827E+01,5.672927E-02,4.460661E-03,5.186109E+02,0.000000E+00,3.178662E-02,0.000000E+00,3.865416E+02,3.452200E+02,2.369185E-02,2.415989E-02 
20:00:00,8.540574E+02,1.295444E+03,5.234675E-02,9.066040E-02,9.255599E+02,4.851639E+01,5.672927E-02,3.395372E-03,8.532883E+02,7.902248E+02,5.229961E-02,5.530311E-02,9.255261E+02,1.499114E+01,5.672720E-02,1.049140E-03,8.532624E+02,7.648114E+02,5.229802E-02,5.352458E-02,9.267205E+02,3.388159E+02,5.680040E-02,2.371170E-02,8.532883E+02,7.646276E+02,5.229961E-02,5.351172E-02,9.255599E+02,3.586220E+01,5.672927E-02,2.509781E-03,5.186109E+02,0.000000E+00,3.178662E-02,0.000000E+00,3.865416E+02,3.388006E+02,2.369185E-02,2.371063E-02 
20:15:00,8.540574E+02,1.206758E+03,5.234675E-02,8.445375E-02,9.255599E+02,2.055918E+01,5.672927E-02,1.438814E-03,8.532883E+02,7.562827E+02,5.229961E-02,5.292771E-02,9.255261E+02,4.171399E+00,5.672720E-02,2.919313E-04,8.532624E+02,7.325031E+02,5.229802E-02,5.126352E-02,9.267205E+02,2.629465E+02,5.680040E-02,1.840205E-02,8.532883E+02,7.235181E+02,5.229961E-02,5.063471E-02,9.255599E+02,1.640999E+01,5.672927E-02,1.148437E-03,5.186109E+02,0.000000E+00,3.178662E-02,0.000000E+00,3.865416E+02,3.312564E+02,2.369185E-02,2.318265E-02 
20:30:00,8.540574E+02,1.135752E+03,5.234675E-02,7.948448E-02,9.255599E+02,5.749701E+00,5.672927E-02,4.023872E-04,8.532883E+02,7.255042E+02,5.229961E-02,5.077371E-02,9.255261E+02,0.000000E+00,5.672720E-02,0.000000E+00,8.532624E+02,7.033108E+02,5.229802E-02,4.922052E-02,9.267205E+02,2.069026E+02,5.680040E-02,1.447988E-02,8.532883E+02,6.894814E+02,5.229961E-02,4.825269E-02,9.255599E+02,4.858918E+00,5.672927E-02,3.400466E-04,5.186109E+02,0.000000E+00,3.178662E-02,0.000000E+00,3.865416E+02,3.231006E+02,2.369185E-02,2.261188E-02 
20:45:00,8.540574E+02,1.076012E+03,5.234675E-02,7.530365E-02,9.255599E+02,0.000000E+00,5.672927E-02,0.000000E+00,8.532883E+02,6.974860E+02,5.229961E-02,4.881288E-02,9.255261E+02,0.000000E+00,5.672720E-02,0.000000E+00,8.532624E+02,6.767437E+02,5.229802E-02,4.736125E-02,9.267205E+02,1.618575E+02,5.680040E-02,1.132744E-02,8.532883E+02,6.603292E+02,5.229961E-02,4.621249E-02,9.255599E+02,0.000000E+00,5.672927E-02,0.000000E+00,5.186109E+02,0.000000E+00,3.178662E-02,0.000000E+00,3.865416E+02,3.148044E+02,2.369185E-02,2.203128E-02 
21:00:00,8.540574E+02,1.023625E+03,5.234675E-02,7.163742E-02,9.255599E+02,0.000000E+00,5.672927E-02,0.000000E+00,8.532883E+02,6.715929E+02,5.229961E-02,4.700077E-02,9.255261E+02,0.000000E+00,5.672720E-02,0.000000E+00,8.532624E+02,6.521270E+02,5.229802E-02,4.563847E-02,9.267205E+02,1.235807E+02,5.680040E-02,8.648676E-03,8.532883E+02,6.344499E+02,5.229961E-02,4.440136E-02,9.255599E+02,0.000000E+00,5.672927E-02,0.000000E+00,5.186109E+02,0.000000E+00,3.178662E-02,0.000000E+00,3.865416E+02,3.066696E+02,2.369185E-02,2.146198E-02 
21:15:00,8.540574E+02,9.763406E+02,5.234675E-02,6.832825E-02,9.255599E+02,0.000000E+00,5.672927E-02,0.000000E+00,8.532883E+02,6.472485E+02,5.229961E-02,4.529706E-02,9.255261E+02,0.000000E+00,5.672720E-02,0.000000E+00,8.532624E+02,6.288818E+02,5.229802E-02,4.401168E-02,9.267205E+02,9.023083E+01,5.680040E-02,6.314717E-03,8.532883E+02,6.107848E+02,5.229961E-02,4.274518E-02,9.255599E+02,0.000000E+00,5.672927E-02,0.000000E+00,5.186109E+02,0.000000E+00,3.178662E-02,0.000000E+00,3.865416E+02,2.988303E+02,2.369185E-02,2.091335E-02 
21:30:00,8.540574E+02,9.327935E+02,5.234675E-02,6.528064E-02,9.255599E+02,0.000000E+00,5.672927E-02,0.000000E+00,8.532883E+02,6.241518E+02,5.229961E-02,4.368065E-02,9.255261E+02,0.000000E+00,5.672720E-02,0.000000E+00,8.532624E+02,6.067207E+02,5.229802E-02,4.246076E-02,9.267205E+02,6.038158E+01,5.680040E-02,4.225746E-03,8.532883E+02,5.887471E+02,5.229961E-02,4.120289E-02,9.255599E+02,0.000000E+00,5.672927E-02,0.000000E+00,5.186109E+02,0.000000E+00,3.178662E-02,0.000000E+00,3.865416E+02,2.913115E+02,2.369185E-02,2.038715E-02 
21:45:00,8.540574E+02,8.921599E+02,5.234675E-02,6.243694E-02,9.255599E+02,0.000000E+00,5.672927E-02,0.000000E+00,8.532883E+02,6.020773E+02,5.229961E-02,4.213579E-02,9.255261E+02,0.000000E+00,5.672720E-02,0.000000E+00,8.532624E+02,5.854395E+02,5.229802E-02,4.097141E-02,9.267205E+02,3.444193E+01,5.680040E-02,2.410385E-03,8.532883E+02,5.679385E+02,5.229961E-02,3.974662E-02,9.255599E+02,0.000000E+00,5.672927E-02,0.000000E+00,5.186109E+02,0.000000E+00,3.178662E-02,0.000000E+00,3.865416E+02,2.840832E+02,2.369185E-02,1.988128E-02 
22:00:00,8.540574E+02,8.538877E+02,5.234675E-02,5.975850E-02,9.255599E+02,0.000000E+00,5.672927E-02,0.000000E+00,8.532883E+02,5.808538E+02,5.229961E-02,4.065049E-02,9.255261E+02,0.000000E+00,5.672720E-02,0.000000E+00,8.532624E+02,5.648904E+02,5.229802E-02,3.953330E-02,9.267205E+02,1.624026E+01,5.680040E-02,1.136559E-03,8.532883E+02,5.480823E+02,5.229961E-02,3.835701E-02,9.255599E+02,0.000000E+00,5.672927E-02,0.000000E+00,5.186109E+02,0.000000E+00,3.178662E-02,0.000000E+00,3.865416E+02,2.770940E+02,2.369185E-02,1.939216E-02 
22:15:00,8.540574E+02,8.177181E+02,5.234675E-02,5.722720E-02,9.255599E+02,0.000000E+00,5.672927E-02,0.000000E+00,8.532883E+02,5.604626E+02,5.229961E-02,3.922343E-02,9.255261E+02,0.000000E+00,5.672720E-02,0.000000E+00,8.532624E+02,5.450698E+02,5.229802E-02,3.814618E-02,9.267205E+02,4.883755E+00,5.680040E-02,3.417848E-04,8.532883E+02,5.290948E+02,5.229961E-02,3.702818E-02,9.255599E+02,0.000000E+00,5.672927E-02,0.000000E+00,5.186109E+02,0.000000E+00,3.178662E-02,0.000000E+00,3.865416E+02,2.702887E+02,2.369185E-02,1.891589E-02 
22:30:00,8.540574E+02,7.834186E+02,5.234675E-02,5.482679E-02,9.255599E+02,0.000000E+00,5.672927E-02,0.000000E+00,8.532883E+02,5.408396E+02,5.229961E-02,3.785013E-02,9.255261E+02,0.000000E+00,5.672720E-02,0.000000E+00,8.532624E+02,5.259369E+02,5.229802E-02,3.680718E-02,9.267205E+02,0.000000E+00,5.680040E-02,0.000000E+00,8.532883E+02,5.108727E+02,5.229961E-02,3.575293E-02,9.255599E+02,0.000000E+00,5.672927E-02,0.000000E+00,5.186109E+02,0.000000E+00,3.178662E-02,0.000000E+00,3.865416E+02,2.636173E+02,2.369185E-02,1.844900E-02 
22:45:00,8.540574E+02,7.508124E+02,5.234675E-02,5.254487E-02,9.255599E+02,0.000000E+00,5.672927E-02,0.000000E+00,8.532883E+02,5.219263E+02,5.229961E-02,3.652650E-02,9.255261E+02,0.000000E+00,5.672720E-02,0.000000E+00,8.532624E+02,5.074493E+02,5.229802E-02,3.551335E-02,9.267205E+02,0.000000E+00,5.680040E-02,0.000000E+00,8.532883E+02,4.933343E+02,5.229961E-02,3.452552E-02,9.255599E+02,0.000000E+00,5.672927E-02,0.000000E+00,5.186109E+02,0.000000E+00,3.178662E-02,0.000000E+00,3.865416E+02,2.570390E+02,2.369185E-02,1.798863E-02 
23:00:00,8.540574E+02,7.197597E+02,5.234675E-02,5.037168E-02,9.255599E+02,0.000000E+00,5.672927E-02,0.000000E+00,8.532883E+02,5.036739E+02,5.229961E-02,3.524913E-02,9.255261E+02,0.000000E+00,5.672720E-02,0.000000E+00,8.532624E+02,4.895712E+02,5.229802E-02,3.426217E-02,9.267205E+02,0.000000E+00,5.680040E-02,0.000000E+00,8.532883E+02,4.764172E+02,5.229961E-02,3.334159E-02,9.255599E+02,0.000000E+00,5.672927E-02,0.000000E+00,5.186109E+02,0.000000E+00,3.178662E-02,0.000000E+00,3.865416E+02,2.505229E+02,2.369185E-02,1.753260E-02 
23:15:00,8.540574E+02,6.900275E+02,5.234675E-02,4.829090E-02,9.255599E+02,0.000000E+00,5.672927E-02,0.000000E+00,8.532883E+02,4.859311E+02,5.229961E-02,3.400741E-02,9.255261E+02,0.000000E+00,5.672720E-02,0.000000E+00,8.532624E+02,4.721687E+02,5.229802E-02,3.304427E-02,9.267205E+02,0.000000E+00,5.680040E-02,0.000000E+00,8.532883E+02,4.599630E+02,5.229961E-02,3.219006E-02,9.255599E+02,0.000000E+00,5.672927E-02,0.000000E+00,5.186109E+02,0.000000E+00,3.178662E-02,0.000000E+00,3.865416E+02,2.440464E+02,2.369185E-02,1.707935E-02 
23:30:00,8.540574E+02,6.614849E+02,5.234675E-02,4.629338E-02,9.255599E+02,0.000000E+00,5.672927E-02,0.000000E+00,8.532883E+02,4.686301E+02,5.229961E-02,3.279662E-02,9.255261E+02,0.000000E+00,5.672720E-02,0.000000E+00,8.532624E+02,4.551785E+02,5.229802E-02,3.185522E-02,9.267205E+02,0.000000E+00,5.680040E-02,0.000000E+00,8.532883E+02,4.439001E+02,5.229961E-02,3.106592E-02,9.255599E+02,0.000000E+00,5.672927E-02,0.000000E+00,5.186109E+02,0.000000E+00,3.178662E-02,0.000000E+00,3.865416E+02,2.375929E+02,2.369185E-02,1.662771E-02 
23:45:00,8.540574E+02,6.340302E+02,5.234675E-02,4.437198E-02,9.255599E+02,0.000000E+00,5.672927E-02,0.000000E+00,8.532883E+02,4.517270E+02,5.229961E-02,3.161367E-02,9.255261E+02,0.000000E+00,5.672720E-02,0.000000E+00,8.532624E+02,4.385631E+02,5.229802E-02,3.069241E-02,9.267205E+02,0.000000E+00,5.680040E-02,0.000000E+00,8.532883E+02,4.281831E+02,5.229961E-02,2.996598E-02,9.255599E+02,0.000000E+00,5.672927E-02,0.000000E+00,5.186109E+02,0.000000E+00,3.178662E-02,0.000000E+00,3.865416E+02,2.311505E+02,2.369185E-02,1.617684E-02 
24:00:00,8.540574E+02,6.075805E+02,5.234675E-02,4.252093E-02,9.255599E+02,0.000000E+00,5.672927E-02,0.000000E+00,8.532883E+02,4.351910E+02,5.229961E-02,3.045642E-02,9.255261E+02,0.000000E+00,5.672720E-02,0.000000E+00,8.532624E+02,4.222969E+02,5.229802E-02,2.955404E-02,9.267205E+02,0.000000E+00,5.680040E-02,0.000000E+00,8.532883E+02,4.127809E+02,5.229961E-02,2.888807E-02,9.255599E+02,0.000000E+00,5.672927E-02,0.000000E+00,5.186109E+02,0.000000E+00,3.178662E-02,0.000000E+00,3.865416E+02,2.247109E+02,2.369185E-02,1.572617E-02 
Peak,8.540574E+02,2.092699E+03,5.234675E-02,1.464555E-01,9.255599E+02,3.030978E+02,5.672927E-02,2.121200E-02,8.532883E+02,1.390649E+03,5.229961E-02,9.732322E-02,9.255261E+02,9.487854E+02,5.672720E-02,6.639983E-02,8.532624E+02,1.751821E+03,5.229802E-02,1.225995E-01,9.267205E+02,1.331520E+03,5.680040E-02,9.318516E-02,8.532883E+02,9.952844E+02,5.229961E-02,6.965401E-02,9.255599E+02,6.518492E+02,5.672927E-02,4.561903E-02,5.186109E+02,0.000000E+00,3.178662E-02,0.000000E+00,3.865416E+02,3.549260E+02,2.369185E-02,2.483915E-02 

Peak Vol Flow (m3/s),,,4.524498E-02,1.265862E-01,,,4.903294E-02,1.833422E-02,,,4.520424E-02,8.411960E-02,,,4.903115E-02,5.739151E-02,,,4.520287E-02,1.059667E-01,,,4.909442E-02,8.054294E-02,,,4.520424E-02,6.020421E-02,,,4.903294E-02,3.943000E-02,,,2.747420E-02,0.000000E+00,,,2.047763E-02,2.146928E-02 
