Time,THERMAL ZONE 3:SAN FRANCISCO INTL AP ANN HTG 99.6% CONDNS DB:Des Heat Load [W],THERMAL ZONE 3:SAN FRANCISCO INTL AP ANN CLG .4% CONDNS DB=>MWB:Des Sens Cool Load [W],THERMAL ZONE 3:SAN FRANCISCO INTL AP ANN HTG 99.6% CONDNS DB:Des Heat Mass Flow [kg/s],THERMAL ZONE 3:SAN FRANCISCO INTL AP ANN CLG .4% CONDNS DB=>MWB:Des Cool Mass Flow [kg/s],THERMAL ZONE 9:SAN FRANCISCO INTL AP ANN HTG 99.6% CONDNS DB:Des Heat Load [W],THERMAL ZONE 9::Des Sens Cool Load [W],THERMAL ZONE 9:SAN FRANCISCO INTL AP ANN HTG 99.6% CONDNS DB:Des Heat Mass Flow [kg/s],THERMAL ZONE 9::Des Cool Mass Flow [kg/s],THERMAL ZONE 14:SAN FRANCISCO INTL AP ANN HTG 99.6% CONDNS DB:Des Heat Load [W],THERMAL ZONE 14::Des Sens Cool Load [W],THERMAL ZONE 14:SAN FRANCISCO INTL AP ANN HTG 99.6% CONDNS DB:Des Heat Mass Flow [kg/s],THERMAL ZONE 14::Des Cool Mass Flow [kg/s],THERMAL ZONE 15:SAN FRANCISCO INTL AP ANN HTG 99.6% CONDNS DB:Des Heat Load [W],THERMAL ZONE 15::Des Sens Cool Load [W],THERMAL ZONE 15:SAN FRANCISCO INTL AP ANN HTG 99.6% CONDNS DB:Des Heat Mass Flow [kg/s],THERMAL ZONE 15::Des Cool Mass Flow [kg/s],THERMAL ZONE 10:SAN FRANCISCO INTL AP ANN HTG 99.6% CONDNS DB:Des Heat Load [W],THERMAL ZONE 10:SAN FRANCISCO INTL AP ANN CLG .4% CONDNS DB=>MWB:Des Sens Cool Load [W],THERMAL ZONE 10:SAN FRANCISCO INTL AP ANN HTG 99.6% CONDNS DB:Des Heat Mass Flow [kg/s],THERMAL ZONE 10:SAN FRANCISCO INTL AP ANN CLG .4% CONDNS DB=>MWB:Des Cool Mass Flow [kg/s],THERMAL ZONE 11:SAN FRANCISCO INTL AP ANN HTG 99.6% CONDNS DB:Des Heat Load [W],THERMAL ZONE 11:SAN FRANCISCO INTL AP ANN CLG .4% CONDNS DB=>MWB:Des Sens Cool Load [W],THERMAL ZONE 11:SAN FRANCISCO INTL AP ANN HTG 99.6% CONDNS DB:Des Heat Mass Flow [kg/s],THERMAL ZONE 11:SAN FRANCISCO INTL AP ANN CLG .4% CONDNS DB=>MWB:Des Cool Mass Flow [kg/s],THERMAL ZONE 7:SAN FRANCISCO INTL AP ANN HTG 99.6% CONDNS DB:Des Heat Load [W],THERMAL ZONE 7:SAN FRANCISCO INTL AP ANN CLG .4% CONDNS DB=>MWB:Des Sens Cool Load [W],THERMAL ZONE 7:SAN FRANCISCO INTL AP ANN HTG 99.6% CONDNS DB:Des Heat Mass Flow [kg/s],THERMAL ZONE 7:SAN FRANCISCO INTL AP ANN CLG .4% CONDNS DB=>MWB:Des Cool Mass Flow [kg/s],THERMAL ZONE 13:SAN FRANCISCO INTL AP ANN HTG 99.6% CONDNS DB:Des Heat Load [W],THERMAL ZONE 13::Des Sens Cool Load [W],THERMAL ZONE 13:SAN FRANCISCO INTL AP ANN HTG 99.6% CONDNS DB:Des Heat Mass Flow [kg/s],THERMAL ZONE 13::Des Cool Mass Flow [kg/s],THERMAL ZONE 6:SAN FRANCISCO INTL AP ANN HTG 99.6% CONDNS DB:Des Heat Load [W],THERMAL ZONE 6:SAN FRANCISCO INTL AP ANN CLG .4% CONDNS DB=>MWB:Des Sens Cool Load [W],THERMAL ZONE 6:SAN FRANCISCO INTL AP ANN HTG 99.6% CONDNS DB:Des Heat Mass Flow [kg/s],THERMAL ZONE 6:SAN FRANCISCO INTL AP ANN CLG .4% CONDNS DB=>MWB:Des Cool Mass Flow [kg/s],THERMAL ZONE 5:SAN FRANCISCO INTL AP ANN HTG 99.6% CONDNS DB:Des Heat Load [W],THERMAL ZONE 5:SAN FRANCISCO INTL AP ANN CLG .4% CONDNS DB=>MWB:Des Sens Cool Load [W],THERMAL ZONE 5:SAN FRANCISCO INTL AP ANN HTG 99.6% CONDNS DB:Des Heat Mass Flow [kg/s],THERMAL ZONE 5:SAN FRANCISCO INTL AP ANN CLG .4% CONDNS DB=>MWB:Des Cool Mass Flow [kg/s],THERMAL ZONE 8:SAN FRANCISCO INTL AP ANN HTG 99.6% CONDNS DB:Des Heat Load [W],THERMAL ZONE 8:SAN FRANCISCO INTL AP ANN CLG .4% CONDNS DB=>MWB:Des Sens Cool Load [W],THERMAL ZONE 8:SAN FRANCISCO INTL AP ANN HTG 99.6% CONDNS DB:Des Heat Mass Flow [kg/s],THERMAL ZONE 8:SAN FRANCISCO INTL AP ANN CLG .4% CONDNS DB=>MWB:Des Cool Mass Flow [kg/s],THERMAL ZONE 12:SAN FRANCISCO INTL AP ANN HTG 99.6% CONDNS DB:Des Heat Load [W],THERMAL ZONE 12:SAN FRANCISCO INTL AP ANN CLG .4% CONDNS DB=>MWB:Des Sens Cool Load [W],THERMAL ZONE 12:SAN FRANCISCO INTL AP ANN HTG 99.6% CONDNS DB:Des Heat Mass Flow [kg/s],THERMAL ZONE 12:SAN FRANCISCO INTL AP ANN CLG .4% CONDNS DB=>MWB:Des Cool Mass Flow [kg/s],THERMAL ZONE 2:SAN FRANCISCO INTL AP ANN HTG 99.6% CONDNS DB:Des Heat Load [W],THERMAL ZONE 2:SAN FRANCISCO INTL AP ANN CLG .4% CONDNS DB=>MWB:Des Sens Cool Load [W],THERMAL ZONE 2:SAN FRANCISCO INTL AP ANN HTG 99.6% CONDNS DB:Des Heat Mass Flow [kg/s],THERMAL ZONE 2:SAN FRANCISCO INTL AP ANN CLG .4% CONDNS DB=>MWB:Des Cool Mass Flow [kg/s],THERMAL ZONE 4:SAN FRANCISCO INTL AP ANN HTG 99.6% CONDNS DB:Des Heat Load [W],THERMAL ZONE 4:SAN FRANCISCO INTL AP ANN CLG .4% CONDNS DB=>MWB:Des Sens Cool Load [W],THERMAL ZONE 4:SAN FRANCISCO INTL AP ANN HTG 99.6% CONDNS DB:Des Heat Mass Flow [kg/s],THERMAL ZONE 4:SAN FRANCISCO INTL AP ANN CLG .4% CONDNS DB=>MWB:Des Cool Mass Flow [kg/s],THERMAL ZONE 1:SAN FRANCISCO INTL AP ANN HTG 99.6% CONDNS DB:Des Heat Load [W],THERMAL ZONE 1:SAN FRANCISCO INTL AP ANN CLG .4% CONDNS DB=>MWB:Des Sens Cool Load [W],THERMAL ZONE 1:SAN FRANCISCO INTL AP ANN HTG 99.6% CONDNS DB:Des Heat Mass Flow [kg/s],THERMAL ZONE 1:SAN FRANCISCO INTL AP ANN CLG .4% CONDNS DB=>MWB:Des Cool Mass Flow [kg/s] 
00:15:00,5.522729E+03,0.000000E+00,3.384982E-01,0.000000E+00,1.115012E+04,0.000000E+00,6.834111E-01,0.000000E+00,3.526002E+04,0.000000E+00,2.161152E+00,0.000000E+00,6.794021E+03,0.000000E+00,4.164181E-01,0.000000E+00,6.794021E+03,0.000000E+00,4.164181E-01,0.000000E+00,5.521763E+03,0.000000E+00,3.384390E-01,0.000000E+00,5.521763E+03,5.933662E+02,3.384390E-01,4.152616E-02,2.123920E+04,0.000000E+00,1.301789E+00,0.000000E+00,6.269925E+03,0.000000E+00,3.842952E-01,0.000000E+00,5.522729E+03,0.000000E+00,3.384982E-01,0.000000E+00,6.785933E+03,0.000000E+00,4.159223E-01,0.000000E+00,6.785933E+03,0.000000E+00,4.159223E-01,0.000000E+00,6.276437E+03,8.058043E+01,3.846944E-01,5.639343E-03,6.276437E+03,0.000000E+00,3.846944E-01,0.000000E+00,6.269925E+03,1.059683E+03,3.842952E-01,7.416089E-02 
00:30:00,5.522729E+03,0.000000E+00,3.384982E-01,0.000000E+00,1.115011E+04,0.000000E+00,6.834110E-01,0.000000E+00,3.526002E+04,0.000000E+00,2.161152E+00,0.000000E+00,6.794021E+03,0.000000E+00,4.164181E-01,0.000000E+00,6.794021E+03,0.000000E+00,4.164181E-01,0.000000E+00,5.521763E+03,0.000000E+00,3.384390E-01,0.000000E+00,5.521763E+03,4.246173E+02,3.384390E-01,2.971643E-02,2.123920E+04,0.000000E+00,1.301789E+00,0.000000E+00,6.269925E+03,0.000000E+00,3.842952E-01,0.000000E+00,5.522729E+03,0.000000E+00,3.384982E-01,0.000000E+00,6.785933E+03,0.000000E+00,4.159223E-01,0.000000E+00,6.785933E+03,0.000000E+00,4.159223E-01,0.000000E+00,6.276437E+03,2.852966E+01,3.846944E-01,1.996620E-03,6.276437E+03,0.000000E+00,3.846944E-01,0.000000E+00,6.269925E+03,8.961168E+02,3.842952E-01,6.271386E-02 
00:45:00,5.522729E+03,0.000000E+00,3.384982E-01,0.000000E+00,1.115011E+04,0.000000E+00,6.834109E-01,0.000000E+00,3.526002E+04,0.000000E+00,2.161152E+00,0.000000E+00,6.794021E+03,0.000000E+00,4.164181E-01,0.000000E+00,6.794021E+03,0.000000E+00,4.164181E-01,0.000000E+00,5.521763E+03,0.000000E+00,3.384390E-01,0.000000E+00,5.521763E+03,2.597652E+02,3.384390E-01,1.817942E-02,2.123920E+04,0.000000E+00,1.301789E+00,0.000000E+00,6.269925E+03,0.000000E+00,3.842952E-01,0.000000E+00,5.522729E+03,0.000000E+00,3.384982E-01,0.000000E+00,6.785933E+03,0.000000E+00,4.159223E-01,0.000000E+00,6.785933E+03,0.000000E+00,4.159223E-01,0.000000E+00,6.276437E+03,1.418819E+00,3.846944E-01,9.929463E-05,6.276437E+03,0.000000E+00,3.846944E-01,0.000000E+00,6.269925E+03,7.414453E+02,3.842952E-01,5.188933E-02 
01:00:00,5.522729E+03,0.000000E+00,3.384982E-01,0.000000E+00,1.115011E+04,0.000000E+00,6.834109E-01,0.000000E+00,3.526002E+04,0.000000E+00,2.161152E+00,0.000000E+00,6.794021E+03,0.000000E+00,4.164181E-01,0.000000E+00,6.794021E+03,0.000000E+00,4.164181E-01,0.000000E+00,5.521763E+03,0.000000E+00,3.384390E-01,0.000000E+00,5.521763E+03,1.329474E+02,3.384390E-01,9.304197E-03,2.123919E+04,0.000000E+00,1.301789E+00,0.000000E+00,6.269925E+03,0.000000E+00,3.842952E-01,0.000000E+00,5.522729E+03,0.000000E+00,3.384982E-01,0.000000E+00,6.785933E+03,0.000000E+00,4.159223E-01,0.000000E+00,6.785933E+03,0.000000E+00,4.159223E-01,0.000000E+00,6.276437E+03,0.000000E+00,3.846944E-01,0.000000E+00,6.276437E+03,0.000000E+00,3.846944E-01,0.000000E+00,6.269925E+03,5.955805E+02,3.842952E-01,4.168112E-02 
01:15:00,5.522729E+03,0.000000E+00,3.384982E-01,0.000000E+00,1.115011E+04,0.000000E+00,6.834109E-01,0.000000E+00,3.526002E+04,0.000000E+00,2.161152E+00,0.000000E+00,6.794021E+03,0.000000E+00,4.164181E-01,0.000000E+00,6.794021E+03,0.000000E+00,4.164181E-01,0.000000E+00,5.521763E+03,0.000000E+00,3.384390E-01,0.000000E+00,5.521763E+03,4.892421E+01,3.384390E-01,3.423913E-03,2.123919E+04,0.000000E+00,1.301789E+00,0.000000E+00,6.269925E+03,0.000000E+00,3.842952E-01,0.000000E+00,5.522729E+03,0.000000E+00,3.384982E-01,0.000000E+00,6.785933E+03,0.000000E+00,4.159223E-01,0.000000E+00,6.785933E+03,0.000000E+00,4.159223E-01,0.000000E+00,6.276437E+03,0.000000E+00,3.846944E-01,0.000000E+00,6.276437E+03,0.000000E+00,3.846944E-01,0.000000E+00,6.269925E+03,4.607548E+02,3.842952E-01,3.224548E-02 
01:30:00,5.522729E+03,0.000000E+00,3.384982E-01,0.000000E+00,1.115011E+04,0.000000E+00,6.834109E-01,0.000000E+00,3.526002E+04,0.000000E+00,2.161152E+00,0.000000E+00,6.794021E+03,0.000000E+00,4.164181E-01,0.000000E+00,6.794021E+03,0.000000E+00,4.164181E-01,0.000000E+00,5.521763E+03,0.000000E+00,3.384390E-01,0.000000E+00,5.521763E+03,5.125081E+00,3.384390E-01,3.586738E-04,2.123919E+04,0.000000E+00,1.301789E+00,0.000000E+00,6.269925E+03,0.000000E+00,3.842952E-01,0.000000E+00,5.522729E+03,0.000000E+00,3.384982E-01,0.000000E+00,6.785933E+03,0.000000E+00,4.159223E-01,0.000000E+00,6.785933E+03,0.000000E+00,4.159223E-01,0.000000E+00,6.276437E+03,0.000000E+00,3.846944E-01,0.000000E+00,6.276437E+03,0.000000E+00,3.846944E-01,0.000000E+00,6.269925E+03,3.361542E+02,3.842952E-01,2.352543E-02 
01:45:00,5.522729E+03,0.000000E+00,3.384982E-01,0.000000E+00,1.115011E+04,0.000000E+00,6.834109E-01,0.000000E+00,3.526002E+04,0.000000E+00,2.161152E+00,0.000000E+00,6.794021E+03,0.000000E+00,4.164181E-01,0.000000E+00,6.794021E+03,0.000000E+00,4.164181E-01,0.000000E+00,5.521763E+03,0.000000E+00,3.384390E-01,0.000000E+00,5.521763E+03,0.000000E+00,3.384390E-01,0.000000E+00,2.123919E+04,0.000000E+00,1.301789E+00,0.000000E+00,6.269925E+03,0.000000E+00,3.842952E-01,0.000000E+00,5.522729E+03,0.000000E+00,3.384982E-01,0.000000E+00,6.785933E+03,0.000000E+00,4.159223E-01,0.000000E+00,6.785933E+03,0.000000E+00,4.159223E-01,0.000000E+00,6.276437E+03,0.000000E+00,3.846944E-01,0.000000E+00,6.276437E+03,0.000000E+00,3.846944E-01,0.000000E+00,6.269925E+03,2.185512E+02,3.842952E-01,1.529509E-02 
02:00:00,5.522729E+03,0.000000E+00,3.384982E-01,0.000000E+00,1.115011E+04,0.000000E+00,6.834109E-01,0.000000E+00,3.526002E+04,0.000000E+00,2.161152E+00,0.000000E+00,6.794021E+03,0.000000E+00,4.164181E-01,0.000000E+00,6.794021E+03,0.000000E+00,4.164181E-01,0.000000E+00,5.521763E+03,0.000000E+00,3.384390E-01,0.000000E+00,5.521763E+03,0.000000E+00,3.384390E-01,0.000000E+00,2.123919E+04,0.000000E+00,1.301789E+00,0.000000E+00,6.269925E+03,0.000000E+00,3.842952E-01,0.000000E+00,5.522729E+03,0.000000E+00,3.384982E-01,0.000000E+00,6.785933E+03,0.000000E+00,4.159223E-01,0.000000E+00,6.785933E+03,0.000000E+00,4.159223E-01,0.000000E+00,6.276437E+03,0.000000E+00,3.846944E-01,0.000000E+00,6.276437E+03,0.000000E+00,3.846944E-01,0.000000E+00,6.269925E+03,1.211851E+02,3.842952E-01,8.481020E-03 
02:15:00,5.522729E+03,0.000000E+00,3.384982E-01,0.000000E+00,1.115011E+04,0.000000E+00,6.834109E-01,0.000000E+00,3.526002E+04,0.000000E+00,2.161152E+00,0.000000E+00,6.794021E+03,0.000000E+00,4.164181E-01,0.000000E+00,6.794021E+03,0.000000E+00,4.164181E-01,0.000000E+00,5.521763E+03,0.000000E+00,3.384390E-01,0.000000E+00,5.521763E+03,0.000000E+00,3.384390E-01,0.000000E+00,2.123919E+04,0.000000E+00,1.301789E+00,0.000000E+00,6.269925E+03,0.000000E+00,3.842952E-01,0.000000E+00,5.522729E+03,0.000000E+00,3.384982E-01,0.000000E+00,6.785933E+03,0.000000E+00,4.159223E-01,0.000000E+00,6.785933E+03,0.000000E+00,4.159223E-01,0.000000E+00,6.276437E+03,0.000000E+00,3.846944E-01,0.000000E+00,6.276437E+03,0.000000E+00,3.846944E-01,0.000000E+00,6.269925E+03,5.352752E+01,3.842952E-01,3.746072E-03 
02:30:00,5.522729E+03,0.000000E+00,3.384982E-01,0.000000E+00,1.115011E+04,0.000000E+00,6.834109E-01,0.000000E+00,3.526002E+04,0.000000E+00,2.161152E+00,0.000000E+00,6.794021E+03,0.000000E+00,4.164181E-01,0.000000E+00,6.794021E+03,0.000000E+00,4.164181E-01,0.000000E+00,5.521763E+03,0.000000E+00,3.384390E-01,0.000000E+00,5.521763E+03,0.000000E+00,3.384390E-01,0.000000E+00,2.123919E+04,0.000000E+00,1.301789E+00,0.000000E+00,6.269925E+03,0.000000E+00,3.842952E-01,0.000000E+00,5.522729E+03,0.000000E+00,3.384982E-01,0.000000E+00,6.785933E+03,0.000000E+00,4.159223E-01,0.000000E+00,6.785933E+03,0.000000E+00,4.159223E-01,0.000000E+00,6.276437E+03,0.000000E+00,3.846944E-01,0.000000E+00,6.276437E+03,0.000000E+00,3.846944E-01,0.000000E+00,6.269925E+03,1.273606E+01,3.842952E-01,8.913205E-04 
02:45:00,5.522729E+03,0.000000E+00,3.384982E-01,0.000000E+00,1.115011E+04,0.000000E+00,6.834109E-01,0.000000E+00,3.526002E+04,0.000000E+00,2.161152E+00,0.000000E+00,6.794021E+03,0.000000E+00,4.164181E-01,0.000000E+00,6.794021E+03,0.000000E+00,4.164181E-01,0.000000E+00,5.521763E+03,0.000000E+00,3.384390E-01,0.000000E+00,5.521763E+03,0.000000E+00,3.384390E-01,0.000000E+00,2.123919E+04,0.000000E+00,1.301789E+00,0.000000E+00,6.269925E+03,0.000000E+00,3.842952E-01,0.000000E+00,5.522729E+03,0.000000E+00,3.384982E-01,0.000000E+00,6.785933E+03,0.000000E+00,4.159223E-01,0.000000E+00,6.785933E+03,0.000000E+00,4.159223E-01,0.000000E+00,6.276437E+03,0.000000E+00,3.846944E-01,0.000000E+00,6.276437E+03,0.000000E+00,3.846944E-01,0.000000E+00,6.269925E+03,0.000000E+00,3.842952E-01,0.000000E+00 
03:00:00,5.522729E+03,0.000000E+00,3.384982E-01,0.000000E+00,1.115011E+04,0.000000E+00,6.834109E-01,0.000000E+00,3.526002E+04,0.000000E+00,2.161152E+00,0.000000E+00,6.794021E+03,0.000000E+00,4.164181E-01,0.000000E+00,6.794021E+03,0.000000E+00,4.164181E-01,0.000000E+00,5.521763E+03,0.000000E+00,3.384390E-01,0.000000E+00,5.521763E+03,0.000000E+00,3.384390E-01,0.000000E+00,2.123919E+04,0.000000E+00,1.301789E+00,0.000000E+00,6.269925E+03,0.000000E+00,3.842952E-01,0.000000E+00,5.522729E+03,0.000000E+00,3.384982E-01,0.000000E+00,6.785933E+03,0.000000E+00,4.159223E-01,0.000000E+00,6.785933E+03,0.000000E+00,4.159223E-01,0.000000E+00,6.276437E+03,0.000000E+00,3.846944E-01,0.000000E+00,6.276437E+03,0.000000E+00,3.846944E-01,0.000000E+00,6.269925E+03,0.000000E+00,3.842952E-01,0.000000E+00 
03:15:00,5.522729E+03,0.000000E+00,3.384982E-01,0.000000E+00,1.115011E+04,0.000000E+00,6.834109E-01,0.000000E+00,3.526002E+04,0.000000E+00,2.161152E+00,0.000000E+00,6.794021E+03,0.000000E+00,4.164181E-01,0.000000E+00,6.794021E+03,0.000000E+00,4.164181E-01,0.000000E+00,5.521763E+03,0.000000E+00,3.384390E-01,0.000000E+00,5.521763E+03,0.000000E+00,3.384390E-01,0.000000E+00,2.123920E+04,0.000000E+00,1.301789E+00,0.000000E+00,6.269925E+03,0.000000E+00,3.842952E-01,0.000000E+00,5.522729E+03,0.000000E+00,3.384982E-01,0.000000E+00,6.785933E+03,0.000000E+00,4.159223E-01,0.000000E+00,6.785933E+03,0.000000E+00,4.159223E-01,0.000000E+00,6.276437E+03,0.000000E+00,3.846944E-01,0.000000E+00,6.276437E+03,0.000000E+00,3.846944E-01,0.000000E+00,6.269925E+03,0.000000E+00,3.842952E-01,0.000000E+00 
03:30:00,5.522729E+03,0.000000E+00,3.384982E-01,0.000000E+00,1.115011E+04,0.000000E+00,6.834109E-01,0.000000E+00,3.526002E+04,0.000000E+00,2.161152E+00,0.000000E+00,6.794021E+03,0.000000E+00,4.164181E-01,0.000000E+00,6.794021E+03,0.000000E+00,4.164181E-01,0.000000E+00,5.521763E+03,0.000000E+00,3.384390E-01,0.000000E+00,5.521763E+03,0.000000E+00,3.384390E-01,0.000000E+00,2.123920E+04,0.000000E+00,1.301789E+00,0.000000E+00,6.269925E+03,0.000000E+00,3.842952E-01,0.000000E+00,5.522729E+03,0.000000E+00,3.384982E-01,0.000000E+00,6.785933E+03,0.000000E+00,4.159223E-01,0.000000E+00,6.785933E+03,0.000000E+00,4.159223E-01,0.000000E+00,6.276437E+03,0.000000E+00,3.846944E-01,0.000000E+00,6.276437E+03,0.000000E+00,3.846944E-01,0.000000E+00,6.269925E+03,0.000000E+00,3.842952E-01,0.000000E+00 
03:45:00,5.522729E+03,0.000000E+00,3.384982E-01,0.000000E+00,1.115011E+04,0.000000E+00,6.834110E-01,0.000000E+00,3.526002E+04,0.000000E+00,2.161152E+00,0.000000E+00,6.794021E+03,0.000000E+00,4.164181E-01,0.000000E+00,6.794021E+03,0.000000E+00,4.164181E-01,0.000000E+00,5.521763E+03,0.000000E+00,3.384390E-01,0.000000E+00,5.521763E+03,0.000000E+00,3.384390E-01,0.000000E+00,2.123920E+04,0.000000E+00,1.301789E+00,0.000000E+00,6.269925E+03,0.000000E+00,3.842952E-01,0.000000E+00,5.522729E+03,0.000000E+00,3.384982E-01,0.000000E+00,6.785933E+03,0.000000E+00,4.159223E-01,0.000000E+00,6.785933E+03,0.000000E+00,4.159223E-01,0.000000E+00,6.276437E+03,0.000000E+00,3.846944E-01,0.000000E+00,6.276437E+03,0.000000E+00,3.846944E-01,0.000000E+00,6.269925E+03,0.000000E+00,3.842952E-01,0.000000E+00 
04:00:00,5.522729E+03,0.000000E+00,3.384982E-01,0.000000E+00,1.115011E+04,0.000000E+00,6.834110E-01,0.000000E+00,3.526002E+04,0.000000E+00,2.161152E+00,0.000000E+00,6.794021E+03,0.000000E+00,4.164181E-01,0.000000E+00,6.794021E+03,0.000000E+00,4.164181E-01,0.000000E+00,5.521763E+03,0.000000E+00,3.384390E-01,0.000000E+00,5.521763E+03,0.000000E+00,3.384390E-01,0.000000E+00,2.123920E+04,0.000000E+00,1.301789E+00,0.000000E+00,6.269925E+03,0.000000E+00,3.842952E-01,0.000000E+00,5.522729E+03,0.000000E+00,3.384982E-01,0.000000E+00,6.785933E+03,0.000000E+00,4.159223E-01,0.000000E+00,6.785933E+03,0.000000E+00,4.159223E-01,0.000000E+00,6.276437E+03,0.000000E+00,3.846944E-01,0.000000E+00,6.276437E+03,0.000000E+00,3.846944E-01,0.000000E+00,6.269925E+03,0.000000E+00,3.842952E-01,0.000000E+00 
04:15:00,5.522729E+03,0.000000E+00,3.384982E-01,0.000000E+00,1.115011E+04,0.000000E+00,6.834110E-01,0.000000E+00,3.526002E+04,0.000000E+00,2.161152E+00,0.000000E+00,6.794021E+03,0.000000E+00,4.164181E-01,0.000000E+00,6.794021E+03,0.000000E+00,4.164181E-01,0.000000E+00,5.521763E+03,0.000000E+00,3.384390E-01,0.000000E+00,5.521763E+03,0.000000E+00,3.384390E-01,0.000000E+00,2.123920E+04,0.000000E+00,1.301789E+00,0.000000E+00,6.269925E+03,0.000000E+00,3.842952E-01,0.000000E+00,5.522729E+03,0.000000E+00,3.384982E-01,0.000000E+00,6.785933E+03,0.000000E+00,4.159223E-01,0.000000E+00,6.785933E+03,0.000000E+00,4.159223E-01,0.000000E+00,6.276437E+03,0.000000E+00,3.846944E-01,0.000000E+00,6.276437E+03,0.000000E+00,3.846944E-01,0.000000E+00,6.269925E+03,0.000000E+00,3.842952E-01,0.000000E+00 
04:30:00,5.522729E+03,0.000000E+00,3.384982E-01,0.000000E+00,1.115011E+04,0.000000E+00,6.834110E-01,0.000000E+00,3.526002E+04,0.000000E+00,2.161152E+00,0.000000E+00,6.794021E+03,0.000000E+00,4.164181E-01,0.000000E+00,6.794021E+03,0.000000E+00,4.164181E-01,0.000000E+00,5.521763E+03,0.000000E+00,3.384390E-01,0.000000E+00,5.521763E+03,0.000000E+00,3.384390E-01,0.000000E+00,2.123920E+04,0.000000E+00,1.301789E+00,0.000000E+00,6.269925E+03,0.000000E+00,3.842952E-01,0.000000E+00,5.522729E+03,0.000000E+00,3.384982E-01,0.000000E+00,6.785933E+03,0.000000E+00,4.159223E-01,0.000000E+00,6.785933E+03,0.000000E+00,4.159223E-01,0.000000E+00,6.276437E+03,0.000000E+00,3.846944E-01,0.000000E+00,6.276437E+03,0.000000E+00,3.846944E-01,0.000000E+00,6.269925E+03,0.000000E+00,3.842952E-01,0.000000E+00 
04:45:00,5.522729E+03,0.000000E+00,3.384982E-01,0.000000E+00,1.115011E+04,0.000000E+00,6.834110E-01,0.000000E+00,3.526002E+04,0.000000E+00,2.161152E+00,0.000000E+00,6.794021E+03,0.000000E+00,4.164181E-01,0.000000E+00,6.794021E+03,0.000000E+00,4.164181E-01,0.000000E+00,5.521763E+03,0.000000E+00,3.384390E-01,0.000000E+00,5.521763E+03,0.000000E+00,3.384390E-01,0.000000E+00,2.123920E+04,0.000000E+00,1.301789E+00,0.000000E+00,6.269925E+03,0.000000E+00,3.842952E-01,0.000000E+00,5.522729E+03,0.000000E+00,3.384982E-01,0.000000E+00,6.785933E+03,0.000000E+00,4.159223E-01,0.000000E+00,6.785933E+03,0.000000E+00,4.159223E-01,0.000000E+00,6.276437E+03,0.000000E+00,3.846944E-01,0.000000E+00,6.276437E+03,0.000000E+00,3.846944E-01,0.000000E+00,6.269925E+03,0.000000E+00,3.842952E-01,0.000000E+00 
05:00:00,5.522729E+03,0.000000E+00,3.384982E-01,0.000000E+00,1.115011E+04,0.000000E+00,6.834110E-01,0.000000E+00,3.526002E+04,0.000000E+00,2.161152E+00,0.000000E+00,6.794021E+03,0.000000E+00,4.164181E-01,0.000000E+00,6.794021E+03,0.000000E+00,4.164181E-01,0.000000E+00,5.521763E+03,0.000000E+00,3.384390E-01,0.000000E+00,5.521763E+03,0.000000E+00,3.384390E-01,0.000000E+00,2.123920E+04,0.000000E+00,1.301789E+00,0.000000E+00,6.269925E+03,0.000000E+00,3.842952E-01,0.000000E+00,5.522729E+03,0.000000E+00,3.384982E-01,0.000000E+00,6.785933E+03,0.000000E+00,4.159223E-01,0.000000E+00,6.785933E+03,0.000000E+00,4.159223E-01,0.000000E+00,6.276437E+03,0.000000E+00,3.846944E-01,0.000000E+00,6.276437E+03,0.000000E+00,3.846944E-01,0.000000E+00,6.269925E+03,0.000000E+00,3.842952E-01,0.000000E+00 
05:15:00,5.522729E+03,0.000000E+00,3.384982E-01,0.000000E+00,1.115011E+04,0.000000E+00,6.834110E-01,0.000000E+00,3.526002E+04,0.000000E+00,2.161152E+00,0.000000E+00,6.794021E+03,0.000000E+00,4.164181E-01,0.000000E+00,6.794021E+03,0.000000E+00,4.164181E-01,0.000000E+00,5.521763E+03,0.000000E+00,3.384390E-01,0.000000E+00,5.521763E+03,0.000000E+00,3.384390E-01,0.000000E+00,2.123920E+04,0.000000E+00,1.301789E+00,0.000000E+00,6.269925E+03,0.000000E+00,3.842952E-01,0.000000E+00,5.522729E+03,0.000000E+00,3.384982E-01,0.000000E+00,6.785933E+03,0.000000E+00,4.159223E-01,0.000000E+00,6.785933E+03,0.000000E+00,4.159223E-01,0.000000E+00,6.276437E+03,0.000000E+00,3.846944E-01,0.000000E+00,6.276437E+03,0.000000E+00,3.846944E-01,0.000000E+00,6.269925E+03,0.000000E+00,3.842952E-01,0.000000E+00 
05:30:00,5.522729E+03,0.000000E+00,3.384982E-01,0.000000E+00,1.115011E+04,0.000000E+00,6.834110E-01,0.000000E+00,3.526002E+04,0.000000E+00,2.161152E+00,0.000000E+00,6.794021E+03,0.000000E+00,4.164181E-01,0.000000E+00,6.794021E+03,0.000000E+00,4.164181E-01,0.000000E+00,5.521763E+03,0.000000E+00,3.384390E-01,0.000000E+00,5.521763E+03,0.000000E+00,3.384390E-01,0.000000E+00,2.123920E+04,0.000000E+00,1.301789E+00,0.000000E+00,6.269925E+03,0.000000E+00,3.842952E-01,0.000000E+00,5.522729E+03,0.000000E+00,3.384982E-01,0.000000E+00,6.785933E+03,0.000000E+00,4.159223E-01,0.000000E+00,6.785933E+03,0.000000E+00,4.159223E-01,0.000000E+00,6.276437E+03,0.000000E+00,3.846944E-01,0.000000E+00,6.276437E+03,0.000000E+00,3.846944E-01,0.000000E+00,6.269925E+03,0.000000E+00,3.842952E-01,0.000000E+00 
05:45:00,5.522729E+03,0.000000E+00,3.384982E-01,0.000000E+00,1.115011E+04,0.000000E+00,6.834110E-01,0.000000E+00,3.526002E+04,0.000000E+00,2.161152E+00,0.000000E+00,6.794021E+03,0.000000E+00,4.164181E-01,0.000000E+00,6.794021E+03,0.000000E+00,4.164181E-01,0.000000E+00,5.521763E+03,0.000000E+00,3.384390E-01,0.000000E+00,5.521763E+03,0.000000E+00,3.384390E-01,0.000000E+00,2.123920E+04,0.000000E+00,1.301789E+00,0.000000E+00,6.269925E+03,0.000000E+00,3.842952E-01,0.000000E+00,5.522729E+03,0.000000E+00,3.384982E-01,0.000000E+00,6.785933E+03,0.000000E+00,4.159223E-01,0.000000E+00,6.785933E+03,0.000000E+00,4.159223E-01,0.000000E+00,6.276437E+03,0.000000E+00,3.846944E-01,0.000000E+00,6.276437E+03,0.000000E+00,3.846944E-01,0.000000E+00,6.269925E+03,0.000000E+00,3.842952E-01,0.000000E+00 
06:00:00,5.522729E+03,0.000000E+00,3.384982E-01,0.000000E+00,1.115011E+04,0.000000E+00,6.834110E-01,0.000000E+00,3.526002E+04,0.000000E+00,2.161152E+00,0.000000E+00,6.794021E+03,0.000000E+00,4.164181E-01,0.000000E+00,6.794021E+03,0.000000E+00,4.164181E-01,0.000000E+00,5.521763E+03,0.000000E+00,3.384390E-01,0.000000E+00,5.521763E+03,0.000000E+00,3.384390E-01,0.000000E+00,2.123920E+04,0.000000E+00,1.301789E+00,0.000000E+00,6.269925E+03,0.000000E+00,3.842952E-01,0.000000E+00,5.522729E+03,0.000000E+00,3.384982E-01,0.000000E+00,6.785933E+03,0.000000E+00,4.159223E-01,0.000000E+00,6.785933E+03,0.000000E+00,4.159223E-01,0.000000E+00,6.276437E+03,0.000000E+00,3.846944E-01,0.000000E+00,6.276437E+03,0.000000E+00,3.846944E-01,0.000000E+00,6.269925E+03,0.000000E+00,3.842952E-01,0.000000E+00 
06:15:00,5.522729E+03,0.000000E+00,3.384982E-01,0.000000E+00,1.115011E+04,0.000000E+00,6.834110E-01,0.000000E+00,3.526002E+04,0.000000E+00,2.161152E+00,0.000000E+00,6.794021E+03,0.000000E+00,4.164181E-01,0.000000E+00,6.794021E+03,0.000000E+00,4.164181E-01,0.000000E+00,5.521763E+03,0.000000E+00,3.384390E-01,0.000000E+00,5.521763E+03,0.000000E+00,3.384390E-01,0.000000E+00,2.123920E+04,0.000000E+00,1.301789E+00,0.000000E+00,6.269925E+03,0.000000E+00,3.842952E-01,0.000000E+00,5.522729E+03,0.000000E+00,3.384982E-01,0.000000E+00,6.785933E+03,0.000000E+00,4.159223E-01,0.000000E+00,6.785933E+03,0.000000E+00,4.159223E-01,0.000000E+00,6.276437E+03,0.000000E+00,3.846944E-01,0.000000E+00,6.276437E+03,0.000000E+00,3.846944E-01,0.000000E+00,6.269925E+03,0.000000E+00,3.842952E-01,0.000000E+00 
06:30:00,5.522729E+03,0.000000E+00,3.384982E-01,0.000000E+00,1.115011E+04,0.000000E+00,6.834110E-01,0.000000E+00,3.526002E+04,0.000000E+00,2.161152E+00,0.000000E+00,6.794021E+03,0.000000E+00,4.164181E-01,0.000000E+00,6.794021E+03,0.000000E+00,4.164181E-01,0.000000E+00,5.521763E+03,0.000000E+00,3.384390E-01,0.000000E+00,5.521763E+03,0.000000E+00,3.384390E-01,0.000000E+00,2.123920E+04,0.000000E+00,1.301789E+00,0.000000E+00,6.269925E+03,0.000000E+00,3.842952E-01,0.000000E+00,5.522729E+03,0.000000E+00,3.384982E-01,0.000000E+00,6.785933E+03,0.000000E+00,4.159223E-01,0.000000E+00,6.785933E+03,0.000000E+00,4.159223E-01,0.000000E+00,6.276437E+03,0.000000E+00,3.846944E-01,0.000000E+00,6.276437E+03,1.642989E+01,3.846944E-01,1.169202E-03,6.269925E+03,0.000000E+00,3.842952E-01,0.000000E+00 
06:45:00,5.522729E+03,0.000000E+00,3.384982E-01,0.000000E+00,1.115011E+04,0.000000E+00,6.834110E-01,0.000000E+00,3.526002E+04,0.000000E+00,2.161152E+00,0.000000E+00,6.794021E+03,0.000000E+00,4.164181E-01,0.000000E+00,6.794021E+03,0.000000E+00,4.164181E-01,0.000000E+00,5.521763E+03,0.000000E+00,3.384390E-01,0.000000E+00,5.521763E+03,0.000000E+00,3.384390E-01,0.000000E+00,2.123920E+04,0.000000E+00,1.301789E+00,0.000000E+00,6.269925E+03,0.000000E+00,3.842952E-01,0.000000E+00,5.522729E+03,6.840429E+01,3.384982E-01,4.820992E-03,6.785933E+03,0.000000E+00,4.159223E-01,0.000000E+00,6.785933E+03,0.000000E+00,4.159223E-01,0.000000E+00,6.276437E+03,0.000000E+00,3.846944E-01,0.000000E+00,6.276437E+03,3.717242E+02,3.846944E-01,2.608395E-02,6.269925E+03,0.000000E+00,3.842952E-01,0.000000E+00 
07:00:00,5.522729E+03,0.000000E+00,3.384982E-01,0.000000E+00,1.115011E+04,0.000000E+00,6.834110E-01,0.000000E+00,3.526002E+04,0.000000E+00,2.161152E+00,0.000000E+00,6.794021E+03,0.000000E+00,4.164181E-01,0.000000E+00,6.794021E+03,0.000000E+00,4.164181E-01,0.000000E+00,5.521763E+03,0.000000E+00,3.384390E-01,0.000000E+00,5.521763E+03,0.000000E+00,3.384390E-01,0.000000E+00,2.123920E+04,0.000000E+00,1.301789E+00,0.000000E+00,6.269925E+03,0.000000E+00,3.842952E-01,0.000000E+00,5.522729E+03,5.962091E+02,3.384982E-01,4.202055E-02,6.785933E+03,0.000000E+00,4.159223E-01,0.000000E+00,6.785933E+03,2.534102E+02,4.159223E-01,1.779579E-02,6.276437E+03,0.000000E+00,3.846944E-01,0.000000E+00,6.276437E+03,1.212460E+03,3.846944E-01,8.497079E-02,6.269925E+03,0.000000E+00,3.842952E-01,0.000000E+00 
07:15:00,5.522729E+03,0.000000E+00,3.384982E-01,0.000000E+00,1.115011E+04,0.000000E+00,6.834110E-01,0.000000E+00,3.526002E+04,0.000000E+00,2.161152E+00,0.000000E+00,6.794021E+03,0.000000E+00,4.164181E-01,0.000000E+00,6.794021E+03,0.000000E+00,4.164181E-01,0.000000E+00,5.521763E+03,0.000000E+00,3.384390E-01,0.000000E+00,5.521763E+03,0.000000E+00,3.384390E-01,0.000000E+00,2.123920E+04,0.000000E+00,1.301789E+00,0.000000E+00,6.269925E+03,0.000000E+00,3.842952E-01,0.000000E+00,5.522729E+03,1.564318E+03,3.384982E-01,1.097727E-01,6.785933E+03,0.000000E+00,4.159223E-01,0.000000E+00,6.785933E+03,1.263441E+03,4.159223E-01,8.848127E-02,6.276437E+03,0.000000E+00,3.846944E-01,0.000000E+00,6.276437E+03,2.387479E+03,3.846944E-01,1.672033E-01,6.269925E+03,0.000000E+00,3.842952E-01,0.000000E+00 
07:30:00,5.522729E+03,0.000000E+00,3.384982E-01,0.000000E+00,1.115011E+04,0.000000E+00,6.834110E-01,0.000000E+00,3.526002E+04,0.000000E+00,2.161152E+00,0.000000E+00,6.794021E+03,0.000000E+00,4.164181E-01,0.000000E+00,6.794021E+03,0.000000E+00,4.164181E-01,0.000000E+00,5.521763E+03,0.000000E+00,3.384390E-01,0.000000E+00,5.521763E+03,0.000000E+00,3.384390E-01,0.000000E+00,2.123920E+04,0.000000E+00,1.301789E+00,0.000000E+00,6.269925E+03,0.000000E+00,3.842952E-01,0.000000E+00,5.522729E+03,2.760550E+03,3.384982E-01,1.934899E-01,6.785933E+03,0.000000E+00,4.159223E-01,0.000000E+00,6.785933E+03,2.205950E+03,4.159223E-01,1.544372E-01,6.276437E+03,0.000000E+00,3.846944E-01,0.000000E+00,6.276437E+03,3.890774E+03,3.846944E-01,2.723906E-01,6.269925E+03,0.000000E+00,3.842952E-01,0.000000E+00 
07:45:00,5.522729E+03,0.000000E+00,3.384982E-01,0.000000E+00,1.115011E+04,0.000000E+00,6.834110E-01,0.000000E+00,3.526002E+04,0.000000E+00,2.161152E+00,0.000000E+00,6.794021E+03,0.000000E+00,4.164181E-01,0.000000E+00,6.794021E+03,0.000000E+00,4.164181E-01,0.000000E+00,5.521763E+03,0.000000E+00,3.384390E-01,0.000000E+00,5.521763E+03,0.000000E+00,3.384390E-01,0.000000E+00,2.123920E+04,0.000000E+00,1.301789E+00,0.000000E+00,6.269925E+03,0.000000E+00,3.842952E-01,0.000000E+00,5.522729E+03,4.232236E+03,3.384982E-01,2.964505E-01,6.785933E+03,0.000000E+00,4.159223E-01,0.000000E+00,6.785933E+03,3.530385E+03,4.159223E-01,2.471206E-01,6.276437E+03,0.000000E+00,3.846944E-01,0.000000E+00,6.276437E+03,5.359458E+03,3.846944E-01,3.751252E-01,6.269925E+03,0.000000E+00,3.842952E-01,0.000000E+00 
08:00:00,5.522729E+03,0.000000E+00,3.384982E-01,0.000000E+00,1.115011E+04,0.000000E+00,6.834110E-01,0.000000E+00,3.526002E+04,0.000000E+00,2.161152E+00,0.000000E+00,6.794021E+03,0.000000E+00,4.164181E-01,0.000000E+00,6.794021E+03,0.000000E+00,4.164181E-01,0.000000E+00,5.521763E+03,0.000000E+00,3.384390E-01,0.000000E+00,5.521763E+03,0.000000E+00,3.384390E-01,0.000000E+00,2.123920E+04,0.000000E+00,1.301789E+00,0.000000E+00,6.269925E+03,0.000000E+00,3.842952E-01,0.000000E+00,5.522729E+03,5.523840E+03,3.384982E-01,3.865806E-01,6.785933E+03,0.000000E+00,4.159223E-01,0.000000E+00,6.785933E+03,4.865329E+03,4.159223E-01,3.404771E-01,6.276437E+03,0.000000E+00,3.846944E-01,0.000000E+00,6.276437E+03,6.613526E+03,3.846944E-01,4.628412E-01,6.269925E+03,0.000000E+00,3.842952E-01,0.000000E+00 
08:15:00,5.522729E+03,0.000000E+00,3.384982E-01,0.000000E+00,1.115011E+04,0.000000E+00,6.834110E-01,0.000000E+00,3.526002E+04,0.000000E+00,2.161152E+00,0.000000E+00,6.794021E+03,0.000000E+00,4.164181E-01,0.000000E+00,6.794021E+03,0.000000E+00,4.164181E-01,0.000000E+00,5.521763E+03,0.000000E+00,3.384390E-01,0.000000E+00,5.521763E+03,0.000000E+00,3.384390E-01,0.000000E+00,2.123920E+04,0.000000E+00,1.301789E+00,0.000000E+00,6.269925E+03,0.000000E+00,3.842952E-01,0.000000E+00,5.522729E+03,6.630496E+03,3.384982E-01,4.640288E-01,6.785933E+03,0.000000E+00,4.159223E-01,0.000000E+00,6.785933E+03,5.654479E+03,4.159223E-01,3.957003E-01,6.276437E+03,0.000000E+00,3.846944E-01,0.000000E+00,6.276437E+03,7.777320E+03,3.846944E-01,5.442882E-01,6.269925E+03,0.000000E+00,3.842952E-01,0.000000E+00 
08:30:00,5.522729E+03,0.000000E+00,3.384982E-01,0.000000E+00,1.115011E+04,0.000000E+00,6.834110E-01,0.000000E+00,3.526002E+04,0.000000E+00,2.161152E+00,0.000000E+00,6.794021E+03,0.000000E+00,4.164181E-01,0.000000E+00,6.794021E+03,0.000000E+00,4.164181E-01,0.000000E+00,5.521763E+03,0.000000E+00,3.384390E-01,0.000000E+00,5.521763E+03,0.000000E+00,3.384390E-01,0.000000E+00,2.123920E+04,0.000000E+00,1.301789E+00,0.000000E+00,6.269925E+03,0.000000E+00,3.842952E-01,0.000000E+00,5.522729E+03,7.737557E+03,3.384982E-01,5.415054E-01,6.785933E+03,0.000000E+00,4.159223E-01,0.000000E+00,6.785933E+03,6.679147E+03,4.159223E-01,4.674120E-01,6.276437E+03,0.000000E+00,3.846944E-01,0.000000E+00,6.276437E+03,8.811687E+03,3.846944E-01,6.166773E-01,6.269925E+03,0.000000E+00,3.842952E-01,0.000000E+00 
08:45:00,5.522729E+03,0.000000E+00,3.384982E-01,0.000000E+00,1.115011E+04,0.000000E+00,6.834110E-01,0.000000E+00,3.526002E+04,0.000000E+00,2.161152E+00,0.000000E+00,6.794021E+03,0.000000E+00,4.164181E-01,0.000000E+00,6.794021E+03,0.000000E+00,4.164181E-01,0.000000E+00,5.521763E+03,0.000000E+00,3.384390E-01,0.000000E+00,5.521763E+03,0.000000E+00,3.384390E-01,0.000000E+00,2.123920E+04,0.000000E+00,1.301789E+00,0.000000E+00,6.269925E+03,0.000000E+00,3.842952E-01,0.000000E+00,5.522729E+03,8.702478E+03,3.384982E-01,6.090344E-01,6.785933E+03,0.000000E+00,4.159223E-01,0.000000E+00,6.785933E+03,7.450809E+03,4.159223E-01,5.214199E-01,6.276437E+03,0.000000E+00,3.846944E-01,0.000000E+00,6.276437E+03,9.728832E+03,3.846944E-01,6.808628E-01,6.269925E+03,0.000000E+00,3.842952E-01,0.000000E+00 
09:00:00,5.522729E+03,0.000000E+00,3.384982E-01,0.000000E+00,1.115011E+04,0.000000E+00,6.834110E-01,0.000000E+00,3.526002E+04,0.000000E+00,2.161152E+00,0.000000E+00,6.794021E+03,0.000000E+00,4.164181E-01,0.000000E+00,6.794021E+03,0.000000E+00,4.164181E-01,0.000000E+00,5.521763E+03,0.000000E+00,3.384390E-01,0.000000E+00,5.521763E+03,0.000000E+00,3.384390E-01,0.000000E+00,2.123920E+04,0.000000E+00,1.301789E+00,0.000000E+00,6.269925E+03,0.000000E+00,3.842952E-01,0.000000E+00,5.522729E+03,9.562989E+03,3.384982E-01,6.692564E-01,6.785933E+03,0.000000E+00,4.159223E-01,0.000000E+00,6.785933E+03,8.051443E+03,4.159223E-01,5.634605E-01,6.276437E+03,1.653088E+02,3.846944E-01,1.160684E-02,6.276437E+03,1.053434E+04,3.846944E-01,7.372356E-01,6.269925E+03,0.000000E+00,3.842952E-01,0.000000E+00 
09:15:00,5.522729E+03,1.460698E+02,3.384982E-01,1.025991E-02,1.115011E+04,0.000000E+00,6.834110E-01,0.000000E+00,3.526002E+04,0.000000E+00,2.161152E+00,0.000000E+00,6.794021E+03,0.000000E+00,4.164181E-01,0.000000E+00,6.794021E+03,0.000000E+00,4.164181E-01,0.000000E+00,5.521763E+03,0.000000E+00,3.384390E-01,0.000000E+00,5.521763E+03,0.000000E+00,3.384390E-01,0.000000E+00,2.123920E+04,0.000000E+00,1.301789E+00,0.000000E+00,6.269925E+03,0.000000E+00,3.842952E-01,0.000000E+00,5.522729E+03,1.029533E+04,3.384982E-01,7.205089E-01,6.785933E+03,0.000000E+00,4.159223E-01,0.000000E+00,6.785933E+03,8.472504E+03,4.159223E-01,5.929324E-01,6.276437E+03,5.690939E+02,3.846944E-01,3.988409E-02,6.276437E+03,1.120883E+04,3.846944E-01,7.844392E-01,6.269925E+03,0.000000E+00,3.842952E-01,0.000000E+00 
09:30:00,5.522729E+03,4.885904E+02,3.384982E-01,3.425037E-02,1.115011E+04,0.000000E+00,6.834110E-01,0.000000E+00,3.526002E+04,0.000000E+00,2.161152E+00,0.000000E+00,6.794021E+03,0.000000E+00,4.164181E-01,0.000000E+00,6.794021E+03,0.000000E+00,4.164181E-01,0.000000E+00,5.521763E+03,0.000000E+00,3.384390E-01,0.000000E+00,5.521763E+03,0.000000E+00,3.384390E-01,0.000000E+00,2.123920E+04,0.000000E+00,1.301789E+00,0.000000E+00,6.269925E+03,0.000000E+00,3.842952E-01,0.000000E+00,5.522729E+03,1.090301E+04,3.384982E-01,7.630363E-01,6.785933E+03,0.000000E+00,4.159223E-01,0.000000E+00,6.785933E+03,8.731918E+03,4.159223E-01,6.110902E-01,6.276437E+03,1.180287E+03,3.846944E-01,8.265802E-02,6.276437E+03,1.175582E+04,3.846944E-01,8.227194E-01,6.269925E+03,0.000000E+00,3.842952E-01,0.000000E+00 
09:45:00,5.522729E+03,1.046469E+03,3.384982E-01,7.329309E-02,1.115011E+04,0.000000E+00,6.834110E-01,0.000000E+00,3.526002E+04,0.000000E+00,2.161152E+00,0.000000E+00,6.794021E+03,0.000000E+00,4.164181E-01,0.000000E+00,6.794021E+03,0.000000E+00,4.164181E-01,0.000000E+00,5.521763E+03,0.000000E+00,3.384390E-01,0.000000E+00,5.521763E+03,0.000000E+00,3.384390E-01,0.000000E+00,2.123920E+04,0.000000E+00,1.301789E+00,0.000000E+00,6.269925E+03,0.000000E+00,3.842952E-01,0.000000E+00,5.522729E+03,1.139136E+04,3.384982E-01,7.972130E-01,6.785933E+03,0.000000E+00,4.159223E-01,0.000000E+00,6.785933E+03,8.845365E+03,4.159223E-01,6.190315E-01,6.276437E+03,1.995923E+03,3.846944E-01,1.397395E-01,6.276437E+03,1.218062E+04,3.846944E-01,8.524490E-01,6.269925E+03,0.000000E+00,3.842952E-01,0.000000E+00 
10:00:00,5.522729E+03,1.809526E+03,3.384982E-01,1.266949E-01,1.115011E+04,0.000000E+00,6.834110E-01,0.000000E+00,3.526002E+04,0.000000E+00,2.161152E+00,0.000000E+00,6.794021E+03,0.000000E+00,4.164181E-01,0.000000E+00,6.794021E+03,0.000000E+00,4.164181E-01,0.000000E+00,5.521763E+03,0.000000E+00,3.384390E-01,0.000000E+00,5.521763E+03,0.000000E+00,3.384390E-01,0.000000E+00,2.123920E+04,0.000000E+00,1.301789E+00,0.000000E+00,6.269925E+03,0.000000E+00,3.842952E-01,0.000000E+00,5.522729E+03,1.176153E+04,3.384982E-01,8.231192E-01,6.785933E+03,3.331820E+02,4.159223E-01,2.336161E-02,6.785933E+03,8.821362E+03,4.159223E-01,6.173528E-01,6.276437E+03,2.852284E+03,3.846944E-01,1.996332E-01,6.276437E+03,1.248573E+04,3.846944E-01,8.738019E-01,6.269925E+03,0.000000E+00,3.842952E-01,0.000000E+00 
10:15:00,5.522729E+03,2.636553E+03,3.384982E-01,1.845362E-01,1.115011E+04,0.000000E+00,6.834110E-01,0.000000E+00,3.526002E+04,0.000000E+00,2.161152E+00,0.000000E+00,6.794021E+03,0.000000E+00,4.164181E-01,0.000000E+00,6.794021E+03,0.000000E+00,4.164181E-01,0.000000E+00,5.521763E+03,0.000000E+00,3.384390E-01,0.000000E+00,5.521763E+03,0.000000E+00,3.384390E-01,0.000000E+00,2.123920E+04,0.000000E+00,1.301789E+00,0.000000E+00,6.269925E+03,0.000000E+00,3.842952E-01,0.000000E+00,5.522729E+03,1.203516E+04,3.384982E-01,8.422690E-01,6.785933E+03,8.244862E+02,4.159223E-01,5.774611E-02,6.785933E+03,8.696409E+03,4.159223E-01,6.086087E-01,6.276437E+03,3.672773E+03,3.846944E-01,2.570356E-01,6.276437E+03,1.269199E+04,3.846944E-01,8.882363E-01,6.269925E+03,0.000000E+00,3.842952E-01,0.000000E+00 
10:30:00,5.522729E+03,3.470636E+03,3.384982E-01,2.428892E-01,1.115011E+04,0.000000E+00,6.834110E-01,0.000000E+00,3.526002E+04,0.000000E+00,2.161152E+00,0.000000E+00,6.794021E+03,0.000000E+00,4.164181E-01,0.000000E+00,6.794021E+03,0.000000E+00,4.164181E-01,0.000000E+00,5.521763E+03,0.000000E+00,3.384390E-01,0.000000E+00,5.521763E+03,0.000000E+00,3.384390E-01,0.000000E+00,2.123920E+04,0.000000E+00,1.301789E+00,0.000000E+00,6.269925E+03,0.000000E+00,3.842952E-01,0.000000E+00,5.522729E+03,1.221192E+04,3.384982E-01,8.546392E-01,6.785933E+03,1.474728E+03,4.159223E-01,1.032510E-01,6.785933E+03,8.474577E+03,4.159223E-01,5.930842E-01,6.276437E+03,4.483381E+03,3.846944E-01,3.137650E-01,6.276437E+03,1.280183E+04,3.846944E-01,8.959233E-01,6.269925E+03,1.754938E+01,3.842952E-01,1.236795E-03 
10:45:00,5.522729E+03,4.287697E+03,3.384982E-01,3.000703E-01,1.115011E+04,0.000000E+00,6.834111E-01,0.000000E+00,3.526002E+04,0.000000E+00,2.161152E+00,0.000000E+00,6.794021E+03,0.000000E+00,4.164181E-01,0.000000E+00,6.794021E+03,0.000000E+00,4.164181E-01,0.000000E+00,5.521763E+03,0.000000E+00,3.384390E-01,0.000000E+00,5.521763E+03,0.000000E+00,3.384390E-01,0.000000E+00,2.123920E+04,0.000000E+00,1.301789E+00,0.000000E+00,6.269925E+03,0.000000E+00,3.842952E-01,0.000000E+00,5.522729E+03,1.228917E+04,3.384982E-01,8.600455E-01,6.785933E+03,2.339371E+03,4.159223E-01,1.637596E-01,6.785933E+03,8.157563E+03,4.159223E-01,5.708985E-01,6.276437E+03,5.280592E+03,3.846944E-01,3.695571E-01,6.276437E+03,1.281518E+04,3.846944E-01,8.968577E-01,6.269925E+03,1.000960E+02,3.842952E-01,7.013814E-03 
11:00:00,5.522729E+03,5.091434E+03,3.384982E-01,3.563191E-01,1.115011E+04,0.000000E+00,6.834111E-01,0.000000E+00,3.526002E+04,0.000000E+00,2.161152E+00,0.000000E+00,6.794021E+03,0.000000E+00,4.164181E-01,0.000000E+00,6.794021E+03,0.000000E+00,4.164181E-01,0.000000E+00,5.521763E+03,0.000000E+00,3.384390E-01,0.000000E+00,5.521763E+03,0.000000E+00,3.384390E-01,0.000000E+00,2.123920E+04,0.000000E+00,1.301789E+00,0.000000E+00,6.269925E+03,0.000000E+00,3.842952E-01,0.000000E+00,5.522729E+03,1.226254E+04,3.384982E-01,8.581818E-01,6.785933E+03,3.048516E+03,4.159223E-01,2.133407E-01,6.785933E+03,7.741433E+03,4.159223E-01,5.417761E-01,6.276437E+03,6.055242E+03,3.846944E-01,4.237702E-01,6.276437E+03,1.272893E+04,3.846944E-01,8.908214E-01,6.269925E+03,1.878038E+02,3.842952E-01,1.315196E-02 
11:15:00,5.522729E+03,5.866954E+03,3.384982E-01,4.105931E-01,1.115011E+04,0.000000E+00,6.834111E-01,0.000000E+00,3.526002E+04,0.000000E+00,2.161152E+00,0.000000E+00,6.794021E+03,0.000000E+00,4.164181E-01,0.000000E+00,6.794021E+03,0.000000E+00,4.164181E-01,0.000000E+00,5.521763E+03,0.000000E+00,3.384390E-01,0.000000E+00,5.521763E+03,0.000000E+00,3.384390E-01,0.000000E+00,2.123920E+04,0.000000E+00,1.301789E+00,0.000000E+00,6.269925E+03,0.000000E+00,3.842952E-01,0.000000E+00,5.522729E+03,1.211259E+04,3.384982E-01,8.476876E-01,6.785933E+03,3.758606E+03,4.159223E-01,2.630308E-01,6.785933E+03,7.198015E+03,4.159223E-01,5.037457E-01,6.276437E+03,6.799777E+03,3.846944E-01,4.758758E-01,6.276437E+03,1.252523E+04,3.846944E-01,8.765663E-01,6.269925E+03,3.140974E+02,3.842952E-01,2.199049E-02 
11:30:00,5.522729E+03,6.611444E+03,3.384982E-01,4.626954E-01,1.115011E+04,0.000000E+00,6.834111E-01,0.000000E+00,3.526002E+04,0.000000E+00,2.161152E+00,0.000000E+00,6.794021E+03,0.000000E+00,4.164181E-01,0.000000E+00,6.794021E+03,0.000000E+00,4.164181E-01,0.000000E+00,5.521763E+03,0.000000E+00,3.384390E-01,0.000000E+00,5.521763E+03,0.000000E+00,3.384390E-01,0.000000E+00,2.123920E+04,0.000000E+00,1.301789E+00,0.000000E+00,6.269925E+03,0.000000E+00,3.842952E-01,0.000000E+00,5.522729E+03,1.180085E+04,3.384982E-01,8.258712E-01,6.785933E+03,4.451429E+03,4.159223E-01,3.115152E-01,6.785933E+03,6.477114E+03,4.159223E-01,4.532943E-01,6.276437E+03,7.509413E+03,3.846944E-01,5.255390E-01,6.276437E+03,1.216762E+04,3.846944E-01,8.515388E-01,6.269925E+03,4.515642E+02,3.842952E-01,3.160235E-02 
11:45:00,5.522729E+03,7.319878E+03,3.384982E-01,5.122745E-01,1.115011E+04,0.000000E+00,6.834111E-01,0.000000E+00,3.526002E+04,0.000000E+00,2.161152E+00,0.000000E+00,6.794021E+03,0.000000E+00,4.164181E-01,0.000000E+00,6.794021E+03,0.000000E+00,4.164181E-01,0.000000E+00,5.521763E+03,0.000000E+00,3.384390E-01,0.000000E+00,5.521763E+03,0.000000E+00,3.384390E-01,0.000000E+00,2.123920E+04,0.000000E+00,1.301789E+00,0.000000E+00,6.269925E+03,3.231563E+01,3.842952E-01,2.273097E-03,5.522729E+03,1.128134E+04,3.384982E-01,7.895133E-01,6.785933E+03,5.054297E+03,4.159223E-01,3.537056E-01,6.785933E+03,5.533077E+03,4.159223E-01,3.872269E-01,6.276437E+03,8.180035E+03,3.846944E-01,5.724718E-01,6.276437E+03,1.161179E+04,3.846944E-01,8.126396E-01,6.269925E+03,5.515738E+02,3.842952E-01,3.860136E-02 
12:00:00,5.522729E+03,7.987700E+03,3.384982E-01,5.590114E-01,1.115012E+04,0.000000E+00,6.834111E-01,0.000000E+00,3.526002E+04,0.000000E+00,2.161152E+00,0.000000E+00,6.794021E+03,0.000000E+00,4.164181E-01,0.000000E+00,6.794021E+03,0.000000E+00,4.164181E-01,0.000000E+00,5.521763E+03,0.000000E+00,3.384390E-01,0.000000E+00,5.521763E+03,1.783932E+01,3.384390E-01,1.255366E-03,2.123920E+04,0.000000E+00,1.301789E+00,0.000000E+00,6.269925E+03,1.041118E+02,3.842952E-01,7.297772E-03,5.522729E+03,1.053709E+04,3.384982E-01,7.374277E-01,6.785933E+03,5.586729E+03,4.159223E-01,3.909680E-01,6.785933E+03,4.399112E+03,4.159223E-01,3.078675E-01,6.276437E+03,8.807876E+03,3.846944E-01,6.164106E-01,6.276437E+03,1.084032E+04,3.846944E-01,7.586489E-01,6.269925E+03,6.724333E+02,3.842952E-01,4.705959E-02 
12:15:00,5.522729E+03,8.611950E+03,3.384982E-01,6.026989E-01,1.115012E+04,0.000000E+00,6.834111E-01,0.000000E+00,3.526002E+04,0.000000E+00,2.161152E+00,0.000000E+00,6.794021E+03,0.000000E+00,4.164181E-01,0.000000E+00,6.794021E+03,0.000000E+00,4.164181E-01,0.000000E+00,5.521763E+03,0.000000E+00,3.384390E-01,0.000000E+00,5.521763E+03,8.126077E+01,3.384390E-01,5.693903E-03,2.123920E+04,0.000000E+00,1.301789E+00,0.000000E+00,6.269925E+03,1.823422E+02,3.842952E-01,1.277265E-02,5.522729E+03,9.656797E+03,3.384982E-01,6.758215E-01,6.785933E+03,6.048970E+03,4.159223E-01,4.233191E-01,6.785933E+03,3.294072E+03,4.159223E-01,2.305324E-01,6.276437E+03,9.390860E+03,3.846944E-01,6.572102E-01,6.276437E+03,9.936173E+03,3.846944E-01,6.953734E-01,6.269925E+03,7.801630E+02,3.842952E-01,5.459894E-02 
12:30:00,5.522729E+03,9.189215E+03,3.384982E-01,6.430982E-01,1.115012E+04,0.000000E+00,6.834111E-01,0.000000E+00,3.526002E+04,0.000000E+00,2.161152E+00,0.000000E+00,6.794021E+03,0.000000E+00,4.164181E-01,0.000000E+00,6.794021E+03,0.000000E+00,4.164181E-01,0.000000E+00,5.521763E+03,0.000000E+00,3.384390E-01,0.000000E+00,5.521763E+03,1.738107E+02,3.384390E-01,1.217092E-02,2.123920E+04,0.000000E+00,1.301789E+00,0.000000E+00,6.269925E+03,2.933472E+02,3.842952E-01,2.054123E-02,5.522729E+03,8.787159E+03,3.384982E-01,6.149608E-01,6.785933E+03,6.441162E+03,4.159223E-01,4.507685E-01,6.785933E+03,2.329042E+03,4.159223E-01,1.629958E-01,6.276437E+03,9.926181E+03,3.846944E-01,6.946741E-01,6.276437E+03,9.039295E+03,3.846944E-01,6.326063E-01,6.269925E+03,9.344084E+02,3.842952E-01,6.539366E-02 
12:45:00,5.522729E+03,9.716456E+03,3.384982E-01,6.799967E-01,1.115012E+04,0.000000E+00,6.834111E-01,0.000000E+00,3.526002E+04,0.000000E+00,2.161152E+00,0.000000E+00,6.794021E+03,0.000000E+00,4.164181E-01,0.000000E+00,6.794021E+03,0.000000E+00,4.164181E-01,0.000000E+00,5.521763E+03,0.000000E+00,3.384390E-01,0.000000E+00,5.521763E+03,4.055874E+02,3.384390E-01,2.839159E-02,2.123920E+04,0.000000E+00,1.301790E+00,0.000000E+00,6.269925E+03,3.968387E+02,3.842952E-01,2.777246E-02,5.522729E+03,8.043383E+03,3.384982E-01,5.629083E-01,6.785933E+03,6.763742E+03,4.159223E-01,4.733465E-01,6.785933E+03,1.626344E+03,4.159223E-01,1.138181E-01,6.276437E+03,1.041141E+04,3.846944E-01,7.286326E-01,6.276437E+03,8.263063E+03,3.846944E-01,5.782824E-01,6.269925E+03,1.219197E+03,3.842952E-01,8.532430E-02 
13:00:00,5.522729E+03,1.019103E+04,3.384982E-01,7.132091E-01,1.115012E+04,0.000000E+00,6.834111E-01,0.000000E+00,3.526002E+04,0.000000E+00,2.161152E+00,0.000000E+00,6.794021E+03,0.000000E+00,4.164181E-01,0.000000E+00,6.794021E+03,0.000000E+00,4.164181E-01,0.000000E+00,5.521763E+03,0.000000E+00,3.384390E-01,0.000000E+00,5.521763E+03,8.379887E+02,3.384390E-01,5.864587E-02,2.123920E+04,0.000000E+00,1.301790E+00,0.000000E+00,6.269925E+03,4.848749E+02,3.842952E-01,3.393350E-02,5.522729E+03,7.493581E+03,3.384982E-01,5.244310E-01,6.785933E+03,7.017517E+03,4.159223E-01,4.911091E-01,6.785933E+03,1.202854E+03,4.159223E-01,8.418058E-02,6.276437E+03,1.084456E+04,3.846944E-01,7.589458E-01,6.276437E+03,7.677919E+03,3.846944E-01,5.373317E-01,6.269925E+03,1.705372E+03,3.842952E-01,1.193488E-01 
13:15:00,5.522729E+03,1.061002E+04,3.384982E-01,7.425320E-01,1.115012E+04,0.000000E+00,6.834111E-01,0.000000E+00,3.526002E+04,0.000000E+00,2.161152E+00,0.000000E+00,6.794021E+03,0.000000E+00,4.164181E-01,0.000000E+00,6.794021E+03,0.000000E+00,4.164181E-01,0.000000E+00,5.521763E+03,0.000000E+00,3.384390E-01,0.000000E+00,5.521763E+03,1.479402E+03,3.384390E-01,1.035345E-01,2.123920E+04,0.000000E+00,1.301790E+00,0.000000E+00,6.269925E+03,5.898216E+02,3.842952E-01,4.127809E-02,5.522729E+03,7.105173E+03,3.384982E-01,4.972486E-01,6.785933E+03,7.202997E+03,4.159223E-01,5.040918E-01,6.785933E+03,9.033881E+02,4.159223E-01,6.322274E-02,6.276437E+03,1.122329E+04,3.846944E-01,7.854508E-01,6.276437E+03,7.258057E+03,3.846944E-01,5.079480E-01,6.269925E+03,2.426404E+03,3.842952E-01,1.698095E-01 
13:30:00,5.522729E+03,1.097125E+04,3.384982E-01,7.678122E-01,1.115012E+04,0.000000E+00,6.834111E-01,0.000000E+00,3.526002E+04,0.000000E+00,2.161152E+00,0.000000E+00,6.794021E+03,0.000000E+00,4.164181E-01,0.000000E+00,6.794021E+03,2.222538E+02,4.164181E-01,1.557096E-02,5.521763E+03,7.681923E+00,3.384390E-01,5.380517E-04,5.521763E+03,2.355831E+03,3.384390E-01,1.648706E-01,2.123920E+04,0.000000E+00,1.301790E+00,0.000000E+00,6.269925E+03,6.846772E+02,3.842952E-01,4.791646E-02,5.522729E+03,6.801218E+03,3.384982E-01,4.759766E-01,6.785933E+03,7.321337E+03,4.159223E-01,5.123751E-01,6.785933E+03,6.952859E+02,4.159223E-01,4.865891E-02,6.276437E+03,1.154590E+04,3.846944E-01,8.080286E-01,6.276437E+03,6.933184E+03,3.846944E-01,4.852121E-01,6.269925E+03,3.340717E+03,3.842952E-01,2.337968E-01 
13:45:00,5.522729E+03,1.127250E+04,3.384982E-01,7.888950E-01,1.115012E+04,0.000000E+00,6.834111E-01,0.000000E+00,3.526002E+04,0.000000E+00,2.161152E+00,0.000000E+00,6.794021E+03,0.000000E+00,4.164181E-01,0.000000E+00,6.794021E+03,1.054008E+03,4.164181E-01,7.378010E-02,5.521763E+03,6.604157E+01,3.384390E-01,4.622297E-03,5.521763E+03,3.354835E+03,3.384390E-01,2.347849E-01,2.123920E+04,0.000000E+00,1.301790E+00,0.000000E+00,6.269925E+03,7.765506E+02,3.842952E-01,5.434613E-02,5.522729E+03,6.541709E+03,3.384982E-01,4.578151E-01,6.785933E+03,7.373384E+03,4.159223E-01,5.160182E-01,6.785933E+03,5.289261E+02,4.159223E-01,3.701637E-02,6.276437E+03,1.181062E+04,3.846944E-01,8.265548E-01,6.276437E+03,6.664424E+03,3.846944E-01,4.664032E-01,6.269925E+03,4.362208E+03,3.842952E-01,3.052849E-01 
14:00:00,5.522729E+03,1.151140E+04,3.384982E-01,8.056141E-01,1.115012E+04,0.000000E+00,6.834111E-01,0.000000E+00,3.526002E+04,0.000000E+00,2.161152E+00,0.000000E+00,6.794021E+03,0.000000E+00,4.164181E-01,0.000000E+00,6.794021E+03,1.889284E+03,4.164181E-01,1.322326E-01,5.521763E+03,1.202817E+02,3.384390E-01,8.418233E-03,5.521763E+03,4.393155E+03,3.384390E-01,3.074507E-01,2.123920E+04,0.000000E+00,1.301790E+00,0.000000E+00,6.269925E+03,8.651424E+02,3.842952E-01,6.054615E-02,5.522729E+03,6.308988E+03,3.384982E-01,4.415284E-01,6.785933E+03,7.359453E+03,4.159223E-01,5.150435E-01,6.785933E+03,3.899014E+02,4.159223E-01,2.728687E-02,6.276437E+03,1.201545E+04,3.846944E-01,8.408894E-01,6.276437E+03,6.432332E+03,3.846944E-01,4.501605E-01,6.269925E+03,5.416187E+03,3.842952E-01,3.790466E-01 
14:15:00,5.522729E+03,1.168411E+04,3.384982E-01,8.177012E-01,1.115012E+04,0.000000E+00,6.834111E-01,0.000000E+00,3.526002E+04,0.000000E+00,2.161152E+00,0.000000E+00,6.794021E+03,0.000000E+00,4.164181E-01,0.000000E+00,6.794021E+03,3.079577E+03,4.164181E-01,2.155297E-01,5.521763E+03,1.871303E+02,3.384390E-01,1.309656E-02,5.521763E+03,5.429150E+03,3.384390E-01,3.799538E-01,2.123920E+04,0.000000E+00,1.301790E+00,0.000000E+00,6.269925E+03,9.478355E+02,3.842952E-01,6.633335E-02,5.522729E+03,6.092279E+03,3.384982E-01,4.263622E-01,6.785933E+03,7.277725E+03,4.159223E-01,5.093239E-01,6.785933E+03,2.705346E+02,4.159223E-01,1.893310E-02,6.276437E+03,1.215691E+04,3.846944E-01,8.507895E-01,6.276437E+03,6.224079E+03,3.846944E-01,4.355861E-01,6.269925E+03,6.462916E+03,3.842952E-01,4.523009E-01 
14:30:00,5.522729E+03,1.178738E+04,3.384982E-01,8.249286E-01,1.115012E+04,0.000000E+00,6.834111E-01,0.000000E+00,3.526002E+04,0.000000E+00,2.161152E+00,0.000000E+00,6.794021E+03,0.000000E+00,4.164181E-01,0.000000E+00,6.794021E+03,4.328743E+03,4.164181E-01,3.029286E-01,5.521763E+03,2.608228E+02,3.384390E-01,1.825341E-02,5.521763E+03,6.451346E+03,3.384390E-01,4.514911E-01,2.123920E+04,0.000000E+00,1.301790E+00,0.000000E+00,6.269925E+03,1.023576E+03,3.842952E-01,7.163398E-02,5.522729E+03,5.885181E+03,3.384982E-01,4.118686E-01,6.785933E+03,7.126391E+03,4.159223E-01,4.987330E-01,6.785933E+03,1.598072E+02,4.159223E-01,1.118395E-02,6.276437E+03,1.223203E+04,3.846944E-01,8.560471E-01,6.276437E+03,6.031455E+03,3.846944E-01,4.221055E-01,6.269925E+03,7.489838E+03,3.842952E-01,5.241690E-01 
14:45:00,5.522729E+03,1.181734E+04,3.384982E-01,8.270249E-01,1.115012E+04,0.000000E+00,6.834111E-01,0.000000E+00,3.526002E+04,0.000000E+00,2.161152E+00,0.000000E+00,6.794021E+03,0.000000E+00,4.164181E-01,0.000000E+00,6.794021E+03,5.224289E+03,4.164181E-01,3.655965E-01,5.521763E+03,2.934743E+02,3.384390E-01,2.053848E-02,5.521763E+03,7.458178E+03,3.384390E-01,5.219533E-01,2.123920E+04,0.000000E+00,1.301790E+00,0.000000E+00,6.269925E+03,1.091281E+03,3.842952E-01,7.637221E-02,5.522729E+03,5.683387E+03,3.384982E-01,3.977463E-01,6.785933E+03,6.902478E+03,4.159223E-01,4.830628E-01,6.785933E+03,8.037370E+01,4.159223E-01,5.624875E-03,6.276437E+03,1.223717E+04,3.846944E-01,8.564062E-01,6.276437E+03,5.848690E+03,3.846944E-01,4.093149E-01,6.269925E+03,8.493879E+03,3.842952E-01,5.944358E-01 
15:00:00,5.522729E+03,1.176910E+04,3.384982E-01,8.236488E-01,1.115012E+04,0.000000E+00,6.834111E-01,0.000000E+00,3.526002E+04,0.000000E+00,2.161152E+00,0.000000E+00,6.794021E+03,0.000000E+00,4.164181E-01,0.000000E+00,6.794021E+03,6.350552E+03,4.164181E-01,4.444144E-01,5.521763E+03,3.380107E+02,3.384390E-01,2.365531E-02,5.521763E+03,8.446450E+03,3.384390E-01,5.911166E-01,2.123920E+04,0.000000E+00,1.301790E+00,0.000000E+00,6.269925E+03,1.149946E+03,3.842952E-01,8.047782E-02,5.522729E+03,5.483834E+03,3.384982E-01,3.837808E-01,6.785933E+03,6.601627E+03,4.159223E-01,4.620082E-01,6.785933E+03,2.799814E+01,4.159223E-01,1.959423E-03,6.276437E+03,1.216763E+04,3.846944E-01,8.515400E-01,6.276437E+03,5.671576E+03,3.846944E-01,3.969197E-01,6.269925E+03,9.472175E+03,3.842952E-01,6.629010E-01 
15:15:00,5.522729E+03,1.163601E+04,3.384982E-01,8.143345E-01,1.115012E+04,0.000000E+00,6.834111E-01,0.000000E+00,3.526002E+04,0.000000E+00,2.161152E+00,0.000000E+00,6.794021E+03,0.000000E+00,4.164181E-01,0.000000E+00,6.794021E+03,7.326959E+03,4.164181E-01,5.127468E-01,5.521763E+03,3.745122E+02,3.384390E-01,2.620982E-02,5.521763E+03,9.407197E+03,3.384390E-01,6.583535E-01,2.123920E+04,0.000000E+00,1.301790E+00,0.000000E+00,6.269925E+03,1.198498E+03,3.842952E-01,8.387568E-02,5.522729E+03,5.283866E+03,3.384982E-01,3.697862E-01,6.785933E+03,6.218003E+03,4.159223E-01,4.351608E-01,6.785933E+03,0.000000E+00,4.159223E-01,0.000000E+00,6.276437E+03,1.201698E+04,3.846944E-01,8.409965E-01,6.276437E+03,5.496539E+03,3.846944E-01,3.846699E-01,6.269925E+03,1.041603E+04,3.842952E-01,7.289559E-01 
15:30:00,5.522729E+03,1.141191E+04,3.384982E-01,7.986514E-01,1.115012E+04,0.000000E+00,6.834111E-01,0.000000E+00,3.526002E+04,0.000000E+00,2.161152E+00,0.000000E+00,6.794021E+03,0.000000E+00,4.164181E-01,0.000000E+00,6.794021E+03,8.226549E+03,4.164181E-01,5.757061E-01,5.521763E+03,3.952495E+02,3.384390E-01,2.766110E-02,5.521763E+03,1.034896E+04,3.384390E-01,7.242618E-01,2.123920E+04,0.000000E+00,1.301790E+00,0.000000E+00,6.269925E+03,1.232099E+03,3.842952E-01,8.622726E-02,5.522729E+03,5.075902E+03,3.384982E-01,3.552320E-01,6.785933E+03,5.747057E+03,4.159223E-01,4.022021E-01,6.785933E+03,0.000000E+00,4.159223E-01,0.000000E+00,6.276437E+03,1.177907E+04,3.846944E-01,8.243465E-01,6.276437E+03,5.315966E+03,3.846944E-01,3.720327E-01,6.269925E+03,1.133325E+04,3.842952E-01,7.931463E-01 
15:45:00,5.522729E+03,1.108727E+04,3.384982E-01,7.759321E-01,1.115012E+04,0.000000E+00,6.834111E-01,0.000000E+00,3.526002E+04,0.000000E+00,2.161152E+00,0.000000E+00,6.794021E+03,0.000000E+00,4.164181E-01,0.000000E+00,6.794021E+03,9.039857E+03,4.164181E-01,6.326287E-01,5.521763E+03,4.035099E+02,3.384390E-01,2.823919E-02,5.521763E+03,1.125549E+04,3.384390E-01,7.877045E-01,2.123920E+04,0.000000E+00,1.301790E+00,0.000000E+00,6.269925E+03,1.250612E+03,3.842952E-01,8.752286E-02,5.522729E+03,4.860158E+03,3.384982E-01,3.401334E-01,6.785933E+03,5.181916E+03,4.159223E-01,3.626513E-01,6.785933E+03,0.000000E+00,4.159223E-01,0.000000E+00,6.276437E+03,1.144473E+04,3.846944E-01,8.009486E-01,6.276437E+03,5.128916E+03,3.846944E-01,3.589422E-01,6.269925E+03,1.221004E+04,3.842952E-01,8.545080E-01 
16:00:00,5.522729E+03,1.065392E+04,3.384982E-01,7.456040E-01,1.115012E+04,0.000000E+00,6.834111E-01,0.000000E+00,3.526002E+04,0.000000E+00,2.161152E+00,0.000000E+00,6.794021E+03,0.000000E+00,4.164181E-01,0.000000E+00,6.794021E+03,9.750799E+03,4.164181E-01,6.823879E-01,5.521763E+03,4.005913E+02,3.384390E-01,2.803494E-02,5.521763E+03,1.210833E+04,3.384390E-01,8.473894E-01,2.123920E+04,0.000000E+00,1.301790E+00,0.000000E+00,6.269925E+03,1.254687E+03,3.842952E-01,8.780806E-02,5.522729E+03,4.637668E+03,3.384982E-01,3.245627E-01,6.785933E+03,4.521778E+03,4.159223E-01,3.164522E-01,6.785933E+03,0.000000E+00,4.159223E-01,0.000000E+00,6.276437E+03,1.100590E+04,3.846944E-01,7.702372E-01,6.276437E+03,4.935478E+03,3.846944E-01,3.454046E-01,6.269925E+03,1.303154E+04,3.842952E-01,9.119993E-01 
16:15:00,5.522729E+03,1.011082E+04,3.384982E-01,7.075962E-01,1.115012E+04,0.000000E+00,6.834111E-01,0.000000E+00,3.526002E+04,0.000000E+00,2.161152E+00,0.000000E+00,6.794021E+03,0.000000E+00,4.164181E-01,0.000000E+00,6.794021E+03,1.035496E+04,4.164181E-01,7.246736E-01,5.521763E+03,3.872438E+02,3.384390E-01,2.710083E-02,5.521763E+03,1.289850E+04,3.384390E-01,9.026891E-01,2.123920E+04,0.000000E+00,1.301790E+00,0.000000E+00,6.269925E+03,1.246084E+03,3.842952E-01,8.720599E-02,5.522729E+03,4.410428E+03,3.384982E-01,3.086595E-01,6.785933E+03,3.781165E+03,4.159223E-01,2.646211E-01,6.785933E+03,0.000000E+00,4.159223E-01,0.000000E+00,6.276437E+03,1.046113E+04,3.846944E-01,7.321121E-01,6.276437E+03,4.737157E+03,3.846944E-01,3.315253E-01,6.269925E+03,1.378809E+04,3.842952E-01,9.649462E-01 
16:30:00,5.522729E+03,9.462402E+03,3.384982E-01,6.622170E-01,1.115012E+04,0.000000E+00,6.834111E-01,0.000000E+00,3.526002E+04,0.000000E+00,2.161152E+00,0.000000E+00,6.794021E+03,0.000000E+00,4.164181E-01,0.000000E+00,6.794021E+03,1.081646E+04,4.164181E-01,7.569739E-01,5.521763E+03,3.672165E+02,3.384390E-01,2.569924E-02,5.521763E+03,1.359285E+04,3.384390E-01,9.512821E-01,2.123920E+04,0.000000E+00,1.301790E+00,0.000000E+00,6.269925E+03,1.229262E+03,3.842952E-01,8.602873E-02,5.522729E+03,4.184340E+03,3.384982E-01,2.928369E-01,6.785933E+03,2.999763E+03,4.159223E-01,2.099354E-01,6.785933E+03,0.000000E+00,4.159223E-01,0.000000E+00,6.276437E+03,9.814241E+03,3.846944E-01,6.868401E-01,6.276437E+03,4.538848E+03,3.846944E-01,3.176469E-01,6.269925E+03,1.444975E+04,3.842952E-01,1.011252E+00 
16:45:00,5.522729E+03,8.730439E+03,3.384982E-01,6.109912E-01,1.115012E+04,0.000000E+00,6.834111E-01,0.000000E+00,3.526002E+04,0.000000E+00,2.161152E+00,0.000000E+00,6.794021E+03,0.000000E+00,4.164181E-01,0.000000E+00,6.794021E+03,1.112898E+04,4.164181E-01,7.788478E-01,5.521763E+03,3.400583E+02,3.384390E-01,2.379861E-02,5.521763E+03,1.418057E+04,3.384390E-01,9.924136E-01,2.123920E+04,0.000000E+00,1.301790E+00,0.000000E+00,6.269925E+03,1.204324E+03,3.842952E-01,8.428344E-02,5.522729E+03,3.957779E+03,3.384982E-01,2.769813E-01,6.785933E+03,2.244922E+03,4.159223E-01,1.571087E-01,6.785933E+03,0.000000E+00,4.159223E-01,0.000000E+00,6.276437E+03,9.085591E+03,3.846944E-01,6.358462E-01,6.276437E+03,4.339265E+03,3.846944E-01,3.036793E-01,6.269925E+03,1.500566E+04,3.842952E-01,1.050156E+00 
17:00:00,5.522729E+03,7.952087E+03,3.384982E-01,5.565191E-01,1.115012E+04,0.000000E+00,6.834111E-01,0.000000E+00,3.526002E+04,0.000000E+00,2.161152E+00,0.000000E+00,6.794021E+03,0.000000E+00,4.164181E-01,0.000000E+00,6.794021E+03,1.129917E+04,4.164181E-01,7.907598E-01,5.521763E+03,3.013678E+02,3.384390E-01,2.109090E-02,5.521763E+03,1.466322E+04,3.384390E-01,1.026192E+00,2.123920E+04,0.000000E+00,1.301790E+00,0.000000E+00,6.269925E+03,1.165910E+03,3.842952E-01,8.159511E-02,5.522729E+03,3.723493E+03,3.384982E-01,2.605850E-01,6.785933E+03,1.515514E+03,4.159223E-01,1.060617E-01,6.785933E+03,0.000000E+00,4.159223E-01,0.000000E+00,6.276437E+03,8.311155E+03,3.846944E-01,5.816481E-01,6.276437E+03,4.131942E+03,3.846944E-01,2.891699E-01,6.269925E+03,1.545359E+04,3.842952E-01,1.081505E+00 
17:15:00,5.522729E+03,7.193342E+03,3.384982E-01,5.034190E-01,1.115012E+04,0.000000E+00,6.834111E-01,0.000000E+00,3.526002E+04,0.000000E+00,2.161152E+00,0.000000E+00,6.794021E+03,0.000000E+00,4.164181E-01,0.000000E+00,6.794021E+03,1.129975E+04,4.164181E-01,7.908009E-01,5.521763E+03,2.560064E+02,3.384390E-01,1.791633E-02,5.521763E+03,1.501816E+04,3.384390E-01,1.051031E+00,2.123920E+04,0.000000E+00,1.301790E+00,0.000000E+00,6.269925E+03,1.118993E+03,3.842952E-01,7.831161E-02,5.522729E+03,3.482453E+03,3.384982E-01,2.437161E-01,6.785933E+03,8.765074E+02,4.159223E-01,6.134152E-02,6.785933E+03,0.000000E+00,4.159223E-01,0.000000E+00,6.276437E+03,7.554426E+03,3.846944E-01,5.286892E-01,6.276437E+03,3.917069E+03,3.846944E-01,2.741322E-01,6.269925E+03,1.577399E+04,3.842952E-01,1.103927E+00 
17:30:00,5.522729E+03,6.503847E+03,3.384982E-01,4.551654E-01,1.115012E+04,0.000000E+00,6.834111E-01,0.000000E+00,3.526002E+04,0.000000E+00,2.161152E+00,0.000000E+00,6.794021E+03,0.000000E+00,4.164181E-01,0.000000E+00,6.794021E+03,1.109784E+04,4.164181E-01,7.766708E-01,5.521763E+03,2.187804E+02,3.384390E-01,1.531112E-02,5.521763E+03,1.521612E+04,3.384390E-01,1.064885E+00,2.123920E+04,0.000000E+00,1.301790E+00,0.000000E+00,6.269925E+03,1.083944E+03,3.842952E-01,7.585875E-02,5.522729E+03,3.236512E+03,3.384982E-01,2.265041E-01,6.785933E+03,4.265949E+02,4.159223E-01,2.985483E-02,6.785933E+03,0.000000E+00,4.159223E-01,0.000000E+00,6.276437E+03,6.864223E+03,3.846944E-01,4.803860E-01,6.276437E+03,3.695722E+03,3.846944E-01,2.586415E-01,6.269925E+03,1.593929E+04,3.842952E-01,1.115496E+00 
17:45:00,5.522729E+03,5.905083E+03,3.384982E-01,4.132615E-01,1.115012E+04,0.000000E+00,6.834111E-01,0.000000E+00,3.526003E+04,0.000000E+00,2.161152E+00,0.000000E+00,6.794021E+03,0.000000E+00,4.164181E-01,0.000000E+00,6.794021E+03,1.066191E+04,4.164181E-01,7.461628E-01,5.521763E+03,2.073652E+02,3.384390E-01,1.451224E-02,5.521763E+03,1.522748E+04,3.384390E-01,1.065681E+00,2.123920E+04,0.000000E+00,1.301790E+00,0.000000E+00,6.269925E+03,1.081185E+03,3.842952E-01,7.566568E-02,5.522729E+03,2.987462E+03,3.384982E-01,2.090746E-01,6.785933E+03,1.283496E+02,4.159223E-01,8.982420E-03,6.785933E+03,0.000000E+00,4.159223E-01,0.000000E+00,6.276437E+03,6.263495E+03,3.846944E-01,4.383446E-01,6.276437E+03,3.468673E+03,3.846944E-01,2.427517E-01,6.269925E+03,1.592081E+04,3.842952E-01,1.114202E+00 
18:00:00,5.522729E+03,5.396876E+03,3.384982E-01,3.776951E-01,1.115012E+04,0.000000E+00,6.834111E-01,0.000000E+00,3.526003E+04,0.000000E+00,2.161152E+00,0.000000E+00,6.794021E+03,0.000000E+00,4.164181E-01,0.000000E+00,6.794021E+03,9.938119E+03,4.164181E-01,6.955094E-01,5.521763E+03,2.329031E+02,3.384390E-01,1.629949E-02,5.521763E+03,1.500372E+04,3.384390E-01,1.050021E+00,2.123920E+04,0.000000E+00,1.301790E+00,0.000000E+00,6.269925E+03,1.123435E+03,3.842952E-01,7.862254E-02,5.522729E+03,2.740458E+03,3.384982E-01,1.917883E-01,6.785933E+03,4.143856E+00,4.159223E-01,2.900037E-04,6.785933E+03,0.000000E+00,4.159223E-01,0.000000E+00,6.276437E+03,5.753783E+03,3.846944E-01,4.026729E-01,6.276437E+03,3.241902E+03,3.846944E-01,2.268813E-01,6.269925E+03,1.567259E+04,3.842952E-01,1.096831E+00 
18:15:00,5.522729E+03,4.943960E+03,3.384982E-01,3.459982E-01,1.115012E+04,0.000000E+00,6.834111E-01,0.000000E+00,3.526003E+04,0.000000E+00,2.161152E+00,0.000000E+00,6.794021E+03,0.000000E+00,4.164181E-01,0.000000E+00,6.794021E+03,8.887028E+03,4.164181E-01,6.219500E-01,5.521763E+03,2.824608E+02,3.384390E-01,1.976772E-02,5.521763E+03,1.450081E+04,3.384390E-01,1.014825E+00,2.123920E+04,0.000000E+00,1.301790E+00,0.000000E+00,6.269925E+03,1.195659E+03,3.842952E-01,8.367704E-02,5.522729E+03,2.491756E+03,3.384982E-01,1.743831E-01,6.785933E+03,0.000000E+00,4.159223E-01,0.000000E+00,6.785933E+03,0.000000E+00,4.159223E-01,0.000000E+00,6.276437E+03,5.302751E+03,3.846944E-01,3.711078E-01,6.276437E+03,3.013190E+03,3.846944E-01,2.108751E-01,6.269925E+03,1.515114E+04,3.842952E-01,1.060338E+00 
18:30:00,5.522729E+03,4.517788E+03,3.384982E-01,3.161730E-01,1.115012E+04,0.000000E+00,6.834111E-01,0.000000E+00,3.526003E+04,0.000000E+00,2.161152E+00,0.000000E+00,6.794021E+03,0.000000E+00,4.164181E-01,0.000000E+00,6.794021E+03,7.475297E+03,4.164181E-01,5.231514E-01,5.521763E+03,3.171108E+02,3.384390E-01,2.219266E-02,5.521763E+03,1.367102E+04,3.384390E-01,9.567533E-01,2.123920E+04,0.000000E+00,1.301790E+00,0.000000E+00,6.269925E+03,1.248670E+03,3.842952E-01,8.738698E-02,5.522729E+03,2.235848E+03,3.384982E-01,1.564736E-01,6.785933E+03,0.000000E+00,4.159223E-01,0.000000E+00,6.785933E+03,0.000000E+00,4.159223E-01,0.000000E+00,6.276437E+03,4.882946E+03,3.846944E-01,3.417282E-01,6.276437E+03,2.776829E+03,3.846944E-01,1.943337E-01,6.269925E+03,1.430927E+04,3.842952E-01,1.001420E+00 
18:45:00,5.522729E+03,4.106812E+03,3.384982E-01,2.874112E-01,1.115012E+04,0.000000E+00,6.834111E-01,0.000000E+00,3.526003E+04,0.000000E+00,2.161152E+00,0.000000E+00,6.794021E+03,0.000000E+00,4.164181E-01,0.000000E+00,6.794021E+03,5.676115E+03,4.164181E-01,3.972374E-01,5.521763E+03,2.844796E+02,3.384390E-01,1.990900E-02,5.521763E+03,1.243112E+04,3.384390E-01,8.699802E-01,2.123920E+04,0.000000E+00,1.301790E+00,0.000000E+00,6.269925E+03,1.216868E+03,3.842952E-01,8.516132E-02,5.522729E+03,1.971514E+03,3.384982E-01,1.379745E-01,6.785933E+03,0.000000E+00,4.159223E-01,0.000000E+00,6.785933E+03,0.000000E+00,4.159223E-01,0.000000E+00,6.276437E+03,4.483276E+03,3.846944E-01,3.137577E-01,6.276437E+03,2.531480E+03,3.846944E-01,1.771632E-01,6.269925E+03,1.306981E+04,3.842952E-01,9.146776E-01 
19:00:00,5.522729E+03,3.702325E+03,3.384982E-01,2.591036E-01,1.115012E+04,0.000000E+00,6.834111E-01,0.000000E+00,3.526003E+04,0.000000E+00,2.161152E+00,0.000000E+00,6.794021E+03,0.000000E+00,4.164181E-01,0.000000E+00,6.794021E+03,3.819320E+03,4.164181E-01,2.672914E-01,5.521763E+03,2.017743E+02,3.384390E-01,1.412096E-02,5.521763E+03,1.086779E+04,3.384390E-01,7.605718E-01,2.123920E+04,0.000000E+00,1.301790E+00,0.000000E+00,6.269925E+03,1.071703E+03,3.842952E-01,7.500211E-02,5.522729E+03,1.699126E+03,3.384982E-01,1.189117E-01,6.785933E+03,0.000000E+00,4.159223E-01,0.000000E+00,6.785933E+03,0.000000E+00,4.159223E-01,0.000000E+00,6.276437E+03,4.093330E+03,3.846944E-01,2.864677E-01,6.276437E+03,2.275139E+03,3.846944E-01,1.592234E-01,6.269925E+03,1.151129E+04,3.842952E-01,8.056063E-01 
19:15:00,5.522729E+03,3.315820E+03,3.384982E-01,2.320544E-01,1.115012E+04,0.000000E+00,6.834111E-01,0.000000E+00,3.526003E+04,0.000000E+00,2.161152E+00,0.000000E+00,6.794021E+03,0.000000E+00,4.164181E-01,0.000000E+00,6.794021E+03,2.098973E+03,4.164181E-01,1.468945E-01,5.521763E+03,1.075755E+02,3.384390E-01,7.528556E-03,5.521763E+03,9.250850E+03,3.384390E-01,6.474118E-01,2.123920E+04,0.000000E+00,1.301790E+00,0.000000E+00,6.269925E+03,8.530240E+02,3.842952E-01,5.969805E-02,5.522729E+03,1.435210E+03,3.384982E-01,1.004417E-01,6.785933E+03,0.000000E+00,4.159223E-01,0.000000E+00,6.785933E+03,0.000000E+00,4.159223E-01,0.000000E+00,6.276437E+03,3.721574E+03,3.846944E-01,2.604507E-01,6.276437E+03,2.021551E+03,3.846944E-01,1.414763E-01,6.269925E+03,9.883820E+03,3.842952E-01,6.917095E-01 
19:30:00,5.522729E+03,2.957009E+03,3.384982E-01,2.069434E-01,1.115012E+04,0.000000E+00,6.834111E-01,0.000000E+00,3.526003E+04,0.000000E+00,2.161152E+00,0.000000E+00,6.794021E+03,0.000000E+00,4.164181E-01,0.000000E+00,6.794021E+03,8.801099E+02,4.164181E-01,6.159364E-02,5.521763E+03,2.806706E+01,3.384390E-01,1.964244E-03,5.521763E+03,7.782447E+03,3.384390E-01,5.446469E-01,2.123920E+04,0.000000E+00,1.301790E+00,0.000000E+00,6.269925E+03,6.085527E+02,3.842952E-01,4.258897E-02,5.522729E+03,1.192737E+03,3.384982E-01,8.347256E-02,6.785933E+03,0.000000E+00,4.159223E-01,0.000000E+00,6.785933E+03,0.000000E+00,4.159223E-01,0.000000E+00,6.276437E+03,3.376650E+03,3.846944E-01,2.363115E-01,6.276437E+03,1.784110E+03,3.846944E-01,1.248592E-01,6.269925E+03,8.384359E+03,3.842952E-01,5.867712E-01 
19:45:00,5.522729E+03,2.629522E+03,3.384982E-01,1.840245E-01,1.115012E+04,0.000000E+00,6.834111E-01,0.000000E+00,3.526003E+04,0.000000E+00,2.161152E+00,0.000000E+00,6.794021E+03,0.000000E+00,4.164181E-01,0.000000E+00,6.794021E+03,2.620901E+02,4.164181E-01,1.834212E-02,5.521763E+03,0.000000E+00,3.384390E-01,0.000000E+00,5.521763E+03,6.651303E+03,3.384390E-01,4.654850E-01,2.123920E+04,0.000000E+00,1.301790E+00,0.000000E+00,6.269925E+03,3.938388E+02,3.842952E-01,2.756242E-02,5.522729E+03,9.774257E+02,3.384982E-01,6.840418E-02,6.785933E+03,0.000000E+00,4.159223E-01,0.000000E+00,6.785933E+03,0.000000E+00,4.159223E-01,0.000000E+00,6.276437E+03,3.061053E+03,3.846944E-01,2.142248E-01,6.276437E+03,1.568750E+03,3.846944E-01,1.097874E-01,6.269925E+03,7.198813E+03,3.842952E-01,5.038019E-01 
20:00:00,5.522729E+03,2.339106E+03,3.384982E-01,1.637001E-01,1.115012E+04,0.000000E+00,6.834111E-01,0.000000E+00,3.526003E+04,0.000000E+00,2.161152E+00,0.000000E+00,6.794021E+03,0.000000E+00,4.164181E-01,0.000000E+00,6.794021E+03,0.000000E+00,4.164181E-01,0.000000E+00,5.521763E+03,0.000000E+00,3.384390E-01,0.000000E+00,5.521763E+03,5.867858E+03,3.384390E-01,4.106563E-01,2.123920E+04,0.000000E+00,1.301790E+00,0.000000E+00,6.269925E+03,2.374334E+02,3.842952E-01,1.661655E-02,5.522729E+03,7.945170E+02,3.384982E-01,5.560350E-02,6.785933E+03,0.000000E+00,4.159223E-01,0.000000E+00,6.785933E+03,0.000000E+00,4.159223E-01,0.000000E+00,6.276437E+03,2.780656E+03,3.846944E-01,1.946015E-01,6.276437E+03,1.380928E+03,3.846944E-01,9.664287E-02,6.269925E+03,6.352094E+03,3.842952E-01,4.445451E-01 
20:15:00,5.522729E+03,2.075911E+03,3.384982E-01,1.452806E-01,1.115012E+04,0.000000E+00,6.834111E-01,0.000000E+00,3.526003E+04,0.000000E+00,2.161152E+00,0.000000E+00,6.794021E+03,0.000000E+00,4.164181E-01,0.000000E+00,6.794021E+03,0.000000E+00,4.164181E-01,0.000000E+00,5.521763E+03,0.000000E+00,3.384390E-01,0.000000E+00,5.521763E+03,5.268333E+03,3.384390E-01,3.686992E-01,2.123920E+04,0.000000E+00,1.301790E+00,0.000000E+00,6.269925E+03,1.249877E+02,3.842952E-01,8.747140E-03,5.522729E+03,6.314262E+02,3.384982E-01,4.418975E-02,6.785933E+03,0.000000E+00,4.159223E-01,0.000000E+00,6.785933E+03,0.000000E+00,4.159223E-01,0.000000E+00,6.276437E+03,2.527732E+03,3.846944E-01,1.769009E-01,6.276437E+03,1.213191E+03,3.846944E-01,8.490399E-02,6.269925E+03,5.701314E+03,3.842952E-01,3.990009E-01 
20:30:00,5.522729E+03,1.832698E+03,3.384982E-01,1.282596E-01,1.115012E+04,0.000000E+00,6.834111E-01,0.000000E+00,3.526003E+04,0.000000E+00,2.161152E+00,0.000000E+00,6.794021E+03,0.000000E+00,4.164181E-01,0.000000E+00,6.794021E+03,0.000000E+00,4.164181E-01,0.000000E+00,5.521763E+03,0.000000E+00,3.384390E-01,0.000000E+00,5.521763E+03,4.765659E+03,3.384390E-01,3.335200E-01,2.123920E+04,0.000000E+00,1.301790E+00,0.000000E+00,6.269925E+03,5.311547E+01,3.842952E-01,3.717235E-03,5.522729E+03,4.801908E+02,3.384982E-01,3.360569E-02,6.785933E+03,0.000000E+00,4.159223E-01,0.000000E+00,6.785933E+03,0.000000E+00,4.159223E-01,0.000000E+00,6.276437E+03,2.295593E+03,3.846944E-01,1.606548E-01,6.276437E+03,1.059771E+03,3.846944E-01,7.416706E-02,6.269925E+03,5.165142E+03,3.842952E-01,3.614774E-01 
20:45:00,5.522729E+03,1.606220E+03,3.384982E-01,1.124097E-01,1.115012E+04,0.000000E+00,6.834111E-01,0.000000E+00,3.526003E+04,0.000000E+00,2.161152E+00,0.000000E+00,6.794021E+03,0.000000E+00,4.164181E-01,0.000000E+00,6.794021E+03,0.000000E+00,4.164181E-01,0.000000E+00,5.521763E+03,0.000000E+00,3.384390E-01,0.000000E+00,5.521763E+03,4.323637E+03,3.384390E-01,3.025855E-01,2.123920E+04,0.000000E+00,1.301790E+00,0.000000E+00,6.269925E+03,1.343133E+01,3.842952E-01,9.399782E-04,5.522729E+03,3.365654E+02,3.384982E-01,2.355420E-02,6.785933E+03,0.000000E+00,4.159223E-01,0.000000E+00,6.785933E+03,0.000000E+00,4.159223E-01,0.000000E+00,6.276437E+03,2.080216E+03,3.846944E-01,1.455819E-01,6.276437E+03,9.180918E+02,3.846944E-01,6.425176E-02,6.269925E+03,4.705259E+03,3.842952E-01,3.292930E-01 
21:00:00,5.522729E+03,1.394601E+03,3.384982E-01,9.759981E-02,1.115012E+04,0.000000E+00,6.834111E-01,0.000000E+00,3.526003E+04,0.000000E+00,2.161152E+00,0.000000E+00,6.794021E+03,0.000000E+00,4.164181E-01,0.000000E+00,6.794021E+03,0.000000E+00,4.164181E-01,0.000000E+00,5.521763E+03,0.000000E+00,3.384390E-01,0.000000E+00,5.521763E+03,3.924728E+03,3.384390E-01,2.746683E-01,2.123920E+04,0.000000E+00,1.301790E+00,0.000000E+00,6.269925E+03,0.000000E+00,3.842952E-01,0.000000E+00,5.522729E+03,1.985038E+02,3.384982E-01,1.389210E-02,6.785933E+03,0.000000E+00,4.159223E-01,0.000000E+00,6.785933E+03,0.000000E+00,4.159223E-01,0.000000E+00,6.276437E+03,1.879391E+03,3.846944E-01,1.315274E-01,6.276437E+03,7.859375E+02,3.846944E-01,5.500307E-02,6.269925E+03,4.297930E+03,3.842952E-01,3.007864E-01 
21:15:00,5.522729E+03,1.195848E+03,3.384982E-01,8.369025E-02,1.115012E+04,0.000000E+00,6.834111E-01,0.000000E+00,3.526003E+04,0.000000E+00,2.161152E+00,0.000000E+00,6.794021E+03,0.000000E+00,4.164181E-01,0.000000E+00,6.794021E+03,0.000000E+00,4.164181E-01,0.000000E+00,5.521763E+03,0.000000E+00,3.384390E-01,0.000000E+00,5.521763E+03,3.558714E+03,3.384390E-01,2.490531E-01,2.123920E+04,0.000000E+00,1.301790E+00,0.000000E+00,6.269925E+03,0.000000E+00,3.842952E-01,0.000000E+00,5.522729E+03,9.707838E+01,3.384982E-01,6.793936E-03,6.785933E+03,0.000000E+00,4.159223E-01,0.000000E+00,6.785933E+03,0.000000E+00,4.159223E-01,0.000000E+00,6.276437E+03,1.690311E+03,3.846944E-01,1.182947E-01,6.276437E+03,6.615176E+02,3.846944E-01,4.629566E-02,6.269925E+03,3.930918E+03,3.842952E-01,2.751014E-01 
21:30:00,5.522729E+03,1.009554E+03,3.384982E-01,7.065267E-02,1.115012E+04,0.000000E+00,6.834111E-01,0.000000E+00,3.526003E+04,0.000000E+00,2.161152E+00,0.000000E+00,6.794021E+03,0.000000E+00,4.164181E-01,0.000000E+00,6.794021E+03,0.000000E+00,4.164181E-01,0.000000E+00,5.521763E+03,0.000000E+00,3.384390E-01,0.000000E+00,5.521763E+03,3.218979E+03,3.384390E-01,2.252771E-01,2.123920E+04,0.000000E+00,1.301790E+00,0.000000E+00,6.269925E+03,0.000000E+00,3.842952E-01,0.000000E+00,5.522729E+03,3.138873E+01,3.384982E-01,2.196710E-03,6.785933E+03,0.000000E+00,4.159223E-01,0.000000E+00,6.785933E+03,0.000000E+00,4.159223E-01,0.000000E+00,6.276437E+03,1.511435E+03,3.846944E-01,1.057763E-01,6.276437E+03,5.438403E+02,3.846944E-01,3.806014E-02,6.269925E+03,3.595499E+03,3.842952E-01,2.516275E-01 
21:45:00,5.522729E+03,8.357100E+02,3.384982E-01,5.848635E-02,1.115012E+04,0.000000E+00,6.834111E-01,0.000000E+00,3.526003E+04,0.000000E+00,2.161152E+00,0.000000E+00,6.794021E+03,0.000000E+00,4.164181E-01,0.000000E+00,6.794021E+03,0.000000E+00,4.164181E-01,0.000000E+00,5.521763E+03,0.000000E+00,3.384390E-01,0.000000E+00,5.521763E+03,2.901279E+03,3.384390E-01,2.030432E-01,2.123920E+04,0.000000E+00,1.301790E+00,0.000000E+00,6.269925E+03,0.000000E+00,3.842952E-01,0.000000E+00,5.522729E+03,0.000000E+00,3.384982E-01,0.000000E+00,6.785933E+03,0.000000E+00,4.159223E-01,0.000000E+00,6.785933E+03,0.000000E+00,4.159223E-01,0.000000E+00,6.276437E+03,1.341618E+03,3.846944E-01,9.389181E-02,6.276437E+03,4.323524E+02,3.846944E-01,3.025776E-02,6.269925E+03,3.285660E+03,3.842952E-01,2.299437E-01 
22:00:00,5.522729E+03,6.698163E+02,3.384982E-01,4.687644E-02,1.115012E+04,0.000000E+00,6.834111E-01,0.000000E+00,3.526003E+04,0.000000E+00,2.161152E+00,0.000000E+00,6.794021E+03,0.000000E+00,4.164181E-01,0.000000E+00,6.794021E+03,0.000000E+00,4.164181E-01,0.000000E+00,5.521763E+03,0.000000E+00,3.384390E-01,0.000000E+00,5.521763E+03,2.602536E+03,3.384390E-01,1.821360E-01,2.123920E+04,0.000000E+00,1.301790E+00,0.000000E+00,6.269925E+03,0.000000E+00,3.842952E-01,0.000000E+00,5.522729E+03,0.000000E+00,3.384982E-01,0.000000E+00,6.785933E+03,0.000000E+00,4.159223E-01,0.000000E+00,6.785933E+03,0.000000E+00,4.159223E-01,0.000000E+00,6.276437E+03,1.179983E+03,3.846944E-01,8.257993E-02,6.276437E+03,3.271008E+02,3.846944E-01,2.289183E-02,6.269925E+03,2.997143E+03,3.842952E-01,2.097521E-01 
22:15:00,5.522729E+03,5.111961E+02,3.384982E-01,3.577556E-02,1.115012E+04,0.000000E+00,6.834111E-01,0.000000E+00,3.526003E+04,0.000000E+00,2.161152E+00,0.000000E+00,6.794021E+03,0.000000E+00,4.164181E-01,0.000000E+00,6.794021E+03,0.000000E+00,4.164181E-01,0.000000E+00,5.521763E+03,0.000000E+00,3.384390E-01,0.000000E+00,5.521763E+03,2.321657E+03,3.384390E-01,1.624789E-01,2.123920E+04,0.000000E+00,1.301790E+00,0.000000E+00,6.269925E+03,0.000000E+00,3.842952E-01,0.000000E+00,5.522729E+03,0.000000E+00,3.384982E-01,0.000000E+00,6.785933E+03,0.000000E+00,4.159223E-01,0.000000E+00,6.785933E+03,0.000000E+00,4.159223E-01,0.000000E+00,6.276437E+03,1.026797E+03,3.846944E-01,7.185941E-02,6.276437E+03,2.281684E+02,3.846944E-01,1.596814E-02,6.269925E+03,2.727734E+03,3.842952E-01,1.908978E-01 
22:30:00,5.522729E+03,3.580443E+02,3.384982E-01,2.505738E-02,1.115012E+04,0.000000E+00,6.834111E-01,0.000000E+00,3.526003E+04,0.000000E+00,2.161152E+00,0.000000E+00,6.794021E+03,0.000000E+00,4.164181E-01,0.000000E+00,6.794021E+03,0.000000E+00,4.164181E-01,0.000000E+00,5.521763E+03,0.000000E+00,3.384390E-01,0.000000E+00,5.521763E+03,2.057310E+03,3.384390E-01,1.439789E-01,2.123920E+04,0.000000E+00,1.301790E+00,0.000000E+00,6.269925E+03,0.000000E+00,3.842952E-01,0.000000E+00,5.522729E+03,0.000000E+00,3.384982E-01,0.000000E+00,6.785933E+03,0.000000E+00,4.159223E-01,0.000000E+00,6.785933E+03,0.000000E+00,4.159223E-01,0.000000E+00,6.276437E+03,8.816350E+02,3.846944E-01,6.170037E-02,6.276437E+03,1.343726E+02,3.846944E-01,9.403935E-03,6.269925E+03,2.475237E+03,3.842952E-01,1.732270E-01 
22:45:00,5.522729E+03,2.103724E+02,3.384982E-01,1.472271E-02,1.115012E+04,0.000000E+00,6.834111E-01,0.000000E+00,3.526003E+04,0.000000E+00,2.161152E+00,0.000000E+00,6.794021E+03,0.000000E+00,4.164181E-01,0.000000E+00,6.794021E+03,0.000000E+00,4.164181E-01,0.000000E+00,5.521763E+03,0.000000E+00,3.384390E-01,0.000000E+00,5.521763E+03,1.808358E+03,3.384390E-01,1.265562E-01,2.123920E+04,0.000000E+00,1.301790E+00,0.000000E+00,6.269925E+03,0.000000E+00,3.842952E-01,0.000000E+00,5.522729E+03,0.000000E+00,3.384982E-01,0.000000E+00,6.785933E+03,0.000000E+00,4.159223E-01,0.000000E+00,6.785933E+03,0.000000E+00,4.159223E-01,0.000000E+00,6.276437E+03,7.441896E+02,3.846944E-01,5.208139E-02,6.276437E+03,6.623658E+01,3.846944E-01,4.635503E-03,6.269925E+03,2.238001E+03,3.842952E-01,1.566243E-01 
23:00:00,5.522729E+03,1.028549E+02,3.384982E-01,7.198200E-03,1.115012E+04,0.000000E+00,6.834111E-01,0.000000E+00,3.526003E+04,0.000000E+00,2.161152E+00,0.000000E+00,6.794021E+03,0.000000E+00,4.164181E-01,0.000000E+00,6.794021E+03,0.000000E+00,4.164181E-01,0.000000E+00,5.521763E+03,0.000000E+00,3.384390E-01,0.000000E+00,5.521763E+03,1.574193E+03,3.384390E-01,1.101684E-01,2.123920E+04,0.000000E+00,1.301790E+00,0.000000E+00,6.269925E+03,0.000000E+00,3.842952E-01,0.000000E+00,5.522729E+03,0.000000E+00,3.384982E-01,0.000000E+00,6.785933E+03,0.000000E+00,4.159223E-01,0.000000E+00,6.785933E+03,0.000000E+00,4.159223E-01,0.000000E+00,6.276437E+03,6.142783E+02,3.846944E-01,4.298967E-02,6.276437E+03,2.198860E+01,3.846944E-01,1.538851E-03,6.269925E+03,2.014714E+03,3.842952E-01,1.409978E-01 
23:15:00,5.522729E+03,3.320284E+01,3.384982E-01,2.323668E-03,1.115012E+04,0.000000E+00,6.834111E-01,0.000000E+00,3.526003E+04,0.000000E+00,2.161152E+00,0.000000E+00,6.794021E+03,0.000000E+00,4.164181E-01,0.000000E+00,6.794021E+03,0.000000E+00,4.164181E-01,0.000000E+00,5.521763E+03,0.000000E+00,3.384390E-01,0.000000E+00,5.521763E+03,1.353369E+03,3.384390E-01,9.471422E-02,2.123920E+04,0.000000E+00,1.301790E+00,0.000000E+00,6.269925E+03,0.000000E+00,3.842952E-01,0.000000E+00,5.522729E+03,0.000000E+00,3.384982E-01,0.000000E+00,6.785933E+03,0.000000E+00,4.159223E-01,0.000000E+00,6.785933E+03,0.000000E+00,4.159223E-01,0.000000E+00,6.276437E+03,4.909348E+02,3.846944E-01,3.435759E-02,6.276437E+03,0.000000E+00,3.846944E-01,0.000000E+00,6.269925E+03,1.803424E+03,3.842952E-01,1.262109E-01 
23:30:00,5.522729E+03,0.000000E+00,3.384982E-01,0.000000E+00,1.115012E+04,0.000000E+00,6.834111E-01,0.000000E+00,3.526003E+04,0.000000E+00,2.161152E+00,0.000000E+00,6.794021E+03,0.000000E+00,4.164181E-01,0.000000E+00,6.794021E+03,0.000000E+00,4.164181E-01,0.000000E+00,5.521763E+03,0.000000E+00,3.384390E-01,0.000000E+00,5.521763E+03,1.145620E+03,3.384390E-01,8.017513E-02,2.123920E+04,0.000000E+00,1.301790E+00,0.000000E+00,6.269925E+03,0.000000E+00,3.842952E-01,0.000000E+00,5.522729E+03,0.000000E+00,3.384982E-01,0.000000E+00,6.785933E+03,0.000000E+00,4.159223E-01,0.000000E+00,6.785933E+03,0.000000E+00,4.159223E-01,0.000000E+00,6.276437E+03,3.743999E+02,3.846944E-01,2.620202E-02,6.276437E+03,0.000000E+00,3.846944E-01,0.000000E+00,6.269925E+03,1.603138E+03,3.842952E-01,1.121941E-01 
23:45:00,5.522729E+03,0.000000E+00,3.384982E-01,0.000000E+00,1.115012E+04,0.000000E+00,6.834111E-01,0.000000E+00,3.526003E+04,0.000000E+00,2.161152E+00,0.000000E+00,6.794021E+03,0.000000E+00,4.164181E-01,0.000000E+00,6.794021E+03,0.000000E+00,4.164181E-01,0.000000E+00,5.521763E+03,0.000000E+00,3.384390E-01,0.000000E+00,5.521763E+03,9.520778E+02,3.384390E-01,6.663023E-02,2.123920E+04,0.000000E+00,1.301790E+00,0.000000E+00,6.269925E+03,0.000000E+00,3.842952E-01,0.000000E+00,5.522729E+03,0.000000E+00,3.384982E-01,0.000000E+00,6.785933E+03,0.000000E+00,4.159223E-01,0.000000E+00,6.785933E+03,0.000000E+00,4.159223E-01,0.000000E+00,6.276437E+03,2.645709E+02,3.846944E-01,1.851574E-02,6.276437E+03,0.000000E+00,3.846944E-01,0.000000E+00,6.269925E+03,1.413017E+03,3.842952E-01,9.888860E-02 
24:00:00,5.522729E+03,0.000000E+00,3.384982E-01,0.000000E+00,1.115012E+04,0.000000E+00,6.834111E-01,0.000000E+00,3.526003E+04,0.000000E+00,2.161152E+00,0.000000E+00,6.794021E+03,0.000000E+00,4.164181E-01,0.000000E+00,6.794021E+03,0.000000E+00,4.164181E-01,0.000000E+00,5.521763E+03,0.000000E+00,3.384390E-01,0.000000E+00,5.521763E+03,7.689333E+02,3.384390E-01,5.381304E-02,2.123920E+04,0.000000E+00,1.301790E+00,0.000000E+00,6.269925E+03,0.000000E+00,3.842952E-01,0.000000E+00,5.522729E+03,0.000000E+00,3.384982E-01,0.000000E+00,6.785933E+03,0.000000E+00,4.159223E-01,0.000000E+00,6.785933E+03,0.000000E+00,4.159223E-01,0.000000E+00,6.276437E+03,1.590914E+02,3.846944E-01,1.113385E-02,6.276437E+03,0.000000E+00,3.846944E-01,0.000000E+00,6.269925E+03,1.232391E+03,3.842952E-01,8.624772E-02 
Peak,5.522729E+03,1.181734E+04,3.384982E-01,8.270249E-01,1.115012E+04,0.000000E+00,6.834111E-01,0.000000E+00,3.526003E+04,0.000000E+00,2.161152E+00,0.000000E+00,6.794021E+03,0.000000E+00,4.164181E-01,0.000000E+00,6.794021E+03,1.129975E+04,4.164181E-01,7.908009E-01,5.521763E+03,4.035099E+02,3.384390E-01,2.823919E-02,5.521763E+03,1.522748E+04,3.384390E-01,1.065681E+00,2.123920E+04,0.000000E+00,1.301790E+00,0.000000E+00,6.269925E+03,1.254687E+03,3.842952E-01,8.780806E-02,5.522729E+03,1.228917E+04,3.384982E-01,8.600455E-01,6.785933E+03,7.373384E+03,4.159223E-01,5.160182E-01,6.785933E+03,8.845365E+03,4.159223E-01,6.190315E-01,6.276437E+03,1.223717E+04,3.846944E-01,8.564062E-01,6.276437E+03,1.281518E+04,3.846944E-01,8.968577E-01,6.269925E+03,1.593929E+04,3.842952E-01,1.115496E+00 

Peak Vol Flow (m3/s),,,2.811393E-01,6.868845E-01,,,5.676063E-01,0.000000E+00,,,1.794942E+00,0.000000E+00,,,3.458555E-01,0.000000E+00,,,3.458555E-01,6.567987E-01,,,2.810901E-01,2.345403E-02,,,2.810901E-01,8.850998E-01,,,1.081200E+00,0.000000E+00,,,3.191759E-01,7.292887E-02,,,2.811393E-01,7.143098E-01,,,3.454438E-01,4.285783E-01,,,3.454438E-01,5.141358E-01,,,3.195074E-01,7.112872E-01,,,3.195074E-01,7.448841E-01,,,3.191759E-01,9.264738E-01 
