Time,THERMAL ZONE 3:PHILADELPHIA INTERNATIONAL AP ANN HTG 99.6% CONDNS DB:Des Heat Load [W],THERMAL ZONE 3::Des Sens Cool Load [W],THERMAL ZONE 3:PHILADELPHIA INTERNATIONAL AP ANN HTG 99.6% CONDNS DB:Des Heat Mass Flow [kg/s],THERMAL ZONE 3::Des Cool Mass Flow [kg/s],THERMAL ZONE 14:PHILADELPHIA INTERNATIONAL AP ANN HTG 99.6% CONDNS DB:Des Heat Load [W],THERMAL ZONE 14:PHILADELPHIA INTERNATIONAL AP ANN CLG .4% CONDNS DB=>MWB:Des Sens Cool Load [W],THERMAL ZONE 14:PHILADELPHIA INTERNATIONAL AP ANN HTG 99.6% CONDNS DB:Des Heat Mass Flow [kg/s],THERMAL ZONE 14:PHILADELPHIA INTERNATIONAL AP ANN CLG .4% CONDNS DB=>MWB:Des Cool Mass Flow [kg/s],THERMAL ZONE 15:PHILADELPHIA INTERNATIONAL AP ANN HTG 99.6% CONDNS DB:Des Heat Load [W],THERMAL ZONE 15:PHILADELPHIA INTERNATIONAL AP ANN CLG .4% CONDNS DB=>MWB:Des Sens Cool Load [W],THERMAL ZONE 15:PHILADELPHIA INTERNATIONAL AP ANN HTG 99.6% CONDNS DB:Des Heat Mass Flow [kg/s],THERMAL ZONE 15:PHILADELPHIA INTERNATIONAL AP ANN CLG .4% CONDNS DB=>MWB:Des Cool Mass Flow [kg/s],THERMAL ZONE 1:PHILADELPHIA INTERNATIONAL AP ANN HTG 99.6% CONDNS DB:Des Heat Load [W],THERMAL ZONE 1:PHILADELPHIA INTERNATIONAL AP ANN CLG .4% CONDNS DB=>MWB:Des Sens Cool Load [W],THERMAL ZONE 1:PHILADELPHIA INTERNATIONAL AP ANN HTG 99.6% CONDNS DB:Des Heat Mass Flow [kg/s],THERMAL ZONE 1:PHILADELPHIA INTERNATIONAL AP ANN CLG .4% CONDNS DB=>MWB:Des Cool Mass Flow [kg/s],THERMAL ZONE 12:PHILADELPHIA INTERNATIONAL AP ANN HTG 99.6% CONDNS DB:Des Heat Load [W],THERMAL ZONE 12:PHILADELPHIA INTERNATIONAL AP ANN CLG .4% CONDNS DB=>MWB:Des Sens Cool Load [W],THERMAL ZONE 12:PHILADELPHIA INTERNATIONAL AP ANN HTG 99.6% CONDNS DB:Des Heat Mass Flow [kg/s],THERMAL ZONE 12:PHILADELPHIA INTERNATIONAL AP ANN CLG .4% CONDNS DB=>MWB:Des Cool Mass Flow [kg/s],THERMAL ZONE 7:PHILADELPHIA INTERNATIONAL AP ANN HTG 99.6% CONDNS DB:Des Heat Load [W],THERMAL ZONE 7::Des Sens Cool Load [W],THERMAL ZONE 7:PHILADELPHIA INTERNATIONAL AP ANN HTG 99.6% CONDNS DB:Des Heat Mass Flow [kg/s],THERMAL ZONE 7::Des Cool Mass Flow [kg/s],THERMAL ZONE 11:PHILADELPHIA INTERNATIONAL AP ANN HTG 99.6% CONDNS DB:Des Heat Load [W],THERMAL ZONE 11:PHILADELPHIA INTERNATIONAL AP ANN CLG .4% CONDNS DB=>MWB:Des Sens Cool Load [W],THERMAL ZONE 11:PHILADELPHIA INTERNATIONAL AP ANN HTG 99.6% CONDNS DB:Des Heat Mass Flow [kg/s],THERMAL ZONE 11:PHILADELPHIA INTERNATIONAL AP ANN CLG .4% CONDNS DB=>MWB:Des Cool Mass Flow [kg/s],THERMAL ZONE 10:PHILADELPHIA INTERNATIONAL AP ANN HTG 99.6% CONDNS DB:Des Heat Load [W],THERMAL ZONE 10:PHILADELPHIA INTERNATIONAL AP ANN CLG .4% CONDNS DB=>MWB:Des Sens Cool Load [W],THERMAL ZONE 10:PHILADELPHIA INTERNATIONAL AP ANN HTG 99.6% CONDNS DB:Des Heat Mass Flow [kg/s],THERMAL ZONE 10:PHILADELPHIA INTERNATIONAL AP ANN CLG .4% CONDNS DB=>MWB:Des Cool Mass Flow [kg/s],THERMAL ZONE 4:PHILADELPHIA INTERNATIONAL AP ANN HTG 99.6% CONDNS DB:Des Heat Load [W],THERMAL ZONE 4:PHILADELPHIA INTERNATIONAL AP ANN CLG .4% CONDNS DB=>MWB:Des Sens Cool Load [W],THERMAL ZONE 4:PHILADELPHIA INTERNATIONAL AP ANN HTG 99.6% CONDNS DB:Des Heat Mass Flow [kg/s],THERMAL ZONE 4:PHILADELPHIA INTERNATIONAL AP ANN CLG .4% CONDNS DB=>MWB:Des Cool Mass Flow [kg/s],THERMAL ZONE 5:PHILADELPHIA INTERNATIONAL AP ANN HTG 99.6% CONDNS DB:Des Heat Load [W],THERMAL ZONE 5::Des Sens Cool Load [W],THERMAL ZONE 5:PHILADELPHIA INTERNATIONAL AP ANN HTG 99.6% CONDNS DB:Des Heat Mass Flow [kg/s],THERMAL ZONE 5::Des Cool Mass Flow [kg/s],THERMAL ZONE 2:PHILADELPHIA INTERNATIONAL AP ANN HTG 99.6% CONDNS DB:Des Heat Load [W],THERMAL ZONE 2:PHILADELPHIA INTERNATIONAL AP ANN CLG .4% CONDNS DB=>MWB:Des Sens Cool Load [W],THERMAL ZONE 2:PHILADELPHIA INTERNATIONAL AP ANN HTG 99.6% CONDNS DB:Des Heat Mass Flow [kg/s],THERMAL ZONE 2:PHILADELPHIA INTERNATIONAL AP ANN CLG .4% CONDNS DB=>MWB:Des Cool Mass Flow [kg/s],THERMAL ZONE 8:PHILADELPHIA INTERNATIONAL AP ANN HTG 99.6% CONDNS DB:Des Heat Load [W],THERMAL ZONE 8:PHILADELPHIA INTERNATIONAL AP ANN CLG .4% CONDNS DB=>MWB:Des Sens Cool Load [W],THERMAL ZONE 8:PHILADELPHIA INTERNATIONAL AP ANN HTG 99.6% CONDNS DB:Des Heat Mass Flow [kg/s],THERMAL ZONE 8:PHILADELPHIA INTERNATIONAL AP ANN CLG .4% CONDNS DB=>MWB:Des Cool Mass Flow [kg/s],THERMAL ZONE 13:PHILADELPHIA INTERNATIONAL AP ANN HTG 99.6% CONDNS DB:Des Heat Load [W],THERMAL ZONE 13:PHILADELPHIA INTERNATIONAL AP ANN CLG .4% CONDNS DB=>MWB:Des Sens Cool Load [W],THERMAL ZONE 13:PHILADELPHIA INTERNATIONAL AP ANN HTG 99.6% CONDNS DB:Des Heat Mass Flow [kg/s],THERMAL ZONE 13:PHILADELPHIA INTERNATIONAL AP ANN CLG .4% CONDNS DB=>MWB:Des Cool Mass Flow [kg/s],THERMAL ZONE 9:PHILADELPHIA INTERNATIONAL AP ANN HTG 99.6% CONDNS DB:Des Heat Load [W],THERMAL ZONE 9::Des Sens Cool Load [W],THERMAL ZONE 9:PHILADELPHIA INTERNATIONAL AP ANN HTG 99.6% CONDNS DB:Des Heat Mass Flow [kg/s],THERMAL ZONE 9::Des Cool Mass Flow [kg/s],THERMAL ZONE 6:PHILADELPHIA INTERNATIONAL AP ANN HTG 99.6% CONDNS DB:Des Heat Load [W],THERMAL ZONE 6:PHILADELPHIA INTERNATIONAL AP ANN CLG .4% CONDNS DB=>MWB:Des Sens Cool Load [W],THERMAL ZONE 6:PHILADELPHIA INTERNATIONAL AP ANN HTG 99.6% CONDNS DB:Des Heat Mass Flow [kg/s],THERMAL ZONE 6:PHILADELPHIA INTERNATIONAL AP ANN CLG .4% CONDNS DB=>MWB:Des Cool Mass Flow [kg/s] 
00:15:00,3.085686E+04,0.000000E+00,1.891273E+00,0.000000E+00,7.558855E+03,0.000000E+00,4.632961E-01,0.000000E+00,6.342770E+03,0.000000E+00,3.887600E-01,0.000000E+00,7.648779E+03,8.686984E+02,4.688078E-01,6.079501E-02,6.416775E+03,0.000000E+00,3.932960E-01,0.000000E+00,7.602129E+03,0.000000E+00,4.659484E-01,0.000000E+00,7.733030E+03,1.782913E+03,4.739716E-01,1.247754E-01,6.342770E+03,2.821904E+00,3.887600E-01,1.974882E-04,7.648779E+03,9.967729E+02,4.688078E-01,6.975818E-02,3.560905E+04,0.000000E+00,2.182544E+00,0.000000E+00,7.602129E+03,0.000000E+00,4.659484E-01,0.000000E+00,7.733030E+03,6.446630E+02,4.739716E-01,4.511611E-02,6.416775E+03,7.076656E+02,3.932960E-01,4.952529E-02,1.265240E+04,0.000000E+00,7.754888E-01,0.000000E+00,7.558855E+03,0.000000E+00,4.632961E-01,0.000000E+00 
00:30:00,3.085685E+04,0.000000E+00,1.891273E+00,0.000000E+00,7.558855E+03,0.000000E+00,4.632961E-01,0.000000E+00,6.342770E+03,0.000000E+00,3.887600E-01,0.000000E+00,7.648779E+03,8.041660E+02,4.688078E-01,5.627877E-02,6.416775E+03,0.000000E+00,3.932960E-01,0.000000E+00,7.602129E+03,0.000000E+00,4.659484E-01,0.000000E+00,7.733030E+03,1.673611E+03,4.739716E-01,1.171261E-01,6.342770E+03,0.000000E+00,3.887600E-01,0.000000E+00,7.648779E+03,9.271284E+02,4.688078E-01,6.488418E-02,3.560905E+04,0.000000E+00,2.182544E+00,0.000000E+00,7.602129E+03,0.000000E+00,4.659484E-01,0.000000E+00,7.733030E+03,5.891261E+02,4.739716E-01,4.122942E-02,6.416775E+03,6.112759E+02,3.932960E-01,4.277955E-02,1.265240E+04,0.000000E+00,7.754888E-01,0.000000E+00,7.558855E+03,0.000000E+00,4.632961E-01,0.000000E+00 
00:45:00,3.085685E+04,0.000000E+00,1.891273E+00,0.000000E+00,7.558855E+03,0.000000E+00,4.632961E-01,0.000000E+00,6.342770E+03,0.000000E+00,3.887600E-01,0.000000E+00,7.648779E+03,7.410825E+02,4.688078E-01,5.186394E-02,6.416775E+03,0.000000E+00,3.932960E-01,0.000000E+00,7.602129E+03,0.000000E+00,4.659484E-01,0.000000E+00,7.733030E+03,1.568005E+03,4.739716E-01,1.097353E-01,6.342770E+03,0.000000E+00,3.887600E-01,0.000000E+00,7.648779E+03,8.591582E+02,4.688078E-01,6.012735E-02,3.560905E+04,0.000000E+00,2.182544E+00,0.000000E+00,7.602129E+03,0.000000E+00,4.659484E-01,0.000000E+00,7.733030E+03,5.346952E+02,4.739716E-01,3.742012E-02,6.416775E+03,5.189099E+02,3.932960E-01,3.631540E-02,1.265240E+04,0.000000E+00,7.754888E-01,0.000000E+00,7.558855E+03,0.000000E+00,4.632961E-01,0.000000E+00 
01:00:00,3.085685E+04,0.000000E+00,1.891273E+00,0.000000E+00,7.558855E+03,0.000000E+00,4.632961E-01,0.000000E+00,6.342770E+03,0.000000E+00,3.887600E-01,0.000000E+00,7.648779E+03,6.794582E+02,4.688078E-01,4.755122E-02,6.416775E+03,0.000000E+00,3.932960E-01,0.000000E+00,7.602129E+03,0.000000E+00,4.659484E-01,0.000000E+00,7.733030E+03,1.465999E+03,4.739716E-01,1.025965E-01,6.342770E+03,0.000000E+00,3.887600E-01,0.000000E+00,7.648779E+03,7.928654E+02,4.688078E-01,5.548791E-02,3.560905E+04,0.000000E+00,2.182544E+00,0.000000E+00,7.602129E+03,0.000000E+00,4.659484E-01,0.000000E+00,7.733030E+03,4.814025E+02,4.739716E-01,3.369048E-02,6.416775E+03,4.298290E+02,3.932960E-01,3.008116E-02,1.265240E+04,0.000000E+00,7.754887E-01,0.000000E+00,7.558855E+03,0.000000E+00,4.632961E-01,0.000000E+00 
01:15:00,3.085685E+04,0.000000E+00,1.891273E+00,0.000000E+00,7.558855E+03,0.000000E+00,4.632961E-01,0.000000E+00,6.342770E+03,0.000000E+00,3.887600E-01,0.000000E+00,7.648779E+03,6.235426E+02,4.688078E-01,4.363802E-02,6.416775E+03,0.000000E+00,3.932960E-01,0.000000E+00,7.602129E+03,0.000000E+00,4.659484E-01,0.000000E+00,7.733030E+03,1.372058E+03,4.739716E-01,9.602212E-02,6.342770E+03,0.000000E+00,3.887600E-01,0.000000E+00,7.648779E+03,7.326062E+02,4.688078E-01,5.127073E-02,3.560905E+04,0.000000E+00,2.182544E+00,0.000000E+00,7.602129E+03,0.000000E+00,4.659484E-01,0.000000E+00,7.733030E+03,4.336859E+02,4.739716E-01,3.035108E-02,6.416775E+03,3.455512E+02,3.932960E-01,2.418307E-02,1.265240E+04,0.000000E+00,7.754887E-01,0.000000E+00,7.558855E+03,0.000000E+00,4.632961E-01,0.000000E+00 
01:30:00,3.085685E+04,0.000000E+00,1.891273E+00,0.000000E+00,7.558855E+03,0.000000E+00,4.632961E-01,0.000000E+00,6.342770E+03,0.000000E+00,3.887600E-01,0.000000E+00,7.648779E+03,5.693286E+02,4.688078E-01,3.984390E-02,6.416775E+03,0.000000E+00,3.932960E-01,0.000000E+00,7.602129E+03,0.000000E+00,4.659484E-01,0.000000E+00,7.733030E+03,1.281753E+03,4.739716E-01,8.970220E-02,6.342770E+03,0.000000E+00,3.887600E-01,0.000000E+00,7.648779E+03,6.742490E+02,4.688078E-01,4.718666E-02,3.560905E+04,0.000000E+00,2.182544E+00,0.000000E+00,7.602129E+03,0.000000E+00,4.659484E-01,0.000000E+00,7.733030E+03,3.873837E+02,4.739716E-01,2.711067E-02,6.416775E+03,2.637122E+02,3.932960E-01,1.845564E-02,1.265240E+04,0.000000E+00,7.754887E-01,0.000000E+00,7.558855E+03,0.000000E+00,4.632961E-01,0.000000E+00 
01:45:00,3.085685E+04,0.000000E+00,1.891273E+00,0.000000E+00,7.558855E+03,0.000000E+00,4.632961E-01,0.000000E+00,6.342770E+03,0.000000E+00,3.887600E-01,0.000000E+00,7.648779E+03,5.168457E+02,4.688078E-01,3.617095E-02,6.416775E+03,0.000000E+00,3.932960E-01,0.000000E+00,7.602129E+03,0.000000E+00,4.659484E-01,0.000000E+00,7.733030E+03,1.195009E+03,4.739716E-01,8.363151E-02,6.342770E+03,0.000000E+00,3.887600E-01,0.000000E+00,7.648779E+03,6.178097E+02,4.688078E-01,4.323681E-02,3.560905E+04,0.000000E+00,2.182544E+00,0.000000E+00,7.602129E+03,0.000000E+00,4.659484E-01,0.000000E+00,7.733030E+03,3.425486E+02,4.739716E-01,2.397293E-02,6.416775E+03,1.853943E+02,3.932960E-01,1.297464E-02,1.265240E+04,0.000000E+00,7.754887E-01,0.000000E+00,7.558855E+03,0.000000E+00,4.632961E-01,0.000000E+00 
02:00:00,3.085685E+04,0.000000E+00,1.891273E+00,0.000000E+00,7.558855E+03,0.000000E+00,4.632961E-01,0.000000E+00,6.342770E+03,0.000000E+00,3.887600E-01,0.000000E+00,7.648779E+03,4.661487E+02,4.688078E-01,3.262296E-02,6.416775E+03,0.000000E+00,3.932960E-01,0.000000E+00,7.602129E+03,0.000000E+00,4.659484E-01,0.000000E+00,7.733030E+03,1.111791E+03,4.739716E-01,7.780761E-02,6.342770E+03,0.000000E+00,3.887600E-01,0.000000E+00,7.648779E+03,5.633296E+02,4.688078E-01,3.942407E-02,3.560905E+04,0.000000E+00,2.182544E+00,0.000000E+00,7.602129E+03,0.000000E+00,4.659484E-01,0.000000E+00,7.733030E+03,2.992554E+02,4.739716E-01,2.094310E-02,6.416775E+03,1.108917E+02,3.932960E-01,7.760651E-03,1.265240E+04,0.000000E+00,7.754887E-01,0.000000E+00,7.558855E+03,0.000000E+00,4.632961E-01,0.000000E+00 
02:15:00,3.085685E+04,0.000000E+00,1.891273E+00,0.000000E+00,7.558855E+03,0.000000E+00,4.632961E-01,0.000000E+00,6.342770E+03,0.000000E+00,3.887600E-01,0.000000E+00,7.648779E+03,4.170111E+02,4.688078E-01,2.918412E-02,6.416775E+03,0.000000E+00,3.932960E-01,0.000000E+00,7.602129E+03,0.000000E+00,4.659484E-01,0.000000E+00,7.733030E+03,1.031776E+03,4.739716E-01,7.220785E-02,6.342770E+03,0.000000E+00,3.887600E-01,0.000000E+00,7.648779E+03,5.105676E+02,4.688078E-01,3.573158E-02,3.560905E+04,0.000000E+00,2.182544E+00,0.000000E+00,7.602129E+03,0.000000E+00,4.659484E-01,0.000000E+00,7.733030E+03,2.573014E+02,4.739716E-01,1.800699E-02,6.416775E+03,5.541194E+01,3.932960E-01,3.877951E-03,1.265240E+04,0.000000E+00,7.754887E-01,0.000000E+00,7.558855E+03,0.000000E+00,4.632961E-01,0.000000E+00 
02:30:00,3.085685E+04,0.000000E+00,1.891273E+00,0.000000E+00,7.558855E+03,0.000000E+00,4.632961E-01,0.000000E+00,6.342770E+03,0.000000E+00,3.887600E-01,0.000000E+00,7.648779E+03,3.694347E+02,4.688078E-01,2.585453E-02,6.416775E+03,0.000000E+00,3.932960E-01,0.000000E+00,7.602129E+03,0.000000E+00,4.659484E-01,0.000000E+00,7.733030E+03,9.548477E+02,4.739716E-01,6.682409E-02,6.342770E+03,0.000000E+00,3.887600E-01,0.000000E+00,7.648779E+03,4.595033E+02,4.688078E-01,3.215789E-02,3.560905E+04,0.000000E+00,2.182544E+00,0.000000E+00,7.602129E+03,0.000000E+00,4.659484E-01,0.000000E+00,7.733030E+03,2.167168E+02,4.739716E-01,1.516671E-02,6.416775E+03,1.901365E+01,3.932960E-01,1.330652E-03,1.265240E+04,0.000000E+00,7.754887E-01,0.000000E+00,7.558855E+03,0.000000E+00,4.632961E-01,0.000000E+00 
02:45:00,3.085685E+04,0.000000E+00,1.891273E+00,0.000000E+00,7.558855E+03,0.000000E+00,4.632961E-01,0.000000E+00,6.342770E+03,0.000000E+00,3.887600E-01,0.000000E+00,7.648779E+03,3.234271E+02,4.688078E-01,2.263473E-02,6.416775E+03,0.000000E+00,3.932960E-01,0.000000E+00,7.602129E+03,0.000000E+00,4.659484E-01,0.000000E+00,7.733030E+03,8.809067E+02,4.739716E-01,6.164939E-02,6.342770E+03,0.000000E+00,3.887600E-01,0.000000E+00,7.648779E+03,4.101273E+02,4.688078E-01,2.870236E-02,3.560905E+04,0.000000E+00,2.182544E+00,0.000000E+00,7.602129E+03,0.000000E+00,4.659484E-01,0.000000E+00,7.733030E+03,1.775384E+02,4.739716E-01,1.242486E-02,6.416775E+03,8.570930E-01,3.932960E-01,5.998282E-05,1.265240E+04,0.000000E+00,7.754887E-01,0.000000E+00,7.558855E+03,0.000000E+00,4.632961E-01,0.000000E+00 
03:00:00,3.085685E+04,0.000000E+00,1.891273E+00,0.000000E+00,7.558855E+03,0.000000E+00,4.632961E-01,0.000000E+00,6.342770E+03,0.000000E+00,3.887600E-01,0.000000E+00,7.648779E+03,2.789799E+02,4.688078E-01,1.952413E-02,6.416775E+03,0.000000E+00,3.932960E-01,0.000000E+00,7.602129E+03,0.000000E+00,4.659484E-01,0.000000E+00,7.733030E+03,8.098271E+02,4.739716E-01,5.667496E-02,6.342770E+03,0.000000E+00,3.887600E-01,0.000000E+00,7.648779E+03,3.624129E+02,4.688078E-01,2.536311E-02,3.560905E+04,0.000000E+00,2.182544E+00,0.000000E+00,7.602129E+03,0.000000E+00,4.659484E-01,0.000000E+00,7.733030E+03,1.397935E+02,4.739716E-01,9.783311E-03,6.416775E+03,0.000000E+00,3.932960E-01,0.000000E+00,1.265240E+04,0.000000E+00,7.754887E-01,0.000000E+00,7.558855E+03,0.000000E+00,4.632961E-01,0.000000E+00 
03:15:00,3.085685E+04,0.000000E+00,1.891273E+00,0.000000E+00,7.558855E+03,0.000000E+00,4.632961E-01,0.000000E+00,6.342770E+03,0.000000E+00,3.887600E-01,0.000000E+00,7.648779E+03,2.358585E+02,4.688078E-01,1.650633E-02,6.416775E+03,0.000000E+00,3.932960E-01,0.000000E+00,7.602129E+03,0.000000E+00,4.659484E-01,0.000000E+00,7.733030E+03,7.412714E+02,4.739716E-01,5.187716E-02,6.342770E+03,0.000000E+00,3.887600E-01,0.000000E+00,7.648779E+03,3.161072E+02,4.688078E-01,2.212245E-02,3.560905E+04,0.000000E+00,2.182544E+00,0.000000E+00,7.602129E+03,0.000000E+00,4.659484E-01,0.000000E+00,7.733030E+03,1.032862E+02,4.739716E-01,7.228382E-03,6.416775E+03,0.000000E+00,3.932960E-01,0.000000E+00,1.265240E+04,0.000000E+00,7.754887E-01,0.000000E+00,7.558855E+03,0.000000E+00,4.632961E-01,0.000000E+00 
03:30:00,3.085685E+04,0.000000E+00,1.891273E+00,0.000000E+00,7.558855E+03,0.000000E+00,4.632961E-01,0.000000E+00,6.342770E+03,0.000000E+00,3.887600E-01,0.000000E+00,7.648779E+03,1.940901E+02,4.688078E-01,1.358320E-02,6.416775E+03,0.000000E+00,3.932960E-01,0.000000E+00,7.602129E+03,0.000000E+00,4.659484E-01,0.000000E+00,7.733030E+03,6.751499E+02,4.739716E-01,4.724971E-02,6.342770E+03,0.000000E+00,3.887600E-01,0.000000E+00,7.648779E+03,2.712119E+02,4.688078E-01,1.898050E-02,3.560905E+04,0.000000E+00,2.182544E+00,0.000000E+00,7.602129E+03,0.000000E+00,4.659484E-01,0.000000E+00,7.733030E+03,6.809579E+01,4.739716E-01,4.765618E-03,6.416775E+03,0.000000E+00,3.932960E-01,0.000000E+00,1.265240E+04,0.000000E+00,7.754888E-01,0.000000E+00,7.558855E+03,0.000000E+00,4.632961E-01,0.000000E+00 
03:45:00,3.085685E+04,0.000000E+00,1.891273E+00,0.000000E+00,7.558855E+03,0.000000E+00,4.632961E-01,0.000000E+00,6.342770E+03,0.000000E+00,3.887600E-01,0.000000E+00,7.648779E+03,1.537065E+02,4.688078E-01,1.075700E-02,6.416775E+03,0.000000E+00,3.932960E-01,0.000000E+00,7.602129E+03,0.000000E+00,4.659484E-01,0.000000E+00,7.733030E+03,6.113753E+02,4.739716E-01,4.278650E-02,6.342770E+03,0.000000E+00,3.887600E-01,0.000000E+00,7.648779E+03,2.277348E+02,4.688078E-01,1.593780E-02,3.560905E+04,0.000000E+00,2.182544E+00,0.000000E+00,7.602129E+03,0.000000E+00,4.659484E-01,0.000000E+00,7.733030E+03,3.794866E+01,4.739716E-01,2.655800E-03,6.416775E+03,0.000000E+00,3.932960E-01,0.000000E+00,1.265240E+04,0.000000E+00,7.754888E-01,0.000000E+00,7.558855E+03,0.000000E+00,4.632961E-01,0.000000E+00 
04:00:00,3.085685E+04,0.000000E+00,1.891273E+00,0.000000E+00,7.558855E+03,0.000000E+00,4.632961E-01,0.000000E+00,6.342770E+03,0.000000E+00,3.887600E-01,0.000000E+00,7.648779E+03,1.147568E+02,4.688078E-01,8.031140E-03,6.416775E+03,0.000000E+00,3.932960E-01,0.000000E+00,7.602129E+03,0.000000E+00,4.659484E-01,0.000000E+00,7.733030E+03,5.498665E+02,4.739716E-01,3.848187E-02,6.342770E+03,0.000000E+00,3.887600E-01,0.000000E+00,7.648779E+03,1.856954E+02,4.688078E-01,1.299571E-02,3.560905E+04,0.000000E+00,2.182544E+00,0.000000E+00,7.602129E+03,0.000000E+00,4.659484E-01,0.000000E+00,7.733030E+03,1.677840E+01,4.739716E-01,1.174220E-03,6.416775E+03,0.000000E+00,3.932960E-01,0.000000E+00,1.265240E+04,0.000000E+00,7.754888E-01,0.000000E+00,7.558855E+03,0.000000E+00,4.632961E-01,0.000000E+00 
04:15:00,3.085685E+04,0.000000E+00,1.891273E+00,0.000000E+00,7.558855E+03,0.000000E+00,4.632961E-01,0.000000E+00,6.342770E+03,0.000000E+00,3.887600E-01,0.000000E+00,7.648779E+03,7.757860E+01,4.688078E-01,5.429263E-03,6.416775E+03,0.000000E+00,3.932960E-01,0.000000E+00,7.602129E+03,0.000000E+00,4.659484E-01,0.000000E+00,7.733030E+03,4.908187E+02,4.739716E-01,3.434947E-02,6.342770E+03,0.000000E+00,3.887600E-01,0.000000E+00,7.648779E+03,1.453932E+02,4.688078E-01,1.017520E-02,3.560905E+04,0.000000E+00,2.182544E+00,0.000000E+00,7.602129E+03,0.000000E+00,4.659484E-01,0.000000E+00,7.733030E+03,4.249961E+00,4.739716E-01,2.974294E-04,6.416775E+03,0.000000E+00,3.932960E-01,0.000000E+00,1.265240E+04,0.000000E+00,7.754888E-01,0.000000E+00,7.558855E+03,0.000000E+00,4.632961E-01,0.000000E+00 
04:30:00,3.085685E+04,0.000000E+00,1.891273E+00,0.000000E+00,7.558855E+03,0.000000E+00,4.632961E-01,0.000000E+00,6.342770E+03,0.000000E+00,3.887600E-01,0.000000E+00,7.648779E+03,4.429339E+01,4.688078E-01,3.099830E-03,6.416775E+03,0.000000E+00,3.932960E-01,0.000000E+00,7.602129E+03,0.000000E+00,4.659484E-01,0.000000E+00,7.733030E+03,4.341880E+02,4.739716E-01,3.038623E-02,6.342770E+03,0.000000E+00,3.887600E-01,0.000000E+00,7.648779E+03,1.068960E+02,4.688078E-01,7.481011E-03,3.560905E+04,0.000000E+00,2.182544E+00,0.000000E+00,7.602129E+03,0.000000E+00,4.659484E-01,0.000000E+00,7.733030E+03,0.000000E+00,4.739716E-01,0.000000E+00,6.416775E+03,0.000000E+00,3.932960E-01,0.000000E+00,1.265240E+04,0.000000E+00,7.754888E-01,0.000000E+00,7.558855E+03,0.000000E+00,4.632961E-01,0.000000E+00 
04:45:00,3.085685E+04,0.000000E+00,1.891273E+00,0.000000E+00,7.558855E+03,0.000000E+00,4.632961E-01,0.000000E+00,6.342770E+03,0.000000E+00,3.887600E-01,0.000000E+00,7.648779E+03,2.057306E+01,4.688078E-01,1.439785E-03,6.416775E+03,0.000000E+00,3.932960E-01,0.000000E+00,7.602129E+03,0.000000E+00,4.659484E-01,0.000000E+00,7.733030E+03,3.799390E+02,4.739716E-01,2.658966E-02,6.342770E+03,0.000000E+00,3.887600E-01,0.000000E+00,7.648779E+03,7.030381E+01,4.688078E-01,4.920143E-03,3.560905E+04,0.000000E+00,2.182544E+00,0.000000E+00,7.602129E+03,0.000000E+00,4.659484E-01,0.000000E+00,7.733030E+03,0.000000E+00,4.739716E-01,0.000000E+00,6.416775E+03,0.000000E+00,3.932960E-01,0.000000E+00,1.265240E+04,0.000000E+00,7.754888E-01,0.000000E+00,7.558855E+03,0.000000E+00,4.632961E-01,0.000000E+00 
05:00:00,3.085685E+04,0.000000E+00,1.891273E+00,0.000000E+00,7.558855E+03,0.000000E+00,4.632961E-01,0.000000E+00,6.342770E+03,0.000000E+00,3.887600E-01,0.000000E+00,7.648779E+03,6.034376E+00,4.688078E-01,4.223099E-04,6.416775E+03,0.000000E+00,3.932960E-01,0.000000E+00,7.602129E+03,0.000000E+00,4.659484E-01,0.000000E+00,7.733030E+03,3.302048E+02,4.739716E-01,2.310906E-02,6.342770E+03,0.000000E+00,3.887600E-01,0.000000E+00,7.648779E+03,3.919240E+01,4.688078E-01,2.742842E-03,3.560905E+04,0.000000E+00,2.182544E+00,0.000000E+00,7.602129E+03,0.000000E+00,4.659484E-01,0.000000E+00,7.733030E+03,0.000000E+00,4.739716E-01,0.000000E+00,6.416775E+03,0.000000E+00,3.932960E-01,0.000000E+00,1.265240E+04,0.000000E+00,7.754888E-01,0.000000E+00,7.558855E+03,0.000000E+00,4.632961E-01,0.000000E+00 
05:15:00,3.085685E+04,0.000000E+00,1.891273E+00,0.000000E+00,7.558855E+03,0.000000E+00,4.632961E-01,0.000000E+00,6.342770E+03,0.000000E+00,3.887600E-01,0.000000E+00,7.648779E+03,0.000000E+00,4.688078E-01,0.000000E+00,6.416775E+03,0.000000E+00,3.932960E-01,0.000000E+00,7.602129E+03,0.000000E+00,4.659484E-01,0.000000E+00,7.733030E+03,2.885340E+02,4.739716E-01,2.019277E-02,6.342770E+03,0.000000E+00,3.887600E-01,0.000000E+00,7.648779E+03,1.739252E+01,4.688078E-01,1.217199E-03,3.560905E+04,0.000000E+00,2.182544E+00,0.000000E+00,7.602129E+03,0.000000E+00,4.659484E-01,0.000000E+00,7.733030E+03,0.000000E+00,4.739716E-01,0.000000E+00,6.416775E+03,0.000000E+00,3.932960E-01,0.000000E+00,1.265240E+04,0.000000E+00,7.754888E-01,0.000000E+00,7.558855E+03,0.000000E+00,4.632961E-01,0.000000E+00 
05:30:00,3.085685E+04,0.000000E+00,1.891273E+00,0.000000E+00,7.558855E+03,0.000000E+00,4.632961E-01,0.000000E+00,6.342770E+03,0.000000E+00,3.887600E-01,0.000000E+00,7.648779E+03,3.869789E+01,4.688078E-01,2.714055E-03,6.416775E+03,0.000000E+00,3.932960E-01,0.000000E+00,7.602129E+03,0.000000E+00,4.659484E-01,0.000000E+00,7.733030E+03,2.575984E+02,4.739716E-01,1.802778E-02,6.342770E+03,0.000000E+00,3.887600E-01,0.000000E+00,7.648779E+03,4.481980E+00,4.688078E-01,3.136670E-04,3.560905E+04,0.000000E+00,2.182544E+00,0.000000E+00,7.602129E+03,0.000000E+00,4.659484E-01,0.000000E+00,7.733030E+03,0.000000E+00,4.739716E-01,0.000000E+00,6.416775E+03,0.000000E+00,3.932960E-01,0.000000E+00,1.265240E+04,0.000000E+00,7.754888E-01,0.000000E+00,7.558855E+03,0.000000E+00,4.632961E-01,0.000000E+00 
05:45:00,3.085685E+04,0.000000E+00,1.891273E+00,0.000000E+00,7.558855E+03,0.000000E+00,4.632961E-01,0.000000E+00,6.342770E+03,0.000000E+00,3.887600E-01,0.000000E+00,7.648779E+03,1.591368E+02,4.688078E-01,1.114293E-02,6.416775E+03,0.000000E+00,3.932960E-01,0.000000E+00,7.602129E+03,0.000000E+00,4.659484E-01,0.000000E+00,7.733030E+03,2.392608E+02,4.739716E-01,1.674443E-02,6.342770E+03,0.000000E+00,3.887600E-01,0.000000E+00,7.648779E+03,0.000000E+00,4.688078E-01,0.000000E+00,3.560905E+04,0.000000E+00,2.182544E+00,0.000000E+00,7.602129E+03,0.000000E+00,4.659484E-01,0.000000E+00,7.733030E+03,0.000000E+00,4.739716E-01,0.000000E+00,6.416775E+03,0.000000E+00,3.932960E-01,0.000000E+00,1.265240E+04,0.000000E+00,7.754888E-01,0.000000E+00,7.558855E+03,0.000000E+00,4.632961E-01,0.000000E+00 
06:00:00,3.085685E+04,0.000000E+00,1.891273E+00,0.000000E+00,7.558855E+03,0.000000E+00,4.632961E-01,0.000000E+00,6.342770E+03,0.000000E+00,3.887600E-01,0.000000E+00,7.648779E+03,3.500371E+02,4.688078E-01,2.450290E-02,6.416775E+03,0.000000E+00,3.932960E-01,0.000000E+00,7.602129E+03,0.000000E+00,4.659484E-01,0.000000E+00,7.733030E+03,2.327902E+02,4.739716E-01,1.629159E-02,6.342770E+03,0.000000E+00,3.887600E-01,0.000000E+00,7.648779E+03,0.000000E+00,4.688078E-01,0.000000E+00,3.560905E+04,0.000000E+00,2.182544E+00,0.000000E+00,7.602129E+03,0.000000E+00,4.659484E-01,0.000000E+00,7.733030E+03,2.596638E+01,4.739716E-01,1.824788E-03,6.416775E+03,0.000000E+00,3.932960E-01,0.000000E+00,1.265240E+04,0.000000E+00,7.754888E-01,0.000000E+00,7.558855E+03,0.000000E+00,4.632961E-01,0.000000E+00 
06:15:00,3.085685E+04,0.000000E+00,1.891273E+00,0.000000E+00,7.558855E+03,0.000000E+00,4.632961E-01,0.000000E+00,6.342770E+03,0.000000E+00,3.887600E-01,0.000000E+00,7.648779E+03,6.476810E+02,4.688078E-01,4.533322E-02,6.416775E+03,0.000000E+00,3.932960E-01,0.000000E+00,7.602129E+03,0.000000E+00,4.659484E-01,0.000000E+00,7.733030E+03,2.375624E+02,4.739716E-01,1.662557E-02,6.342770E+03,0.000000E+00,3.887600E-01,0.000000E+00,7.648779E+03,1.648219E+00,4.688078E-01,1.154592E-04,3.560905E+04,0.000000E+00,2.182544E+00,0.000000E+00,7.602129E+03,0.000000E+00,4.659484E-01,0.000000E+00,7.733030E+03,1.004810E+02,4.739716E-01,7.039677E-03,6.416775E+03,0.000000E+00,3.932960E-01,0.000000E+00,1.265240E+04,0.000000E+00,7.754888E-01,0.000000E+00,7.558855E+03,0.000000E+00,4.632961E-01,0.000000E+00 
06:30:00,3.085685E+04,0.000000E+00,1.891273E+00,0.000000E+00,7.558855E+03,0.000000E+00,4.632961E-01,0.000000E+00,6.342770E+03,0.000000E+00,3.887600E-01,0.000000E+00,7.648779E+03,1.023611E+03,4.688078E-01,7.163647E-02,6.416775E+03,0.000000E+00,3.932960E-01,0.000000E+00,7.602129E+03,0.000000E+00,4.659484E-01,0.000000E+00,7.733030E+03,2.517423E+02,4.739716E-01,1.761794E-02,6.342770E+03,0.000000E+00,3.887600E-01,0.000000E+00,7.648779E+03,1.499282E+01,4.688078E-01,1.049368E-03,3.560905E+04,0.000000E+00,2.182544E+00,0.000000E+00,7.602129E+03,0.000000E+00,4.659484E-01,0.000000E+00,7.733030E+03,1.911172E+02,4.739716E-01,1.338277E-02,6.416775E+03,0.000000E+00,3.932960E-01,0.000000E+00,1.265240E+04,0.000000E+00,7.754888E-01,0.000000E+00,7.558855E+03,0.000000E+00,4.632961E-01,0.000000E+00 
06:45:00,3.085685E+04,0.000000E+00,1.891273E+00,0.000000E+00,7.558855E+03,0.000000E+00,4.632961E-01,0.000000E+00,6.342770E+03,1.231477E+02,3.887600E-01,8.634743E-03,7.648779E+03,1.439036E+03,4.688078E-01,1.007096E-01,6.416775E+03,0.000000E+00,3.932960E-01,0.000000E+00,7.602129E+03,0.000000E+00,4.659484E-01,0.000000E+00,7.733030E+03,2.740763E+02,4.739716E-01,1.918096E-02,6.342770E+03,0.000000E+00,3.887600E-01,0.000000E+00,7.648779E+03,3.664538E+01,4.688078E-01,2.564701E-03,3.560905E+04,0.000000E+00,2.182544E+00,0.000000E+00,7.602129E+03,0.000000E+00,4.659484E-01,0.000000E+00,7.733030E+03,3.084327E+02,4.739716E-01,2.159298E-02,6.416775E+03,0.000000E+00,3.932960E-01,0.000000E+00,1.265240E+04,0.000000E+00,7.754888E-01,0.000000E+00,7.558855E+03,0.000000E+00,4.632961E-01,0.000000E+00 
07:00:00,3.085685E+04,0.000000E+00,1.891273E+00,0.000000E+00,7.558855E+03,0.000000E+00,4.632961E-01,0.000000E+00,6.342770E+03,3.271228E+02,3.887600E-01,2.290983E-02,7.648779E+03,1.906831E+03,4.688078E-01,1.334477E-01,6.416775E+03,0.000000E+00,3.932960E-01,0.000000E+00,7.602129E+03,0.000000E+00,4.659484E-01,0.000000E+00,7.733030E+03,3.036523E+02,4.739716E-01,2.125081E-02,6.342770E+03,0.000000E+00,3.887600E-01,0.000000E+00,7.648779E+03,6.892952E+01,4.688078E-01,4.824076E-03,3.560905E+04,0.000000E+00,2.182544E+00,0.000000E+00,7.602129E+03,0.000000E+00,4.659484E-01,0.000000E+00,7.733030E+03,4.160376E+02,4.739716E-01,2.911604E-02,6.416775E+03,0.000000E+00,3.932960E-01,0.000000E+00,1.265240E+04,0.000000E+00,7.754888E-01,0.000000E+00,7.558855E+03,0.000000E+00,4.632961E-01,0.000000E+00 
07:15:00,3.085685E+04,0.000000E+00,1.891273E+00,0.000000E+00,7.558855E+03,0.000000E+00,4.632961E-01,0.000000E+00,6.342770E+03,6.735175E+02,3.887600E-01,4.715193E-02,7.648779E+03,2.391969E+03,4.688078E-01,1.673997E-01,6.416775E+03,0.000000E+00,3.932960E-01,0.000000E+00,7.602129E+03,0.000000E+00,4.659484E-01,0.000000E+00,7.733030E+03,3.398842E+02,4.739716E-01,2.378647E-02,6.342770E+03,0.000000E+00,3.887600E-01,0.000000E+00,7.648779E+03,1.128316E+02,4.688078E-01,7.896411E-03,3.560905E+04,0.000000E+00,2.182544E+00,0.000000E+00,7.602129E+03,0.000000E+00,4.659484E-01,0.000000E+00,7.733030E+03,4.848503E+02,4.739716E-01,3.393177E-02,6.416775E+03,0.000000E+00,3.932960E-01,0.000000E+00,1.265240E+04,0.000000E+00,7.754888E-01,0.000000E+00,7.558855E+03,0.000000E+00,4.632961E-01,0.000000E+00 
07:30:00,3.085685E+04,0.000000E+00,1.891273E+00,0.000000E+00,7.558855E+03,0.000000E+00,4.632961E-01,0.000000E+00,6.342770E+03,1.142300E+03,3.887600E-01,7.995921E-02,7.648779E+03,2.881083E+03,4.688078E-01,2.016298E-01,6.416775E+03,0.000000E+00,3.932960E-01,0.000000E+00,7.602129E+03,0.000000E+00,4.659484E-01,0.000000E+00,7.733030E+03,3.823504E+02,4.739716E-01,2.675842E-02,6.342770E+03,0.000000E+00,3.887600E-01,0.000000E+00,7.648779E+03,1.593392E+02,4.688078E-01,1.115120E-02,3.560905E+04,0.000000E+00,2.182544E+00,0.000000E+00,7.602129E+03,0.000000E+00,4.659484E-01,0.000000E+00,7.733030E+03,5.403993E+02,4.739716E-01,3.781932E-02,6.416775E+03,0.000000E+00,3.932960E-01,0.000000E+00,1.265240E+04,0.000000E+00,7.754888E-01,0.000000E+00,7.558855E+03,0.000000E+00,4.632961E-01,0.000000E+00 
07:45:00,3.085685E+04,0.000000E+00,1.891273E+00,0.000000E+00,7.558855E+03,0.000000E+00,4.632961E-01,0.000000E+00,6.342770E+03,1.607542E+03,3.887600E-01,1.125024E-01,7.648779E+03,3.364902E+03,4.688078E-01,2.354894E-01,6.416775E+03,0.000000E+00,3.932960E-01,0.000000E+00,7.602129E+03,0.000000E+00,4.659484E-01,0.000000E+00,7.733030E+03,4.306419E+02,4.739716E-01,3.013805E-02,6.342770E+03,0.000000E+00,3.887600E-01,0.000000E+00,7.648779E+03,2.126839E+02,4.688078E-01,1.488448E-02,3.560905E+04,0.000000E+00,2.182544E+00,0.000000E+00,7.602129E+03,0.000000E+00,4.659484E-01,0.000000E+00,7.733030E+03,5.691895E+02,4.739716E-01,3.983417E-02,6.416775E+03,0.000000E+00,3.932960E-01,0.000000E+00,1.265240E+04,0.000000E+00,7.754888E-01,0.000000E+00,7.558855E+03,0.000000E+00,4.632961E-01,0.000000E+00 
08:00:00,3.085685E+04,0.000000E+00,1.891273E+00,0.000000E+00,7.558855E+03,0.000000E+00,4.632961E-01,0.000000E+00,6.342770E+03,2.114610E+03,3.887600E-01,1.479889E-01,7.648779E+03,3.842980E+03,4.688078E-01,2.689472E-01,6.416775E+03,0.000000E+00,3.932960E-01,0.000000E+00,7.602129E+03,0.000000E+00,4.659484E-01,0.000000E+00,7.733030E+03,4.856947E+02,4.739716E-01,3.399087E-02,6.342770E+03,0.000000E+00,3.887600E-01,0.000000E+00,7.648779E+03,2.738175E+02,4.688078E-01,1.916285E-02,3.560905E+04,0.000000E+00,2.182544E+00,0.000000E+00,7.602129E+03,0.000000E+00,4.659484E-01,0.000000E+00,7.733030E+03,5.870832E+02,4.739716E-01,4.108644E-02,6.416775E+03,0.000000E+00,3.932960E-01,0.000000E+00,1.265240E+04,0.000000E+00,7.754888E-01,0.000000E+00,7.558855E+03,0.000000E+00,4.632961E-01,0.000000E+00 
08:15:00,3.085685E+04,0.000000E+00,1.891273E+00,0.000000E+00,7.558855E+03,0.000000E+00,4.632961E-01,0.000000E+00,6.342770E+03,2.595543E+03,3.887600E-01,1.816466E-01,7.648779E+03,4.306506E+03,4.688078E-01,3.013867E-01,6.416775E+03,0.000000E+00,3.932960E-01,0.000000E+00,7.602129E+03,0.000000E+00,4.659484E-01,0.000000E+00,7.733030E+03,5.444204E+02,4.739716E-01,3.810073E-02,6.342770E+03,0.000000E+00,3.887600E-01,0.000000E+00,7.648779E+03,3.480980E+02,4.688078E-01,2.436130E-02,3.560905E+04,0.000000E+00,2.182544E+00,0.000000E+00,7.602129E+03,0.000000E+00,4.659484E-01,0.000000E+00,7.733030E+03,6.052521E+02,4.739716E-01,4.235798E-02,6.416775E+03,0.000000E+00,3.932960E-01,0.000000E+00,1.265240E+04,0.000000E+00,7.754888E-01,0.000000E+00,7.558855E+03,0.000000E+00,4.632961E-01,0.000000E+00 
08:30:00,3.085685E+04,0.000000E+00,1.891273E+00,0.000000E+00,7.558855E+03,0.000000E+00,4.632961E-01,0.000000E+00,6.342770E+03,3.061051E+03,3.887600E-01,2.142247E-01,7.648779E+03,4.748588E+03,4.688078E-01,3.323253E-01,6.416775E+03,0.000000E+00,3.932960E-01,0.000000E+00,7.602129E+03,0.000000E+00,4.659484E-01,0.000000E+00,7.733030E+03,6.054691E+02,4.739716E-01,4.237317E-02,6.342770E+03,0.000000E+00,3.887600E-01,0.000000E+00,7.648779E+03,4.452532E+02,4.688078E-01,3.116061E-02,3.560905E+04,0.000000E+00,2.182544E+00,0.000000E+00,7.602129E+03,0.000000E+00,4.659484E-01,0.000000E+00,7.733030E+03,6.324094E+02,4.739716E-01,4.425856E-02,6.416775E+03,0.000000E+00,3.932960E-01,0.000000E+00,1.265240E+04,0.000000E+00,7.754888E-01,0.000000E+00,7.558855E+03,0.000000E+00,4.632961E-01,0.000000E+00 
08:45:00,3.085686E+04,0.000000E+00,1.891273E+00,0.000000E+00,7.558855E+03,1.173464E+02,4.632961E-01,8.261096E-03,6.342770E+03,3.504973E+03,3.887600E-01,2.452921E-01,7.648779E+03,5.164370E+03,4.688078E-01,3.614234E-01,6.416775E+03,0.000000E+00,3.932960E-01,0.000000E+00,7.602129E+03,0.000000E+00,4.659484E-01,0.000000E+00,7.733030E+03,6.693827E+02,4.739716E-01,4.684610E-02,6.342770E+03,0.000000E+00,3.887600E-01,0.000000E+00,7.648779E+03,5.782210E+02,4.688078E-01,4.046623E-02,3.560905E+04,0.000000E+00,2.182544E+00,0.000000E+00,7.602129E+03,0.000000E+00,4.659484E-01,0.000000E+00,7.733030E+03,6.740366E+02,4.739716E-01,4.717180E-02,6.416775E+03,0.000000E+00,3.932960E-01,0.000000E+00,1.265240E+04,0.000000E+00,7.754888E-01,0.000000E+00,7.558855E+03,0.000000E+00,4.632961E-01,0.000000E+00 
09:00:00,3.085686E+04,0.000000E+00,1.891273E+00,0.000000E+00,7.558855E+03,3.312827E+02,4.632961E-01,2.323410E-02,6.342770E+03,3.914655E+03,3.887600E-01,2.739633E-01,7.648779E+03,5.542249E+03,4.688078E-01,3.878689E-01,6.416775E+03,0.000000E+00,3.932960E-01,0.000000E+00,7.602129E+03,0.000000E+00,4.659484E-01,0.000000E+00,7.733030E+03,7.348223E+02,4.739716E-01,5.142583E-02,6.342770E+03,0.000000E+00,3.887600E-01,0.000000E+00,7.648779E+03,7.552518E+02,4.688078E-01,5.285556E-02,3.560905E+04,0.000000E+00,2.182544E+00,0.000000E+00,7.602129E+03,0.000000E+00,4.659484E-01,0.000000E+00,7.733030E+03,7.262264E+02,4.739716E-01,5.082425E-02,6.416775E+03,0.000000E+00,3.932960E-01,0.000000E+00,1.265240E+04,0.000000E+00,7.754888E-01,0.000000E+00,7.558855E+03,0.000000E+00,4.632961E-01,0.000000E+00 
09:15:00,3.085686E+04,0.000000E+00,1.891273E+00,0.000000E+00,7.558855E+03,5.691279E+02,4.632961E-01,3.987921E-02,6.342770E+03,4.285398E+03,3.887600E-01,2.999094E-01,7.648779E+03,5.878020E+03,4.688078E-01,4.113675E-01,6.416775E+03,0.000000E+00,3.932960E-01,0.000000E+00,7.602129E+03,0.000000E+00,4.659484E-01,0.000000E+00,7.733030E+03,8.017205E+02,4.739716E-01,5.610763E-02,6.342770E+03,0.000000E+00,3.887600E-01,0.000000E+00,7.648779E+03,9.769706E+02,4.688078E-01,6.837234E-02,3.560905E+04,0.000000E+00,2.182544E+00,0.000000E+00,7.602129E+03,0.000000E+00,4.659484E-01,0.000000E+00,7.733030E+03,7.848418E+02,4.739716E-01,5.492639E-02,6.416775E+03,0.000000E+00,3.932960E-01,0.000000E+00,1.265240E+04,0.000000E+00,7.754888E-01,0.000000E+00,7.558855E+03,0.000000E+00,4.632961E-01,0.000000E+00 
09:30:00,3.085686E+04,0.000000E+00,1.891273E+00,0.000000E+00,7.558855E+03,8.658401E+02,4.632961E-01,6.064397E-02,6.342770E+03,4.615243E+03,3.887600E-01,3.229933E-01,7.648779E+03,6.169881E+03,4.688078E-01,4.317931E-01,6.416775E+03,0.000000E+00,3.932960E-01,0.000000E+00,7.602129E+03,0.000000E+00,4.659484E-01,0.000000E+00,7.733030E+03,8.707060E+02,4.739716E-01,6.093551E-02,6.342770E+03,1.795557E+01,3.887600E-01,1.274842E-03,7.648779E+03,1.239141E+03,4.688078E-01,8.672008E-02,3.560905E+04,0.000000E+00,2.182544E+00,0.000000E+00,7.602129E+03,0.000000E+00,4.659484E-01,0.000000E+00,7.733030E+03,8.486112E+02,4.739716E-01,5.938923E-02,6.416775E+03,0.000000E+00,3.932960E-01,0.000000E+00,1.265240E+04,0.000000E+00,7.754888E-01,0.000000E+00,7.558855E+03,0.000000E+00,4.632961E-01,0.000000E+00 
09:45:00,3.085686E+04,0.000000E+00,1.891273E+00,0.000000E+00,7.558855E+03,1.080504E+03,4.632961E-01,7.561789E-02,6.342770E+03,4.901476E+03,3.887600E-01,3.430250E-01,7.648779E+03,6.415660E+03,4.688078E-01,4.489937E-01,6.416775E+03,0.000000E+00,3.932960E-01,0.000000E+00,7.602129E+03,0.000000E+00,4.659484E-01,0.000000E+00,7.733030E+03,9.406726E+02,4.739716E-01,6.583206E-02,6.342770E+03,1.274869E+02,3.887600E-01,8.940346E-03,7.648779E+03,1.532264E+03,4.688078E-01,1.072340E-01,3.560905E+04,0.000000E+00,2.182544E+00,0.000000E+00,7.602129E+03,0.000000E+00,4.659484E-01,0.000000E+00,7.733030E+03,9.153225E+02,4.739716E-01,6.405795E-02,6.416775E+03,0.000000E+00,3.932960E-01,0.000000E+00,1.265240E+04,0.000000E+00,7.754888E-01,0.000000E+00,7.558855E+03,0.000000E+00,4.632961E-01,0.000000E+00 
10:00:00,3.085686E+04,0.000000E+00,1.891273E+00,0.000000E+00,7.558855E+03,1.220242E+03,4.632961E-01,8.539613E-02,6.342770E+03,5.142122E+03,3.887600E-01,3.598664E-01,7.648779E+03,6.613998E+03,4.688078E-01,4.628742E-01,6.416775E+03,0.000000E+00,3.932960E-01,0.000000E+00,7.602129E+03,0.000000E+00,4.659484E-01,0.000000E+00,7.733030E+03,1.011093E+03,4.739716E-01,7.076038E-02,6.342770E+03,3.054697E+02,3.887600E-01,2.139630E-02,7.648779E+03,1.847209E+03,4.688078E-01,1.292751E-01,3.560905E+04,0.000000E+00,2.182544E+00,0.000000E+00,7.602129E+03,0.000000E+00,4.659484E-01,0.000000E+00,7.733030E+03,9.836296E+02,4.739716E-01,6.883836E-02,6.416775E+03,0.000000E+00,3.932960E-01,0.000000E+00,1.265240E+04,0.000000E+00,7.754888E-01,0.000000E+00,7.558855E+03,0.000000E+00,4.632961E-01,0.000000E+00 
10:15:00,3.085686E+04,0.000000E+00,1.891273E+00,0.000000E+00,7.558855E+03,1.345275E+03,4.632961E-01,9.414630E-02,6.342770E+03,5.336332E+03,3.887600E-01,3.734580E-01,7.648779E+03,6.764690E+03,4.688078E-01,4.734202E-01,6.416775E+03,0.000000E+00,3.932960E-01,0.000000E+00,7.602129E+03,0.000000E+00,4.659484E-01,0.000000E+00,7.733030E+03,1.081521E+03,4.739716E-01,7.568923E-02,6.342770E+03,5.827943E+02,3.887600E-01,4.080459E-02,7.648779E+03,2.175663E+03,4.688078E-01,1.522616E-01,3.560905E+04,0.000000E+00,2.182544E+00,0.000000E+00,7.602129E+03,0.000000E+00,4.659484E-01,0.000000E+00,7.733030E+03,1.052576E+03,4.739716E-01,7.366350E-02,6.416775E+03,1.531789E+01,3.932960E-01,1.074237E-03,1.265240E+04,0.000000E+00,7.754888E-01,0.000000E+00,7.558855E+03,0.000000E+00,4.632961E-01,0.000000E+00 
10:30:00,3.085686E+04,0.000000E+00,1.891273E+00,0.000000E+00,7.558855E+03,1.409057E+03,4.632961E-01,9.861012E-02,6.342770E+03,5.483961E+03,3.887600E-01,3.837897E-01,7.648779E+03,6.868258E+03,4.688078E-01,4.806684E-01,6.416775E+03,0.000000E+00,3.932960E-01,0.000000E+00,7.602129E+03,0.000000E+00,4.659484E-01,0.000000E+00,7.733030E+03,1.151661E+03,4.739716E-01,8.059788E-02,6.342770E+03,9.256077E+02,3.887600E-01,6.477781E-02,7.648779E+03,2.510700E+03,4.688078E-01,1.757089E-01,3.560905E+04,0.000000E+00,2.182544E+00,0.000000E+00,7.602129E+03,0.000000E+00,4.659484E-01,0.000000E+00,7.733030E+03,1.121551E+03,4.739716E-01,7.849068E-02,6.416775E+03,5.962309E+01,3.932960E-01,4.176760E-03,1.265240E+04,0.000000E+00,7.754888E-01,0.000000E+00,7.558855E+03,0.000000E+00,4.632961E-01,0.000000E+00 
10:45:00,3.085686E+04,0.000000E+00,1.891273E+00,0.000000E+00,7.558855E+03,1.423384E+03,4.632961E-01,9.961290E-02,6.342770E+03,5.583897E+03,3.887600E-01,3.907836E-01,7.648779E+03,6.924269E+03,4.688078E-01,4.845882E-01,6.416775E+03,3.074814E+01,3.932960E-01,2.155126E-03,7.602129E+03,0.000000E+00,4.659484E-01,0.000000E+00,7.733030E+03,1.221273E+03,4.739716E-01,8.546959E-02,6.342770E+03,1.260460E+03,3.887600E-01,8.821204E-02,7.648779E+03,2.846718E+03,4.688078E-01,1.992248E-01,3.560905E+04,0.000000E+00,2.182544E+00,0.000000E+00,7.602129E+03,0.000000E+00,4.659484E-01,0.000000E+00,7.733030E+03,1.190127E+03,4.739716E-01,8.328985E-02,6.416775E+03,1.155245E+02,3.932960E-01,8.088971E-03,1.265240E+04,0.000000E+00,7.754888E-01,0.000000E+00,7.558855E+03,0.000000E+00,4.632961E-01,0.000000E+00 
11:00:00,3.085686E+04,0.000000E+00,1.891273E+00,0.000000E+00,7.558855E+03,1.389479E+03,4.632961E-01,9.724015E-02,6.342770E+03,5.631482E+03,3.887600E-01,3.941138E-01,7.648779E+03,6.928726E+03,4.688078E-01,4.849001E-01,6.416775E+03,7.221966E+01,3.932960E-01,5.057474E-03,7.602129E+03,0.000000E+00,4.659484E-01,0.000000E+00,7.733030E+03,1.290179E+03,4.739716E-01,9.029192E-02,6.342770E+03,1.609500E+03,3.887600E-01,1.126393E-01,7.648779E+03,3.179248E+03,4.688078E-01,2.224965E-01,3.560905E+04,0.000000E+00,2.182544E+00,0.000000E+00,7.602129E+03,0.000000E+00,4.659484E-01,0.000000E+00,7.733030E+03,1.258012E+03,4.739716E-01,8.804076E-02,6.416775E+03,1.837561E+02,3.932960E-01,1.286409E-02,1.265240E+04,0.000000E+00,7.754888E-01,0.000000E+00,7.558855E+03,0.000000E+00,4.632961E-01,0.000000E+00 
11:15:00,3.085686E+04,0.000000E+00,1.891273E+00,0.000000E+00,7.558855E+03,1.313099E+03,4.632961E-01,9.189505E-02,6.342770E+03,5.615588E+03,3.887600E-01,3.930014E-01,7.648779E+03,6.871110E+03,4.688078E-01,4.808679E-01,6.416775E+03,1.248851E+02,3.932960E-01,8.743214E-03,7.602129E+03,0.000000E+00,4.659484E-01,0.000000E+00,7.733030E+03,1.357406E+03,4.739716E-01,9.499672E-02,6.342770E+03,1.938432E+03,3.887600E-01,1.356593E-01,7.648779E+03,3.503714E+03,4.688078E-01,2.452040E-01,3.560905E+04,0.000000E+00,2.182544E+00,0.000000E+00,7.602129E+03,0.000000E+00,4.659484E-01,0.000000E+00,7.733030E+03,1.324197E+03,4.739716E-01,9.267264E-02,6.416775E+03,2.491232E+02,3.932960E-01,1.743651E-02,1.265240E+04,0.000000E+00,7.754888E-01,0.000000E+00,7.558855E+03,0.000000E+00,4.632961E-01,0.000000E+00 
11:30:00,3.085686E+04,0.000000E+00,1.891273E+00,0.000000E+00,7.558855E+03,1.168067E+03,4.632961E-01,8.174522E-02,6.342770E+03,5.520052E+03,3.887600E-01,3.863155E-01,7.648779E+03,6.735645E+03,4.688078E-01,4.713876E-01,6.416775E+03,1.932711E+02,3.932960E-01,1.352914E-02,7.602129E+03,0.000000E+00,4.659484E-01,0.000000E+00,7.733030E+03,1.422813E+03,4.739716E-01,9.957415E-02,6.342770E+03,2.260292E+03,3.887600E-01,1.581844E-01,7.648779E+03,3.817013E+03,4.688078E-01,2.671300E-01,3.560905E+04,0.000000E+00,2.182544E+00,0.000000E+00,7.602129E+03,0.000000E+00,4.659484E-01,0.000000E+00,7.733030E+03,1.388509E+03,4.739716E-01,9.717343E-02,6.416775E+03,2.977962E+02,3.932960E-01,2.084098E-02,1.265240E+04,0.000000E+00,7.754888E-01,0.000000E+00,7.558855E+03,0.000000E+00,4.632961E-01,0.000000E+00 
11:45:00,3.085686E+04,0.000000E+00,1.891273E+00,0.000000E+00,7.558855E+03,9.421099E+02,4.632961E-01,6.593203E-02,6.342770E+03,5.331567E+03,3.887600E-01,3.731245E-01,7.648779E+03,6.509047E+03,4.688078E-01,4.555293E-01,6.416775E+03,2.441000E+02,3.932960E-01,1.708311E-02,7.602129E+03,0.000000E+00,4.659484E-01,0.000000E+00,7.733030E+03,1.486361E+03,4.739716E-01,1.040215E-01,6.342770E+03,2.571469E+03,3.887600E-01,1.799618E-01,7.648779E+03,4.116504E+03,4.688078E-01,2.880895E-01,3.560905E+04,0.000000E+00,2.182544E+00,0.000000E+00,7.602129E+03,0.000000E+00,4.659484E-01,0.000000E+00,7.733030E+03,1.450881E+03,4.739716E-01,1.015385E-01,6.416775E+03,3.469941E+02,3.932960E-01,2.428405E-02,1.265240E+04,0.000000E+00,7.754888E-01,0.000000E+00,7.558855E+03,0.000000E+00,4.632961E-01,0.000000E+00 
12:00:00,3.085686E+04,0.000000E+00,1.891273E+00,0.000000E+00,7.558855E+03,6.487535E+02,4.632961E-01,4.540196E-02,6.342770E+03,5.056322E+03,3.887600E-01,3.538617E-01,7.648779E+03,6.196941E+03,4.688078E-01,4.336869E-01,6.416775E+03,2.968248E+02,3.932960E-01,2.077300E-02,7.602129E+03,0.000000E+00,4.659484E-01,0.000000E+00,7.733030E+03,1.548114E+03,4.739716E-01,1.083432E-01,6.342770E+03,2.868955E+03,3.887600E-01,2.007810E-01,7.648779E+03,4.399872E+03,4.688078E-01,3.079207E-01,3.560905E+04,0.000000E+00,2.182544E+00,0.000000E+00,7.602129E+03,0.000000E+00,4.659484E-01,0.000000E+00,7.733030E+03,1.511349E+03,4.739716E-01,1.057703E-01,6.416775E+03,3.957658E+02,3.932960E-01,2.769728E-02,1.265240E+04,0.000000E+00,7.754888E-01,0.000000E+00,7.558855E+03,0.000000E+00,4.632961E-01,0.000000E+00 
12:15:00,3.085686E+04,0.000000E+00,1.891273E+00,0.000000E+00,7.558855E+03,3.622546E+02,4.632961E-01,2.535178E-02,6.342770E+03,4.744871E+03,3.887600E-01,3.320652E-01,7.648779E+03,5.848651E+03,4.688078E-01,4.093121E-01,6.416775E+03,3.505807E+02,3.932960E-01,2.453505E-02,7.602129E+03,0.000000E+00,4.659484E-01,0.000000E+00,7.733030E+03,1.617804E+03,4.739716E-01,1.132204E-01,6.342770E+03,3.151109E+03,3.887600E-01,2.205273E-01,7.648779E+03,4.666019E+03,4.688078E-01,3.265468E-01,3.560905E+04,0.000000E+00,2.182544E+00,0.000000E+00,7.602129E+03,0.000000E+00,4.659484E-01,0.000000E+00,7.733030E+03,1.570950E+03,4.739716E-01,1.099414E-01,6.416775E+03,4.489447E+02,3.932960E-01,3.141896E-02,1.265240E+04,0.000000E+00,7.754888E-01,0.000000E+00,7.558855E+03,0.000000E+00,4.632961E-01,0.000000E+00 
12:30:00,3.085686E+04,0.000000E+00,1.891273E+00,0.000000E+00,7.558855E+03,1.467923E+02,4.632961E-01,1.027304E-02,6.342770E+03,4.451043E+03,3.887600E-01,3.115019E-01,7.648779E+03,5.517915E+03,4.688078E-01,3.861659E-01,6.416775E+03,4.005637E+02,3.932960E-01,2.803307E-02,7.602129E+03,0.000000E+00,4.659484E-01,0.000000E+00,7.733030E+03,1.729378E+03,4.739716E-01,1.210288E-01,6.342770E+03,3.415739E+03,3.887600E-01,2.390472E-01,7.648779E+03,4.913189E+03,4.688078E-01,3.438448E-01,3.560905E+04,0.000000E+00,2.182544E+00,0.000000E+00,7.602129E+03,0.000000E+00,4.659484E-01,0.000000E+00,7.733030E+03,1.629870E+03,4.739716E-01,1.140648E-01,6.416775E+03,5.332042E+02,3.932960E-01,3.731578E-02,1.265240E+04,0.000000E+00,7.754888E-01,0.000000E+00,7.558855E+03,6.714998E+00,4.632961E-01,4.765049E-04 
12:45:00,3.085686E+04,0.000000E+00,1.891273E+00,0.000000E+00,7.558855E+03,2.641221E+01,4.632961E-01,1.848424E-03,6.342770E+03,4.213276E+03,3.887600E-01,2.948620E-01,7.648779E+03,5.244425E+03,4.688078E-01,3.670260E-01,6.416775E+03,4.491026E+02,3.932960E-01,3.143001E-02,7.602129E+03,0.000000E+00,4.659484E-01,0.000000E+00,7.733030E+03,1.917181E+03,4.739716E-01,1.341720E-01,6.342770E+03,3.660844E+03,3.887600E-01,2.562006E-01,7.648779E+03,5.139748E+03,4.688078E-01,3.597003E-01,3.560905E+04,0.000000E+00,2.182544E+00,0.000000E+00,7.602129E+03,0.000000E+00,4.659484E-01,0.000000E+00,7.733030E+03,1.688367E+03,4.739716E-01,1.181587E-01,6.416775E+03,6.827584E+02,3.932960E-01,4.778218E-02,1.265240E+04,0.000000E+00,7.754888E-01,0.000000E+00,7.558855E+03,1.347856E+02,4.632961E-01,9.439482E-03 
13:00:00,3.085686E+04,0.000000E+00,1.891273E+00,0.000000E+00,7.558855E+03,0.000000E+00,4.632961E-01,0.000000E+00,6.342770E+03,4.047954E+03,3.887600E-01,2.832921E-01,7.648779E+03,5.047215E+03,4.688078E-01,3.532244E-01,6.416775E+03,4.965638E+02,3.932960E-01,3.475154E-02,7.602129E+03,0.000000E+00,4.659484E-01,0.000000E+00,7.733030E+03,2.202525E+03,4.739716E-01,1.541416E-01,6.342770E+03,3.884568E+03,3.887600E-01,2.718577E-01,7.648779E+03,5.344160E+03,4.688078E-01,3.740058E-01,3.560905E+04,0.000000E+00,2.182544E+00,0.000000E+00,7.602129E+03,0.000000E+00,4.659484E-01,0.000000E+00,7.733030E+03,1.746663E+03,4.739716E-01,1.222385E-01,6.416775E+03,9.207625E+02,3.932960E-01,6.443867E-02,1.265240E+04,0.000000E+00,7.754888E-01,0.000000E+00,7.558855E+03,2.527374E+02,4.632961E-01,1.769415E-02 
13:15:00,3.085686E+04,0.000000E+00,1.891273E+00,0.000000E+00,7.558855E+03,0.000000E+00,4.632961E-01,0.000000E+00,6.342770E+03,3.930278E+03,3.887600E-01,2.750567E-01,7.648779E+03,4.903948E+03,4.688078E-01,3.431980E-01,6.416775E+03,5.421704E+02,3.932960E-01,3.794327E-02,7.602129E+03,0.000000E+00,4.659484E-01,0.000000E+00,7.733030E+03,2.585396E+03,4.739716E-01,1.809364E-01,6.342770E+03,4.084610E+03,3.887600E-01,2.858574E-01,7.648779E+03,5.524429E+03,4.688078E-01,3.866218E-01,3.560905E+04,0.000000E+00,2.182544E+00,0.000000E+00,7.602129E+03,0.000000E+00,4.659484E-01,0.000000E+00,7.733030E+03,1.804362E+03,4.739716E-01,1.262765E-01,6.416775E+03,1.252444E+03,3.932960E-01,8.765107E-02,1.265240E+04,0.000000E+00,7.754888E-01,0.000000E+00,7.558855E+03,4.071104E+02,4.632961E-01,2.849773E-02 
13:30:00,3.085686E+04,0.000000E+00,1.891273E+00,0.000000E+00,7.558855E+03,0.000000E+00,4.632961E-01,0.000000E+00,6.342770E+03,3.836135E+03,3.887600E-01,2.684682E-01,7.648779E+03,4.791650E+03,4.688078E-01,3.353389E-01,6.416775E+03,5.864270E+02,3.932960E-01,4.104052E-02,7.602129E+03,0.000000E+00,4.659484E-01,0.000000E+00,7.733030E+03,3.033704E+03,4.739716E-01,2.123108E-01,6.342770E+03,4.259054E+03,3.887600E-01,2.980657E-01,7.648779E+03,5.678887E+03,4.688078E-01,3.974314E-01,3.560905E+04,0.000000E+00,2.182544E+00,0.000000E+00,7.602129E+03,0.000000E+00,4.659484E-01,0.000000E+00,7.733030E+03,1.861468E+03,4.739716E-01,1.302730E-01,6.416775E+03,1.654546E+03,3.932960E-01,1.157918E-01,1.265240E+04,0.000000E+00,7.754888E-01,0.000000E+00,7.558855E+03,5.744672E+02,4.632961E-01,4.020338E-02 
13:45:00,3.085686E+04,0.000000E+00,1.891273E+00,0.000000E+00,7.558855E+03,0.000000E+00,4.632961E-01,0.000000E+00,6.342770E+03,3.754396E+03,3.887600E-01,2.627477E-01,7.648779E+03,4.698930E+03,4.688078E-01,3.288501E-01,6.416775E+03,6.299364E+02,3.932960E-01,4.408549E-02,7.602129E+03,0.000000E+00,4.659484E-01,0.000000E+00,7.733030E+03,3.511810E+03,4.739716E-01,2.457706E-01,6.342770E+03,4.405778E+03,3.887600E-01,3.083341E-01,7.648779E+03,5.805664E+03,4.688078E-01,4.063037E-01,3.560905E+04,0.000000E+00,2.182544E+00,0.000000E+00,7.602129E+03,0.000000E+00,4.659484E-01,0.000000E+00,7.733030E+03,1.917698E+03,4.739716E-01,1.342082E-01,6.416775E+03,2.093009E+03,3.932960E-01,1.464772E-01,1.265240E+04,0.000000E+00,7.754888E-01,0.000000E+00,7.558855E+03,6.322873E+02,4.632961E-01,4.424968E-02 
14:00:00,3.085686E+04,0.000000E+00,1.891273E+00,0.000000E+00,7.558855E+03,0.000000E+00,4.632961E-01,0.000000E+00,6.342770E+03,3.679407E+03,3.887600E-01,2.574997E-01,7.648779E+03,4.618696E+03,4.688078E-01,3.232349E-01,6.416775E+03,6.725909E+02,3.932960E-01,4.707062E-02,7.602129E+03,0.000000E+00,4.659484E-01,0.000000E+00,7.733030E+03,3.996404E+03,4.739716E-01,2.796844E-01,6.342770E+03,4.522371E+03,3.887600E-01,3.164937E-01,7.648779E+03,5.902598E+03,4.688078E-01,4.130876E-01,3.560905E+04,0.000000E+00,2.182544E+00,0.000000E+00,7.602129E+03,0.000000E+00,4.659484E-01,0.000000E+00,7.733030E+03,1.972569E+03,4.739716E-01,1.380484E-01,6.416775E+03,2.544179E+03,3.932960E-01,1.780519E-01,1.265240E+04,0.000000E+00,7.754888E-01,0.000000E+00,7.558855E+03,7.043268E+02,4.632961E-01,4.929124E-02 
14:15:00,3.085686E+04,0.000000E+00,1.891273E+00,0.000000E+00,7.558855E+03,0.000000E+00,4.632961E-01,0.000000E+00,6.342770E+03,3.607370E+03,3.887600E-01,2.524582E-01,7.648779E+03,4.546237E+03,4.688078E-01,3.181640E-01,6.416775E+03,7.136090E+02,3.932960E-01,4.994123E-02,7.602129E+03,0.000000E+00,4.659484E-01,0.000000E+00,7.733030E+03,4.475437E+03,4.739716E-01,3.132091E-01,6.342770E+03,4.605454E+03,3.887600E-01,3.223082E-01,7.648779E+03,5.966546E+03,4.688078E-01,4.175629E-01,3.560905E+04,0.000000E+00,2.182544E+00,0.000000E+00,7.602129E+03,0.000000E+00,4.659484E-01,0.000000E+00,7.733030E+03,2.024825E+03,4.739716E-01,1.417054E-01,6.416775E+03,2.995363E+03,3.932960E-01,2.096276E-01,1.265240E+04,0.000000E+00,7.754888E-01,0.000000E+00,7.558855E+03,7.349450E+02,4.632961E-01,5.143400E-02 
14:30:00,3.085686E+04,0.000000E+00,1.891273E+00,0.000000E+00,7.558855E+03,0.000000E+00,4.632961E-01,0.000000E+00,6.342770E+03,3.535884E+03,3.887600E-01,2.474554E-01,7.648779E+03,4.478330E+03,4.688078E-01,3.134115E-01,6.416775E+03,7.520873E+02,3.932960E-01,5.263410E-02,7.602129E+03,0.000000E+00,4.659484E-01,0.000000E+00,7.733030E+03,4.944987E+03,4.739716E-01,3.460701E-01,6.342770E+03,4.652072E+03,3.887600E-01,3.255707E-01,7.648779E+03,5.994738E+03,4.688078E-01,4.195359E-01,3.560905E+04,0.000000E+00,2.182544E+00,0.000000E+00,7.602129E+03,3.248008E+01,4.659484E-01,2.293869E-03,7.733030E+03,2.073788E+03,4.739716E-01,1.451320E-01,6.416775E+03,3.442176E+03,3.932960E-01,2.408974E-01,1.265240E+04,0.000000E+00,7.754889E-01,0.000000E+00,7.558855E+03,7.332289E+02,4.632961E-01,5.131391E-02 
14:45:00,3.085686E+04,0.000000E+00,1.891273E+00,0.000000E+00,7.558855E+03,0.000000E+00,4.632961E-01,0.000000E+00,6.342770E+03,3.463482E+03,3.887600E-01,2.423884E-01,7.648779E+03,4.412781E+03,4.688078E-01,3.088242E-01,6.416775E+03,7.867827E+02,3.932960E-01,5.506222E-02,7.602129E+03,0.000000E+00,4.659484E-01,0.000000E+00,7.733030E+03,5.403100E+03,4.739716E-01,3.781307E-01,6.342770E+03,4.659187E+03,3.887600E-01,3.260686E-01,7.648779E+03,5.984251E+03,4.688078E-01,4.188019E-01,3.560905E+04,0.000000E+00,2.182544E+00,0.000000E+00,7.602129E+03,2.576809E+02,4.659484E-01,1.805484E-02,7.733030E+03,2.118768E+03,4.739716E-01,1.482799E-01,6.416775E+03,3.882377E+03,3.932960E-01,2.717044E-01,1.265240E+04,0.000000E+00,7.754889E-01,0.000000E+00,7.558855E+03,6.970424E+02,4.632961E-01,4.878147E-02 
15:00:00,3.085686E+04,0.000000E+00,1.891273E+00,0.000000E+00,7.558855E+03,0.000000E+00,4.632961E-01,0.000000E+00,6.342770E+03,3.389135E+03,3.887600E-01,2.371853E-01,7.648779E+03,4.347954E+03,4.688078E-01,3.042873E-01,6.416775E+03,8.170447E+02,3.932960E-01,5.718008E-02,7.602129E+03,0.000000E+00,4.659484E-01,0.000000E+00,7.733030E+03,5.847020E+03,4.739716E-01,4.091980E-01,6.342770E+03,4.623914E+03,3.887600E-01,3.236001E-01,7.648779E+03,5.932249E+03,4.688078E-01,4.151627E-01,3.560905E+04,0.000000E+00,2.182544E+00,0.000000E+00,7.602129E+03,5.307173E+02,4.659484E-01,3.716276E-02,7.733030E+03,2.159086E+03,4.739716E-01,1.511016E-01,6.416775E+03,4.312951E+03,3.932960E-01,3.018377E-01,1.265240E+04,0.000000E+00,7.754889E-01,0.000000E+00,7.558855E+03,6.237900E+02,4.632961E-01,4.365501E-02 
15:15:00,3.085686E+04,0.000000E+00,1.891273E+00,0.000000E+00,7.558855E+03,0.000000E+00,4.632961E-01,0.000000E+00,6.342770E+03,3.311252E+03,3.887600E-01,2.317348E-01,7.648779E+03,4.281812E+03,4.688078E-01,2.996585E-01,6.416775E+03,8.420009E+02,3.932960E-01,5.892662E-02,7.602129E+03,0.000000E+00,4.659484E-01,0.000000E+00,7.733030E+03,6.272093E+03,4.739716E-01,4.389463E-01,6.342770E+03,4.543713E+03,3.887600E-01,3.179874E-01,7.648779E+03,5.836168E+03,4.688078E-01,4.084385E-01,3.560905E+04,0.000000E+00,2.182544E+00,0.000000E+00,7.602129E+03,8.931465E+02,4.659484E-01,6.252658E-02,7.733030E+03,2.193827E+03,4.739716E-01,1.535328E-01,6.416775E+03,4.728921E+03,3.932960E-01,3.309489E-01,1.265240E+04,0.000000E+00,7.754889E-01,0.000000E+00,7.558855E+03,5.097826E+02,4.632961E-01,3.567637E-02 
15:30:00,3.085686E+04,0.000000E+00,1.891273E+00,0.000000E+00,7.558855E+03,0.000000E+00,4.632961E-01,0.000000E+00,6.342770E+03,3.229638E+03,3.887600E-01,2.260231E-01,7.648779E+03,4.213657E+03,4.688078E-01,2.948887E-01,6.416775E+03,8.610523E+02,3.932960E-01,6.025991E-02,7.602129E+03,0.000000E+00,4.659484E-01,0.000000E+00,7.733030E+03,6.672662E+03,4.739716E-01,4.669798E-01,6.342770E+03,4.417886E+03,3.887600E-01,3.091814E-01,7.648779E+03,5.695225E+03,4.688078E-01,3.985748E-01,3.560905E+04,0.000000E+00,2.182544E+00,0.000000E+00,7.602129E+03,1.313513E+03,4.659484E-01,9.192405E-02,7.733030E+03,2.222304E+03,4.739716E-01,1.555258E-01,6.416775E+03,5.124371E+03,3.932960E-01,3.586241E-01,1.265240E+04,0.000000E+00,7.754889E-01,0.000000E+00,7.558855E+03,3.523761E+02,4.632961E-01,2.466051E-02 
15:45:00,3.085686E+04,0.000000E+00,1.891273E+00,0.000000E+00,7.558855E+03,0.000000E+00,4.632961E-01,0.000000E+00,6.342770E+03,3.143762E+03,3.887600E-01,2.200131E-01,7.648779E+03,4.142559E+03,4.688078E-01,2.899130E-01,6.416775E+03,8.736734E+02,3.932960E-01,6.114319E-02,7.602129E+03,0.000000E+00,4.659484E-01,0.000000E+00,7.733030E+03,7.043023E+03,4.739716E-01,4.928991E-01,6.342770E+03,4.248656E+03,3.887600E-01,2.973381E-01,7.648779E+03,5.511412E+03,4.688078E-01,3.857108E-01,3.560905E+04,0.000000E+00,2.182544E+00,0.000000E+00,7.602129E+03,1.612585E+03,4.659484E-01,1.128529E-01,7.733030E+03,2.243885E+03,4.739716E-01,1.570361E-01,6.416775E+03,5.493285E+03,3.932960E-01,3.844422E-01,1.265240E+04,0.000000E+00,7.754889E-01,0.000000E+00,7.558855E+03,2.026719E+02,4.632961E-01,1.418368E-02 
16:00:00,3.085686E+04,0.000000E+00,1.891273E+00,0.000000E+00,7.558855E+03,0.000000E+00,4.632961E-01,0.000000E+00,6.342770E+03,3.053134E+03,3.887600E-01,2.136706E-01,7.648779E+03,4.067678E+03,4.688078E-01,2.846725E-01,6.416775E+03,8.793989E+02,3.932960E-01,6.154388E-02,7.602129E+03,0.000000E+00,4.659484E-01,0.000000E+00,7.733030E+03,7.377812E+03,4.739716E-01,5.163290E-01,6.342770E+03,4.042943E+03,3.887600E-01,2.829414E-01,7.648779E+03,5.291493E+03,4.688078E-01,3.703200E-01,3.560905E+04,0.000000E+00,2.182544E+00,0.000000E+00,7.602129E+03,1.921379E+03,4.659484E-01,1.344629E-01,7.733030E+03,2.257976E+03,4.739716E-01,1.580223E-01,6.416775E+03,5.829954E+03,3.932960E-01,4.080037E-01,1.265240E+04,0.000000E+00,7.754889E-01,0.000000E+00,7.558855E+03,8.593305E+01,4.632961E-01,6.013902E-03 
16:15:00,3.085686E+04,0.000000E+00,1.891273E+00,0.000000E+00,7.558855E+03,0.000000E+00,4.632961E-01,0.000000E+00,6.342770E+03,2.958897E+03,3.887600E-01,2.070755E-01,7.648779E+03,3.989786E+03,4.688078E-01,2.792213E-01,6.416775E+03,8.789978E+02,3.932960E-01,6.151581E-02,7.602129E+03,0.000000E+00,4.659484E-01,0.000000E+00,7.733030E+03,7.673709E+03,4.739716E-01,5.370370E-01,6.342770E+03,3.816185E+03,3.887600E-01,2.670720E-01,7.648779E+03,5.050839E+03,4.688078E-01,3.534780E-01,3.560905E+04,0.000000E+00,2.182544E+00,0.000000E+00,7.602129E+03,2.182963E+03,4.659484E-01,1.527690E-01,7.733030E+03,2.265257E+03,4.739716E-01,1.585318E-01,6.416775E+03,6.130710E+03,3.932960E-01,4.290518E-01,1.265240E+04,0.000000E+00,7.754889E-01,0.000000E+00,7.558855E+03,1.494923E+01,4.632961E-01,1.046203E-03 
16:30:00,3.085686E+04,0.000000E+00,1.891273E+00,0.000000E+00,7.558855E+03,0.000000E+00,4.632961E-01,0.000000E+00,6.342770E+03,2.857783E+03,3.887600E-01,1.999991E-01,7.648779E+03,3.905548E+03,4.688078E-01,2.733260E-01,6.416775E+03,8.735231E+02,3.932960E-01,6.113267E-02,7.602129E+03,0.000000E+00,4.659484E-01,0.000000E+00,7.733030E+03,7.917676E+03,4.739716E-01,5.541109E-01,6.342770E+03,3.587649E+03,3.887600E-01,2.510781E-01,7.648779E+03,4.809044E+03,4.688078E-01,3.365562E-01,3.560905E+04,0.000000E+00,2.182544E+00,0.000000E+00,7.602129E+03,2.370142E+03,4.659484E-01,1.658683E-01,7.733030E+03,2.267109E+03,4.739716E-01,1.586614E-01,6.416775E+03,6.381322E+03,3.932960E-01,4.465906E-01,1.265240E+04,0.000000E+00,7.754889E-01,0.000000E+00,7.558855E+03,0.000000E+00,4.632961E-01,0.000000E+00 
16:45:00,3.085686E+04,0.000000E+00,1.891273E+00,0.000000E+00,7.558855E+03,0.000000E+00,4.632961E-01,0.000000E+00,6.342770E+03,2.750064E+03,3.887600E-01,1.924605E-01,7.648779E+03,3.814764E+03,4.688078E-01,2.669725E-01,6.416775E+03,8.725151E+02,3.932960E-01,6.106213E-02,7.602129E+03,0.000000E+00,4.659484E-01,0.000000E+00,7.733030E+03,8.107297E+03,4.739716E-01,5.673813E-01,6.342770E+03,3.374044E+03,3.887600E-01,2.361292E-01,7.648779E+03,4.583187E+03,4.688078E-01,3.207499E-01,3.560905E+04,0.000000E+00,2.182544E+00,0.000000E+00,7.602129E+03,2.489008E+03,4.659484E-01,1.741871E-01,7.733030E+03,2.275041E+03,4.739716E-01,1.592165E-01,6.416775E+03,6.579771E+03,3.932960E-01,4.604788E-01,1.265240E+04,0.000000E+00,7.754889E-01,0.000000E+00,7.558855E+03,0.000000E+00,4.632961E-01,0.000000E+00 
17:00:00,3.085686E+04,0.000000E+00,1.891273E+00,0.000000E+00,7.558855E+03,0.000000E+00,4.632961E-01,0.000000E+00,6.342770E+03,2.636253E+03,3.887600E-01,1.844956E-01,7.648779E+03,3.717560E+03,4.688078E-01,2.601698E-01,6.416775E+03,8.858113E+02,3.932960E-01,6.199265E-02,7.602129E+03,0.000000E+00,4.659484E-01,0.000000E+00,7.733030E+03,8.239988E+03,4.739716E-01,5.766675E-01,6.342770E+03,3.183441E+03,3.887600E-01,2.227900E-01,7.648779E+03,4.382030E+03,4.688078E-01,3.066721E-01,3.560905E+04,0.000000E+00,2.182544E+00,0.000000E+00,7.602129E+03,2.539331E+03,4.659484E-01,1.777092E-01,7.733030E+03,2.300735E+03,4.739716E-01,1.610147E-01,6.416775E+03,6.723471E+03,3.932960E-01,4.705356E-01,1.265240E+04,0.000000E+00,7.754889E-01,0.000000E+00,7.558855E+03,0.000000E+00,4.632961E-01,0.000000E+00 
17:15:00,3.085686E+04,0.000000E+00,1.891273E+00,0.000000E+00,7.558855E+03,0.000000E+00,4.632961E-01,0.000000E+00,6.342770E+03,2.516729E+03,3.887600E-01,1.761309E-01,7.648779E+03,3.614058E+03,4.688078E-01,2.529263E-01,6.416775E+03,9.198323E+02,3.932960E-01,6.437357E-02,7.602129E+03,0.000000E+00,4.659484E-01,0.000000E+00,7.733030E+03,8.311150E+03,4.739716E-01,5.816477E-01,6.342770E+03,3.014565E+03,3.887600E-01,2.109714E-01,7.648779E+03,4.205005E+03,4.688078E-01,2.942831E-01,3.560905E+04,0.000000E+00,2.182544E+00,0.000000E+00,7.602129E+03,2.518725E+03,4.659484E-01,1.762676E-01,7.733030E+03,2.351501E+03,4.739716E-01,1.645675E-01,6.416775E+03,6.807694E+03,3.932960E-01,4.764298E-01,1.265240E+04,0.000000E+00,7.754889E-01,0.000000E+00,7.558855E+03,0.000000E+00,4.632961E-01,0.000000E+00 
17:30:00,3.085686E+04,0.000000E+00,1.891273E+00,0.000000E+00,7.558855E+03,0.000000E+00,4.632961E-01,0.000000E+00,6.342770E+03,2.394060E+03,3.887600E-01,1.675460E-01,7.648779E+03,3.506445E+03,4.688078E-01,2.453951E-01,6.416775E+03,9.748045E+02,3.932960E-01,6.822075E-02,7.602129E+03,0.000000E+00,4.659484E-01,0.000000E+00,7.733030E+03,8.323970E+03,4.739716E-01,5.825449E-01,6.342770E+03,2.858952E+03,3.887600E-01,2.000810E-01,7.648779E+03,4.043862E+03,4.688078E-01,2.830057E-01,3.560905E+04,0.000000E+00,2.182544E+00,0.000000E+00,7.602129E+03,2.435260E+03,4.659484E-01,1.704268E-01,7.733030E+03,2.427135E+03,4.739716E-01,1.698607E-01,6.416775E+03,6.835977E+03,3.932960E-01,4.784092E-01,1.265240E+04,0.000000E+00,7.754889E-01,0.000000E+00,7.558855E+03,0.000000E+00,4.632961E-01,0.000000E+00 
17:45:00,3.085686E+04,0.000000E+00,1.891273E+00,0.000000E+00,7.558855E+03,0.000000E+00,4.632961E-01,0.000000E+00,6.342770E+03,2.268129E+03,3.887600E-01,1.587328E-01,7.648779E+03,3.394599E+03,4.688078E-01,2.375677E-01,6.416775E+03,1.038395E+03,3.932960E-01,7.267106E-02,7.602129E+03,0.000000E+00,4.659484E-01,0.000000E+00,7.733030E+03,8.270504E+03,4.739716E-01,5.788032E-01,6.342770E+03,2.707973E+03,3.887600E-01,1.895149E-01,7.648779E+03,3.890059E+03,4.688078E-01,2.722420E-01,3.560905E+04,0.000000E+00,2.182544E+00,0.000000E+00,7.602129E+03,2.284845E+03,4.659484E-01,1.599008E-01,7.733030E+03,2.512576E+03,4.739716E-01,1.758402E-01,6.416775E+03,6.799277E+03,3.932960E-01,4.758408E-01,1.265240E+04,0.000000E+00,7.754889E-01,0.000000E+00,7.558855E+03,0.000000E+00,4.632961E-01,0.000000E+00 
18:00:00,3.085686E+04,0.000000E+00,1.891273E+00,0.000000E+00,7.558855E+03,0.000000E+00,4.632961E-01,0.000000E+00,6.342770E+03,2.138144E+03,3.887600E-01,1.496359E-01,7.648779E+03,3.277673E+03,4.688078E-01,2.293847E-01,6.416775E+03,1.094732E+03,3.932960E-01,7.661379E-02,7.602129E+03,0.000000E+00,4.659484E-01,0.000000E+00,7.733030E+03,8.143211E+03,4.739716E-01,5.698947E-01,6.342770E+03,2.557239E+03,3.887600E-01,1.789659E-01,7.648779E+03,3.738725E+03,4.688078E-01,2.616510E-01,3.560905E+04,0.000000E+00,2.182544E+00,0.000000E+00,7.602129E+03,2.069376E+03,4.659484E-01,1.448219E-01,7.733030E+03,2.588875E+03,4.739716E-01,1.811799E-01,6.416775E+03,6.689538E+03,3.932960E-01,4.681608E-01,1.265240E+04,0.000000E+00,7.754889E-01,0.000000E+00,7.558855E+03,0.000000E+00,4.632961E-01,0.000000E+00 
18:15:00,3.085686E+04,0.000000E+00,1.891273E+00,0.000000E+00,7.558855E+03,0.000000E+00,4.632961E-01,0.000000E+00,6.342770E+03,2.002237E+03,3.887600E-01,1.401246E-01,7.648779E+03,3.153556E+03,4.688078E-01,2.206985E-01,6.416775E+03,1.123617E+03,3.932960E-01,7.863522E-02,7.602129E+03,0.000000E+00,4.659484E-01,0.000000E+00,7.733030E+03,7.919096E+03,4.739716E-01,5.542102E-01,6.342770E+03,2.402603E+03,3.887600E-01,1.681438E-01,7.648779E+03,3.584970E+03,4.688078E-01,2.508906E-01,3.560905E+04,0.000000E+00,2.182544E+00,0.000000E+00,7.602129E+03,1.796216E+03,4.659484E-01,1.257055E-01,7.733030E+03,2.633027E+03,4.739716E-01,1.842698E-01,6.416775E+03,6.481937E+03,3.932960E-01,4.536321E-01,1.265240E+04,0.000000E+00,7.754889E-01,0.000000E+00,7.558855E+03,0.000000E+00,4.632961E-01,0.000000E+00 
18:30:00,3.085686E+04,0.000000E+00,1.891273E+00,0.000000E+00,7.558855E+03,0.000000E+00,4.632961E-01,0.000000E+00,6.342770E+03,1.861127E+03,3.887600E-01,1.302492E-01,7.648779E+03,3.022568E+03,4.688078E-01,2.115315E-01,6.416775E+03,1.115184E+03,3.932960E-01,7.804504E-02,7.602129E+03,0.000000E+00,4.659484E-01,0.000000E+00,7.733030E+03,7.600638E+03,4.739716E-01,5.319232E-01,6.342770E+03,2.243585E+03,3.887600E-01,1.570151E-01,7.648779E+03,3.427435E+03,4.688078E-01,2.398657E-01,3.560905E+04,0.000000E+00,2.182544E+00,0.000000E+00,7.602129E+03,1.453736E+03,4.659484E-01,1.017377E-01,7.733030E+03,2.632941E+03,4.739716E-01,1.842638E-01,6.416775E+03,6.180957E+03,3.932960E-01,4.325682E-01,1.265240E+04,0.000000E+00,7.754889E-01,0.000000E+00,7.558855E+03,0.000000E+00,4.632961E-01,0.000000E+00 
18:45:00,3.085686E+04,0.000000E+00,1.891273E+00,0.000000E+00,7.558855E+03,0.000000E+00,4.632961E-01,0.000000E+00,6.342770E+03,1.715325E+03,3.887600E-01,1.200453E-01,7.648779E+03,2.884870E+03,4.688078E-01,2.018948E-01,6.416775E+03,1.064671E+03,3.932960E-01,7.450995E-02,7.602129E+03,0.000000E+00,4.659484E-01,0.000000E+00,7.733030E+03,7.196161E+03,4.739716E-01,5.036163E-01,6.342770E+03,2.080432E+03,3.887600E-01,1.455970E-01,7.648779E+03,3.265629E+03,4.688078E-01,2.285418E-01,3.560905E+04,0.000000E+00,2.182544E+00,0.000000E+00,7.602129E+03,1.058924E+03,4.659484E-01,7.410744E-02,7.733030E+03,2.582169E+03,4.739716E-01,1.807106E-01,6.416775E+03,5.796304E+03,3.932960E-01,4.056487E-01,1.265240E+04,0.000000E+00,7.754889E-01,0.000000E+00,7.558855E+03,0.000000E+00,4.632961E-01,0.000000E+00 
19:00:00,3.085686E+04,0.000000E+00,1.891273E+00,0.000000E+00,7.558855E+03,0.000000E+00,4.632961E-01,0.000000E+00,6.342770E+03,1.565725E+03,3.887600E-01,1.095757E-01,7.648779E+03,2.741001E+03,4.688078E-01,1.918263E-01,6.416775E+03,9.657448E+02,3.932960E-01,6.758671E-02,7.602129E+03,0.000000E+00,4.659484E-01,0.000000E+00,7.733030E+03,6.699121E+03,4.739716E-01,4.688315E-01,6.342770E+03,1.913440E+03,3.887600E-01,1.339102E-01,7.648779E+03,3.099237E+03,4.688078E-01,2.168971E-01,3.560905E+04,0.000000E+00,2.182544E+00,0.000000E+00,7.602129E+03,6.422391E+02,4.659484E-01,4.494631E-02,7.733030E+03,2.472554E+03,4.739716E-01,1.730393E-01,6.416775E+03,5.319942E+03,3.932960E-01,3.723109E-01,1.265240E+04,0.000000E+00,7.754889E-01,0.000000E+00,7.558855E+03,0.000000E+00,4.632961E-01,0.000000E+00 
19:15:00,3.085686E+04,0.000000E+00,1.891273E+00,0.000000E+00,7.558855E+03,0.000000E+00,4.632961E-01,0.000000E+00,6.342770E+03,1.417354E+03,3.887600E-01,9.919215E-02,7.648779E+03,2.595762E+03,4.688078E-01,1.816618E-01,6.416775E+03,8.329818E+02,3.932960E-01,5.829542E-02,7.602129E+03,0.000000E+00,4.659484E-01,0.000000E+00,7.733030E+03,6.152739E+03,4.739716E-01,4.305934E-01,6.342770E+03,1.747934E+03,3.887600E-01,1.223275E-01,7.648779E+03,2.933099E+03,4.688078E-01,2.052701E-01,3.560905E+04,0.000000E+00,2.182544E+00,0.000000E+00,7.602129E+03,3.119924E+02,4.659484E-01,2.183442E-02,7.733030E+03,2.317634E+03,4.739716E-01,1.621973E-01,6.416775E+03,4.798011E+03,3.932960E-01,3.357841E-01,1.265240E+04,0.000000E+00,7.754889E-01,0.000000E+00,7.558855E+03,0.000000E+00,4.632961E-01,0.000000E+00 
19:30:00,3.085686E+04,0.000000E+00,1.891273E+00,0.000000E+00,7.558855E+03,0.000000E+00,4.632961E-01,0.000000E+00,6.342770E+03,1.273460E+03,3.887600E-01,8.912184E-02,7.648779E+03,2.452370E+03,4.688078E-01,1.716267E-01,6.416775E+03,6.879443E+02,3.932960E-01,4.814511E-02,7.602129E+03,0.000000E+00,4.659484E-01,0.000000E+00,7.733030E+03,5.607431E+03,4.739716E-01,3.924306E-01,6.342770E+03,1.587092E+03,3.887600E-01,1.110711E-01,7.648779E+03,2.770173E+03,4.688078E-01,1.938679E-01,3.560905E+04,0.000000E+00,2.182544E+00,0.000000E+00,7.602129E+03,9.791352E+01,4.659484E-01,6.852369E-03,7.733030E+03,2.140205E+03,4.739716E-01,1.497802E-01,6.416775E+03,4.281752E+03,3.932960E-01,2.996542E-01,1.265240E+04,0.000000E+00,7.754889E-01,0.000000E+00,7.558855E+03,0.000000E+00,4.632961E-01,0.000000E+00 
19:45:00,3.085686E+04,0.000000E+00,1.891273E+00,0.000000E+00,7.558855E+03,0.000000E+00,4.632961E-01,0.000000E+00,6.342770E+03,1.138789E+03,3.887600E-01,7.969706E-02,7.648779E+03,2.315892E+03,4.688078E-01,1.620754E-01,6.416775E+03,5.502440E+02,3.932960E-01,3.850829E-02,7.602129E+03,0.000000E+00,4.659484E-01,0.000000E+00,7.733030E+03,5.102059E+03,4.739716E-01,3.570626E-01,6.342770E+03,1.435828E+03,3.887600E-01,1.004850E-01,7.648779E+03,2.615474E+03,4.688078E-01,1.830414E-01,3.560905E+04,0.000000E+00,2.182544E+00,0.000000E+00,7.602129E+03,0.000000E+00,4.659484E-01,0.000000E+00,7.733030E+03,1.962342E+03,4.739716E-01,1.373326E-01,6.416775E+03,3.808546E+03,3.932960E-01,2.665374E-01,1.265240E+04,0.000000E+00,7.754889E-01,0.000000E+00,7.558855E+03,0.000000E+00,4.632961E-01,0.000000E+00 
20:00:00,3.085686E+04,0.000000E+00,1.891273E+00,0.000000E+00,7.558855E+03,0.000000E+00,4.632961E-01,0.000000E+00,6.342770E+03,1.016752E+03,3.887600E-01,7.115639E-02,7.648779E+03,2.190293E+03,4.688078E-01,1.532855E-01,6.416775E+03,4.376536E+02,3.932960E-01,3.062876E-02,7.602129E+03,0.000000E+00,4.659484E-01,0.000000E+00,7.733030E+03,4.679199E+03,4.739716E-01,3.274692E-01,6.342770E+03,1.297695E+03,3.887600E-01,9.081789E-02,7.648779E+03,2.472964E+03,4.688078E-01,1.730680E-01,3.560905E+04,0.000000E+00,2.182544E+00,0.000000E+00,7.602129E+03,0.000000E+00,4.659484E-01,0.000000E+00,7.733030E+03,1.807116E+03,4.739716E-01,1.264693E-01,6.416775E+03,3.420457E+03,3.932960E-01,2.393773E-01,1.265240E+04,0.000000E+00,7.754889E-01,0.000000E+00,7.558855E+03,0.000000E+00,4.632961E-01,0.000000E+00 
20:15:00,3.085686E+04,0.000000E+00,1.891273E+00,0.000000E+00,7.558855E+03,0.000000E+00,4.632961E-01,0.000000E+00,6.342770E+03,9.078521E+02,3.887600E-01,6.353514E-02,7.648779E+03,2.076546E+03,4.688078E-01,1.453251E-01,6.416775E+03,3.515069E+02,3.932960E-01,2.459987E-02,7.602129E+03,0.000000E+00,4.659484E-01,0.000000E+00,7.733030E+03,4.345272E+03,4.739716E-01,3.040996E-01,6.342770E+03,1.173145E+03,3.887600E-01,8.210143E-02,7.648779E+03,2.343610E+03,4.688078E-01,1.640153E-01,3.560905E+04,0.000000E+00,2.182544E+00,0.000000E+00,7.602129E+03,0.000000E+00,4.659484E-01,0.000000E+00,7.733030E+03,1.682912E+03,4.739716E-01,1.177770E-01,6.416775E+03,3.120327E+03,3.932960E-01,2.183730E-01,1.265240E+04,0.000000E+00,7.754889E-01,0.000000E+00,7.558855E+03,0.000000E+00,4.632961E-01,0.000000E+00 
20:30:00,3.085686E+04,0.000000E+00,1.891273E+00,0.000000E+00,7.558855E+03,0.000000E+00,4.632961E-01,0.000000E+00,6.342770E+03,8.112998E+02,3.887600E-01,5.677803E-02,7.648779E+03,1.974078E+03,4.688078E-01,1.381539E-01,6.416775E+03,2.814008E+02,3.932960E-01,1.969356E-02,7.602129E+03,0.000000E+00,4.659484E-01,0.000000E+00,7.733030E+03,4.071913E+03,4.739716E-01,2.849689E-01,6.342770E+03,1.061320E+03,3.887600E-01,7.427547E-02,7.648779E+03,2.226861E+03,4.688078E-01,1.558447E-01,3.560905E+04,0.000000E+00,2.182544E+00,0.000000E+00,7.602129E+03,0.000000E+00,4.659484E-01,0.000000E+00,7.733030E+03,1.581761E+03,4.739716E-01,1.106980E-01,6.416775E+03,2.875360E+03,3.932960E-01,2.012292E-01,1.265240E+04,0.000000E+00,7.754889E-01,0.000000E+00,7.558855E+03,0.000000E+00,4.632961E-01,0.000000E+00 
20:45:00,3.085686E+04,0.000000E+00,1.891273E+00,0.000000E+00,7.558855E+03,0.000000E+00,4.632961E-01,0.000000E+00,6.342770E+03,7.231851E+02,3.887600E-01,5.061141E-02,7.648779E+03,1.879875E+03,4.688078E-01,1.315612E-01,6.416775E+03,2.175620E+02,3.932960E-01,1.522587E-02,7.602129E+03,0.000000E+00,4.659484E-01,0.000000E+00,7.733030E+03,3.836200E+03,4.739716E-01,2.684727E-01,6.342770E+03,9.590937E+02,3.887600E-01,6.712124E-02,7.648779E+03,2.119273E+03,4.688078E-01,1.483152E-01,3.560905E+04,0.000000E+00,2.182544E+00,0.000000E+00,7.602129E+03,0.000000E+00,4.659484E-01,0.000000E+00,7.733030E+03,1.494926E+03,4.739716E-01,1.046209E-01,6.416775E+03,2.661447E+03,3.932960E-01,1.862588E-01,1.265240E+04,0.000000E+00,7.754889E-01,0.000000E+00,7.558855E+03,0.000000E+00,4.632961E-01,0.000000E+00 
21:00:00,3.085686E+04,0.000000E+00,1.891273E+00,0.000000E+00,7.558855E+03,0.000000E+00,4.632961E-01,0.000000E+00,6.342770E+03,6.418432E+02,3.887600E-01,4.491877E-02,7.648779E+03,1.791591E+03,4.688078E-01,1.253828E-01,6.416775E+03,1.567734E+02,3.932960E-01,1.097163E-02,7.602129E+03,0.000000E+00,4.659484E-01,0.000000E+00,7.733030E+03,3.625952E+03,4.739716E-01,2.537588E-01,6.342770E+03,8.641810E+02,3.887600E-01,6.047887E-02,7.648779E+03,2.018727E+03,4.688078E-01,1.412786E-01,3.560905E+04,0.000000E+00,2.182544E+00,0.000000E+00,7.602129E+03,0.000000E+00,4.659484E-01,0.000000E+00,7.733030E+03,1.417388E+03,4.739716E-01,9.919450E-02,6.416775E+03,2.467422E+03,3.932960E-01,1.726801E-01,1.265240E+04,0.000000E+00,7.754889E-01,0.000000E+00,7.558855E+03,0.000000E+00,4.632961E-01,0.000000E+00 
21:15:00,3.085686E+04,0.000000E+00,1.891273E+00,0.000000E+00,7.558855E+03,0.000000E+00,4.632961E-01,0.000000E+00,6.342770E+03,5.649749E+02,3.887600E-01,3.953922E-02,7.648779E+03,1.707904E+03,4.688078E-01,1.195260E-01,6.416775E+03,9.967843E+01,3.932960E-01,6.975898E-03,7.602129E+03,0.000000E+00,4.659484E-01,0.000000E+00,7.733030E+03,3.433707E+03,4.739716E-01,2.403047E-01,6.342770E+03,7.748198E+02,3.887600E-01,5.422501E-02,7.648779E+03,1.923381E+03,4.688078E-01,1.346060E-01,3.560905E+04,0.000000E+00,2.182544E+00,0.000000E+00,7.602129E+03,0.000000E+00,4.659484E-01,0.000000E+00,7.733030E+03,1.346484E+03,4.739716E-01,9.423237E-02,6.416775E+03,2.287308E+03,3.932960E-01,1.600750E-01,1.265240E+04,0.000000E+00,7.754889E-01,0.000000E+00,7.558855E+03,0.000000E+00,4.632961E-01,0.000000E+00 
21:30:00,3.085686E+04,0.000000E+00,1.891273E+00,0.000000E+00,7.558855E+03,0.000000E+00,4.632961E-01,0.000000E+00,6.342770E+03,4.902165E+02,3.887600E-01,3.430733E-02,7.648779E+03,1.627887E+03,4.688078E-01,1.139261E-01,6.416775E+03,5.360235E+01,3.932960E-01,3.751308E-03,7.602129E+03,0.000000E+00,4.659484E-01,0.000000E+00,7.733030E+03,3.255172E+03,4.739716E-01,2.278101E-01,6.342770E+03,6.903738E+02,3.887600E-01,4.831514E-02,7.648779E+03,1.832321E+03,4.688078E-01,1.282332E-01,3.560905E+04,0.000000E+00,2.182544E+00,0.000000E+00,7.602129E+03,0.000000E+00,4.659484E-01,0.000000E+00,7.733030E+03,1.280093E+03,4.739716E-01,8.958604E-02,6.416775E+03,2.118018E+03,3.932960E-01,1.482274E-01,1.265240E+04,0.000000E+00,7.754889E-01,0.000000E+00,7.558855E+03,0.000000E+00,4.632961E-01,0.000000E+00 
21:45:00,3.085686E+04,0.000000E+00,1.891273E+00,0.000000E+00,7.558855E+03,0.000000E+00,4.632961E-01,0.000000E+00,6.342770E+03,4.172061E+02,3.887600E-01,2.919776E-02,7.648779E+03,1.551063E+03,4.688078E-01,1.085496E-01,6.416775E+03,2.212973E+01,3.932960E-01,1.548728E-03,7.602129E+03,0.000000E+00,4.659484E-01,0.000000E+00,7.733030E+03,3.087373E+03,4.739716E-01,2.160668E-01,6.342770E+03,6.101938E+02,3.887600E-01,4.270382E-02,7.648779E+03,1.745028E+03,4.688078E-01,1.221241E-01,3.560905E+04,0.000000E+00,2.182544E+00,0.000000E+00,7.602129E+03,0.000000E+00,4.659484E-01,0.000000E+00,7.733030E+03,1.216359E+03,4.739716E-01,8.512570E-02,6.416775E+03,1.957987E+03,3.932960E-01,1.370278E-01,1.265240E+04,0.000000E+00,7.754889E-01,0.000000E+00,7.558855E+03,0.000000E+00,4.632961E-01,0.000000E+00 
22:00:00,3.085686E+04,0.000000E+00,1.891273E+00,0.000000E+00,7.558855E+03,0.000000E+00,4.632961E-01,0.000000E+00,6.342770E+03,3.448564E+02,3.887600E-01,2.413444E-02,7.648779E+03,1.476512E+03,4.688078E-01,1.033323E-01,6.416775E+03,4.501818E+00,3.932960E-01,3.150554E-04,7.602129E+03,0.000000E+00,4.659484E-01,0.000000E+00,7.733030E+03,2.928618E+03,4.739716E-01,2.049565E-01,6.342770E+03,5.324995E+02,3.887600E-01,3.726646E-02,7.648779E+03,1.661287E+03,4.688078E-01,1.162636E-01,3.560905E+04,0.000000E+00,2.182544E+00,0.000000E+00,7.602129E+03,0.000000E+00,4.659484E-01,0.000000E+00,7.733030E+03,1.154652E+03,4.739716E-01,8.080717E-02,6.416775E+03,1.806217E+03,3.932960E-01,1.264063E-01,1.265240E+04,0.000000E+00,7.754889E-01,0.000000E+00,7.558855E+03,0.000000E+00,4.632961E-01,0.000000E+00 
22:15:00,3.085686E+04,0.000000E+00,1.891273E+00,0.000000E+00,7.558855E+03,0.000000E+00,4.632961E-01,0.000000E+00,6.342770E+03,2.739347E+02,3.887600E-01,1.917105E-02,7.648779E+03,1.403934E+03,4.688078E-01,9.825296E-02,6.416775E+03,0.000000E+00,3.932960E-01,0.000000E+00,7.602129E+03,0.000000E+00,4.659484E-01,0.000000E+00,7.733030E+03,2.778013E+03,4.739716E-01,1.944165E-01,6.342770E+03,4.572255E+02,3.887600E-01,3.199848E-02,7.648779E+03,1.580621E+03,4.688078E-01,1.106182E-01,3.560905E+04,0.000000E+00,2.182544E+00,0.000000E+00,7.602129E+03,0.000000E+00,4.659484E-01,0.000000E+00,7.733030E+03,1.094117E+03,4.739716E-01,7.657074E-02,6.416775E+03,1.661649E+03,3.932960E-01,1.162889E-01,1.265240E+04,0.000000E+00,7.754889E-01,0.000000E+00,7.558855E+03,0.000000E+00,4.632961E-01,0.000000E+00 
22:30:00,3.085686E+04,0.000000E+00,1.891273E+00,0.000000E+00,7.558855E+03,0.000000E+00,4.632961E-01,0.000000E+00,6.342770E+03,2.053751E+02,3.887600E-01,1.437298E-02,7.648779E+03,1.333010E+03,4.688078E-01,9.328940E-02,6.416775E+03,0.000000E+00,3.932960E-01,0.000000E+00,7.602129E+03,0.000000E+00,4.659484E-01,0.000000E+00,7.733030E+03,2.634709E+03,4.739716E-01,1.843876E-01,6.342770E+03,3.835236E+02,3.887600E-01,2.684053E-02,7.648779E+03,1.502424E+03,4.688078E-01,1.051457E-01,3.560905E+04,0.000000E+00,2.182544E+00,0.000000E+00,7.602129E+03,0.000000E+00,4.659484E-01,0.000000E+00,7.733030E+03,1.034689E+03,4.739716E-01,7.241171E-02,6.416775E+03,1.523580E+03,3.932960E-01,1.066262E-01,1.265240E+04,0.000000E+00,7.754889E-01,0.000000E+00,7.558855E+03,0.000000E+00,4.632961E-01,0.000000E+00 
22:45:00,3.085686E+04,0.000000E+00,1.891273E+00,0.000000E+00,7.558855E+03,0.000000E+00,4.632961E-01,0.000000E+00,6.342770E+03,1.394104E+02,3.887600E-01,9.756502E-03,7.648779E+03,1.263228E+03,4.688078E-01,8.840575E-02,6.416775E+03,0.000000E+00,3.932960E-01,0.000000E+00,7.602129E+03,0.000000E+00,4.659484E-01,0.000000E+00,7.733030E+03,2.498443E+03,4.739716E-01,1.748511E-01,6.342770E+03,3.108623E+02,3.887600E-01,2.175540E-02,7.648779E+03,1.426376E+03,4.688078E-01,9.982353E-02,3.560905E+04,0.000000E+00,2.182544E+00,0.000000E+00,7.602129E+03,0.000000E+00,4.659484E-01,0.000000E+00,7.733030E+03,9.766505E+02,4.739716E-01,6.834993E-02,6.416775E+03,1.391280E+03,3.932960E-01,9.736740E-02,1.265240E+04,0.000000E+00,7.754889E-01,0.000000E+00,7.558855E+03,0.000000E+00,4.632961E-01,0.000000E+00 
23:00:00,3.085686E+04,0.000000E+00,1.891273E+00,0.000000E+00,7.558855E+03,0.000000E+00,4.632961E-01,0.000000E+00,6.342770E+03,8.011136E+01,3.887600E-01,5.606515E-03,7.648779E+03,1.195093E+03,4.688078E-01,8.363745E-02,6.416775E+03,0.000000E+00,3.932960E-01,0.000000E+00,7.602129E+03,0.000000E+00,4.659484E-01,0.000000E+00,7.733030E+03,2.368707E+03,4.739716E-01,1.657716E-01,6.342770E+03,2.405612E+02,3.887600E-01,1.683544E-02,7.648779E+03,1.351801E+03,4.688078E-01,9.460445E-02,3.560905E+04,0.000000E+00,2.182544E+00,0.000000E+00,7.602129E+03,0.000000E+00,4.659484E-01,0.000000E+00,7.733030E+03,9.198151E+02,4.739716E-01,6.437236E-02,6.416775E+03,1.264301E+03,3.932960E-01,8.848086E-02,1.265240E+04,0.000000E+00,7.754889E-01,0.000000E+00,7.558855E+03,0.000000E+00,4.632961E-01,0.000000E+00 
23:15:00,3.085686E+04,0.000000E+00,1.891273E+00,0.000000E+00,7.558855E+03,0.000000E+00,4.632961E-01,0.000000E+00,6.342770E+03,3.749808E+01,3.887600E-01,2.624266E-03,7.648779E+03,1.128215E+03,4.688078E-01,7.895700E-02,6.416775E+03,0.000000E+00,3.932960E-01,0.000000E+00,7.602129E+03,0.000000E+00,4.659484E-01,0.000000E+00,7.733030E+03,2.244278E+03,4.739716E-01,1.570636E-01,6.342770E+03,1.725171E+02,3.887600E-01,1.207344E-02,7.648779E+03,1.278728E+03,4.688078E-01,8.949050E-02,3.560905E+04,0.000000E+00,2.182544E+00,0.000000E+00,7.602129E+03,0.000000E+00,4.659484E-01,0.000000E+00,7.733030E+03,8.639615E+02,4.739716E-01,6.046350E-02,6.416775E+03,1.142703E+03,3.932960E-01,7.997093E-02,1.265240E+04,0.000000E+00,7.754889E-01,0.000000E+00,7.558855E+03,0.000000E+00,4.632961E-01,0.000000E+00 
23:30:00,3.085686E+04,0.000000E+00,1.891273E+00,0.000000E+00,7.558855E+03,0.000000E+00,4.632961E-01,0.000000E+00,6.342770E+03,1.099817E+01,3.887600E-01,7.696961E-04,7.648779E+03,1.062541E+03,4.688078E-01,7.436089E-02,6.416775E+03,0.000000E+00,3.932960E-01,0.000000E+00,7.602129E+03,0.000000E+00,4.659484E-01,0.000000E+00,7.733030E+03,2.124446E+03,4.739716E-01,1.486773E-01,6.342770E+03,1.068252E+02,3.887600E-01,7.476061E-03,7.648779E+03,1.207111E+03,4.688078E-01,8.447849E-02,3.560905E+04,0.000000E+00,2.182544E+00,0.000000E+00,7.602129E+03,0.000000E+00,4.659484E-01,0.000000E+00,7.733030E+03,8.089585E+02,4.739716E-01,5.661417E-02,6.416775E+03,1.026398E+03,3.932960E-01,7.183146E-02,1.265240E+04,0.000000E+00,7.754889E-01,0.000000E+00,7.558855E+03,0.000000E+00,4.632961E-01,0.000000E+00 
23:45:00,3.085686E+04,0.000000E+00,1.891273E+00,0.000000E+00,7.558855E+03,0.000000E+00,4.632961E-01,0.000000E+00,6.342770E+03,0.000000E+00,3.887600E-01,0.000000E+00,7.648779E+03,9.980344E+02,4.688078E-01,6.984647E-02,6.416775E+03,0.000000E+00,3.932960E-01,0.000000E+00,7.602129E+03,0.000000E+00,4.659484E-01,0.000000E+00,7.733030E+03,2.008524E+03,4.739716E-01,1.405646E-01,6.342770E+03,5.561990E+01,3.887600E-01,3.892504E-03,7.648779E+03,1.136909E+03,4.688078E-01,7.956545E-02,3.560905E+04,0.000000E+00,2.182544E+00,0.000000E+00,7.602129E+03,0.000000E+00,4.659484E-01,0.000000E+00,7.733030E+03,7.547414E+02,4.739716E-01,5.281984E-02,6.416775E+03,9.153584E+02,3.932960E-01,6.406047E-02,1.265240E+04,0.000000E+00,7.754889E-01,0.000000E+00,7.558855E+03,0.000000E+00,4.632961E-01,0.000000E+00 
24:00:00,3.085686E+04,0.000000E+00,1.891273E+00,0.000000E+00,7.558855E+03,0.000000E+00,4.632961E-01,0.000000E+00,6.342770E+03,0.000000E+00,3.887600E-01,0.000000E+00,7.648779E+03,9.346679E+02,4.688078E-01,6.541183E-02,6.416775E+03,0.000000E+00,3.932960E-01,0.000000E+00,7.602129E+03,0.000000E+00,4.659484E-01,0.000000E+00,7.733030E+03,1.895988E+03,4.739716E-01,1.326889E-01,6.342770E+03,2.115166E+01,3.887600E-01,1.480278E-03,7.648779E+03,1.068085E+03,4.688078E-01,7.474892E-02,3.560905E+04,0.000000E+00,2.182544E+00,0.000000E+00,7.602129E+03,0.000000E+00,4.659484E-01,0.000000E+00,7.733030E+03,7.012771E+02,4.739716E-01,4.907819E-02,6.416775E+03,8.096453E+02,3.932960E-01,5.666224E-02,1.265240E+04,0.000000E+00,7.754889E-01,0.000000E+00,7.558855E+03,0.000000E+00,4.632961E-01,0.000000E+00 
Peak,3.085686E+04,0.000000E+00,1.891273E+00,0.000000E+00,7.558855E+03,1.423384E+03,4.632961E-01,9.961290E-02,6.342770E+03,5.631482E+03,3.887600E-01,3.941138E-01,7.648779E+03,6.928726E+03,4.688078E-01,4.849001E-01,6.416775E+03,1.123617E+03,3.932960E-01,7.863522E-02,7.602129E+03,0.000000E+00,4.659484E-01,0.000000E+00,7.733030E+03,8.323970E+03,4.739716E-01,5.825449E-01,6.342770E+03,4.659187E+03,3.887600E-01,3.260686E-01,7.648779E+03,5.994738E+03,4.688078E-01,4.195359E-01,3.560905E+04,0.000000E+00,2.182544E+00,0.000000E+00,7.602129E+03,2.539331E+03,4.659484E-01,1.777092E-01,7.733030E+03,2.633027E+03,4.739716E-01,1.842698E-01,6.416775E+03,6.835977E+03,3.932960E-01,4.784092E-01,1.265240E+04,0.000000E+00,7.754889E-01,0.000000E+00,7.558855E+03,7.349450E+02,4.632961E-01,5.143400E-02 

Peak Vol Flow (m3/s),,,1.570795E+00,0.000000E+00,,,3.847900E-01,8.273337E-02,,,3.228842E-01,3.273307E-01,,,3.893677E-01,4.027332E-01,,,3.266515E-01,6.531039E-02,,,3.869929E-01,0.000000E+00,,,3.936566E-01,4.838320E-01,,,3.228842E-01,2.708159E-01,,,3.893677E-01,3.484450E-01,,,1.812709E+00,0.000000E+00,,,3.869929E-01,1.475962E-01,,,3.936566E-01,1.530451E-01,,,3.266515E-01,3.973422E-01,,,6.440813E-01,0.000000E+00,,,3.847900E-01,4.271845E-02 
