Time,THERMAL ZONE 3:CHICAGO OHARE INTL AP ANN HTG 99.6% CONDNS DB:Des Heat Load [W],THERMAL ZONE 3::Des Sens Cool Load [W],THERMAL ZONE 3:CHICAGO OHARE INTL AP ANN HTG 99.6% CONDNS DB:Des Heat Mass Flow [kg/s],THERMAL ZONE 3::Des Cool Mass Flow [kg/s],THERMAL ZONE 6:CHICAGO OHARE INTL AP ANN HTG 99.6% CONDNS DB:Des Heat Load [W],THERMAL ZONE 6:CHICAGO OHARE INTL AP ANN CLG .4% CONDNS DB=>MWB:Des Sens Cool Load [W],THERMAL ZONE 6:CHICAGO OHARE INTL AP ANN HTG 99.6% CONDNS DB:Des Heat Mass Flow [kg/s],THERMAL ZONE 6:CHICAGO OHARE INTL AP ANN CLG .4% CONDNS DB=>MWB:Des Cool Mass Flow [kg/s],THERMAL ZONE 4:CHICAGO OHARE INTL AP ANN HTG 99.6% CONDNS DB:Des Heat Load [W],THERMAL ZONE 4:CHICAGO OHARE INTL AP ANN CLG .4% CONDNS DB=>MWB:Des Sens Cool Load [W],THERMAL ZONE 4:CHICAGO OHARE INTL AP ANN HTG 99.6% CONDNS DB:Des Heat Mass Flow [kg/s],THERMAL ZONE 4:CHICAGO OHARE INTL AP ANN CLG .4% CONDNS DB=>MWB:Des Cool Mass Flow [kg/s],THERMAL ZONE 11:CHICAGO OHARE INTL AP ANN HTG 99.6% CONDNS DB:Des Heat Load [W],THERMAL ZONE 11::Des Sens Cool Load [W],THERMAL ZONE 11:CHICAGO OHARE INTL AP ANN HTG 99.6% CONDNS DB:Des Heat Mass Flow [kg/s],THERMAL ZONE 11::Des Cool Mass Flow [kg/s],THERMAL ZONE 15:CHICAGO OHARE INTL AP ANN HTG 99.6% CONDNS DB:Des Heat Load [W],THERMAL ZONE 15:CHICAGO OHARE INTL AP ANN CLG .4% CONDNS DB=>MWB:Des Sens Cool Load [W],THERMAL ZONE 15:CHICAGO OHARE INTL AP ANN HTG 99.6% CONDNS DB:Des Heat Mass Flow [kg/s],THERMAL ZONE 15:CHICAGO OHARE INTL AP ANN CLG .4% CONDNS DB=>MWB:Des Cool Mass Flow [kg/s],THERMAL ZONE 8:CHICAGO OHARE INTL AP ANN HTG 99.6% CONDNS DB:Des Heat Load [W],THERMAL ZONE 8:CHICAGO OHARE INTL AP ANN CLG .4% CONDNS DB=>MWB:Des Sens Cool Load [W],THERMAL ZONE 8:CHICAGO OHARE INTL AP ANN HTG 99.6% CONDNS DB:Des Heat Mass Flow [kg/s],THERMAL ZONE 8:CHICAGO OHARE INTL AP ANN CLG .4% CONDNS DB=>MWB:Des Cool Mass Flow [kg/s],THERMAL ZONE 2:CHICAGO OHARE INTL AP ANN HTG 99.6% CONDNS DB:Des Heat Load [W],THERMAL ZONE 2:CHICAGO OHARE INTL AP ANN CLG .4% CONDNS DB=>MWB:Des Sens Cool Load [W],THERMAL ZONE 2:CHICAGO OHARE INTL AP ANN HTG 99.6% CONDNS DB:Des Heat Mass Flow [kg/s],THERMAL ZONE 2:CHICAGO OHARE INTL AP ANN CLG .4% CONDNS DB=>MWB:Des Cool Mass Flow [kg/s],THERMAL ZONE 9:CHICAGO OHARE INTL AP ANN HTG 99.6% CONDNS DB:Des Heat Load [W],THERMAL ZONE 9:CHICAGO OHARE INTL AP ANN CLG .4% CONDNS DB=>MWB:Des Sens Cool Load [W],THERMAL ZONE 9:CHICAGO OHARE INTL AP ANN HTG 99.6% CONDNS DB:Des Heat Mass Flow [kg/s],THERMAL ZONE 9:CHICAGO OHARE INTL AP ANN CLG .4% CONDNS DB=>MWB:Des Cool Mass Flow [kg/s],THERMAL ZONE 12:CHICAGO OHARE INTL AP ANN HTG 99.6% CONDNS DB:Des Heat Load [W],THERMAL ZONE 12:CHICAGO OHARE INTL AP ANN CLG .4% CONDNS DB=>MWB:Des Sens Cool Load [W],THERMAL ZONE 12:CHICAGO OHARE INTL AP ANN HTG 99.6% CONDNS DB:Des Heat Mass Flow [kg/s],THERMAL ZONE 12:CHICAGO OHARE INTL AP ANN CLG .4% CONDNS DB=>MWB:Des Cool Mass Flow [kg/s],THERMAL ZONE 7:CHICAGO OHARE INTL AP ANN HTG 99.6% CONDNS DB:Des Heat Load [W],THERMAL ZONE 7::Des Sens Cool Load [W],THERMAL ZONE 7:CHICAGO OHARE INTL AP ANN HTG 99.6% CONDNS DB:Des Heat Mass Flow [kg/s],THERMAL ZONE 7::Des Cool Mass Flow [kg/s],THERMAL ZONE 1:CHICAGO OHARE INTL AP ANN HTG 99.6% CONDNS DB:Des Heat Load [W],THERMAL ZONE 1:CHICAGO OHARE INTL AP ANN CLG .4% CONDNS DB=>MWB:Des Sens Cool Load [W],THERMAL ZONE 1:CHICAGO OHARE INTL AP ANN HTG 99.6% CONDNS DB:Des Heat Mass Flow [kg/s],THERMAL ZONE 1:CHICAGO OHARE INTL AP ANN CLG .4% CONDNS DB=>MWB:Des Cool Mass Flow [kg/s],THERMAL ZONE 5:CHICAGO OHARE INTL AP ANN HTG 99.6% CONDNS DB:Des Heat Load [W],THERMAL ZONE 5:CHICAGO OHARE INTL AP ANN CLG .4% CONDNS DB=>MWB:Des Sens Cool Load [W],THERMAL ZONE 5:CHICAGO OHARE INTL AP ANN HTG 99.6% CONDNS DB:Des Heat Mass Flow [kg/s],THERMAL ZONE 5:CHICAGO OHARE INTL AP ANN CLG .4% CONDNS DB=>MWB:Des Cool Mass Flow [kg/s],THERMAL ZONE 14:CHICAGO OHARE INTL AP ANN HTG 99.6% CONDNS DB:Des Heat Load [W],THERMAL ZONE 14:CHICAGO OHARE INTL AP ANN CLG .4% CONDNS DB=>MWB:Des Sens Cool Load [W],THERMAL ZONE 14:CHICAGO OHARE INTL AP ANN HTG 99.6% CONDNS DB:Des Heat Mass Flow [kg/s],THERMAL ZONE 14:CHICAGO OHARE INTL AP ANN CLG .4% CONDNS DB=>MWB:Des Cool Mass Flow [kg/s],THERMAL ZONE 10:CHICAGO OHARE INTL AP ANN HTG 99.6% CONDNS DB:Des Heat Load [W],THERMAL ZONE 10:CHICAGO OHARE INTL AP ANN CLG .4% CONDNS DB=>MWB:Des Sens Cool Load [W],THERMAL ZONE 10:CHICAGO OHARE INTL AP ANN HTG 99.6% CONDNS DB:Des Heat Mass Flow [kg/s],THERMAL ZONE 10:CHICAGO OHARE INTL AP ANN CLG .4% CONDNS DB=>MWB:Des Cool Mass Flow [kg/s],THERMAL ZONE 13:CHICAGO OHARE INTL AP ANN HTG 99.6% CONDNS DB:Des Heat Load [W],THERMAL ZONE 13:CHICAGO OHARE INTL AP ANN CLG .4% CONDNS DB=>MWB:Des Sens Cool Load [W],THERMAL ZONE 13:CHICAGO OHARE INTL AP ANN HTG 99.6% CONDNS DB:Des Heat Mass Flow [kg/s],THERMAL ZONE 13:CHICAGO OHARE INTL AP ANN CLG .4% CONDNS DB=>MWB:Des Cool Mass Flow [kg/s] 
00:15:00,1.771524E+04,0.000000E+00,1.085800E+00,0.000000E+00,1.937090E+04,9.448085E+02,1.187278E+00,6.612150E-02,1.693993E+04,0.000000E+00,1.038280E+00,0.000000E+00,3.749243E+04,0.000000E+00,2.297980E+00,0.000000E+00,1.771524E+04,0.000000E+00,1.085800E+00,0.000000E+00,8.518588E+03,1.242274E+03,5.221199E-01,8.693934E-02,8.790279E+03,0.000000E+00,5.387724E-01,0.000000E+00,1.937090E+04,1.433704E+03,1.187278E+00,1.003363E-01,1.693993E+04,1.182400E+02,1.038280E+00,8.274913E-03,1.602069E+04,0.000000E+00,9.819378E-01,0.000000E+00,9.699204E+03,1.815688E+03,5.944820E-01,1.270691E-01,8.876702E+03,0.000000E+00,5.440694E-01,0.000000E+00,4.020479E+04,3.878478E+02,2.464225E+00,2.714324E-02,9.542630E+03,6.076210E+02,5.848854E-01,4.252376E-02,8.380250E+03,1.404811E+01,5.136410E-01,9.831433E-04 
00:30:00,1.771524E+04,0.000000E+00,1.085800E+00,0.000000E+00,1.937090E+04,8.228725E+02,1.187278E+00,5.758793E-02,1.693993E+04,0.000000E+00,1.038280E+00,0.000000E+00,3.749243E+04,0.000000E+00,2.297980E+00,0.000000E+00,1.771524E+04,0.000000E+00,1.085800E+00,0.000000E+00,8.518588E+03,1.106015E+03,5.221199E-01,7.740337E-02,8.790279E+03,0.000000E+00,5.387724E-01,0.000000E+00,1.937090E+04,1.289918E+03,1.187278E+00,9.027364E-02,1.693993E+04,4.328307E+01,1.038280E+00,3.029123E-03,1.602069E+04,0.000000E+00,9.819378E-01,0.000000E+00,9.699204E+03,1.683647E+03,5.944820E-01,1.178284E-01,8.876702E+03,0.000000E+00,5.440694E-01,0.000000E+00,4.020479E+04,3.075959E+02,2.464225E+00,2.152687E-02,9.542630E+03,5.398243E+02,5.848854E-01,3.777908E-02,8.380250E+03,0.000000E+00,5.136410E-01,0.000000E+00 
00:45:00,1.771524E+04,0.000000E+00,1.085800E+00,0.000000E+00,1.937090E+04,7.050388E+02,1.187278E+00,4.934145E-02,1.693993E+04,0.000000E+00,1.038280E+00,0.000000E+00,3.749243E+04,0.000000E+00,2.297980E+00,0.000000E+00,1.771524E+04,0.000000E+00,1.085800E+00,0.000000E+00,8.518588E+03,9.764947E+02,5.221199E-01,6.833903E-02,8.790279E+03,0.000000E+00,5.387724E-01,0.000000E+00,1.937090E+04,1.150919E+03,1.187278E+00,8.054596E-02,1.693993E+04,4.218980E+00,1.038280E+00,2.952612E-04,1.602069E+04,0.000000E+00,9.819378E-01,0.000000E+00,9.699204E+03,1.557342E+03,5.944820E-01,1.089891E-01,8.876702E+03,0.000000E+00,5.440694E-01,0.000000E+00,4.020479E+04,2.245386E+02,2.464225E+00,1.571416E-02,9.542630E+03,4.742888E+02,5.848854E-01,3.319264E-02,8.380250E+03,0.000000E+00,5.136409E-01,0.000000E+00 
01:00:00,1.771524E+04,0.000000E+00,1.085800E+00,0.000000E+00,1.937090E+04,5.912544E+02,1.187278E+00,4.137836E-02,1.693993E+04,0.000000E+00,1.038280E+00,0.000000E+00,3.749243E+04,0.000000E+00,2.297980E+00,0.000000E+00,1.771524E+04,0.000000E+00,1.085800E+00,0.000000E+00,8.518588E+03,8.535354E+02,5.221199E-01,5.973384E-02,8.790279E+03,0.000000E+00,5.387724E-01,0.000000E+00,1.937090E+04,1.016658E+03,1.187278E+00,7.114979E-02,1.693993E+04,0.000000E+00,1.038280E+00,0.000000E+00,1.602069E+04,0.000000E+00,9.819377E-01,0.000000E+00,9.699204E+03,1.436523E+03,5.944820E-01,1.005337E-01,8.876702E+03,0.000000E+00,5.440694E-01,0.000000E+00,4.020479E+04,1.391725E+02,2.464225E+00,9.739870E-03,9.542630E+03,4.109964E+02,5.848854E-01,2.876318E-02,8.380250E+03,0.000000E+00,5.136409E-01,0.000000E+00 
01:15:00,1.771524E+04,0.000000E+00,1.085800E+00,0.000000E+00,1.937090E+04,4.824040E+02,1.187278E+00,3.376057E-02,1.693993E+04,0.000000E+00,1.038280E+00,0.000000E+00,3.749243E+04,0.000000E+00,2.297980E+00,0.000000E+00,1.771524E+04,0.000000E+00,1.085800E+00,0.000000E+00,8.518588E+03,7.374788E+02,5.221199E-01,5.161174E-02,8.790279E+03,0.000000E+00,5.387724E-01,0.000000E+00,1.937090E+04,8.880180E+02,1.187278E+00,6.214708E-02,1.693993E+04,0.000000E+00,1.038280E+00,0.000000E+00,1.602069E+04,0.000000E+00,9.819378E-01,0.000000E+00,9.699204E+03,1.321421E+03,5.944820E-01,9.247837E-02,8.876702E+03,0.000000E+00,5.440694E-01,0.000000E+00,4.020479E+04,7.298172E+01,2.464225E+00,5.107564E-03,9.542630E+03,3.503860E+02,5.848854E-01,2.452142E-02,8.380250E+03,0.000000E+00,5.136409E-01,0.000000E+00 
01:30:00,1.771524E+04,0.000000E+00,1.085800E+00,0.000000E+00,1.937090E+04,3.783848E+02,1.187278E+00,2.648089E-02,1.693993E+04,0.000000E+00,1.038280E+00,0.000000E+00,3.749243E+04,0.000000E+00,2.297980E+00,0.000000E+00,1.771524E+04,0.000000E+00,1.085800E+00,0.000000E+00,8.518588E+03,6.282294E+02,5.221199E-01,4.396602E-02,8.790279E+03,0.000000E+00,5.387724E-01,0.000000E+00,1.937090E+04,7.648915E+02,1.187278E+00,5.353018E-02,1.693993E+04,0.000000E+00,1.038280E+00,0.000000E+00,1.602069E+04,0.000000E+00,9.819378E-01,0.000000E+00,9.699204E+03,1.211798E+03,5.944820E-01,8.480651E-02,8.876702E+03,0.000000E+00,5.440694E-01,0.000000E+00,4.020479E+04,2.739284E+01,2.464225E+00,1.917064E-03,9.542630E+03,2.924078E+02,5.848854E-01,2.046388E-02,8.380250E+03,0.000000E+00,5.136409E-01,0.000000E+00 
01:45:00,1.771524E+04,0.000000E+00,1.085800E+00,0.000000E+00,1.937090E+04,2.792649E+02,1.187278E+00,1.954408E-02,1.693993E+04,0.000000E+00,1.038280E+00,0.000000E+00,3.749243E+04,0.000000E+00,2.297980E+00,0.000000E+00,1.771524E+04,0.000000E+00,1.085800E+00,0.000000E+00,8.518588E+03,5.259018E+02,5.221199E-01,3.680473E-02,8.790279E+03,0.000000E+00,5.387724E-01,0.000000E+00,1.937090E+04,6.473006E+02,1.187278E+00,4.530070E-02,1.693993E+04,0.000000E+00,1.038280E+00,0.000000E+00,1.602069E+04,0.000000E+00,9.819378E-01,0.000000E+00,9.699204E+03,1.107488E+03,5.944820E-01,7.750647E-02,8.876702E+03,0.000000E+00,5.440694E-01,0.000000E+00,4.020479E+04,2.932538E+00,2.464225E+00,2.052310E-04,9.542630E+03,2.370815E+02,5.848854E-01,1.659192E-02,8.380250E+03,0.000000E+00,5.136409E-01,0.000000E+00 
02:00:00,1.771524E+04,0.000000E+00,1.085800E+00,0.000000E+00,1.937090E+04,1.851353E+02,1.187278E+00,1.295651E-02,1.693993E+04,0.000000E+00,1.038280E+00,0.000000E+00,3.749243E+04,0.000000E+00,2.297980E+00,0.000000E+00,1.771524E+04,0.000000E+00,1.085800E+00,0.000000E+00,8.518588E+03,4.314323E+02,5.221199E-01,3.019337E-02,8.790279E+03,0.000000E+00,5.387724E-01,0.000000E+00,1.937090E+04,5.352650E+02,1.187278E+00,3.746000E-02,1.693993E+04,0.000000E+00,1.038280E+00,0.000000E+00,1.602069E+04,0.000000E+00,9.819378E-01,0.000000E+00,9.699204E+03,1.008332E+03,5.944820E-01,7.056716E-02,8.876702E+03,0.000000E+00,5.440694E-01,0.000000E+00,4.020479E+04,0.000000E+00,2.464225E+00,0.000000E+00,9.542630E+03,1.844302E+02,5.848854E-01,1.290717E-02,8.380250E+03,0.000000E+00,5.136409E-01,0.000000E+00 
02:15:00,1.771524E+04,0.000000E+00,1.085800E+00,0.000000E+00,1.937090E+04,1.037772E+02,1.187278E+00,7.262743E-03,1.693993E+04,0.000000E+00,1.038280E+00,0.000000E+00,3.749243E+04,0.000000E+00,2.297980E+00,0.000000E+00,1.771524E+04,0.000000E+00,1.085800E+00,0.000000E+00,8.518588E+03,3.420346E+02,5.221199E-01,2.393696E-02,8.790279E+03,0.000000E+00,5.387724E-01,0.000000E+00,1.937090E+04,4.280364E+02,1.187278E+00,2.995571E-02,1.693993E+04,0.000000E+00,1.038280E+00,0.000000E+00,1.602069E+04,0.000000E+00,9.819378E-01,0.000000E+00,9.699204E+03,9.138012E+02,5.944820E-01,6.395149E-02,8.876702E+03,0.000000E+00,5.440694E-01,0.000000E+00,4.020479E+04,0.000000E+00,2.464225E+00,0.000000E+00,9.542630E+03,1.340994E+02,5.848854E-01,9.384815E-03,8.380250E+03,0.000000E+00,5.136409E-01,0.000000E+00 
02:30:00,1.771524E+04,0.000000E+00,1.085800E+00,0.000000E+00,1.937090E+04,4.639686E+01,1.187278E+00,3.247039E-03,1.693993E+04,0.000000E+00,1.038280E+00,0.000000E+00,3.749243E+04,0.000000E+00,2.297980E+00,0.000000E+00,1.771524E+04,0.000000E+00,1.085800E+00,0.000000E+00,8.518588E+03,2.570504E+02,5.221199E-01,1.798942E-02,8.790279E+03,0.000000E+00,5.387724E-01,0.000000E+00,1.937090E+04,3.255431E+02,1.187278E+00,2.278281E-02,1.693993E+04,0.000000E+00,1.038280E+00,0.000000E+00,1.602069E+04,0.000000E+00,9.819378E-01,0.000000E+00,9.699204E+03,8.236828E+02,5.944820E-01,5.764464E-02,8.876702E+03,0.000000E+00,5.440694E-01,0.000000E+00,4.020479E+04,0.000000E+00,2.464225E+00,0.000000E+00,9.542630E+03,8.608791E+01,5.848854E-01,6.024778E-03,8.380250E+03,0.000000E+00,5.136409E-01,0.000000E+00 
02:45:00,1.771524E+04,0.000000E+00,1.085800E+00,0.000000E+00,1.937090E+04,1.210106E+01,1.187278E+00,8.468809E-04,1.693993E+04,0.000000E+00,1.038280E+00,0.000000E+00,3.749243E+04,0.000000E+00,2.297980E+00,0.000000E+00,1.771524E+04,0.000000E+00,1.085800E+00,0.000000E+00,8.518588E+03,1.757344E+02,5.221199E-01,1.229860E-02,8.790279E+03,0.000000E+00,5.387724E-01,0.000000E+00,1.937090E+04,2.277923E+02,1.187278E+00,1.594182E-02,1.693993E+04,0.000000E+00,1.038280E+00,0.000000E+00,1.602069E+04,0.000000E+00,9.819378E-01,0.000000E+00,9.699204E+03,7.378198E+02,5.944820E-01,5.163560E-02,8.876702E+03,0.000000E+00,5.440694E-01,0.000000E+00,4.020479E+04,0.000000E+00,2.464225E+00,0.000000E+00,9.542630E+03,4.667834E+01,5.848854E-01,3.266738E-03,8.380250E+03,0.000000E+00,5.136409E-01,0.000000E+00 
03:00:00,1.771524E+04,0.000000E+00,1.085800E+00,0.000000E+00,1.937090E+04,0.000000E+00,1.187278E+00,0.000000E+00,1.693993E+04,0.000000E+00,1.038280E+00,0.000000E+00,3.749243E+04,0.000000E+00,2.297980E+00,0.000000E+00,1.771524E+04,0.000000E+00,1.085800E+00,0.000000E+00,8.518588E+03,1.009956E+02,5.221199E-01,7.068079E-03,8.790279E+03,0.000000E+00,5.387724E-01,0.000000E+00,1.937090E+04,1.347076E+02,1.187278E+00,9.427381E-03,1.693993E+04,0.000000E+00,1.038280E+00,0.000000E+00,1.602069E+04,0.000000E+00,9.819378E-01,0.000000E+00,9.699204E+03,6.560446E+02,5.944820E-01,4.591264E-02,8.876702E+03,0.000000E+00,5.440694E-01,0.000000E+00,4.020479E+04,0.000000E+00,2.464225E+00,0.000000E+00,9.542630E+03,1.970475E+01,5.848854E-01,1.379017E-03,8.380250E+03,0.000000E+00,5.136409E-01,0.000000E+00 
03:15:00,1.771524E+04,0.000000E+00,1.085800E+00,0.000000E+00,1.937090E+04,0.000000E+00,1.187278E+00,0.000000E+00,1.693993E+04,0.000000E+00,1.038280E+00,0.000000E+00,3.749243E+04,0.000000E+00,2.297980E+00,0.000000E+00,1.771524E+04,0.000000E+00,1.085800E+00,0.000000E+00,8.518588E+03,4.739261E+01,5.221199E-01,3.316726E-03,8.790279E+03,0.000000E+00,5.387724E-01,0.000000E+00,1.937090E+04,6.638874E+01,1.187278E+00,4.646151E-03,1.693993E+04,0.000000E+00,1.038280E+00,0.000000E+00,1.602069E+04,0.000000E+00,9.819378E-01,0.000000E+00,9.699204E+03,5.778088E+02,5.944820E-01,4.043739E-02,8.876702E+03,0.000000E+00,5.440694E-01,0.000000E+00,4.020479E+04,0.000000E+00,2.464225E+00,0.000000E+00,9.542630E+03,4.311153E+00,5.848854E-01,3.017119E-04,8.380250E+03,0.000000E+00,5.136409E-01,0.000000E+00 
03:30:00,1.771524E+04,0.000000E+00,1.085800E+00,0.000000E+00,1.937090E+04,0.000000E+00,1.187278E+00,0.000000E+00,1.693993E+04,0.000000E+00,1.038280E+00,0.000000E+00,3.749243E+04,0.000000E+00,2.297980E+00,0.000000E+00,1.771524E+04,0.000000E+00,1.085800E+00,0.000000E+00,8.518588E+03,1.402346E+01,5.221199E-01,9.814181E-04,8.790279E+03,0.000000E+00,5.387724E-01,0.000000E+00,1.937090E+04,2.182829E+01,1.187278E+00,1.527632E-03,1.693993E+04,0.000000E+00,1.038280E+00,0.000000E+00,1.602069E+04,0.000000E+00,9.819378E-01,0.000000E+00,9.699204E+03,5.029276E+02,5.944820E-01,3.519689E-02,8.876702E+03,0.000000E+00,5.440694E-01,0.000000E+00,4.020479E+04,0.000000E+00,2.464225E+00,0.000000E+00,9.542630E+03,0.000000E+00,5.848854E-01,0.000000E+00,8.380250E+03,0.000000E+00,5.136409E-01,0.000000E+00 
03:45:00,1.771524E+04,0.000000E+00,1.085800E+00,0.000000E+00,1.937090E+04,0.000000E+00,1.187278E+00,0.000000E+00,1.693993E+04,0.000000E+00,1.038280E+00,0.000000E+00,3.749243E+04,0.000000E+00,2.297980E+00,0.000000E+00,1.771524E+04,0.000000E+00,1.085800E+00,0.000000E+00,8.518588E+03,0.000000E+00,5.221199E-01,0.000000E+00,8.790279E+03,0.000000E+00,5.387724E-01,0.000000E+00,1.937090E+04,0.000000E+00,1.187278E+00,0.000000E+00,1.693993E+04,0.000000E+00,1.038280E+00,0.000000E+00,1.602069E+04,0.000000E+00,9.819378E-01,0.000000E+00,9.699204E+03,4.312199E+02,5.944820E-01,3.017851E-02,8.876702E+03,0.000000E+00,5.440694E-01,0.000000E+00,4.020479E+04,0.000000E+00,2.464225E+00,0.000000E+00,9.542630E+03,0.000000E+00,5.848854E-01,0.000000E+00,8.380250E+03,0.000000E+00,5.136409E-01,0.000000E+00 
04:00:00,1.771524E+04,0.000000E+00,1.085800E+00,0.000000E+00,1.937090E+04,0.000000E+00,1.187278E+00,0.000000E+00,1.693993E+04,0.000000E+00,1.038280E+00,0.000000E+00,3.749243E+04,0.000000E+00,2.297980E+00,0.000000E+00,1.771524E+04,0.000000E+00,1.085800E+00,0.000000E+00,8.518588E+03,0.000000E+00,5.221199E-01,0.000000E+00,8.790279E+03,0.000000E+00,5.387724E-01,0.000000E+00,1.937090E+04,0.000000E+00,1.187278E+00,0.000000E+00,1.693993E+04,0.000000E+00,1.038280E+00,0.000000E+00,1.602069E+04,0.000000E+00,9.819378E-01,0.000000E+00,9.699204E+03,3.625584E+02,5.944820E-01,2.537329E-02,8.876702E+03,0.000000E+00,5.440694E-01,0.000000E+00,4.020479E+04,0.000000E+00,2.464225E+00,0.000000E+00,9.542630E+03,0.000000E+00,5.848854E-01,0.000000E+00,8.380250E+03,0.000000E+00,5.136409E-01,0.000000E+00 
04:15:00,1.771524E+04,0.000000E+00,1.085800E+00,0.000000E+00,1.937090E+04,0.000000E+00,1.187278E+00,0.000000E+00,1.693993E+04,0.000000E+00,1.038280E+00,0.000000E+00,3.749243E+04,0.000000E+00,2.297980E+00,0.000000E+00,1.771524E+04,0.000000E+00,1.085800E+00,0.000000E+00,8.518588E+03,0.000000E+00,5.221199E-01,0.000000E+00,8.790279E+03,0.000000E+00,5.387724E-01,0.000000E+00,1.937090E+04,0.000000E+00,1.187278E+00,0.000000E+00,1.693993E+04,0.000000E+00,1.038280E+00,0.000000E+00,1.602069E+04,0.000000E+00,9.819378E-01,0.000000E+00,9.699204E+03,2.972416E+02,5.944820E-01,2.080216E-02,8.876702E+03,0.000000E+00,5.440694E-01,0.000000E+00,4.020479E+04,0.000000E+00,2.464225E+00,0.000000E+00,9.542630E+03,0.000000E+00,5.848854E-01,0.000000E+00,8.380250E+03,0.000000E+00,5.136409E-01,0.000000E+00 
04:30:00,1.771524E+04,0.000000E+00,1.085800E+00,0.000000E+00,1.937090E+04,0.000000E+00,1.187278E+00,0.000000E+00,1.693993E+04,0.000000E+00,1.038280E+00,0.000000E+00,3.749243E+04,0.000000E+00,2.297980E+00,0.000000E+00,1.771524E+04,0.000000E+00,1.085800E+00,0.000000E+00,8.518588E+03,0.000000E+00,5.221199E-01,0.000000E+00,8.790279E+03,0.000000E+00,5.387724E-01,0.000000E+00,1.937090E+04,0.000000E+00,1.187278E+00,0.000000E+00,1.693993E+04,0.000000E+00,1.038280E+00,0.000000E+00,1.602069E+04,0.000000E+00,9.819378E-01,0.000000E+00,9.699204E+03,2.352260E+02,5.944820E-01,1.646206E-02,8.876702E+03,0.000000E+00,5.440694E-01,0.000000E+00,4.020479E+04,0.000000E+00,2.464225E+00,0.000000E+00,9.542630E+03,0.000000E+00,5.848854E-01,0.000000E+00,8.380250E+03,0.000000E+00,5.136410E-01,0.000000E+00 
04:45:00,1.771524E+04,0.000000E+00,1.085800E+00,0.000000E+00,1.937090E+04,0.000000E+00,1.187278E+00,0.000000E+00,1.693993E+04,0.000000E+00,1.038280E+00,0.000000E+00,3.749243E+04,0.000000E+00,2.297980E+00,0.000000E+00,1.771524E+04,0.000000E+00,1.085800E+00,0.000000E+00,8.518588E+03,0.000000E+00,5.221199E-01,0.000000E+00,8.790279E+03,0.000000E+00,5.387724E-01,0.000000E+00,1.937090E+04,0.000000E+00,1.187278E+00,0.000000E+00,1.693993E+04,0.000000E+00,1.038280E+00,0.000000E+00,1.602069E+04,0.000000E+00,9.819378E-01,0.000000E+00,9.699204E+03,1.764833E+02,5.944820E-01,1.235101E-02,8.876702E+03,0.000000E+00,5.440694E-01,0.000000E+00,4.020479E+04,0.000000E+00,2.464225E+00,0.000000E+00,9.542630E+03,0.000000E+00,5.848854E-01,0.000000E+00,8.380250E+03,0.000000E+00,5.136410E-01,0.000000E+00 
05:00:00,1.771524E+04,0.000000E+00,1.085800E+00,0.000000E+00,1.937090E+04,0.000000E+00,1.187278E+00,0.000000E+00,1.693993E+04,0.000000E+00,1.038280E+00,0.000000E+00,3.749243E+04,0.000000E+00,2.297980E+00,0.000000E+00,1.771524E+04,0.000000E+00,1.085800E+00,0.000000E+00,8.518588E+03,0.000000E+00,5.221199E-01,0.000000E+00,8.790279E+03,0.000000E+00,5.387724E-01,0.000000E+00,1.937090E+04,0.000000E+00,1.187278E+00,0.000000E+00,1.693993E+04,0.000000E+00,1.038280E+00,0.000000E+00,1.602069E+04,0.000000E+00,9.819378E-01,0.000000E+00,9.699204E+03,1.210134E+02,5.944820E-01,8.469007E-03,8.876702E+03,0.000000E+00,5.440694E-01,0.000000E+00,4.020479E+04,0.000000E+00,2.464225E+00,0.000000E+00,9.542630E+03,0.000000E+00,5.848854E-01,0.000000E+00,8.380250E+03,0.000000E+00,5.136410E-01,0.000000E+00 
05:15:00,1.771524E+04,0.000000E+00,1.085800E+00,0.000000E+00,1.937090E+04,0.000000E+00,1.187278E+00,0.000000E+00,1.693993E+04,0.000000E+00,1.038280E+00,0.000000E+00,3.749243E+04,0.000000E+00,2.297980E+00,0.000000E+00,1.771524E+04,0.000000E+00,1.085800E+00,0.000000E+00,8.518588E+03,0.000000E+00,5.221199E-01,0.000000E+00,8.790279E+03,0.000000E+00,5.387724E-01,0.000000E+00,1.937090E+04,0.000000E+00,1.187278E+00,0.000000E+00,1.693993E+04,0.000000E+00,1.038280E+00,0.000000E+00,1.602069E+04,0.000000E+00,9.819378E-01,0.000000E+00,9.699204E+03,7.405419E+01,5.944820E-01,5.182610E-03,8.876702E+03,0.000000E+00,5.440694E-01,0.000000E+00,4.020479E+04,0.000000E+00,2.464225E+00,0.000000E+00,9.542630E+03,0.000000E+00,5.848854E-01,0.000000E+00,8.380250E+03,0.000000E+00,5.136410E-01,0.000000E+00 
05:30:00,1.771524E+04,0.000000E+00,1.085800E+00,0.000000E+00,1.937090E+04,0.000000E+00,1.187278E+00,0.000000E+00,1.693993E+04,0.000000E+00,1.038280E+00,0.000000E+00,3.749243E+04,0.000000E+00,2.297980E+00,0.000000E+00,1.771524E+04,0.000000E+00,1.085800E+00,0.000000E+00,8.518588E+03,0.000000E+00,5.221199E-01,0.000000E+00,8.790279E+03,0.000000E+00,5.387724E-01,0.000000E+00,1.937090E+04,0.000000E+00,1.187278E+00,0.000000E+00,1.693993E+04,0.000000E+00,1.038280E+00,0.000000E+00,1.602069E+04,0.000000E+00,9.819378E-01,0.000000E+00,9.699204E+03,3.911499E+01,5.944820E-01,2.737425E-03,8.876702E+03,0.000000E+00,5.440694E-01,0.000000E+00,4.020479E+04,0.000000E+00,2.464225E+00,0.000000E+00,9.542630E+03,0.000000E+00,5.848854E-01,0.000000E+00,8.380250E+03,0.000000E+00,5.136410E-01,0.000000E+00 
05:45:00,1.771524E+04,0.000000E+00,1.085800E+00,0.000000E+00,1.937090E+04,0.000000E+00,1.187278E+00,0.000000E+00,1.693993E+04,0.000000E+00,1.038280E+00,0.000000E+00,3.749243E+04,0.000000E+00,2.297980E+00,0.000000E+00,1.771524E+04,0.000000E+00,1.085800E+00,0.000000E+00,8.518588E+03,0.000000E+00,5.221199E-01,0.000000E+00,8.790279E+03,0.000000E+00,5.387724E-01,0.000000E+00,1.937090E+04,0.000000E+00,1.187278E+00,0.000000E+00,1.693993E+04,0.000000E+00,1.038280E+00,0.000000E+00,1.602069E+04,0.000000E+00,9.819378E-01,0.000000E+00,9.699204E+03,1.927051E+01,5.944820E-01,1.348628E-03,8.876702E+03,0.000000E+00,5.440694E-01,0.000000E+00,4.020479E+04,0.000000E+00,2.464225E+00,0.000000E+00,9.542630E+03,3.740807E+01,5.848854E-01,2.653099E-03,8.380250E+03,0.000000E+00,5.136410E-01,0.000000E+00 
06:00:00,1.771524E+04,0.000000E+00,1.085800E+00,0.000000E+00,1.937090E+04,0.000000E+00,1.187278E+00,0.000000E+00,1.693993E+04,0.000000E+00,1.038280E+00,0.000000E+00,3.749243E+04,0.000000E+00,2.297980E+00,0.000000E+00,1.771524E+04,0.000000E+00,1.085800E+00,0.000000E+00,8.518588E+03,0.000000E+00,5.221199E-01,0.000000E+00,8.790279E+03,0.000000E+00,5.387724E-01,0.000000E+00,1.937090E+04,0.000000E+00,1.187278E+00,0.000000E+00,1.693993E+04,0.000000E+00,1.038280E+00,0.000000E+00,1.602069E+04,0.000000E+00,9.819378E-01,0.000000E+00,9.699204E+03,1.662376E+01,5.944820E-01,1.163398E-03,8.876702E+03,0.000000E+00,5.440694E-01,0.000000E+00,4.020479E+04,0.000000E+00,2.464225E+00,0.000000E+00,9.542630E+03,2.850748E+02,5.848854E-01,2.005340E-02,8.380250E+03,0.000000E+00,5.136410E-01,0.000000E+00 
06:15:00,1.771524E+04,0.000000E+00,1.085800E+00,0.000000E+00,1.937090E+04,9.536853E+01,1.187278E+00,6.675185E-03,1.693993E+04,0.000000E+00,1.038280E+00,0.000000E+00,3.749243E+04,0.000000E+00,2.297980E+00,0.000000E+00,1.771524E+04,0.000000E+00,1.085800E+00,0.000000E+00,8.518588E+03,0.000000E+00,5.221199E-01,0.000000E+00,8.790279E+03,0.000000E+00,5.387724E-01,0.000000E+00,1.937090E+04,0.000000E+00,1.187278E+00,0.000000E+00,1.693993E+04,0.000000E+00,1.038280E+00,0.000000E+00,1.602069E+04,0.000000E+00,9.819378E-01,0.000000E+00,9.699204E+03,2.915391E+01,5.944820E-01,2.040308E-03,8.876702E+03,0.000000E+00,5.440694E-01,0.000000E+00,4.020479E+04,0.000000E+00,2.464225E+00,0.000000E+00,9.542630E+03,7.108593E+02,5.848854E-01,4.985209E-02,8.380250E+03,1.004251E+02,5.136410E-01,7.052953E-03 
06:30:00,1.771524E+04,0.000000E+00,1.085800E+00,0.000000E+00,1.937090E+04,3.620618E+02,1.187278E+00,2.534883E-02,1.693993E+04,0.000000E+00,1.038280E+00,0.000000E+00,3.749243E+04,0.000000E+00,2.297980E+00,0.000000E+00,1.771524E+04,0.000000E+00,1.085800E+00,0.000000E+00,8.518588E+03,0.000000E+00,5.221199E-01,0.000000E+00,8.790279E+03,0.000000E+00,5.387724E-01,0.000000E+00,1.937090E+04,0.000000E+00,1.187278E+00,0.000000E+00,1.693993E+04,0.000000E+00,1.038280E+00,0.000000E+00,1.602069E+04,0.000000E+00,9.819378E-01,0.000000E+00,9.699204E+03,5.492293E+01,5.944820E-01,3.843728E-03,8.876702E+03,0.000000E+00,5.440694E-01,0.000000E+00,4.020479E+04,0.000000E+00,2.464225E+00,0.000000E+00,9.542630E+03,1.343556E+03,5.848854E-01,9.413077E-02,8.380250E+03,4.400711E+02,5.136410E-01,3.086912E-02 
06:45:00,1.771524E+04,0.000000E+00,1.085800E+00,0.000000E+00,1.937090E+04,7.370677E+02,1.187278E+00,5.159326E-02,1.693993E+04,0.000000E+00,1.038280E+00,0.000000E+00,3.749243E+04,0.000000E+00,2.297980E+00,0.000000E+00,1.771524E+04,0.000000E+00,1.085800E+00,0.000000E+00,8.518588E+03,0.000000E+00,5.221199E-01,0.000000E+00,8.790279E+03,0.000000E+00,5.387724E-01,0.000000E+00,1.937090E+04,0.000000E+00,1.187278E+00,0.000000E+00,1.693993E+04,0.000000E+00,1.038280E+00,0.000000E+00,1.602069E+04,0.000000E+00,9.819378E-01,0.000000E+00,9.699204E+03,9.220365E+01,5.944820E-01,6.452783E-03,8.876702E+03,0.000000E+00,5.440694E-01,0.000000E+00,4.020479E+04,0.000000E+00,2.464225E+00,0.000000E+00,9.542630E+03,2.152473E+03,5.848854E-01,1.507069E-01,8.380250E+03,9.973885E+02,5.136410E-01,6.987268E-02 
07:00:00,1.771524E+04,0.000000E+00,1.085800E+00,0.000000E+00,1.937090E+04,1.200728E+03,1.187278E+00,8.404210E-02,1.693993E+04,0.000000E+00,1.038280E+00,0.000000E+00,3.749243E+04,0.000000E+00,2.297980E+00,0.000000E+00,1.771524E+04,0.000000E+00,1.085800E+00,0.000000E+00,8.518588E+03,0.000000E+00,5.221199E-01,0.000000E+00,8.790279E+03,2.552769E+02,5.387724E-01,1.805316E-02,1.937090E+04,0.000000E+00,1.187278E+00,0.000000E+00,1.693993E+04,0.000000E+00,1.038280E+00,0.000000E+00,1.602069E+04,0.000000E+00,9.819378E-01,0.000000E+00,9.699204E+03,1.420595E+02,5.944820E-01,9.941898E-03,8.876702E+03,0.000000E+00,5.440694E-01,0.000000E+00,4.020479E+04,0.000000E+00,2.464225E+00,0.000000E+00,9.542630E+03,2.974403E+03,5.848854E-01,2.081612E-01,8.380250E+03,1.781960E+03,5.136410E-01,1.247802E-01 
07:15:00,1.771524E+04,0.000000E+00,1.085800E+00,0.000000E+00,1.937090E+04,1.628792E+03,1.187278E+00,1.139988E-01,1.693993E+04,0.000000E+00,1.038280E+00,0.000000E+00,3.749243E+04,0.000000E+00,2.297980E+00,0.000000E+00,1.771524E+04,0.000000E+00,1.085800E+00,0.000000E+00,8.518588E+03,0.000000E+00,5.221199E-01,0.000000E+00,8.790279E+03,8.474926E+02,5.387724E-01,5.949847E-02,1.937090E+04,0.000000E+00,1.187278E+00,0.000000E+00,1.693993E+04,0.000000E+00,1.038280E+00,0.000000E+00,1.602069E+04,0.000000E+00,9.819378E-01,0.000000E+00,9.699204E+03,2.051283E+02,5.944820E-01,1.435571E-02,8.876702E+03,0.000000E+00,5.440694E-01,0.000000E+00,4.020479E+04,0.000000E+00,2.464225E+00,0.000000E+00,9.542630E+03,3.839916E+03,5.848854E-01,2.687328E-01,8.380250E+03,2.691433E+03,5.136410E-01,1.884039E-01 
07:30:00,1.771524E+04,0.000000E+00,1.085800E+00,0.000000E+00,1.937090E+04,1.910202E+03,1.187278E+00,1.336836E-01,1.693993E+04,3.099779E+01,1.038280E+00,2.196686E-03,3.749243E+04,0.000000E+00,2.297980E+00,0.000000E+00,1.771524E+04,0.000000E+00,1.085800E+00,0.000000E+00,8.518588E+03,0.000000E+00,5.221199E-01,0.000000E+00,8.790279E+03,1.645007E+03,5.387724E-01,1.153089E-01,1.937090E+04,0.000000E+00,1.187278E+00,0.000000E+00,1.693993E+04,0.000000E+00,1.038280E+00,0.000000E+00,1.602069E+04,0.000000E+00,9.819378E-01,0.000000E+00,9.699204E+03,2.800840E+02,5.944820E-01,1.960141E-02,8.876702E+03,0.000000E+00,5.440694E-01,0.000000E+00,4.020479E+04,0.000000E+00,2.464225E+00,0.000000E+00,9.542630E+03,4.707947E+03,5.848854E-01,3.294811E-01,8.380250E+03,3.575577E+03,5.136410E-01,2.502335E-01 
07:45:00,1.771524E+04,0.000000E+00,1.085800E+00,0.000000E+00,1.937090E+04,2.080323E+03,1.187278E+00,1.455894E-01,1.693993E+04,1.467680E+02,1.038280E+00,1.029897E-02,3.749243E+04,0.000000E+00,2.297980E+00,0.000000E+00,1.771524E+04,0.000000E+00,1.085800E+00,0.000000E+00,8.518588E+03,0.000000E+00,5.221199E-01,0.000000E+00,8.790279E+03,2.651795E+03,5.387724E-01,1.857637E-01,1.937090E+04,8.718091E+01,1.187278E+00,6.121405E-03,1.693993E+04,0.000000E+00,1.038280E+00,0.000000E+00,1.602069E+04,0.000000E+00,9.819378E-01,0.000000E+00,9.699204E+03,3.657634E+02,5.944820E-01,2.559760E-02,8.876702E+03,0.000000E+00,5.440694E-01,0.000000E+00,4.020479E+04,0.000000E+00,2.464225E+00,0.000000E+00,9.542630E+03,5.557142E+03,5.848854E-01,3.889112E-01,8.380250E+03,4.442575E+03,5.136410E-01,3.109093E-01 
08:00:00,1.771524E+04,0.000000E+00,1.085800E+00,0.000000E+00,1.937090E+04,2.146067E+03,1.187278E+00,1.501904E-01,1.693993E+04,2.016607E+02,1.038280E+00,1.414059E-02,3.749243E+04,0.000000E+00,2.297980E+00,0.000000E+00,1.771524E+04,0.000000E+00,1.085800E+00,0.000000E+00,8.518588E+03,0.000000E+00,5.221199E-01,0.000000E+00,8.790279E+03,3.591764E+03,5.387724E-01,2.513539E-01,1.937090E+04,2.157765E+02,1.187278E+00,1.512122E-02,1.693993E+04,0.000000E+00,1.038280E+00,0.000000E+00,1.602069E+04,0.000000E+00,9.819378E-01,0.000000E+00,9.699204E+03,4.589053E+02,5.944820E-01,3.211604E-02,8.876702E+03,0.000000E+00,5.440694E-01,0.000000E+00,4.020479E+04,0.000000E+00,2.464225E+00,0.000000E+00,9.542630E+03,6.361372E+03,5.848854E-01,4.451944E-01,8.380250E+03,5.267684E+03,5.136410E-01,3.686537E-01 
08:15:00,1.771524E+04,0.000000E+00,1.085800E+00,0.000000E+00,1.937090E+04,2.147880E+03,1.187278E+00,1.503173E-01,1.693993E+04,2.918694E+02,1.038280E+00,2.045375E-02,3.749243E+04,0.000000E+00,2.297980E+00,0.000000E+00,1.771524E+04,0.000000E+00,1.085800E+00,0.000000E+00,8.518588E+03,0.000000E+00,5.221199E-01,0.000000E+00,8.790279E+03,4.347176E+03,5.387724E-01,3.042165E-01,1.937090E+04,3.929789E+02,1.187278E+00,2.752257E-02,1.693993E+04,0.000000E+00,1.038280E+00,0.000000E+00,1.602069E+04,0.000000E+00,9.819378E-01,0.000000E+00,9.699204E+03,5.555004E+02,5.944820E-01,3.887616E-02,8.876702E+03,0.000000E+00,5.440694E-01,0.000000E+00,4.020479E+04,0.000000E+00,2.464225E+00,0.000000E+00,9.542630E+03,7.105700E+03,5.848854E-01,4.972855E-01,8.380250E+03,6.037565E+03,5.136410E-01,4.225331E-01 
08:30:00,1.771524E+04,0.000000E+00,1.085800E+00,0.000000E+00,1.937090E+04,2.140377E+03,1.187278E+00,1.497922E-01,1.693993E+04,3.793496E+02,1.038280E+00,2.654863E-02,3.749243E+04,0.000000E+00,2.297980E+00,0.000000E+00,1.771524E+04,0.000000E+00,1.085800E+00,0.000000E+00,8.518588E+03,0.000000E+00,5.221199E-01,0.000000E+00,8.790279E+03,5.022251E+03,5.387724E-01,3.514604E-01,1.937090E+04,6.519702E+02,1.187278E+00,4.564781E-02,1.693993E+04,0.000000E+00,1.038280E+00,0.000000E+00,1.602069E+04,0.000000E+00,9.819378E-01,0.000000E+00,9.699204E+03,6.545811E+02,5.944820E-01,4.581022E-02,8.876702E+03,0.000000E+00,5.440694E-01,0.000000E+00,4.020479E+04,0.000000E+00,2.464225E+00,0.000000E+00,9.542630E+03,7.784794E+03,5.848854E-01,5.448112E-01,8.380250E+03,6.747117E+03,5.136410E-01,4.721904E-01 
08:45:00,1.771524E+04,0.000000E+00,1.085800E+00,0.000000E+00,1.937090E+04,2.162652E+03,1.187278E+00,1.513511E-01,1.693993E+04,4.185157E+02,1.038280E+00,2.928941E-02,3.749243E+04,0.000000E+00,2.297980E+00,0.000000E+00,1.771524E+04,0.000000E+00,1.085800E+00,0.000000E+00,8.518588E+03,5.980889E+01,5.221199E-01,4.186515E-03,8.790279E+03,5.587081E+03,5.387724E-01,3.909912E-01,1.937090E+04,9.313439E+02,1.187278E+00,6.517938E-02,1.693993E+04,0.000000E+00,1.038280E+00,0.000000E+00,1.602069E+04,0.000000E+00,9.819378E-01,0.000000E+00,9.699204E+03,7.542713E+02,5.944820E-01,5.278694E-02,8.876702E+03,0.000000E+00,5.440694E-01,0.000000E+00,4.020479E+04,0.000000E+00,2.464225E+00,0.000000E+00,9.542630E+03,8.395462E+03,5.848854E-01,5.875483E-01,8.380250E+03,7.392723E+03,5.136410E-01,5.173725E-01 
09:00:00,1.771524E+04,0.000000E+00,1.085800E+00,0.000000E+00,1.937090E+04,2.237062E+03,1.187278E+00,1.565586E-01,1.693993E+04,5.582467E+02,1.038280E+00,3.906835E-02,3.749243E+04,0.000000E+00,2.297980E+00,0.000000E+00,1.771524E+04,0.000000E+00,1.085800E+00,0.000000E+00,8.518588E+03,1.219133E+02,5.221199E-01,8.532834E-03,8.790279E+03,6.037566E+03,5.387724E-01,4.225216E-01,1.937090E+04,1.317712E+03,1.187278E+00,9.221877E-02,1.693993E+04,0.000000E+00,1.038280E+00,0.000000E+00,1.602069E+04,0.000000E+00,9.819378E-01,0.000000E+00,9.699204E+03,8.552525E+02,5.944820E-01,5.985401E-02,8.876702E+03,0.000000E+00,5.440694E-01,0.000000E+00,4.020479E+04,0.000000E+00,2.464225E+00,0.000000E+00,9.542630E+03,8.936055E+03,5.848854E-01,6.253811E-01,8.380250E+03,7.972024E+03,5.136410E-01,5.579143E-01 
09:15:00,1.771524E+04,0.000000E+00,1.085800E+00,0.000000E+00,1.937090E+04,2.362819E+03,1.187278E+00,1.653596E-01,1.693993E+04,7.077576E+02,1.038280E+00,4.953173E-02,3.749243E+04,0.000000E+00,2.297980E+00,0.000000E+00,1.771524E+04,0.000000E+00,1.085800E+00,0.000000E+00,8.518588E+03,2.132821E+02,5.221199E-01,1.492719E-02,8.790279E+03,6.373523E+03,5.387724E-01,4.460372E-01,1.937090E+04,1.846165E+03,1.187278E+00,1.292021E-01,1.693993E+04,2.133356E+02,1.038280E+00,1.501464E-02,1.602069E+04,0.000000E+00,9.819378E-01,0.000000E+00,9.699204E+03,9.605882E+02,5.944820E-01,6.722583E-02,8.876702E+03,0.000000E+00,5.440694E-01,0.000000E+00,4.020479E+04,0.000000E+00,2.464225E+00,0.000000E+00,9.542630E+03,9.395946E+03,5.848854E-01,6.575661E-01,8.380250E+03,8.472641E+03,5.136410E-01,5.929495E-01 
09:30:00,1.771524E+04,0.000000E+00,1.085800E+00,0.000000E+00,1.937090E+04,2.522704E+03,1.187278E+00,1.765490E-01,1.693993E+04,8.778061E+02,1.038280E+00,6.143241E-02,3.749243E+04,0.000000E+00,2.297980E+00,0.000000E+00,1.771524E+04,0.000000E+00,1.085800E+00,0.000000E+00,8.518588E+03,3.316136E+02,5.221199E-01,2.320850E-02,8.790279E+03,6.602666E+03,5.387724E-01,4.620768E-01,1.937090E+04,2.512683E+03,1.187278E+00,1.758477E-01,1.693993E+04,5.972758E+02,1.038280E+00,4.188499E-02,1.602069E+04,0.000000E+00,9.819378E-01,0.000000E+00,9.699204E+03,1.070314E+03,5.944820E-01,7.490492E-02,8.876702E+03,0.000000E+00,5.440694E-01,0.000000E+00,4.020479E+04,0.000000E+00,2.464225E+00,0.000000E+00,9.542630E+03,9.775248E+03,5.848854E-01,6.841112E-01,8.380250E+03,8.894502E+03,5.136410E-01,6.224731E-01 
09:45:00,1.771524E+04,0.000000E+00,1.085800E+00,0.000000E+00,1.937090E+04,2.705121E+03,1.187278E+00,1.893153E-01,1.693993E+04,1.060175E+03,1.038280E+00,7.419531E-02,3.749243E+04,0.000000E+00,2.297980E+00,0.000000E+00,1.771524E+04,0.000000E+00,1.085800E+00,0.000000E+00,8.518588E+03,4.169381E+02,5.221199E-01,2.917901E-02,8.790279E+03,6.732448E+03,5.387724E-01,4.711618E-01,1.937090E+04,3.310710E+03,1.187278E+00,2.316968E-01,1.693993E+04,1.228336E+03,1.038280E+00,8.604912E-02,1.602069E+04,0.000000E+00,9.819378E-01,0.000000E+00,9.699204E+03,1.184618E+03,5.944820E-01,8.290434E-02,8.876702E+03,0.000000E+00,5.440694E-01,0.000000E+00,4.020479E+04,0.000000E+00,2.464225E+00,0.000000E+00,9.542630E+03,1.007513E+04,5.848854E-01,7.050982E-01,8.380250E+03,9.238543E+03,5.136410E-01,6.465505E-01 
10:00:00,1.771524E+04,0.000000E+00,1.085800E+00,0.000000E+00,1.937090E+04,2.900497E+03,1.187278E+00,2.029884E-01,1.693993E+04,1.251788E+03,1.038280E+00,8.760517E-02,3.749243E+04,0.000000E+00,2.297980E+00,0.000000E+00,1.771524E+04,0.000000E+00,1.085800E+00,0.000000E+00,8.518588E+03,5.267613E+02,5.221199E-01,3.686488E-02,8.790279E+03,6.768142E+03,5.387724E-01,4.736609E-01,1.937090E+04,4.211034E+03,1.187278E+00,2.947051E-01,1.693993E+04,2.107152E+03,1.038280E+00,1.475522E-01,1.602069E+04,0.000000E+00,9.819378E-01,0.000000E+00,9.699204E+03,1.301724E+03,5.944820E-01,9.109986E-02,8.876702E+03,0.000000E+00,5.440694E-01,0.000000E+00,4.020479E+04,0.000000E+00,2.464225E+00,0.000000E+00,9.542630E+03,1.029606E+04,5.848854E-01,7.205600E-01,8.380250E+03,9.504405E+03,5.136410E-01,6.651566E-01 
10:15:00,1.771524E+04,0.000000E+00,1.085800E+00,0.000000E+00,1.937090E+04,3.096310E+03,1.187278E+00,2.166923E-01,1.693993E+04,1.445665E+03,1.038280E+00,1.011735E-01,3.749243E+04,0.000000E+00,2.297980E+00,0.000000E+00,1.771524E+04,0.000000E+00,1.085800E+00,0.000000E+00,8.518588E+03,6.332626E+02,5.221199E-01,4.431826E-02,8.790279E+03,6.727604E+03,5.387724E-01,4.708243E-01,1.937090E+04,5.174480E+03,1.187278E+00,3.621309E-01,1.693993E+04,3.026181E+03,1.038280E+00,2.117850E-01,1.602069E+04,0.000000E+00,9.819378E-01,0.000000E+00,9.699204E+03,1.416400E+03,5.944820E-01,9.912535E-02,8.876702E+03,0.000000E+00,5.440694E-01,0.000000E+00,4.020479E+04,0.000000E+00,2.464225E+00,0.000000E+00,9.542630E+03,1.044723E+04,5.848854E-01,7.311395E-01,8.380250E+03,9.701343E+03,5.136410E-01,6.789390E-01 
10:30:00,1.771524E+04,0.000000E+00,1.085800E+00,0.000000E+00,1.937090E+04,3.289414E+03,1.187278E+00,2.302064E-01,1.693993E+04,1.637276E+03,1.038280E+00,1.145831E-01,3.749243E+04,0.000000E+00,2.297980E+00,0.000000E+00,1.771524E+04,2.434143E+01,1.085800E+00,1.754198E-03,8.518588E+03,7.382927E+02,5.221199E-01,5.166870E-02,8.790279E+03,6.614901E+03,5.387724E-01,4.629371E-01,1.937090E+04,6.170807E+03,1.187278E+00,4.318579E-01,1.693993E+04,4.029261E+03,1.038280E+00,2.819839E-01,1.602069E+04,0.000000E+00,9.819378E-01,0.000000E+00,9.699204E+03,1.527927E+03,5.944820E-01,1.069305E-01,8.876702E+03,0.000000E+00,5.440694E-01,0.000000E+00,4.020479E+04,0.000000E+00,2.464225E+00,0.000000E+00,9.542630E+03,1.052986E+04,5.848854E-01,7.369219E-01,8.380250E+03,9.829139E+03,5.136410E-01,6.878827E-01 
10:45:00,1.771524E+04,0.000000E+00,1.085800E+00,0.000000E+00,1.937090E+04,3.478984E+03,1.187278E+00,2.434733E-01,1.693993E+04,1.825707E+03,1.038280E+00,1.277703E-01,3.749243E+04,0.000000E+00,2.297980E+00,0.000000E+00,1.771524E+04,4.346957E+02,1.085800E+00,3.047411E-02,8.518588E+03,8.415162E+02,5.221199E-01,5.889269E-02,8.790279E+03,6.432113E+03,5.387724E-01,4.501450E-01,1.937090E+04,7.175621E+03,1.187278E+00,5.021789E-01,1.693993E+04,5.036658E+03,1.038280E+00,3.524856E-01,1.602069E+04,0.000000E+00,9.819378E-01,0.000000E+00,9.699204E+03,1.636421E+03,5.944820E-01,1.145233E-01,8.876702E+03,0.000000E+00,5.440694E-01,0.000000E+00,4.020479E+04,0.000000E+00,2.464225E+00,0.000000E+00,9.542630E+03,1.054393E+04,5.848854E-01,7.379069E-01,8.380250E+03,9.886509E+03,5.136410E-01,6.918977E-01 
11:00:00,1.771524E+04,0.000000E+00,1.085800E+00,0.000000E+00,1.937090E+04,3.663950E+03,1.187278E+00,2.564179E-01,1.693993E+04,2.009768E+03,1.038280E+00,1.406517E-01,3.749243E+04,0.000000E+00,2.297980E+00,0.000000E+00,1.771524E+04,1.241651E+03,1.085800E+00,8.694697E-02,8.518588E+03,9.424015E+02,5.221199E-01,6.595305E-02,8.790279E+03,6.176538E+03,5.387724E-01,4.322589E-01,1.937090E+04,8.169035E+03,1.187278E+00,5.717020E-01,1.693993E+04,6.041289E+03,1.038280E+00,4.227937E-01,1.602069E+04,0.000000E+00,9.819378E-01,0.000000E+00,9.699204E+03,1.741680E+03,5.944820E-01,1.218897E-01,8.876702E+03,0.000000E+00,5.440694E-01,0.000000E+00,4.020479E+04,0.000000E+00,2.464225E+00,0.000000E+00,9.542630E+03,1.048696E+04,5.848854E-01,7.339195E-01,8.380250E+03,9.870227E+03,5.136410E-01,6.907583E-01 
11:15:00,1.771524E+04,0.000000E+00,1.085800E+00,0.000000E+00,1.937090E+04,3.841062E+03,1.187278E+00,2.688130E-01,1.693993E+04,2.186106E+03,1.038280E+00,1.529925E-01,3.749243E+04,0.000000E+00,2.297980E+00,0.000000E+00,1.771524E+04,2.216865E+03,1.085800E+00,1.551938E-01,8.518588E+03,1.039281E+03,5.221199E-01,7.273304E-02,8.790279E+03,5.830410E+03,5.387724E-01,4.080354E-01,1.937090E+04,9.132775E+03,1.187278E+00,6.391484E-01,1.693993E+04,7.023838E+03,1.038280E+00,4.915564E-01,1.602069E+04,0.000000E+00,9.819378E-01,0.000000E+00,9.699204E+03,1.842255E+03,5.944820E-01,1.289284E-01,8.876702E+03,0.000000E+00,5.440694E-01,0.000000E+00,4.020479E+04,0.000000E+00,2.464225E+00,0.000000E+00,9.542630E+03,1.034673E+04,5.848854E-01,7.241061E-01,8.380250E+03,9.767175E+03,5.136410E-01,6.835462E-01 
11:30:00,1.771524E+04,0.000000E+00,1.085800E+00,0.000000E+00,1.937090E+04,4.009457E+03,1.187278E+00,2.805979E-01,1.693993E+04,2.353739E+03,1.038280E+00,1.647241E-01,3.749243E+04,0.000000E+00,2.297980E+00,0.000000E+00,1.771524E+04,3.408839E+03,1.085800E+00,2.385589E-01,8.518588E+03,1.131677E+03,5.221199E-01,7.919934E-02,8.790279E+03,5.363362E+03,5.387724E-01,3.753496E-01,1.937090E+04,1.005469E+04,1.187278E+00,7.036676E-01,1.693993E+04,7.971399E+03,1.038280E+00,5.578706E-01,1.602069E+04,0.000000E+00,9.819378E-01,0.000000E+00,9.699204E+03,1.937843E+03,5.944820E-01,1.356181E-01,8.876702E+03,0.000000E+00,5.440694E-01,0.000000E+00,4.020479E+04,0.000000E+00,2.464225E+00,0.000000E+00,9.542630E+03,1.010142E+04,5.848854E-01,7.069380E-01,8.380250E+03,9.554437E+03,5.136410E-01,6.686580E-01 
11:45:00,1.771524E+04,0.000000E+00,1.085800E+00,0.000000E+00,1.937090E+04,4.168732E+03,1.187278E+00,2.917447E-01,1.693993E+04,2.512195E+03,1.038280E+00,1.758135E-01,3.749243E+04,0.000000E+00,2.297980E+00,0.000000E+00,1.771524E+04,4.404524E+03,1.085800E+00,3.082352E-01,8.518588E+03,1.219368E+03,5.221199E-01,8.533629E-02,8.790279E+03,4.745911E+03,5.387724E-01,3.321379E-01,1.937090E+04,1.092565E+04,1.187278E+00,7.646207E-01,1.693993E+04,8.874172E+03,1.038280E+00,6.210503E-01,1.602069E+04,0.000000E+00,9.819379E-01,0.000000E+00,9.699204E+03,2.028334E+03,5.944820E-01,1.419510E-01,8.876702E+03,0.000000E+00,5.440694E-01,0.000000E+00,4.020479E+04,0.000000E+00,2.464225E+00,0.000000E+00,9.542630E+03,9.723562E+03,5.848854E-01,6.804940E-01,8.380250E+03,9.203721E+03,5.136410E-01,6.441134E-01 
12:00:00,1.771524E+04,0.000000E+00,1.085800E+00,0.000000E+00,1.937090E+04,4.318930E+03,1.187278E+00,3.022561E-01,1.693993E+04,2.661447E+03,1.038280E+00,1.862588E-01,3.749243E+04,0.000000E+00,2.297980E+00,0.000000E+00,1.771524E+04,5.167129E+03,1.085800E+00,3.616024E-01,8.518588E+03,1.302362E+03,5.221199E-01,9.114454E-02,8.790279E+03,3.987438E+03,5.387724E-01,2.790569E-01,1.937090E+04,1.173869E+04,1.187278E+00,8.215208E-01,1.693993E+04,9.724403E+03,1.038280E+00,6.805528E-01,1.602069E+04,0.000000E+00,9.819379E-01,0.000000E+00,9.699204E+03,2.113827E+03,5.944820E-01,1.479341E-01,8.876702E+03,0.000000E+00,5.440694E-01,0.000000E+00,4.020479E+04,0.000000E+00,2.464225E+00,0.000000E+00,9.542630E+03,9.199630E+03,5.848854E-01,6.438271E-01,8.380250E+03,8.701787E+03,5.136410E-01,6.089861E-01 
12:15:00,1.771524E+04,0.000000E+00,1.085800E+00,0.000000E+00,1.937090E+04,4.463218E+03,1.187278E+00,3.123540E-01,1.693993E+04,2.804532E+03,1.038280E+00,1.962725E-01,3.749243E+04,0.000000E+00,2.297980E+00,0.000000E+00,1.771524E+04,5.897114E+03,1.085800E+00,4.126883E-01,8.518588E+03,1.382182E+03,5.221199E-01,9.673066E-02,8.790279E+03,3.205945E+03,5.387724E-01,2.243649E-01,1.937090E+04,1.249107E+04,1.187278E+00,8.741751E-01,1.693993E+04,1.051855E+04,1.038280E+00,7.361308E-01,1.602069E+04,0.000000E+00,9.819379E-01,0.000000E+00,9.699204E+03,2.195945E+03,5.944820E-01,1.536811E-01,8.876702E+03,0.000000E+00,5.440694E-01,0.000000E+00,4.020479E+04,0.000000E+00,2.464225E+00,0.000000E+00,9.542630E+03,8.571148E+03,5.848854E-01,5.998435E-01,8.380250E+03,8.092976E+03,5.136410E-01,5.663790E-01 
12:30:00,1.771524E+04,0.000000E+00,1.085800E+00,0.000000E+00,1.937090E+04,4.602528E+03,1.187278E+00,3.221034E-01,1.693993E+04,2.942279E+03,1.038280E+00,2.059125E-01,3.749243E+04,0.000000E+00,2.297980E+00,0.000000E+00,1.771524E+04,6.495899E+03,1.085800E+00,4.545938E-01,8.518588E+03,1.491927E+03,5.221199E-01,1.044111E-01,8.790279E+03,2.510777E+03,5.387724E-01,1.757143E-01,1.937090E+04,1.317890E+04,1.187278E+00,9.223127E-01,1.693993E+04,1.125173E+04,1.038280E+00,7.874416E-01,1.602069E+04,0.000000E+00,9.819379E-01,0.000000E+00,9.699204E+03,2.309237E+03,5.944820E-01,1.616097E-01,8.876702E+03,0.000000E+00,5.440694E-01,0.000000E+00,4.020479E+04,0.000000E+00,2.464225E+00,0.000000E+00,9.542630E+03,7.935843E+03,5.848854E-01,5.553822E-01,8.380250E+03,7.479813E+03,5.136410E-01,5.234674E-01 
12:45:00,1.771524E+04,0.000000E+00,1.085800E+00,0.000000E+00,1.937090E+04,4.738001E+03,1.187278E+00,3.315844E-01,1.693993E+04,3.075666E+03,1.038280E+00,2.152475E-01,3.749243E+04,0.000000E+00,2.297980E+00,0.000000E+00,1.771524E+04,6.989737E+03,1.085800E+00,4.891566E-01,8.518588E+03,1.692127E+03,5.221199E-01,1.184218E-01,8.790279E+03,1.981696E+03,5.387724E-01,1.386871E-01,1.937090E+04,1.379898E+04,1.187278E+00,9.657081E-01,1.693993E+04,1.191932E+04,1.038280E+00,8.341618E-01,1.602069E+04,0.000000E+00,9.819379E-01,0.000000E+00,9.699204E+03,2.515707E+03,5.944820E-01,1.760593E-01,8.876702E+03,0.000000E+00,5.440694E-01,0.000000E+00,4.020479E+04,0.000000E+00,2.464225E+00,0.000000E+00,9.542630E+03,7.375178E+03,5.848854E-01,5.161446E-01,8.380250E+03,6.945011E+03,5.136410E-01,4.860399E-01 
13:00:00,1.771524E+04,0.000000E+00,1.085800E+00,0.000000E+00,1.937090E+04,4.870660E+03,1.187278E+00,3.408684E-01,1.693993E+04,3.205535E+03,1.038280E+00,2.243362E-01,3.749243E+04,0.000000E+00,2.297980E+00,0.000000E+00,1.771524E+04,7.379768E+03,1.085800E+00,5.164556E-01,8.518588E+03,2.033995E+03,5.221199E-01,1.423471E-01,8.790279E+03,1.647685E+03,5.387724E-01,1.153116E-01,1.937090E+04,1.434796E+04,1.187278E+00,1.004128E+00,1.693993E+04,1.251684E+04,1.038280E+00,8.759792E-01,1.602069E+04,0.000000E+00,9.819379E-01,0.000000E+00,9.699204E+03,2.866017E+03,5.944820E-01,2.005754E-01,8.876702E+03,0.000000E+00,5.440694E-01,0.000000E+00,4.020479E+04,0.000000E+00,2.464225E+00,0.000000E+00,9.542630E+03,6.942120E+03,5.848854E-01,4.858375E-01,8.380250E+03,6.539676E+03,5.136410E-01,4.576728E-01 
13:15:00,1.771524E+04,0.000000E+00,1.085800E+00,0.000000E+00,1.937090E+04,4.999654E+03,1.187278E+00,3.498959E-01,1.693993E+04,3.330812E+03,1.038280E+00,2.331036E-01,3.749243E+04,0.000000E+00,2.297980E+00,0.000000E+00,1.771524E+04,7.665313E+03,1.085800E+00,5.364423E-01,8.518588E+03,2.542543E+03,5.221199E-01,1.779374E-01,8.790279E+03,1.435166E+03,5.387724E-01,1.004387E-01,1.937090E+04,1.482097E+04,1.187278E+00,1.037231E+00,1.693993E+04,1.303824E+04,1.038280E+00,9.124686E-01,1.602069E+04,0.000000E+00,9.819379E-01,0.000000E+00,9.699204E+03,3.385144E+03,5.944820E-01,2.369060E-01,8.876702E+03,2.189083E+02,5.440694E-01,1.536259E-02,4.020479E+04,0.000000E+00,2.464225E+00,0.000000E+00,9.542630E+03,6.636714E+03,5.848854E-01,4.644640E-01,8.380250E+03,6.259814E+03,5.136410E-01,4.380870E-01 
13:30:00,1.771524E+04,0.000000E+00,1.085800E+00,0.000000E+00,1.937090E+04,5.125205E+03,1.187278E+00,3.586825E-01,1.693993E+04,3.451582E+03,1.038280E+00,2.415556E-01,3.749243E+04,0.000000E+00,2.297980E+00,0.000000E+00,1.771524E+04,7.845825E+03,1.085800E+00,5.490781E-01,8.518588E+03,3.191355E+03,5.221199E-01,2.233439E-01,8.790279E+03,1.286386E+03,5.387724E-01,9.002651E-02,1.937090E+04,1.521358E+04,1.187278E+00,1.064707E+00,1.693993E+04,1.347814E+04,1.038280E+00,9.432548E-01,1.602069E+04,0.000000E+00,9.819379E-01,0.000000E+00,9.699204E+03,4.045700E+03,5.944820E-01,2.831344E-01,8.876702E+03,7.930856E+02,5.440694E-01,5.554554E-02,4.020479E+04,0.000000E+00,2.464225E+00,0.000000E+00,9.542630E+03,6.407488E+03,5.848854E-01,4.484218E-01,8.380250E+03,6.048638E+03,5.136410E-01,4.233081E-01 
13:45:00,1.771524E+04,0.000000E+00,1.085800E+00,0.000000E+00,1.937090E+04,5.246680E+03,1.187278E+00,3.671838E-01,1.693993E+04,3.567108E+03,1.038280E+00,2.496406E-01,3.749243E+04,0.000000E+00,2.297980E+00,0.000000E+00,1.771524E+04,7.919536E+03,1.085800E+00,5.542378E-01,8.518588E+03,3.917202E+03,5.221199E-01,2.741416E-01,8.790279E+03,1.171309E+03,5.387724E-01,8.197289E-02,1.937090E+04,1.552028E+04,1.187278E+00,1.086172E+00,1.693993E+04,1.383050E+04,1.038280E+00,9.679138E-01,1.602069E+04,0.000000E+00,9.819379E-01,0.000000E+00,9.699204E+03,4.783144E+03,5.944820E-01,3.347437E-01,8.876702E+03,1.457840E+03,5.440694E-01,1.020658E-01,4.020479E+04,0.000000E+00,2.464225E+00,0.000000E+00,9.542630E+03,6.222846E+03,5.848854E-01,4.354998E-01,8.380250E+03,5.873145E+03,5.136410E-01,4.110263E-01 
14:00:00,1.771524E+04,0.000000E+00,1.085800E+00,0.000000E+00,1.937090E+04,5.362817E+03,1.187278E+00,3.753115E-01,1.693993E+04,3.676080E+03,1.038280E+00,2.572669E-01,3.749243E+04,0.000000E+00,2.297980E+00,0.000000E+00,1.771524E+04,7.883098E+03,1.085800E+00,5.516880E-01,8.518588E+03,4.663944E+03,5.221199E-01,3.264016E-01,8.790279E+03,1.076536E+03,5.387724E-01,7.534030E-02,1.937090E+04,1.573473E+04,1.187278E+00,1.101180E+00,1.693993E+04,1.408826E+04,1.038280E+00,9.859533E-01,1.602069E+04,0.000000E+00,9.819379E-01,0.000000E+00,9.699204E+03,5.541423E+03,5.944820E-01,3.878111E-01,8.876702E+03,2.370113E+03,5.440694E-01,1.659077E-01,4.020479E+04,0.000000E+00,2.464225E+00,0.000000E+00,9.542630E+03,6.067577E+03,5.848854E-01,4.246335E-01,8.380250E+03,5.719347E+03,5.136410E-01,4.002630E-01 
14:15:00,1.771524E+04,0.000000E+00,1.085800E+00,0.000000E+00,1.937090E+04,5.469973E+03,1.187278E+00,3.828107E-01,1.693993E+04,3.774905E+03,1.038280E+00,2.641831E-01,3.749243E+04,0.000000E+00,2.297980E+00,0.000000E+00,1.771524E+04,7.730009E+03,1.085800E+00,5.409745E-01,8.518588E+03,5.400191E+03,5.221199E-01,3.779271E-01,8.790279E+03,9.933749E+02,5.387724E-01,6.952037E-02,1.937090E+04,1.584760E+04,1.187278E+00,1.109079E+00,1.693993E+04,1.424141E+04,1.038280E+00,9.966711E-01,1.602069E+04,0.000000E+00,9.819379E-01,0.000000E+00,9.699204E+03,6.288260E+03,5.944820E-01,4.400778E-01,8.876702E+03,3.255119E+03,5.440694E-01,2.277980E-01,4.020479E+04,0.000000E+00,2.464225E+00,0.000000E+00,9.542630E+03,5.930664E+03,5.848854E-01,4.150518E-01,8.380250E+03,5.577759E+03,5.136410E-01,3.903540E-01 
14:30:00,1.771524E+04,0.000000E+00,1.085800E+00,0.000000E+00,1.937090E+04,5.566294E+03,1.187278E+00,3.895517E-01,1.693993E+04,3.861810E+03,1.038280E+00,2.702650E-01,3.749243E+04,0.000000E+00,2.297980E+00,0.000000E+00,1.771524E+04,7.455195E+03,1.085800E+00,5.217423E-01,8.518588E+03,6.116322E+03,5.221199E-01,4.280448E-01,8.790279E+03,9.171472E+02,5.387724E-01,6.418565E-02,1.937090E+04,1.585061E+04,1.187278E+00,1.109290E+00,1.693993E+04,1.428118E+04,1.038280E+00,9.994548E-01,1.602069E+04,0.000000E+00,9.819379E-01,0.000000E+00,9.699204E+03,7.012520E+03,5.944820E-01,4.907644E-01,8.876702E+03,3.963881E+03,5.440694E-01,2.773968E-01,4.020479E+04,0.000000E+00,2.464225E+00,0.000000E+00,9.542630E+03,5.805644E+03,5.848854E-01,4.063023E-01,8.380250E+03,5.443299E+03,5.136410E-01,3.809440E-01 
14:45:00,1.771524E+04,0.000000E+00,1.085800E+00,0.000000E+00,1.937090E+04,5.649877E+03,1.187278E+00,3.954011E-01,1.693993E+04,3.935046E+03,1.038280E+00,2.753904E-01,3.749243E+04,0.000000E+00,2.297980E+00,0.000000E+00,1.771524E+04,7.054493E+03,1.085800E+00,4.937003E-01,8.518588E+03,6.811316E+03,5.221199E-01,4.766833E-01,8.790279E+03,8.445455E+02,5.387724E-01,5.910469E-02,1.937090E+04,1.573530E+04,1.187278E+00,1.101220E+00,1.693993E+04,1.419884E+04,1.038280E+00,9.936922E-01,1.602069E+04,0.000000E+00,9.819379E-01,0.000000E+00,9.699204E+03,7.711967E+03,5.944820E-01,5.397145E-01,8.876702E+03,4.749005E+03,5.440694E-01,3.323419E-01,4.020479E+04,0.000000E+00,2.464225E+00,0.000000E+00,9.542630E+03,5.687829E+03,5.848854E-01,3.980571E-01,8.380250E+03,5.312419E+03,5.136410E-01,3.717844E-01 
15:00:00,1.771524E+04,0.000000E+00,1.085800E+00,0.000000E+00,1.937090E+04,5.718932E+03,1.187278E+00,4.002339E-01,1.693993E+04,3.993014E+03,1.038280E+00,2.794472E-01,3.749243E+04,0.000000E+00,2.297980E+00,0.000000E+00,1.771524E+04,6.527305E+03,1.085800E+00,4.568062E-01,8.518588E+03,7.484500E+03,5.221199E-01,5.237955E-01,8.790279E+03,7.731483E+02,5.387724E-01,5.410803E-02,1.937090E+04,1.549396E+04,1.187278E+00,1.084330E+00,1.693993E+04,1.398654E+04,1.038280E+00,9.788344E-01,1.602069E+04,0.000000E+00,9.819379E-01,0.000000E+00,9.699204E+03,8.385492E+03,5.944820E-01,5.868505E-01,8.876702E+03,5.439517E+03,5.440694E-01,3.806670E-01,4.020479E+04,0.000000E+00,2.464225E+00,0.000000E+00,9.542630E+03,5.573748E+03,5.848854E-01,3.900733E-01,8.380250E+03,5.182549E+03,5.136410E-01,3.626957E-01 
15:15:00,1.771524E+04,0.000000E+00,1.085800E+00,0.000000E+00,1.937090E+04,5.771100E+03,1.187278E+00,4.038848E-01,1.693993E+04,4.033475E+03,1.038280E+00,2.822788E-01,3.749243E+04,0.000000E+00,2.297980E+00,0.000000E+00,1.771524E+04,5.879430E+03,1.085800E+00,4.114656E-01,8.518588E+03,8.131958E+03,5.221199E-01,5.691071E-01,8.790279E+03,7.007764E+02,5.387724E-01,4.904315E-02,1.937090E+04,1.512038E+04,1.187278E+00,1.058185E+00,1.693993E+04,1.363818E+04,1.038280E+00,9.544550E-01,1.602069E+04,0.000000E+00,9.819379E-01,0.000000E+00,9.699204E+03,9.029484E+03,5.944820E-01,6.319196E-01,8.876702E+03,6.071647E+03,5.440694E-01,4.249078E-01,4.020479E+04,0.000000E+00,2.464225E+00,0.000000E+00,9.542630E+03,5.460304E+03,5.848854E-01,3.821341E-01,8.380250E+03,5.051298E+03,5.136410E-01,3.535102E-01 
15:30:00,1.771524E+04,0.000000E+00,1.085800E+00,0.000000E+00,1.937090E+04,5.796541E+03,1.187278E+00,4.056653E-01,1.693993E+04,4.046370E+03,1.038280E+00,2.831813E-01,3.749243E+04,0.000000E+00,2.297980E+00,0.000000E+00,1.771524E+04,5.124929E+03,1.085800E+00,3.586628E-01,8.518588E+03,8.754974E+03,5.221199E-01,6.127083E-01,8.790279E+03,6.217154E+02,5.387724E-01,4.351015E-02,1.937090E+04,1.460853E+04,1.187278E+00,1.022364E+00,1.693993E+04,1.314727E+04,1.038280E+00,9.200987E-01,1.602069E+04,0.000000E+00,9.819379E-01,0.000000E+00,9.699204E+03,9.644785E+03,5.944820E-01,6.749809E-01,8.876702E+03,6.649626E+03,5.440694E-01,4.653595E-01,4.020479E+04,0.000000E+00,2.464225E+00,0.000000E+00,9.542630E+03,5.340844E+03,5.848854E-01,3.737738E-01,8.380250E+03,4.912030E+03,5.136410E-01,3.437637E-01 
15:45:00,1.771524E+04,0.000000E+00,1.085800E+00,0.000000E+00,1.937090E+04,5.794836E+03,1.187278E+00,4.055460E-01,1.693993E+04,4.032123E+03,1.038280E+00,2.821842E-01,3.749243E+04,0.000000E+00,2.297980E+00,0.000000E+00,1.771524E+04,4.334658E+03,1.085800E+00,3.033566E-01,8.518588E+03,9.343765E+03,5.221199E-01,6.539143E-01,8.790279E+03,5.361973E+02,5.387724E-01,3.752525E-02,1.937090E+04,1.396784E+04,1.187278E+00,9.775255E-01,1.693993E+04,1.252429E+04,1.038280E+00,8.765002E-01,1.602069E+04,0.000000E+00,9.819379E-01,0.000000E+00,9.699204E+03,1.022285E+04,5.944820E-01,7.154359E-01,8.876702E+03,7.163373E+03,5.440694E-01,5.013160E-01,4.020479E+04,0.000000E+00,2.464225E+00,0.000000E+00,9.542630E+03,5.214342E+03,5.848854E-01,3.649207E-01,8.380250E+03,4.764622E+03,5.136410E-01,3.334474E-01 
16:00:00,1.771524E+04,0.000000E+00,1.085800E+00,0.000000E+00,1.937090E+04,5.766924E+03,1.187278E+00,4.035926E-01,1.693993E+04,3.992422E+03,1.038280E+00,2.794058E-01,3.749243E+04,0.000000E+00,2.297980E+00,0.000000E+00,1.771524E+04,3.521740E+03,1.085800E+00,2.464655E-01,8.518588E+03,9.887427E+03,5.221199E-01,6.919619E-01,8.790279E+03,4.452624E+02,5.387724E-01,3.116126E-02,1.937090E+04,1.322412E+04,1.187278E+00,9.254772E-01,1.693993E+04,1.179652E+04,1.038280E+00,8.255676E-01,1.602069E+04,0.000000E+00,9.819379E-01,0.000000E+00,9.699204E+03,1.075392E+04,5.944820E-01,7.526029E-01,8.876702E+03,7.601754E+03,5.440694E-01,5.319977E-01,4.020479E+04,0.000000E+00,2.464225E+00,0.000000E+00,9.542630E+03,5.080681E+03,5.848854E-01,3.555665E-01,8.380250E+03,4.609705E+03,5.136410E-01,3.226057E-01 
16:15:00,1.771524E+04,0.000000E+00,1.085800E+00,0.000000E+00,1.937090E+04,5.716367E+03,1.187278E+00,4.000544E-01,1.693993E+04,3.931117E+03,1.038280E+00,2.751154E-01,3.749243E+04,0.000000E+00,2.297980E+00,0.000000E+00,1.771524E+04,2.729729E+03,1.085800E+00,1.910374E-01,8.518588E+03,1.037967E+04,5.221199E-01,7.264111E-01,8.790279E+03,3.514120E+02,5.387724E-01,2.459323E-02,1.937090E+04,1.242964E+04,1.187278E+00,8.698760E-01,1.693993E+04,1.101760E+04,1.038280E+00,7.710561E-01,1.602069E+04,0.000000E+00,9.819379E-01,0.000000E+00,9.699204E+03,1.123212E+04,5.944820E-01,7.860687E-01,8.876702E+03,7.961721E+03,5.440694E-01,5.571911E-01,4.020479E+04,0.000000E+00,2.464225E+00,0.000000E+00,9.542630E+03,4.941261E+03,5.848854E-01,3.458093E-01,8.380250E+03,4.449080E+03,5.136410E-01,3.113645E-01 
16:30:00,1.771524E+04,0.000000E+00,1.085800E+00,0.000000E+00,1.937090E+04,5.666696E+03,1.187278E+00,3.965782E-01,1.693993E+04,3.871824E+03,1.038280E+00,2.709658E-01,3.749243E+04,0.000000E+00,2.297980E+00,0.000000E+00,1.771524E+04,2.031342E+03,1.085800E+00,1.421614E-01,8.518588E+03,1.080514E+04,5.221199E-01,7.561870E-01,8.790279E+03,2.592683E+02,5.387724E-01,1.814464E-02,1.937090E+04,1.166083E+04,1.187278E+00,8.160718E-01,1.693993E+04,1.026635E+04,1.038280E+00,7.184805E-01,1.602069E+04,0.000000E+00,9.819379E-01,0.000000E+00,9.699204E+03,1.164332E+04,5.944820E-01,8.148467E-01,8.876702E+03,8.228152E+03,5.440694E-01,5.758380E-01,4.020479E+04,0.000000E+00,2.464225E+00,0.000000E+00,9.542630E+03,4.800309E+03,5.848854E-01,3.359449E-01,8.380250E+03,4.287771E+03,5.136410E-01,3.000754E-01 
16:45:00,1.771524E+04,0.000000E+00,1.085800E+00,0.000000E+00,1.937090E+04,5.655531E+03,1.187278E+00,3.957968E-01,1.693993E+04,3.851370E+03,1.038280E+00,2.695344E-01,3.749243E+04,0.000000E+00,2.297980E+00,0.000000E+00,1.771524E+04,1.421015E+03,1.085800E+00,9.944836E-02,8.518588E+03,1.115821E+04,5.221199E-01,7.808968E-01,8.790279E+03,1.650300E+02,5.387724E-01,1.154947E-02,1.937090E+04,1.096745E+04,1.187278E+00,7.675461E-01,1.693993E+04,9.591263E+03,1.038280E+00,6.712352E-01,1.602069E+04,0.000000E+00,9.819379E-01,0.000000E+00,9.699204E+03,1.198165E+04,5.944820E-01,8.385244E-01,8.876702E+03,8.398229E+03,5.440694E-01,5.877412E-01,4.020479E+04,0.000000E+00,2.464225E+00,0.000000E+00,9.542630E+03,4.656890E+03,5.848854E-01,3.259079E-01,8.380250E+03,4.124598E+03,5.136410E-01,2.886560E-01 
17:00:00,1.771524E+04,0.000000E+00,1.085800E+00,0.000000E+00,1.937090E+04,5.722409E+03,1.187278E+00,4.004772E-01,1.693993E+04,3.906958E+03,1.038280E+00,2.734247E-01,3.749243E+04,0.000000E+00,2.297980E+00,0.000000E+00,1.771524E+04,9.299606E+02,1.085800E+00,6.508238E-02,8.518588E+03,1.143358E+04,5.221199E-01,8.001680E-01,8.790279E+03,8.876946E+01,5.387724E-01,6.212444E-03,1.937090E+04,1.037013E+04,1.187278E+00,7.257434E-01,1.693993E+04,9.010509E+03,1.038280E+00,6.305917E-01,1.602070E+04,0.000000E+00,9.819379E-01,0.000000E+00,9.699204E+03,1.224153E+04,5.944820E-01,8.567115E-01,8.876702E+03,8.469314E+03,5.440694E-01,5.927163E-01,4.020479E+04,0.000000E+00,2.464225E+00,0.000000E+00,9.542630E+03,4.509536E+03,5.848854E-01,3.155955E-01,8.380250E+03,3.957892E+03,5.136410E-01,2.769892E-01 
17:15:00,1.771524E+04,0.000000E+00,1.085800E+00,0.000000E+00,1.937090E+04,5.894371E+03,1.187278E+00,4.125118E-01,1.693993E+04,4.063984E+03,1.038280E+00,2.844139E-01,3.749243E+04,0.000000E+00,2.297980E+00,0.000000E+00,1.771524E+04,5.588419E+02,1.085800E+00,3.911001E-02,8.518588E+03,1.162236E+04,5.221199E-01,8.133796E-01,8.790279E+03,3.524670E+01,5.387724E-01,2.466706E-03,1.937090E+04,9.860815E+03,1.187278E+00,6.900995E-01,1.693993E+04,8.513288E+03,1.038280E+00,5.957941E-01,1.602070E+04,0.000000E+00,9.819379E-01,0.000000E+00,9.699204E+03,1.241448E+04,5.944820E-01,8.688151E-01,8.876702E+03,8.432950E+03,5.440694E-01,5.901716E-01,4.020479E+04,0.000000E+00,2.464225E+00,0.000000E+00,9.542630E+03,4.357812E+03,5.848854E-01,3.049772E-01,8.380250E+03,3.787359E+03,5.136410E-01,2.650546E-01 
17:30:00,1.771524E+04,0.000000E+00,1.085800E+00,0.000000E+00,1.937090E+04,6.166848E+03,1.187278E+00,4.315808E-01,1.693993E+04,4.317232E+03,1.038280E+00,3.021373E-01,3.749243E+04,0.000000E+00,2.297980E+00,0.000000E+00,1.771524E+04,2.909298E+02,1.085800E+00,2.036044E-02,8.518588E+03,1.171354E+04,5.221199E-01,8.197608E-01,8.790279E+03,4.643694E+00,5.387724E-01,3.249844E-04,1.937090E+04,9.402768E+03,1.187278E+00,6.580436E-01,1.693993E+04,8.060296E+03,1.038280E+00,5.640920E-01,1.602070E+04,0.000000E+00,9.819379E-01,0.000000E+00,9.699204E+03,1.249000E+04,5.944820E-01,8.741003E-01,8.876702E+03,8.278551E+03,5.440694E-01,5.793662E-01,4.020479E+04,0.000000E+00,2.464225E+00,0.000000E+00,9.542630E+03,4.201057E+03,5.848854E-01,2.940069E-01,8.380250E+03,3.612503E+03,5.136410E-01,2.528175E-01 
17:45:00,1.771524E+04,0.000000E+00,1.085800E+00,0.000000E+00,1.937090E+04,6.485923E+03,1.187278E+00,4.539110E-01,1.693993E+04,4.611886E+03,1.038280E+00,3.227583E-01,3.749243E+04,0.000000E+00,2.297980E+00,0.000000E+00,1.771524E+04,1.186406E+02,1.085800E+00,8.302944E-03,8.518588E+03,1.168225E+04,5.221199E-01,8.175706E-01,8.790279E+03,0.000000E+00,5.387724E-01,0.000000E+00,1.937090E+04,8.962741E+03,1.187278E+00,6.272487E-01,1.693993E+04,7.617569E+03,1.038280E+00,5.331082E-01,1.602070E+04,0.000000E+00,9.819379E-01,0.000000E+00,9.699204E+03,1.244503E+04,5.944820E-01,8.709532E-01,8.876702E+03,7.978830E+03,5.440694E-01,5.583906E-01,4.020479E+04,0.000000E+00,2.464225E+00,0.000000E+00,9.542630E+03,4.035225E+03,5.848854E-01,2.824013E-01,8.380250E+03,3.429083E+03,5.136410E-01,2.399810E-01 
18:00:00,1.771524E+04,0.000000E+00,1.085800E+00,0.000000E+00,1.937090E+04,6.791190E+03,1.187278E+00,4.752748E-01,1.693993E+04,4.890319E+03,1.038280E+00,3.422442E-01,3.749243E+04,0.000000E+00,2.297980E+00,0.000000E+00,1.771524E+04,2.664800E+01,1.085800E+00,1.864934E-03,8.518588E+03,1.152223E+04,5.221199E-01,8.063723E-01,8.790279E+03,0.000000E+00,5.387724E-01,0.000000E+00,1.937090E+04,8.528547E+03,1.187278E+00,5.968621E-01,1.693993E+04,7.174961E+03,1.038280E+00,5.021327E-01,1.602070E+04,0.000000E+00,9.819379E-01,0.000000E+00,9.699204E+03,1.227226E+04,5.944820E-01,8.588619E-01,8.876702E+03,7.532941E+03,5.440694E-01,5.271855E-01,4.020479E+04,1.318274E+02,2.464225E+00,9.231667E-03,9.542630E+03,3.860626E+03,5.848854E-01,2.701822E-01,8.380250E+03,3.237903E+03,5.136410E-01,2.266015E-01 
18:15:00,1.771524E+04,0.000000E+00,1.085800E+00,0.000000E+00,1.937090E+04,7.024131E+03,1.187278E+00,4.915770E-01,1.693993E+04,5.097413E+03,1.038280E+00,3.567375E-01,3.749243E+04,0.000000E+00,2.297980E+00,0.000000E+00,1.771524E+04,0.000000E+00,1.085800E+00,0.000000E+00,8.518588E+03,1.122736E+04,5.221199E-01,7.857361E-01,8.790279E+03,0.000000E+00,5.387724E-01,0.000000E+00,1.937090E+04,8.092036E+03,1.187278E+00,5.663132E-01,1.693993E+04,6.726880E+03,1.038280E+00,4.707741E-01,1.602070E+04,0.000000E+00,9.819379E-01,0.000000E+00,9.699204E+03,1.196477E+04,5.944820E-01,8.373428E-01,8.876702E+03,6.939169E+03,5.440694E-01,4.856310E-01,4.020479E+04,3.051963E+02,2.464225E+00,2.136478E-02,9.542630E+03,3.676809E+03,5.848854E-01,2.573179E-01,8.380250E+03,3.038950E+03,5.136410E-01,2.126780E-01 
18:30:00,1.771524E+04,0.000000E+00,1.085800E+00,0.000000E+00,1.937090E+04,7.134551E+03,1.187278E+00,4.993046E-01,1.693993E+04,5.185950E+03,1.038280E+00,3.629336E-01,3.749243E+04,0.000000E+00,2.297980E+00,0.000000E+00,1.771524E+04,0.000000E+00,1.085800E+00,0.000000E+00,8.518588E+03,1.078950E+04,5.221199E-01,7.550928E-01,8.790279E+03,0.000000E+00,5.387724E-01,0.000000E+00,1.937090E+04,7.648855E+03,1.187278E+00,5.352977E-01,1.693993E+04,6.270742E+03,1.038280E+00,4.388518E-01,1.602070E+04,0.000000E+00,9.819379E-01,0.000000E+00,9.699204E+03,1.151472E+04,5.944820E-01,8.058467E-01,8.876702E+03,6.195562E+03,5.440694E-01,4.335904E-01,4.020479E+04,4.763015E+02,2.464225E+00,3.333947E-02,9.542630E+03,3.484148E+03,5.848854E-01,2.438347E-01,8.380250E+03,2.832778E+03,5.136410E-01,1.982492E-01 
18:45:00,1.771524E+04,0.000000E+00,1.085800E+00,0.000000E+00,1.937090E+04,7.092997E+03,1.187278E+00,4.963965E-01,1.693993E+04,5.130195E+03,1.038280E+00,3.590317E-01,3.749243E+04,0.000000E+00,2.297980E+00,0.000000E+00,1.771524E+04,0.000000E+00,1.085800E+00,0.000000E+00,8.518588E+03,1.021576E+04,5.221199E-01,7.149397E-01,8.790279E+03,0.000000E+00,5.387724E-01,0.000000E+00,1.937090E+04,7.203741E+03,1.187278E+00,5.041468E-01,1.693993E+04,5.813460E+03,1.038280E+00,4.068493E-01,1.602070E+04,0.000000E+00,9.819379E-01,0.000000E+00,9.699204E+03,1.092798E+04,5.944820E-01,7.647844E-01,8.876702E+03,5.324040E+03,5.440694E-01,3.725978E-01,4.020479E+04,6.900800E+02,2.464225E+00,4.830063E-02,9.542630E+03,3.286532E+03,5.848854E-01,2.300047E-01,8.380250E+03,2.623805E+03,5.136410E-01,1.836244E-01 
19:00:00,1.771524E+04,0.000000E+00,1.085800E+00,0.000000E+00,1.937090E+04,6.853219E+03,1.187278E+00,4.796159E-01,1.693993E+04,4.885046E+03,1.038280E+00,3.418752E-01,3.749243E+04,0.000000E+00,2.297980E+00,0.000000E+00,1.771524E+04,0.000000E+00,1.085800E+00,0.000000E+00,8.518588E+03,9.470388E+03,5.221199E-01,6.627759E-01,8.790279E+03,0.000000E+00,5.387724E-01,0.000000E+00,1.937090E+04,6.752554E+03,1.187278E+00,4.725709E-01,1.693993E+04,5.351294E+03,1.038280E+00,3.745051E-01,1.602070E+04,0.000000E+00,9.819379E-01,0.000000E+00,9.699204E+03,1.017357E+04,5.944820E-01,7.119875E-01,8.876702E+03,4.306009E+03,5.440694E-01,3.013519E-01,4.020479E+04,7.939972E+02,2.464225E+00,5.556743E-02,9.542630E+03,3.082928E+03,5.848854E-01,2.157557E-01,8.380250E+03,2.410811E+03,5.136410E-01,1.687183E-01 
19:15:00,1.771524E+04,0.000000E+00,1.085800E+00,0.000000E+00,1.937090E+04,6.400024E+03,1.187278E+00,4.478994E-01,1.693993E+04,4.437895E+03,1.038280E+00,3.105818E-01,3.749243E+04,0.000000E+00,2.297980E+00,0.000000E+00,1.771524E+04,0.000000E+00,1.085800E+00,0.000000E+00,8.518588E+03,8.550605E+03,5.221199E-01,5.984058E-01,8.790279E+03,0.000000E+00,5.387724E-01,0.000000E+00,1.937090E+04,6.301105E+03,1.187278E+00,4.409767E-01,1.693993E+04,4.890699E+03,1.038280E+00,3.422708E-01,1.602070E+04,0.000000E+00,9.819379E-01,0.000000E+00,9.699204E+03,9.249775E+03,5.944820E-01,6.473365E-01,8.876702E+03,3.214512E+03,5.440694E-01,2.249645E-01,4.020479E+04,8.723880E+02,2.464225E+00,6.105357E-02,9.542630E+03,2.876773E+03,5.848854E-01,2.013282E-01,8.380250E+03,2.197266E+03,5.136410E-01,1.537735E-01 
19:30:00,1.771524E+04,0.000000E+00,1.085800E+00,0.000000E+00,1.937090E+04,5.786899E+03,1.187278E+00,4.049905E-01,1.693993E+04,3.847294E+03,1.038280E+00,2.692491E-01,3.749243E+04,0.000000E+00,2.297980E+00,0.000000E+00,1.771524E+04,0.000000E+00,1.085800E+00,0.000000E+00,8.518588E+03,7.540728E+03,5.221199E-01,5.277305E-01,8.790279E+03,0.000000E+00,5.387724E-01,0.000000E+00,1.937090E+04,5.851523E+03,1.187278E+00,4.095131E-01,1.693993E+04,4.434783E+03,1.038280E+00,3.103640E-01,1.602070E+04,0.000000E+00,9.819379E-01,0.000000E+00,9.699204E+03,8.234199E+03,5.944820E-01,5.762624E-01,8.876702E+03,2.164310E+03,5.440694E-01,1.514671E-01,4.020479E+04,9.622331E+02,2.464225E+00,6.734131E-02,9.542630E+03,2.669562E+03,5.848854E-01,1.868267E-01,8.380250E+03,1.984960E+03,5.136410E-01,1.389155E-01 
19:45:00,1.771524E+04,0.000000E+00,1.085800E+00,0.000000E+00,1.937090E+04,5.117411E+03,1.187278E+00,3.581370E-01,1.693993E+04,3.219045E+03,1.038280E+00,2.252817E-01,3.749243E+04,0.000000E+00,2.297980E+00,0.000000E+00,1.771524E+04,0.000000E+00,1.085800E+00,0.000000E+00,8.518588E+03,6.560503E+03,5.221199E-01,4.591304E-01,8.790279E+03,0.000000E+00,5.387724E-01,0.000000E+00,1.937090E+04,5.420626E+03,1.187278E+00,3.793572E-01,1.693993E+04,4.001873E+03,1.038280E+00,2.800672E-01,1.602070E+04,0.000000E+00,9.819379E-01,0.000000E+00,9.699204E+03,7.239503E+03,5.944820E-01,5.066496E-01,8.876702E+03,1.256287E+03,5.440694E-01,8.791999E-02,4.020479E+04,1.012054E+03,2.464225E+00,7.082801E-02,9.542630E+03,2.469926E+03,5.848854E-01,1.728554E-01,8.380250E+03,1.783082E+03,5.136410E-01,1.247873E-01 
20:00:00,1.771524E+04,0.000000E+00,1.085800E+00,0.000000E+00,1.937090E+04,4.495661E+03,1.187278E+00,3.146245E-01,1.693993E+04,2.655017E+03,1.038280E+00,1.858088E-01,3.749243E+04,0.000000E+00,2.297980E+00,0.000000E+00,1.771524E+04,0.000000E+00,1.085800E+00,0.000000E+00,8.518588E+03,5.719250E+03,5.221199E-01,4.002562E-01,8.790279E+03,0.000000E+00,5.387724E-01,0.000000E+00,1.937090E+04,5.023560E+03,1.187278E+00,3.515689E-01,1.693993E+04,3.607030E+03,1.038280E+00,2.524345E-01,1.602070E+04,0.000000E+00,9.819379E-01,0.000000E+00,9.699204E+03,6.371565E+03,5.944820E-01,4.459078E-01,8.876702E+03,6.079552E+02,5.440694E-01,4.254715E-02,4.020479E+04,1.038271E+03,2.464225E+00,7.266272E-02,9.542630E+03,2.285593E+03,5.848854E-01,1.599550E-01,8.380250E+03,1.599215E+03,5.136410E-01,1.119195E-01 
20:15:00,1.771524E+04,0.000000E+00,1.085800E+00,0.000000E+00,1.937090E+04,3.992949E+03,1.187278E+00,2.794426E-01,1.693993E+04,2.219401E+03,1.038280E+00,1.553226E-01,3.749243E+04,0.000000E+00,2.297980E+00,0.000000E+00,1.771524E+04,0.000000E+00,1.085800E+00,0.000000E+00,8.518588E+03,5.075301E+03,5.221199E-01,3.551900E-01,8.790279E+03,0.000000E+00,5.387724E-01,0.000000E+00,1.937090E+04,4.666280E+03,1.187278E+00,3.265650E-01,1.693993E+04,3.254522E+03,1.038280E+00,2.277645E-01,1.602070E+04,0.000000E+00,9.819379E-01,0.000000E+00,9.699204E+03,5.691427E+03,5.944820E-01,3.983089E-01,8.876702E+03,2.335772E+02,5.440694E-01,1.634667E-02,4.020479E+04,1.045405E+03,2.464225E+00,7.316197E-02,9.542630E+03,2.119579E+03,5.848854E-01,1.483366E-01,8.380250E+03,1.435802E+03,5.136410E-01,1.004832E-01 
20:30:00,1.771524E+04,0.000000E+00,1.085800E+00,0.000000E+00,1.937090E+04,3.612333E+03,1.187278E+00,2.528056E-01,1.693993E+04,1.902823E+03,1.038280E+00,1.331672E-01,3.749243E+04,0.000000E+00,2.297980E+00,0.000000E+00,1.771524E+04,0.000000E+00,1.085800E+00,0.000000E+00,8.518588E+03,4.595418E+03,5.221199E-01,3.216059E-01,8.790279E+03,0.000000E+00,5.387724E-01,0.000000E+00,1.937090E+04,4.353394E+03,1.187278E+00,3.046680E-01,1.693993E+04,2.948341E+03,1.038280E+00,2.063368E-01,1.602070E+04,0.000000E+00,9.819379E-01,0.000000E+00,9.699204E+03,5.174951E+03,5.944820E-01,3.621639E-01,8.876702E+03,5.443590E+01,5.440694E-01,3.809644E-03,4.020479E+04,1.038062E+03,2.464225E+00,7.264813E-02,9.542630E+03,1.974656E+03,5.848854E-01,1.381943E-01,8.380250E+03,1.294712E+03,5.136410E-01,9.060918E-02 
20:45:00,1.771524E+04,0.000000E+00,1.085800E+00,0.000000E+00,1.937090E+04,3.307865E+03,1.187278E+00,2.314977E-01,1.693993E+04,1.651391E+03,1.038280E+00,1.155710E-01,3.749243E+04,0.000000E+00,2.297980E+00,0.000000E+00,1.771524E+04,0.000000E+00,1.085800E+00,0.000000E+00,8.518588E+03,4.207094E+03,5.221199E-01,2.944294E-01,8.790279E+03,0.000000E+00,5.387724E-01,0.000000E+00,1.937090E+04,4.073854E+03,1.187278E+00,2.851047E-01,1.693993E+04,2.675744E+03,1.038280E+00,1.872593E-01,1.602070E+04,0.000000E+00,9.819379E-01,0.000000E+00,9.699204E+03,4.758513E+03,5.944820E-01,3.330199E-01,8.876702E+03,0.000000E+00,5.440694E-01,0.000000E+00,4.020479E+04,1.023468E+03,2.464225E+00,7.162684E-02,9.542630E+03,1.845528E+03,5.848854E-01,1.291575E-01,8.380250E+03,1.168428E+03,5.136410E-01,8.177131E-02 
21:00:00,1.771524E+04,0.000000E+00,1.085800E+00,0.000000E+00,1.937090E+04,3.051777E+03,1.187278E+00,2.135757E-01,1.693993E+04,1.433994E+03,1.038280E+00,1.003567E-01,3.749243E+04,0.000000E+00,2.297980E+00,0.000000E+00,1.771524E+04,0.000000E+00,1.085800E+00,0.000000E+00,8.518588E+03,3.872342E+03,5.221199E-01,2.710021E-01,8.790279E+03,0.000000E+00,5.387724E-01,0.000000E+00,1.937090E+04,3.819092E+03,1.187278E+00,2.672754E-01,1.693993E+04,2.425369E+03,1.038280E+00,1.697371E-01,1.602070E+04,0.000000E+00,9.819379E-01,0.000000E+00,9.699204E+03,4.405634E+03,5.944820E-01,3.083240E-01,8.876702E+03,0.000000E+00,5.440694E-01,0.000000E+00,4.020479E+04,1.004845E+03,2.464225E+00,7.032354E-02,9.542630E+03,1.728361E+03,5.848854E-01,1.209577E-01,8.380250E+03,1.051912E+03,5.136410E-01,7.361706E-02 
21:15:00,1.771524E+04,0.000000E+00,1.085800E+00,0.000000E+00,1.937090E+04,2.827114E+03,1.187278E+00,1.978528E-01,1.693993E+04,1.237653E+03,1.038280E+00,8.661597E-02,3.749243E+04,0.000000E+00,2.297980E+00,0.000000E+00,1.771524E+04,0.000000E+00,1.085800E+00,0.000000E+00,8.518588E+03,3.573975E+03,5.221199E-01,2.501212E-01,8.790279E+03,0.000000E+00,5.387724E-01,0.000000E+00,1.937090E+04,3.583638E+03,1.187278E+00,2.507974E-01,1.693993E+04,2.190778E+03,1.038280E+00,1.533194E-01,1.602070E+04,0.000000E+00,9.819379E-01,0.000000E+00,9.699204E+03,4.096893E+03,5.944820E-01,2.867171E-01,8.876702E+03,0.000000E+00,5.440694E-01,0.000000E+00,4.020479E+04,9.829686E+02,2.464225E+00,6.879262E-02,9.542630E+03,1.620030E+03,5.848854E-01,1.133762E-01,8.380250E+03,9.418240E+02,5.136410E-01,6.591264E-02 
21:30:00,1.771524E+04,0.000000E+00,1.085800E+00,0.000000E+00,1.937090E+04,2.623388E+03,1.187278E+00,1.835952E-01,1.693993E+04,1.056876E+03,1.038280E+00,7.396441E-02,3.749243E+04,0.000000E+00,2.297980E+00,0.000000E+00,1.771524E+04,0.000000E+00,1.085800E+00,0.000000E+00,8.518588E+03,3.302428E+03,5.221199E-01,2.311172E-01,8.790279E+03,0.000000E+00,5.387724E-01,0.000000E+00,1.937090E+04,3.363849E+03,1.187278E+00,2.354157E-01,1.693993E+04,1.967528E+03,1.038280E+00,1.376955E-01,1.602070E+04,0.000000E+00,9.819379E-01,0.000000E+00,9.699204E+03,3.820710E+03,5.944820E-01,2.673887E-01,8.876702E+03,0.000000E+00,5.440694E-01,0.000000E+00,4.020479E+04,9.590944E+02,2.464225E+00,6.712178E-02,9.542630E+03,1.517871E+03,5.848854E-01,1.062267E-01,8.380250E+03,8.366094E+02,5.136410E-01,5.854929E-02 
21:45:00,1.771524E+04,0.000000E+00,1.085800E+00,0.000000E+00,1.937090E+04,2.434089E+03,1.187278E+00,1.703474E-01,1.693993E+04,8.892598E+02,1.038280E+00,6.223398E-02,3.749243E+04,0.000000E+00,2.297980E+00,0.000000E+00,1.771524E+04,0.000000E+00,1.085800E+00,0.000000E+00,8.518588E+03,3.052218E+03,5.221199E-01,2.136065E-01,8.790279E+03,0.000000E+00,5.387724E-01,0.000000E+00,1.937090E+04,3.155526E+03,1.187278E+00,2.208364E-01,1.693993E+04,1.752720E+03,1.038280E+00,1.226624E-01,1.602070E+04,0.000000E+00,9.819379E-01,0.000000E+00,9.699204E+03,3.569627E+03,5.944820E-01,2.498169E-01,8.876702E+03,0.000000E+00,5.440694E-01,0.000000E+00,4.020479E+04,9.313918E+02,2.464225E+00,6.518301E-02,9.542630E+03,1.420295E+03,5.848854E-01,9.939799E-02,8.380250E+03,7.359635E+02,5.136410E-01,5.150569E-02 
22:00:00,1.771524E+04,0.000000E+00,1.085800E+00,0.000000E+00,1.937090E+04,2.253903E+03,1.187278E+00,1.577372E-01,1.693993E+04,7.337426E+02,1.038280E+00,5.135026E-02,3.749243E+04,0.000000E+00,2.297980E+00,0.000000E+00,1.771524E+04,0.000000E+00,1.085800E+00,0.000000E+00,8.518588E+03,2.819851E+03,5.221199E-01,1.973445E-01,8.790279E+03,0.000000E+00,5.387724E-01,0.000000E+00,1.937090E+04,2.955838E+03,1.187278E+00,2.068615E-01,1.693993E+04,1.546797E+03,1.038280E+00,1.082511E-01,1.602070E+04,0.000000E+00,9.819379E-01,0.000000E+00,9.699204E+03,3.338708E+03,5.944820E-01,2.336563E-01,8.876702E+03,0.000000E+00,5.440694E-01,0.000000E+00,4.020479E+04,8.996544E+02,2.464225E+00,6.296187E-02,9.542630E+03,1.325804E+03,5.848854E-01,9.278511E-02,8.380250E+03,6.399886E+02,5.136410E-01,4.478898E-02 
22:15:00,1.771524E+04,0.000000E+00,1.085800E+00,0.000000E+00,1.937090E+04,2.082816E+03,1.187278E+00,1.457638E-01,1.693993E+04,5.876987E+02,1.038280E+00,4.112952E-02,3.749243E+04,0.000000E+00,2.297980E+00,0.000000E+00,1.771524E+04,0.000000E+00,1.085800E+00,0.000000E+00,8.518588E+03,2.603820E+03,5.221199E-01,1.822258E-01,8.790279E+03,0.000000E+00,5.387724E-01,0.000000E+00,1.937090E+04,2.763145E+03,1.187278E+00,1.933760E-01,1.693993E+04,1.350721E+03,1.038280E+00,9.452891E-02,1.602070E+04,0.000000E+00,9.819379E-01,0.000000E+00,9.699204E+03,3.125127E+03,5.944820E-01,2.187089E-01,8.876702E+03,0.000000E+00,5.440694E-01,0.000000E+00,4.020479E+04,8.631841E+02,2.464225E+00,6.040950E-02,9.542630E+03,1.234376E+03,5.848854E-01,8.638657E-02,8.380250E+03,5.491505E+02,5.136410E-01,3.843177E-02 
22:30:00,1.771524E+04,0.000000E+00,1.085800E+00,0.000000E+00,1.937090E+04,1.920018E+03,1.187278E+00,1.343706E-01,1.693993E+04,4.487191E+02,1.038280E+00,3.140317E-02,3.749243E+04,0.000000E+00,2.297980E+00,0.000000E+00,1.771524E+04,0.000000E+00,1.085800E+00,0.000000E+00,8.518588E+03,2.401600E+03,5.221199E-01,1.680737E-01,8.790279E+03,0.000000E+00,5.387724E-01,0.000000E+00,1.937090E+04,2.576496E+03,1.187278E+00,1.803136E-01,1.693993E+04,1.164723E+03,1.038280E+00,8.151198E-02,1.602070E+04,0.000000E+00,9.819379E-01,0.000000E+00,9.699204E+03,2.926798E+03,5.944820E-01,2.048291E-01,8.876702E+03,0.000000E+00,5.440694E-01,0.000000E+00,4.020479E+04,8.215841E+02,2.464225E+00,5.749813E-02,9.542630E+03,1.146265E+03,5.848854E-01,8.022026E-02,8.380250E+03,4.633494E+02,5.136410E-01,3.242706E-02 
22:45:00,1.771524E+04,0.000000E+00,1.085800E+00,0.000000E+00,1.937090E+04,1.764755E+03,1.187278E+00,1.235046E-01,1.693993E+04,3.144057E+02,1.038280E+00,2.200338E-02,3.749243E+04,0.000000E+00,2.297980E+00,0.000000E+00,1.771524E+04,0.000000E+00,1.085800E+00,0.000000E+00,8.518588E+03,2.211064E+03,5.221199E-01,1.547392E-01,8.790279E+03,0.000000E+00,5.387724E-01,0.000000E+00,1.937090E+04,2.396618E+03,1.187278E+00,1.677250E-01,1.693993E+04,9.891171E+02,1.038280E+00,6.922239E-02,1.602070E+04,0.000000E+00,9.819379E-01,0.000000E+00,9.699204E+03,2.742220E+03,5.944820E-01,1.919116E-01,8.876702E+03,0.000000E+00,5.440694E-01,0.000000E+00,4.020479E+04,7.746695E+02,2.464225E+00,5.421482E-02,9.542630E+03,1.061461E+03,5.848854E-01,7.428534E-02,8.380250E+03,3.837459E+02,5.136410E-01,2.685608E-02 
23:00:00,1.771524E+04,0.000000E+00,1.085800E+00,0.000000E+00,1.937090E+04,1.616411E+03,1.187278E+00,1.131230E-01,1.693993E+04,1.858169E+02,1.038280E+00,1.300421E-02,3.749243E+04,0.000000E+00,2.297980E+00,0.000000E+00,1.771524E+04,0.000000E+00,1.085800E+00,0.000000E+00,8.518588E+03,2.030682E+03,5.221199E-01,1.421153E-01,8.790279E+03,0.000000E+00,5.387724E-01,0.000000E+00,1.937090E+04,2.223508E+03,1.187278E+00,1.556100E-01,1.693993E+04,8.248765E+02,1.038280E+00,5.772818E-02,1.602070E+04,0.000000E+00,9.819379E-01,0.000000E+00,9.699204E+03,2.568995E+03,5.944820E-01,1.797886E-01,8.876702E+03,0.000000E+00,5.440694E-01,0.000000E+00,4.020479E+04,7.224414E+02,2.464225E+00,5.055965E-02,9.542630E+03,9.798896E+02,5.848854E-01,6.857662E-02,8.380250E+03,3.077320E+02,5.136410E-01,2.153633E-02 
23:15:00,1.771524E+04,0.000000E+00,1.085800E+00,0.000000E+00,1.937090E+04,1.473517E+03,1.187278E+00,1.031227E-01,1.693993E+04,9.057201E+01,1.038280E+00,6.338594E-03,3.749243E+04,0.000000E+00,2.297980E+00,0.000000E+00,1.771524E+04,0.000000E+00,1.085800E+00,0.000000E+00,8.518588E+03,1.858107E+03,5.221199E-01,1.300378E-01,8.790279E+03,0.000000E+00,5.387724E-01,0.000000E+00,1.937090E+04,2.055999E+03,1.187278E+00,1.438871E-01,1.693993E+04,6.693884E+02,1.038280E+00,4.684650E-02,1.602070E+04,0.000000E+00,9.819379E-01,0.000000E+00,9.699204E+03,2.404926E+03,5.944820E-01,1.683064E-01,8.876702E+03,0.000000E+00,5.440694E-01,0.000000E+00,4.020479E+04,6.650532E+02,2.464225E+00,4.654335E-02,9.542630E+03,9.009755E+02,5.848854E-01,6.305389E-02,8.380250E+03,2.344648E+02,5.136410E-01,1.640879E-02 
23:30:00,1.771524E+04,0.000000E+00,1.085800E+00,0.000000E+00,1.937090E+04,1.335283E+03,1.187278E+00,9.344851E-02,1.693993E+04,2.892852E+01,1.038280E+00,2.024534E-03,3.749243E+04,0.000000E+00,2.297980E+00,0.000000E+00,1.771524E+04,0.000000E+00,1.085800E+00,0.000000E+00,8.518588E+03,1.693245E+03,5.221199E-01,1.185001E-01,8.790279E+03,0.000000E+00,5.387724E-01,0.000000E+00,1.937090E+04,1.893543E+03,1.187278E+00,1.325178E-01,1.693993E+04,5.195474E+02,1.038280E+00,3.636002E-02,1.602070E+04,0.000000E+00,9.819379E-01,0.000000E+00,9.699204E+03,2.248373E+03,5.944820E-01,1.573502E-01,8.876702E+03,0.000000E+00,5.440694E-01,0.000000E+00,4.020479E+04,6.027611E+02,2.464225E+00,4.218385E-02,9.542630E+03,8.244218E+02,5.848854E-01,5.769636E-02,8.380250E+03,1.630660E+02,5.136410E-01,1.141202E-02 
23:45:00,1.771524E+04,0.000000E+00,1.085800E+00,0.000000E+00,1.937090E+04,1.201204E+03,1.187278E+00,8.406508E-02,1.693993E+04,0.000000E+00,1.038280E+00,0.000000E+00,3.749243E+04,0.000000E+00,2.297980E+00,0.000000E+00,1.771524E+04,0.000000E+00,1.085800E+00,0.000000E+00,8.518588E+03,1.535812E+03,5.221199E-01,1.074823E-01,8.790279E+03,0.000000E+00,5.387724E-01,0.000000E+00,1.937090E+04,1.735751E+03,1.187278E+00,1.214748E-01,1.693993E+04,3.737812E+02,1.038280E+00,2.615871E-02,1.602070E+04,0.000000E+00,9.819379E-01,0.000000E+00,9.699204E+03,2.097956E+03,5.944820E-01,1.468234E-01,8.876702E+03,0.000000E+00,5.440694E-01,0.000000E+00,4.020479E+04,5.358900E+02,2.464225E+00,3.750390E-02,9.542630E+03,7.500417E+02,5.848854E-01,5.249094E-02,8.380250E+03,9.500929E+01,5.136410E-01,6.649133E-03 
24:00:00,1.771524E+04,0.000000E+00,1.085800E+00,0.000000E+00,1.937090E+04,1.070926E+03,1.187278E+00,7.494774E-02,1.693993E+04,0.000000E+00,1.038280E+00,0.000000E+00,3.749243E+04,0.000000E+00,2.297980E+00,0.000000E+00,1.771524E+04,0.000000E+00,1.085800E+00,0.000000E+00,8.518588E+03,1.385486E+03,5.221199E-01,9.696190E-02,8.790279E+03,0.000000E+00,5.387724E-01,0.000000E+00,1.937090E+04,1.582338E+03,1.187278E+00,1.107384E-01,1.693993E+04,2.300164E+02,1.038280E+00,1.609747E-02,1.602070E+04,0.000000E+00,9.819379E-01,0.000000E+00,9.699204E+03,1.953729E+03,5.944820E-01,1.367298E-01,8.876702E+03,0.000000E+00,5.440694E-01,0.000000E+00,4.020479E+04,4.648164E+02,2.464225E+00,3.252985E-02,9.542630E+03,6.777029E+02,5.848854E-01,4.742838E-02,8.380250E+03,4.555256E+01,5.136410E-01,3.187952E-03 
Peak,1.771524E+04,0.000000E+00,1.085800E+00,0.000000E+00,1.937090E+04,7.134551E+03,1.187278E+00,4.993046E-01,1.693993E+04,5.185950E+03,1.038280E+00,3.629336E-01,3.749243E+04,0.000000E+00,2.297980E+00,0.000000E+00,1.771524E+04,7.919536E+03,1.085800E+00,5.542378E-01,8.518588E+03,1.171354E+04,5.221199E-01,8.197608E-01,8.790279E+03,6.768142E+03,5.387724E-01,4.736609E-01,1.937090E+04,1.585061E+04,1.187278E+00,1.109290E+00,1.693993E+04,1.428118E+04,1.038280E+00,9.994548E-01,1.602070E+04,0.000000E+00,9.819379E-01,0.000000E+00,9.699204E+03,1.249000E+04,5.944820E-01,8.741003E-01,8.876702E+03,8.469314E+03,5.440694E-01,5.927163E-01,4.020479E+04,1.045405E+03,2.464225E+00,7.316197E-02,9.542630E+03,1.054393E+04,5.848854E-01,7.379069E-01,8.380250E+03,9.886509E+03,5.136410E-01,6.918977E-01 

Peak Vol Flow (m3/s),,,9.018096E-01,0.000000E+00,,,9.860922E-01,4.146968E-01,,,8.623419E-01,3.014341E-01,,,1.908585E+00,0.000000E+00,,,9.018096E-01,4.603215E-01,,,4.336461E-01,6.808514E-01,,,4.474767E-01,3.933984E-01,,,9.860922E-01,9.213193E-01,,,8.623419E-01,8.300960E-01,,,8.155473E-01,0.000000E+00,,,4.937463E-01,7.259829E-01,,,4.518762E-01,4.922798E-01,,,2.046659E+00,6.076459E-02,,,4.857758E-01,6.128677E-01,,,4.266039E-01,5.746548E-01 
