Time,THERMAL ZONE 14:CHICAGO OHARE INTL AP ANN HTG 99.6% CONDNS DB:Des Heat Load [W],THERMAL ZONE 14:CHICAGO OHARE INTL AP ANN CLG .4% CONDNS DB=>MWB:Des Sens Cool Load [W],THERMAL ZONE 14:CHICAGO OHARE INTL AP ANN HTG 99.6% CONDNS DB:Des Heat Mass Flow [kg/s],THERMAL ZONE 14:CHICAGO OHARE INTL AP ANN CLG .4% CONDNS DB=>MWB:Des Cool Mass Flow [kg/s],THERMAL ZONE 5:CHICAGO OHARE INTL AP ANN HTG 99.6% CONDNS DB:Des Heat Load [W],THERMAL ZONE 5:CHICAGO OHARE INTL AP ANN CLG .4% CONDNS DB=>MWB:Des Sens Cool Load [W],THERMAL ZONE 5:CHICAGO OHARE INTL AP ANN HTG 99.6% CONDNS DB:Des Heat Mass Flow [kg/s],THERMAL ZONE 5:CHICAGO OHARE INTL AP ANN CLG .4% CONDNS DB=>MWB:Des Cool Mass Flow [kg/s],THERMAL ZONE 13:CHICAGO OHARE INTL AP ANN HTG 99.6% CONDNS DB:Des Heat Load [W],THERMAL ZONE 13:CHICAGO OHARE INTL AP ANN CLG .4% CONDNS DB=>MWB:Des Sens Cool Load [W],THERMAL ZONE 13:CHICAGO OHARE INTL AP ANN HTG 99.6% CONDNS DB:Des Heat Mass Flow [kg/s],THERMAL ZONE 13:CHICAGO OHARE INTL AP ANN CLG .4% CONDNS DB=>MWB:Des Cool Mass Flow [kg/s],THERMAL ZONE 4:CHICAGO OHARE INTL AP ANN HTG 99.6% CONDNS DB:Des Heat Load [W],THERMAL ZONE 4:CHICAGO OHARE INTL AP ANN CLG .4% CONDNS DB=>MWB:Des Sens Cool Load [W],THERMAL ZONE 4:CHICAGO OHARE INTL AP ANN HTG 99.6% CONDNS DB:Des Heat Mass Flow [kg/s],THERMAL ZONE 4:CHICAGO OHARE INTL AP ANN CLG .4% CONDNS DB=>MWB:Des Cool Mass Flow [kg/s],THERMAL ZONE 12:CHICAGO OHARE INTL AP ANN HTG 99.6% CONDNS DB:Des Heat Load [W],THERMAL ZONE 12:CHICAGO OHARE INTL AP ANN CLG .4% CONDNS DB=>MWB:Des Sens Cool Load [W],THERMAL ZONE 12:CHICAGO OHARE INTL AP ANN HTG 99.6% CONDNS DB:Des Heat Mass Flow [kg/s],THERMAL ZONE 12:CHICAGO OHARE INTL AP ANN CLG .4% CONDNS DB=>MWB:Des Cool Mass Flow [kg/s],THERMAL ZONE 11:CHICAGO OHARE INTL AP ANN HTG 99.6% CONDNS DB:Des Heat Load [W],THERMAL ZONE 11::Des Sens Cool Load [W],THERMAL ZONE 11:CHICAGO OHARE INTL AP ANN HTG 99.6% CONDNS DB:Des Heat Mass Flow [kg/s],THERMAL ZONE 11::Des Cool Mass Flow [kg/s],THERMAL ZONE 8:CHICAGO OHARE INTL AP ANN HTG 99.6% CONDNS DB:Des Heat Load [W],THERMAL ZONE 8:CHICAGO OHARE INTL AP ANN CLG .4% CONDNS DB=>MWB:Des Sens Cool Load [W],THERMAL ZONE 8:CHICAGO OHARE INTL AP ANN HTG 99.6% CONDNS DB:Des Heat Mass Flow [kg/s],THERMAL ZONE 8:CHICAGO OHARE INTL AP ANN CLG .4% CONDNS DB=>MWB:Des Cool Mass Flow [kg/s],THERMAL ZONE 7:CHICAGO OHARE INTL AP ANN HTG 99.6% CONDNS DB:Des Heat Load [W],THERMAL ZONE 7:CHICAGO OHARE INTL AP ANN CLG .4% CONDNS DB=>MWB:Des Sens Cool Load [W],THERMAL ZONE 7:CHICAGO OHARE INTL AP ANN HTG 99.6% CONDNS DB:Des Heat Mass Flow [kg/s],THERMAL ZONE 7:CHICAGO OHARE INTL AP ANN CLG .4% CONDNS DB=>MWB:Des Cool Mass Flow [kg/s],THERMAL ZONE 2:CHICAGO OHARE INTL AP ANN HTG 99.6% CONDNS DB:Des Heat Load [W],THERMAL ZONE 2:CHICAGO OHARE INTL AP ANN CLG .4% CONDNS DB=>MWB:Des Sens Cool Load [W],THERMAL ZONE 2:CHICAGO OHARE INTL AP ANN HTG 99.6% CONDNS DB:Des Heat Mass Flow [kg/s],THERMAL ZONE 2:CHICAGO OHARE INTL AP ANN CLG .4% CONDNS DB=>MWB:Des Cool Mass Flow [kg/s],THERMAL ZONE 1:CHICAGO OHARE INTL AP ANN HTG 99.6% CONDNS DB:Des Heat Load [W],THERMAL ZONE 1:CHICAGO OHARE INTL AP ANN CLG .4% CONDNS DB=>MWB:Des Sens Cool Load [W],THERMAL ZONE 1:CHICAGO OHARE INTL AP ANN HTG 99.6% CONDNS DB:Des Heat Mass Flow [kg/s],THERMAL ZONE 1:CHICAGO OHARE INTL AP ANN CLG .4% CONDNS DB=>MWB:Des Cool Mass Flow [kg/s],THERMAL ZONE 6:CHICAGO OHARE INTL AP ANN HTG 99.6% CONDNS DB:Des Heat Load [W],THERMAL ZONE 6:CHICAGO OHARE INTL AP ANN CLG .4% CONDNS DB=>MWB:Des Sens Cool Load [W],THERMAL ZONE 6:CHICAGO OHARE INTL AP ANN HTG 99.6% CONDNS DB:Des Heat Mass Flow [kg/s],THERMAL ZONE 6:CHICAGO OHARE INTL AP ANN CLG .4% CONDNS DB=>MWB:Des Cool Mass Flow [kg/s],THERMAL ZONE 9:CHICAGO OHARE INTL AP ANN HTG 99.6% CONDNS DB:Des Heat Load [W],THERMAL ZONE 9:CHICAGO OHARE INTL AP ANN CLG .4% CONDNS DB=>MWB:Des Sens Cool Load [W],THERMAL ZONE 9:CHICAGO OHARE INTL AP ANN HTG 99.6% CONDNS DB:Des Heat Mass Flow [kg/s],THERMAL ZONE 9:CHICAGO OHARE INTL AP ANN CLG .4% CONDNS DB=>MWB:Des Cool Mass Flow [kg/s],THERMAL ZONE 10:CHICAGO OHARE INTL AP ANN HTG 99.6% CONDNS DB:Des Heat Load [W],THERMAL ZONE 10:CHICAGO OHARE INTL AP ANN CLG .4% CONDNS DB=>MWB:Des Sens Cool Load [W],THERMAL ZONE 10:CHICAGO OHARE INTL AP ANN HTG 99.6% CONDNS DB:Des Heat Mass Flow [kg/s],THERMAL ZONE 10:CHICAGO OHARE INTL AP ANN CLG .4% CONDNS DB=>MWB:Des Cool Mass Flow [kg/s],THERMAL ZONE 15:CHICAGO OHARE INTL AP ANN HTG 99.6% CONDNS DB:Des Heat Load [W],THERMAL ZONE 15:CHICAGO OHARE INTL AP ANN CLG .4% CONDNS DB=>MWB:Des Sens Cool Load [W],THERMAL ZONE 15:CHICAGO OHARE INTL AP ANN HTG 99.6% CONDNS DB:Des Heat Mass Flow [kg/s],THERMAL ZONE 15:CHICAGO OHARE INTL AP ANN CLG .4% CONDNS DB=>MWB:Des Cool Mass Flow [kg/s],THERMAL ZONE 3:CHICAGO OHARE INTL AP ANN HTG 99.6% CONDNS DB:Des Heat Load [W],THERMAL ZONE 3:CHICAGO OHARE INTL AP ANN CLG .4% CONDNS DB=>MWB:Des Sens Cool Load [W],THERMAL ZONE 3:CHICAGO OHARE INTL AP ANN HTG 99.6% CONDNS DB:Des Heat Mass Flow [kg/s],THERMAL ZONE 3:CHICAGO OHARE INTL AP ANN CLG .4% CONDNS DB=>MWB:Des Cool Mass Flow [kg/s] 
00:15:00,3.508366E+03,0.000000E+00,2.150342E-01,0.000000E+00,3.519850E+03,0.000000E+00,2.157381E-01,0.000000E+00,3.388364E+03,9.809791E+01,2.076791E-01,6.865287E-03,3.840210E+03,7.748762E+02,2.353735E-01,5.422895E-02,3.519652E+03,0.000000E+00,2.157259E-01,0.000000E+00,2.521978E+03,0.000000E+00,1.545767E-01,0.000000E+00,3.416544E+03,7.003909E+01,2.094063E-01,4.901618E-03,3.416544E+03,1.617466E+02,2.094063E-01,1.131968E-02,3.519652E+03,0.000000E+00,2.157259E-01,0.000000E+00,3.839588E+03,3.483215E+02,2.353354E-01,2.437694E-02,1.454272E+03,0.000000E+00,8.913501E-02,0.000000E+00,3.839588E+03,2.615145E+02,2.353354E-01,1.830184E-02,3.803862E+03,2.917239E+02,2.331457E-01,2.041601E-02,3.417049E+03,6.390358E+02,2.094372E-01,4.472230E-02,2.735992E+03,7.130182E+02,1.676940E-01,4.989989E-02 
00:30:00,3.508366E+03,0.000000E+00,2.150342E-01,0.000000E+00,3.519850E+03,0.000000E+00,2.157381E-01,0.000000E+00,3.388364E+03,7.062274E+01,2.076791E-01,4.942464E-03,3.840210E+03,7.193324E+02,2.353735E-01,5.034178E-02,3.519652E+03,0.000000E+00,2.157259E-01,0.000000E+00,2.521978E+03,0.000000E+00,1.545767E-01,0.000000E+00,3.416544E+03,4.473200E+01,2.094063E-01,3.130525E-03,3.416544E+03,1.308943E+02,2.094063E-01,9.160513E-03,3.519652E+03,0.000000E+00,2.157259E-01,0.000000E+00,3.839588E+03,3.164864E+02,2.353354E-01,2.214899E-02,1.454272E+03,0.000000E+00,8.913501E-02,0.000000E+00,3.839588E+03,2.336933E+02,2.353354E-01,1.635480E-02,3.803862E+03,2.625485E+02,2.331457E-01,1.837420E-02,3.417049E+03,5.809509E+02,2.094372E-01,4.065728E-02,2.735992E+03,6.900552E+02,1.676940E-01,4.829284E-02 
00:45:00,3.508366E+03,0.000000E+00,2.150342E-01,0.000000E+00,3.519850E+03,0.000000E+00,2.157381E-01,0.000000E+00,3.388364E+03,4.446620E+01,2.076791E-01,3.111924E-03,3.840210E+03,6.662437E+02,2.353735E-01,4.662641E-02,3.519652E+03,0.000000E+00,2.157259E-01,0.000000E+00,2.521978E+03,0.000000E+00,1.545767E-01,0.000000E+00,3.416544E+03,2.412306E+01,2.094063E-01,1.688229E-03,3.416544E+03,1.014188E+02,2.094063E-01,7.097694E-03,3.519652E+03,0.000000E+00,2.157259E-01,0.000000E+00,3.839588E+03,2.857492E+02,2.353354E-01,1.999788E-02,1.454272E+03,0.000000E+00,8.913501E-02,0.000000E+00,3.839588E+03,2.068271E+02,2.353354E-01,1.447459E-02,3.803862E+03,2.343417E+02,2.331457E-01,1.640017E-02,3.417049E+03,5.255259E+02,2.094372E-01,3.677842E-02,2.735992E+03,6.670926E+02,1.676940E-01,4.668583E-02 
01:00:00,3.508366E+03,0.000000E+00,2.150342E-01,0.000000E+00,3.519850E+03,0.000000E+00,2.157381E-01,0.000000E+00,3.388364E+03,2.366754E+01,2.076791E-01,1.656350E-03,3.840210E+03,6.154959E+02,2.353735E-01,4.307488E-02,3.519652E+03,0.000000E+00,2.157259E-01,0.000000E+00,2.521978E+03,0.000000E+00,1.545767E-01,0.000000E+00,3.416544E+03,1.005220E+01,2.094063E-01,7.034935E-04,3.416544E+03,7.331356E+01,2.094063E-01,5.130778E-03,3.519652E+03,0.000000E+00,2.157259E-01,0.000000E+00,3.839588E+03,2.560867E+02,2.353354E-01,1.792198E-02,1.454272E+03,0.000000E+00,8.913501E-02,0.000000E+00,3.839588E+03,1.808937E+02,2.353354E-01,1.265967E-02,3.803862E+03,2.070900E+02,2.331457E-01,1.449299E-02,3.417049E+03,4.726476E+02,2.094372E-01,3.307778E-02,2.735992E+03,6.441454E+02,1.676940E-01,4.507989E-02 
01:15:00,3.508366E+03,0.000000E+00,2.150342E-01,0.000000E+00,3.519850E+03,0.000000E+00,2.157381E-01,0.000000E+00,3.388364E+03,9.520852E+00,2.076791E-01,6.663076E-04,3.840210E+03,5.671447E+02,2.353735E-01,3.969107E-02,3.519652E+03,0.000000E+00,2.157259E-01,0.000000E+00,2.521978E+03,0.000000E+00,1.545767E-01,0.000000E+00,3.416544E+03,2.103010E+00,2.094063E-01,1.471771E-04,3.416544E+03,4.674664E+01,2.094063E-01,3.271518E-03,3.519652E+03,0.000000E+00,2.157259E-01,0.000000E+00,3.839588E+03,2.276383E+02,2.353354E-01,1.593104E-02,1.454272E+03,0.000000E+00,8.913501E-02,0.000000E+00,3.839588E+03,1.560339E+02,2.353354E-01,1.091988E-02,3.803862E+03,1.809404E+02,2.331457E-01,1.266294E-02,3.417049E+03,4.223776E+02,2.094372E-01,2.955969E-02,2.735992E+03,6.212358E+02,1.676940E-01,4.347658E-02 
01:30:00,3.508366E+03,0.000000E+00,2.150342E-01,0.000000E+00,3.519850E+03,0.000000E+00,2.157381E-01,0.000000E+00,3.388364E+03,1.731872E+00,2.076791E-01,1.212034E-04,3.840210E+03,5.211086E+02,2.353735E-01,3.646928E-02,3.519652E+03,0.000000E+00,2.157259E-01,0.000000E+00,2.521978E+03,0.000000E+00,1.545767E-01,0.000000E+00,3.416544E+03,0.000000E+00,2.094063E-01,0.000000E+00,3.416544E+03,2.513284E+01,2.094063E-01,1.758897E-03,3.519652E+03,0.000000E+00,2.157259E-01,0.000000E+00,3.839588E+03,2.003987E+02,2.353354E-01,1.402470E-02,1.454272E+03,0.000000E+00,8.913501E-02,0.000000E+00,3.839588E+03,1.322434E+02,2.353354E-01,9.254924E-03,3.803862E+03,1.558932E+02,2.331457E-01,1.091003E-02,3.417049E+03,3.746344E+02,2.094372E-01,2.621842E-02,2.735992E+03,5.983843E+02,1.676940E-01,4.187734E-02 
01:45:00,3.508366E+03,0.000000E+00,2.150342E-01,0.000000E+00,3.519850E+03,0.000000E+00,2.157381E-01,0.000000E+00,3.388364E+03,0.000000E+00,2.076791E-01,0.000000E+00,3.840210E+03,4.773128E+02,2.353735E-01,3.340427E-02,3.519652E+03,0.000000E+00,2.157259E-01,0.000000E+00,2.521978E+03,0.000000E+00,1.545767E-01,0.000000E+00,3.416544E+03,0.000000E+00,2.094063E-01,0.000000E+00,3.416544E+03,1.039260E+01,2.094063E-01,7.273162E-04,3.519652E+03,0.000000E+00,2.157259E-01,0.000000E+00,3.839588E+03,1.743650E+02,2.353354E-01,1.220277E-02,1.454272E+03,0.000000E+00,8.913501E-02,0.000000E+00,3.839588E+03,1.095234E+02,2.353354E-01,7.664886E-03,3.803862E+03,1.319528E+02,2.331457E-01,9.234586E-03,3.417049E+03,3.293413E+02,2.094372E-01,2.304863E-02,2.735992E+03,5.756182E+02,1.676940E-01,4.028408E-02 
02:00:00,3.508366E+03,0.000000E+00,2.150342E-01,0.000000E+00,3.519850E+03,0.000000E+00,2.157381E-01,0.000000E+00,3.388364E+03,0.000000E+00,2.076791E-01,0.000000E+00,3.840210E+03,4.356867E+02,2.353735E-01,3.049111E-02,3.519652E+03,0.000000E+00,2.157259E-01,0.000000E+00,2.521978E+03,0.000000E+00,1.545767E-01,0.000000E+00,3.416544E+03,0.000000E+00,2.094063E-01,0.000000E+00,3.416544E+03,2.223179E+00,2.094063E-01,1.555870E-04,3.519652E+03,0.000000E+00,2.157259E-01,0.000000E+00,3.839588E+03,1.495350E+02,2.353354E-01,1.046506E-02,1.454272E+03,0.000000E+00,8.913501E-02,0.000000E+00,3.839588E+03,8.787601E+01,2.353354E-01,6.149917E-03,3.803862E+03,1.091233E+02,2.331457E-01,7.636886E-03,3.417049E+03,2.864267E+02,2.094372E-01,2.004529E-02,2.735992E+03,5.529662E+02,1.676940E-01,3.869880E-02 
02:15:00,3.508366E+03,0.000000E+00,2.150342E-01,0.000000E+00,3.519850E+03,0.000000E+00,2.157381E-01,0.000000E+00,3.388364E+03,0.000000E+00,2.076791E-01,0.000000E+00,3.840210E+03,3.960117E+02,2.353735E-01,2.771450E-02,3.519652E+03,0.000000E+00,2.157259E-01,0.000000E+00,2.521978E+03,0.000000E+00,1.545767E-01,0.000000E+00,3.416544E+03,0.000000E+00,2.094063E-01,0.000000E+00,3.416544E+03,0.000000E+00,2.094063E-01,0.000000E+00,3.519652E+03,0.000000E+00,2.157259E-01,0.000000E+00,3.839588E+03,1.257509E+02,2.353354E-01,8.800555E-03,1.454272E+03,0.000000E+00,8.913501E-02,0.000000E+00,3.839588E+03,6.714912E+01,2.353354E-01,4.699366E-03,3.803862E+03,8.725373E+01,2.331457E-01,6.106368E-03,3.417049E+03,2.456652E+02,2.094372E-01,1.719264E-02,2.735992E+03,5.304571E+02,1.676940E-01,3.712352E-02 
02:30:00,3.508366E+03,0.000000E+00,2.150342E-01,0.000000E+00,3.519850E+03,0.000000E+00,2.157381E-01,0.000000E+00,3.388364E+03,0.000000E+00,2.076791E-01,0.000000E+00,3.840210E+03,3.582015E+02,2.353735E-01,2.506838E-02,3.519652E+03,0.000000E+00,2.157259E-01,0.000000E+00,2.521978E+03,0.000000E+00,1.545767E-01,0.000000E+00,3.416544E+03,0.000000E+00,2.094063E-01,0.000000E+00,3.416544E+03,0.000000E+00,2.094063E-01,0.000000E+00,3.519652E+03,0.000000E+00,2.157259E-01,0.000000E+00,3.839588E+03,1.029918E+02,2.353354E-01,7.207783E-03,1.454272E+03,0.000000E+00,8.913501E-02,0.000000E+00,3.839588E+03,4.733126E+01,2.353354E-01,3.312432E-03,3.803862E+03,6.633214E+01,2.331457E-01,4.642190E-03,3.417049E+03,2.069766E+02,2.094372E-01,1.448506E-02,2.735992E+03,5.081159E+02,1.676940E-01,3.555999E-02 
02:45:00,3.508366E+03,0.000000E+00,2.150342E-01,0.000000E+00,3.519850E+03,0.000000E+00,2.157381E-01,0.000000E+00,3.388364E+03,0.000000E+00,2.076791E-01,0.000000E+00,3.840210E+03,3.221781E+02,2.353735E-01,2.254732E-02,3.519652E+03,0.000000E+00,2.157259E-01,0.000000E+00,2.521978E+03,0.000000E+00,1.545767E-01,0.000000E+00,3.416544E+03,0.000000E+00,2.094063E-01,0.000000E+00,3.416544E+03,0.000000E+00,2.094063E-01,0.000000E+00,3.519652E+03,0.000000E+00,2.157259E-01,0.000000E+00,3.839588E+03,8.123977E+01,2.353354E-01,5.685486E-03,1.454272E+03,0.000000E+00,8.913501E-02,0.000000E+00,3.839588E+03,2.841341E+01,2.353354E-01,1.988485E-03,3.803862E+03,4.634791E+01,2.331457E-01,3.243613E-03,3.417049E+03,1.702986E+02,2.094372E-01,1.191818E-02,2.735992E+03,4.859640E+02,1.676940E-01,3.400972E-02 
03:00:00,3.508366E+03,0.000000E+00,2.150342E-01,0.000000E+00,3.519850E+03,0.000000E+00,2.157381E-01,0.000000E+00,3.388364E+03,0.000000E+00,2.076791E-01,0.000000E+00,3.840210E+03,2.878715E+02,2.353735E-01,2.014640E-02,3.519652E+03,0.000000E+00,2.157259E-01,0.000000E+00,2.521978E+03,0.000000E+00,1.545767E-01,0.000000E+00,3.416544E+03,0.000000E+00,2.094063E-01,0.000000E+00,3.416544E+03,0.000000E+00,2.094063E-01,0.000000E+00,3.519652E+03,0.000000E+00,2.157259E-01,0.000000E+00,3.839588E+03,6.048054E+01,2.353354E-01,4.232672E-03,1.454272E+03,0.000000E+00,8.913501E-02,0.000000E+00,3.839588E+03,1.431915E+01,2.353354E-01,1.002112E-03,3.803862E+03,2.737273E+01,2.331457E-01,1.915654E-03,3.417049E+03,1.355871E+02,2.094372E-01,9.488933E-03,2.735992E+03,4.640202E+02,1.676940E-01,3.247400E-02 
03:15:00,3.508366E+03,0.000000E+00,2.150342E-01,0.000000E+00,3.519850E+03,0.000000E+00,2.157381E-01,0.000000E+00,3.388364E+03,0.000000E+00,2.076791E-01,0.000000E+00,3.840210E+03,2.550605E+02,2.353735E-01,1.785016E-02,3.519652E+03,0.000000E+00,2.157259E-01,0.000000E+00,2.521978E+03,0.000000E+00,1.545767E-01,0.000000E+00,3.416544E+03,0.000000E+00,2.094063E-01,0.000000E+00,3.416544E+03,0.000000E+00,2.094063E-01,0.000000E+00,3.519652E+03,0.000000E+00,2.157259E-01,0.000000E+00,3.839588E+03,4.054718E+01,2.353354E-01,2.837655E-03,1.454272E+03,0.000000E+00,8.913501E-02,0.000000E+00,3.839588E+03,5.010113E+00,2.353354E-01,3.506278E-04,3.803862E+03,1.345374E+01,2.331457E-01,9.415471E-04,3.417049E+03,1.026582E+02,2.094372E-01,7.184431E-03,2.735992E+03,4.423005E+02,1.676940E-01,3.095397E-02 
03:30:00,3.508366E+03,0.000000E+00,2.150342E-01,0.000000E+00,3.519850E+03,0.000000E+00,2.157381E-01,0.000000E+00,3.388364E+03,0.000000E+00,2.076791E-01,0.000000E+00,3.840210E+03,2.236799E+02,2.353735E-01,1.565402E-02,3.519652E+03,0.000000E+00,2.157259E-01,0.000000E+00,2.521978E+03,0.000000E+00,1.545767E-01,0.000000E+00,3.416544E+03,0.000000E+00,2.094063E-01,0.000000E+00,3.416544E+03,0.000000E+00,2.094063E-01,0.000000E+00,3.519652E+03,0.000000E+00,2.157259E-01,0.000000E+00,3.839588E+03,2.298879E+01,2.353354E-01,1.608848E-03,1.454272E+03,0.000000E+00,8.913501E-02,0.000000E+00,3.839588E+03,2.993655E-01,2.353354E-01,2.095080E-05,3.803862E+03,4.394583E+00,2.331457E-01,3.075506E-04,3.417049E+03,7.151456E+01,2.094372E-01,5.004877E-03,2.735992E+03,4.208277E+02,1.676940E-01,2.945122E-02 
03:45:00,3.508366E+03,0.000000E+00,2.150342E-01,0.000000E+00,3.519850E+03,0.000000E+00,2.157381E-01,0.000000E+00,3.388364E+03,0.000000E+00,2.076791E-01,0.000000E+00,3.840210E+03,1.936602E+02,2.353735E-01,1.355312E-02,3.519652E+03,0.000000E+00,2.157259E-01,0.000000E+00,2.521978E+03,0.000000E+00,1.545767E-01,0.000000E+00,3.416544E+03,0.000000E+00,2.094063E-01,0.000000E+00,3.416544E+03,0.000000E+00,2.094063E-01,0.000000E+00,3.519652E+03,0.000000E+00,2.157259E-01,0.000000E+00,3.839588E+03,1.051293E+01,2.353354E-01,7.357371E-04,1.454272E+03,0.000000E+00,8.913501E-02,0.000000E+00,3.839588E+03,0.000000E+00,2.353354E-01,0.000000E+00,3.803862E+03,0.000000E+00,2.331457E-01,0.000000E+00,3.417049E+03,4.206387E+01,2.094372E-01,2.943799E-03,2.735992E+03,3.996012E+02,1.676940E-01,2.796570E-02 
04:00:00,3.508366E+03,0.000000E+00,2.150342E-01,0.000000E+00,3.519850E+03,0.000000E+00,2.157381E-01,0.000000E+00,3.388364E+03,0.000000E+00,2.076791E-01,0.000000E+00,3.840210E+03,1.649353E+02,2.353735E-01,1.154283E-02,3.519652E+03,0.000000E+00,2.157259E-01,0.000000E+00,2.521978E+03,0.000000E+00,1.545767E-01,0.000000E+00,3.416544E+03,0.000000E+00,2.094063E-01,0.000000E+00,3.416544E+03,0.000000E+00,2.094063E-01,0.000000E+00,3.519652E+03,0.000000E+00,2.157259E-01,0.000000E+00,3.839588E+03,2.916399E+00,2.353354E-01,2.041013E-04,1.454272E+03,0.000000E+00,8.913501E-02,0.000000E+00,3.839588E+03,0.000000E+00,2.353354E-01,0.000000E+00,3.803862E+03,0.000000E+00,2.331457E-01,0.000000E+00,3.417049E+03,2.062432E+01,2.094372E-01,1.443373E-03,2.735992E+03,3.786075E+02,1.676940E-01,2.649647E-02 
04:15:00,3.508366E+03,0.000000E+00,2.150342E-01,0.000000E+00,3.519850E+03,0.000000E+00,2.157381E-01,0.000000E+00,3.388364E+03,0.000000E+00,2.076791E-01,0.000000E+00,3.840210E+03,1.376068E+02,2.353735E-01,9.630281E-03,3.519652E+03,0.000000E+00,2.157259E-01,0.000000E+00,2.521978E+03,0.000000E+00,1.545767E-01,0.000000E+00,3.416544E+03,0.000000E+00,2.094063E-01,0.000000E+00,3.416544E+03,0.000000E+00,2.094063E-01,0.000000E+00,3.519652E+03,0.000000E+00,2.157259E-01,0.000000E+00,3.839588E+03,0.000000E+00,2.353354E-01,0.000000E+00,1.454272E+03,0.000000E+00,8.913501E-02,0.000000E+00,3.839588E+03,0.000000E+00,2.353354E-01,0.000000E+00,3.803862E+03,0.000000E+00,2.331457E-01,0.000000E+00,3.417049E+03,6.757099E+00,2.094372E-01,4.728890E-04,2.735992E+03,3.578255E+02,1.676940E-01,2.504207E-02 
04:30:00,3.508366E+03,0.000000E+00,2.150342E-01,0.000000E+00,3.519850E+03,0.000000E+00,2.157381E-01,0.000000E+00,3.388364E+03,0.000000E+00,2.076791E-01,0.000000E+00,3.840210E+03,1.116265E+02,2.353735E-01,7.812072E-03,3.519652E+03,0.000000E+00,2.157259E-01,0.000000E+00,2.521978E+03,0.000000E+00,1.545767E-01,0.000000E+00,3.416544E+03,0.000000E+00,2.094063E-01,0.000000E+00,3.416544E+03,0.000000E+00,2.094063E-01,0.000000E+00,3.519652E+03,0.000000E+00,2.157259E-01,0.000000E+00,3.839588E+03,0.000000E+00,2.353354E-01,0.000000E+00,1.454272E+03,0.000000E+00,8.913501E-02,0.000000E+00,3.839588E+03,0.000000E+00,2.353354E-01,0.000000E+00,3.803862E+03,0.000000E+00,2.331457E-01,0.000000E+00,3.417049E+03,0.000000E+00,2.094372E-01,0.000000E+00,2.735992E+03,3.372199E+02,1.676940E-01,2.360000E-02 
04:45:00,3.508366E+03,0.000000E+00,2.150342E-01,0.000000E+00,3.519850E+03,0.000000E+00,2.157381E-01,0.000000E+00,3.388364E+03,0.000000E+00,2.076791E-01,0.000000E+00,3.840210E+03,8.696469E+01,2.353735E-01,6.086139E-03,3.519652E+03,0.000000E+00,2.157259E-01,0.000000E+00,2.521978E+03,0.000000E+00,1.545767E-01,0.000000E+00,3.416544E+03,0.000000E+00,2.094063E-01,0.000000E+00,3.416544E+03,0.000000E+00,2.094063E-01,0.000000E+00,3.519652E+03,0.000000E+00,2.157259E-01,0.000000E+00,3.839588E+03,0.000000E+00,2.353354E-01,0.000000E+00,1.454272E+03,0.000000E+00,8.913501E-02,0.000000E+00,3.839588E+03,0.000000E+00,2.353354E-01,0.000000E+00,3.803862E+03,0.000000E+00,2.331457E-01,0.000000E+00,3.417049E+03,0.000000E+00,2.094372E-01,0.000000E+00,2.735992E+03,3.167753E+02,1.676940E-01,2.216921E-02 
05:00:00,3.508366E+03,0.000000E+00,2.150342E-01,0.000000E+00,3.519850E+03,0.000000E+00,2.157381E-01,0.000000E+00,3.388364E+03,0.000000E+00,2.076791E-01,0.000000E+00,3.840210E+03,6.360264E+01,2.353735E-01,4.451169E-03,3.519652E+03,0.000000E+00,2.157259E-01,0.000000E+00,2.521978E+03,0.000000E+00,1.545767E-01,0.000000E+00,3.416544E+03,0.000000E+00,2.094063E-01,0.000000E+00,3.416544E+03,0.000000E+00,2.094063E-01,0.000000E+00,3.519652E+03,0.000000E+00,2.157259E-01,0.000000E+00,3.839588E+03,0.000000E+00,2.353354E-01,0.000000E+00,1.454272E+03,0.000000E+00,8.913501E-02,0.000000E+00,3.839588E+03,0.000000E+00,2.353354E-01,0.000000E+00,3.803862E+03,0.000000E+00,2.331457E-01,0.000000E+00,3.417049E+03,0.000000E+00,2.094372E-01,0.000000E+00,2.735992E+03,2.964909E+02,1.676940E-01,2.074963E-02 
05:15:00,3.508366E+03,0.000000E+00,2.150342E-01,0.000000E+00,3.519850E+03,0.000000E+00,2.157381E-01,0.000000E+00,3.388364E+03,0.000000E+00,2.076791E-01,0.000000E+00,3.840210E+03,4.377534E+01,2.353735E-01,3.063574E-03,3.519652E+03,0.000000E+00,2.157259E-01,0.000000E+00,2.521978E+03,0.000000E+00,1.545767E-01,0.000000E+00,3.416544E+03,0.000000E+00,2.094063E-01,0.000000E+00,3.416544E+03,0.000000E+00,2.094063E-01,0.000000E+00,3.519652E+03,0.000000E+00,2.157259E-01,0.000000E+00,3.839588E+03,0.000000E+00,2.353354E-01,0.000000E+00,1.454272E+03,0.000000E+00,8.913501E-02,0.000000E+00,3.839588E+03,0.000000E+00,2.353354E-01,0.000000E+00,3.803862E+03,0.000000E+00,2.331457E-01,0.000000E+00,3.417049E+03,0.000000E+00,2.094372E-01,0.000000E+00,2.735992E+03,2.764008E+02,1.676940E-01,1.934364E-02 
05:30:00,3.508366E+03,0.000000E+00,2.150342E-01,0.000000E+00,3.519850E+03,0.000000E+00,2.157381E-01,0.000000E+00,3.388364E+03,0.000000E+00,2.076791E-01,0.000000E+00,3.840210E+03,2.906570E+01,2.353735E-01,2.034134E-03,3.519652E+03,0.000000E+00,2.157259E-01,0.000000E+00,2.521978E+03,0.000000E+00,1.545767E-01,0.000000E+00,3.416544E+03,0.000000E+00,2.094063E-01,0.000000E+00,3.416544E+03,0.000000E+00,2.094063E-01,0.000000E+00,3.519652E+03,0.000000E+00,2.157259E-01,0.000000E+00,3.839588E+03,0.000000E+00,2.353354E-01,0.000000E+00,1.454272E+03,0.000000E+00,8.913501E-02,0.000000E+00,3.839588E+03,0.000000E+00,2.353354E-01,0.000000E+00,3.803862E+03,0.000000E+00,2.331457E-01,0.000000E+00,3.417049E+03,0.000000E+00,2.094372E-01,0.000000E+00,2.735992E+03,2.568454E+02,1.676940E-01,1.797507E-02 
05:45:00,3.508366E+03,0.000000E+00,2.150342E-01,0.000000E+00,3.519850E+03,0.000000E+00,2.157381E-01,0.000000E+00,3.388364E+03,0.000000E+00,2.076791E-01,0.000000E+00,3.840210E+03,2.090253E+01,2.353735E-01,1.462843E-03,3.519652E+03,0.000000E+00,2.157259E-01,0.000000E+00,2.521978E+03,0.000000E+00,1.545767E-01,0.000000E+00,3.416544E+03,0.000000E+00,2.094063E-01,0.000000E+00,3.416544E+03,0.000000E+00,2.094063E-01,0.000000E+00,3.519652E+03,0.000000E+00,2.157259E-01,0.000000E+00,3.839588E+03,0.000000E+00,2.353354E-01,0.000000E+00,1.454272E+03,0.000000E+00,8.913501E-02,0.000000E+00,3.839588E+03,0.000000E+00,2.353354E-01,0.000000E+00,3.803862E+03,3.767578E+01,2.331457E-01,2.646995E-03,3.417049E+03,0.000000E+00,2.094372E-01,0.000000E+00,2.735992E+03,2.386664E+02,1.676940E-01,1.670284E-02 
06:00:00,3.508366E+03,0.000000E+00,2.150342E-01,0.000000E+00,3.519850E+03,0.000000E+00,2.157381E-01,0.000000E+00,3.388364E+03,1.921260E+01,2.076791E-01,1.358179E-03,3.840210E+03,2.029513E+01,2.353735E-01,1.420335E-03,3.519652E+03,0.000000E+00,2.157259E-01,0.000000E+00,2.521978E+03,0.000000E+00,1.545767E-01,0.000000E+00,3.416544E+03,0.000000E+00,2.094063E-01,0.000000E+00,3.416544E+03,0.000000E+00,2.094063E-01,0.000000E+00,3.519652E+03,0.000000E+00,2.157259E-01,0.000000E+00,3.839588E+03,0.000000E+00,2.353354E-01,0.000000E+00,1.454272E+03,0.000000E+00,8.913501E-02,0.000000E+00,3.839588E+03,1.050250E+01,2.353354E-01,7.372408E-04,3.803862E+03,1.439611E+02,2.331457E-01,1.008934E-02,3.417049E+03,0.000000E+00,2.094372E-01,0.000000E+00,2.735992E+03,2.231327E+02,1.676940E-01,1.561572E-02 
06:15:00,3.508366E+03,0.000000E+00,2.150342E-01,0.000000E+00,3.519850E+03,0.000000E+00,2.157381E-01,0.000000E+00,3.388364E+03,1.137874E+02,2.076791E-01,7.983271E-03,3.840210E+03,2.645143E+01,2.353735E-01,1.851177E-03,3.519652E+03,0.000000E+00,2.157259E-01,0.000000E+00,2.521978E+03,0.000000E+00,1.545767E-01,0.000000E+00,3.416544E+03,0.000000E+00,2.094063E-01,0.000000E+00,3.416544E+03,0.000000E+00,2.094063E-01,0.000000E+00,3.519652E+03,0.000000E+00,2.157259E-01,0.000000E+00,3.839588E+03,0.000000E+00,2.353354E-01,0.000000E+00,1.454272E+03,0.000000E+00,8.913501E-02,0.000000E+00,3.839588E+03,5.045631E+01,2.353354E-01,3.533605E-03,3.803862E+03,3.331997E+02,2.331457E-01,2.333305E-02,3.417049E+03,0.000000E+00,2.094372E-01,0.000000E+00,2.735992E+03,2.116467E+02,1.676940E-01,1.481189E-02 
06:30:00,3.508366E+03,0.000000E+00,2.150342E-01,0.000000E+00,3.519850E+03,0.000000E+00,2.157381E-01,0.000000E+00,3.388364E+03,3.092233E+02,2.076791E-01,2.166250E-02,3.840210E+03,3.855800E+01,2.353735E-01,2.698444E-03,3.519652E+03,0.000000E+00,2.157259E-01,0.000000E+00,2.521978E+03,0.000000E+00,1.545767E-01,0.000000E+00,3.416544E+03,0.000000E+00,2.094063E-01,0.000000E+00,3.416544E+03,0.000000E+00,2.094063E-01,0.000000E+00,3.519652E+03,0.000000E+00,2.157259E-01,0.000000E+00,3.839588E+03,0.000000E+00,2.353354E-01,0.000000E+00,1.454272E+03,0.000000E+00,8.913501E-02,0.000000E+00,3.839588E+03,1.243440E+02,2.353354E-01,8.704620E-03,3.803862E+03,6.066642E+02,2.331457E-01,4.247119E-02,3.417049E+03,0.000000E+00,2.094372E-01,0.000000E+00,2.735992E+03,2.052583E+02,1.676940E-01,1.436480E-02 
06:45:00,3.508366E+03,4.503166E+01,2.150342E-01,3.161473E-03,3.519850E+03,0.000000E+00,2.157381E-01,0.000000E+00,3.388364E+03,5.922893E+02,2.076791E-01,4.147262E-02,3.840210E+03,5.586922E+01,2.353735E-01,3.909953E-03,3.519652E+03,0.000000E+00,2.157259E-01,0.000000E+00,2.521978E+03,0.000000E+00,1.545767E-01,0.000000E+00,3.416544E+03,2.600024E+01,2.094063E-01,1.823897E-03,3.416544E+03,0.000000E+00,2.094063E-01,0.000000E+00,3.519652E+03,0.000000E+00,2.157259E-01,0.000000E+00,3.839588E+03,0.000000E+00,2.353354E-01,0.000000E+00,1.454272E+03,0.000000E+00,8.913501E-02,0.000000E+00,3.839588E+03,2.217760E+02,2.353354E-01,1.552330E-02,3.803862E+03,9.301761E+02,2.331457E-01,6.510156E-02,3.417049E+03,0.000000E+00,2.094372E-01,0.000000E+00,2.735992E+03,2.043410E+02,1.676940E-01,1.430061E-02 
07:00:00,3.508366E+03,2.478177E+02,2.150342E-01,1.735319E-02,3.519850E+03,0.000000E+00,2.157381E-01,0.000000E+00,3.388364E+03,9.482883E+02,2.076791E-01,6.637326E-02,3.840210E+03,7.886927E+01,2.353735E-01,5.519589E-03,3.519652E+03,0.000000E+00,2.157259E-01,0.000000E+00,2.521978E+03,0.000000E+00,1.545767E-01,0.000000E+00,3.416544E+03,7.500875E+01,2.094063E-01,5.253710E-03,3.416544E+03,0.000000E+00,2.094063E-01,0.000000E+00,3.519652E+03,0.000000E+00,2.157259E-01,0.000000E+00,3.839588E+03,0.000000E+00,2.353354E-01,0.000000E+00,1.454272E+03,0.000000E+00,8.913501E-02,0.000000E+00,3.839588E+03,3.280264E+02,2.353354E-01,2.295690E-02,3.803862E+03,1.276640E+03,2.331457E-01,8.934442E-02,3.417049E+03,0.000000E+00,2.094372E-01,0.000000E+00,2.735992E+03,2.086171E+02,1.676940E-01,1.459986E-02 
07:15:00,3.508366E+03,4.906764E+02,2.150342E-01,3.434868E-02,3.519850E+03,0.000000E+00,2.157381E-01,0.000000E+00,3.388364E+03,1.320978E+03,2.076791E-01,9.244924E-02,3.840210E+03,1.076391E+02,2.353735E-01,7.533015E-03,3.519652E+03,0.000000E+00,2.157259E-01,0.000000E+00,2.521978E+03,0.000000E+00,1.545767E-01,0.000000E+00,3.416544E+03,1.331211E+02,2.094063E-01,9.320643E-03,3.416544E+03,0.000000E+00,2.094063E-01,0.000000E+00,3.519652E+03,0.000000E+00,2.157259E-01,0.000000E+00,3.839588E+03,7.583988E+00,2.353354E-01,5.338429E-04,1.454272E+03,0.000000E+00,8.913501E-02,0.000000E+00,3.839588E+03,4.184188E+02,2.353354E-01,2.928269E-02,3.803862E+03,1.630906E+03,2.331457E-01,1.141374E-01,3.417049E+03,0.000000E+00,2.094372E-01,0.000000E+00,2.735992E+03,2.174830E+02,1.676940E-01,1.522033E-02 
07:30:00,3.508366E+03,8.449018E+02,2.150342E-01,5.913757E-02,3.519850E+03,0.000000E+00,2.157381E-01,0.000000E+00,3.388364E+03,1.679877E+03,2.076791E-01,1.175646E-01,3.840210E+03,1.416064E+02,2.353735E-01,9.910185E-03,3.519652E+03,0.000000E+00,2.157259E-01,0.000000E+00,2.521978E+03,0.000000E+00,1.545767E-01,0.000000E+00,3.416544E+03,2.026449E+02,2.094063E-01,1.418620E-02,3.416544E+03,0.000000E+00,2.094063E-01,0.000000E+00,3.519652E+03,0.000000E+00,2.157259E-01,0.000000E+00,3.839588E+03,3.396113E+01,2.353354E-01,2.379852E-03,1.454272E+03,0.000000E+00,8.913501E-02,0.000000E+00,3.839588E+03,4.812573E+02,2.353354E-01,3.368032E-02,3.803862E+03,1.986642E+03,2.331457E-01,1.390332E-01,3.417049E+03,0.000000E+00,2.094372E-01,0.000000E+00,2.735992E+03,2.301876E+02,1.676940E-01,1.610946E-02 
07:45:00,3.508366E+03,1.243479E+03,2.150342E-01,8.702002E-02,3.519850E+03,0.000000E+00,2.157381E-01,0.000000E+00,3.388364E+03,2.032633E+03,2.076791E-01,1.422518E-01,3.840210E+03,1.802168E+02,2.353735E-01,1.261230E-02,3.519652E+03,0.000000E+00,2.157259E-01,0.000000E+00,2.521978E+03,0.000000E+00,1.545767E-01,0.000000E+00,3.416544E+03,2.489695E+02,2.094063E-01,1.742389E-02,3.416544E+03,0.000000E+00,2.094063E-01,0.000000E+00,3.519652E+03,0.000000E+00,2.157259E-01,0.000000E+00,3.839588E+03,6.760521E+01,2.353354E-01,4.734401E-03,1.454272E+03,0.000000E+00,8.913501E-02,0.000000E+00,3.839588E+03,5.212380E+02,2.353354E-01,3.647833E-02,3.803862E+03,2.334303E+03,2.331457E-01,1.633639E-01,3.417049E+03,6.634381E+00,2.094372E-01,4.671575E-04,2.735992E+03,2.459090E+02,1.676940E-01,1.720970E-02 
08:00:00,3.508366E+03,1.559020E+03,2.150342E-01,1.091012E-01,3.519850E+03,0.000000E+00,2.157381E-01,0.000000E+00,3.388364E+03,2.368426E+03,2.076791E-01,1.657520E-01,3.840210E+03,2.219713E+02,2.353735E-01,1.553445E-02,3.519652E+03,0.000000E+00,2.157259E-01,0.000000E+00,2.521978E+03,0.000000E+00,1.545767E-01,0.000000E+00,3.416544E+03,2.726993E+02,2.094063E-01,1.908460E-02,3.416544E+03,0.000000E+00,2.094063E-01,0.000000E+00,3.519652E+03,0.000000E+00,2.157259E-01,0.000000E+00,3.839588E+03,1.162790E+02,2.353354E-01,8.140790E-03,1.454272E+03,0.000000E+00,8.913501E-02,0.000000E+00,3.839588E+03,5.399715E+02,2.353354E-01,3.778938E-02,3.803862E+03,2.663237E+03,2.331457E-01,1.863840E-01,3.417049E+03,3.012740E+01,2.094372E-01,2.111319E-03,2.735992E+03,2.638160E+02,1.676940E-01,1.846291E-02 
08:15:00,3.508366E+03,1.897733E+03,2.150342E-01,1.328050E-01,3.519850E+03,0.000000E+00,2.157381E-01,0.000000E+00,3.388364E+03,2.681015E+03,2.076791E-01,1.876282E-01,3.840210E+03,2.652883E+02,2.353735E-01,1.856594E-02,3.519652E+03,0.000000E+00,2.157259E-01,0.000000E+00,2.521978E+03,0.000000E+00,1.545767E-01,0.000000E+00,3.416544E+03,2.901559E+02,2.094063E-01,2.030628E-02,3.416544E+03,0.000000E+00,2.094063E-01,0.000000E+00,3.519652E+03,0.000000E+00,2.157259E-01,0.000000E+00,3.839588E+03,1.713099E+02,2.353354E-01,1.198899E-02,1.454272E+03,0.000000E+00,8.913501E-02,0.000000E+00,3.839588E+03,5.456737E+02,2.353354E-01,3.818844E-02,3.803862E+03,2.967408E+03,2.331457E-01,2.076712E-01,3.417049E+03,5.897605E+01,2.094372E-01,4.130265E-03,2.735992E+03,2.830713E+02,1.676940E-01,1.981047E-02 
08:30:00,3.508366E+03,2.177142E+03,2.150342E-01,1.523594E-01,3.519850E+03,0.000000E+00,2.157381E-01,0.000000E+00,3.388364E+03,2.968578E+03,2.076791E-01,2.077530E-01,3.840210E+03,3.097152E+02,2.353735E-01,2.167511E-02,3.519652E+03,0.000000E+00,2.157259E-01,0.000000E+00,2.521978E+03,0.000000E+00,1.545767E-01,0.000000E+00,3.416544E+03,3.030769E+02,2.094063E-01,2.121054E-02,3.416544E+03,2.517428E+01,2.094063E-01,1.768738E-03,3.519652E+03,0.000000E+00,2.157259E-01,0.000000E+00,3.839588E+03,2.257245E+02,2.353354E-01,1.579711E-02,1.454272E+03,0.000000E+00,8.913501E-02,0.000000E+00,3.839588E+03,5.497668E+02,2.353354E-01,3.847489E-02,3.803862E+03,3.244618E+03,2.331457E-01,2.270714E-01,3.417049E+03,1.008712E+02,2.094372E-01,7.062258E-03,2.735992E+03,3.029562E+02,1.676940E-01,2.120209E-02 
08:45:00,3.508366E+03,2.408675E+03,2.150342E-01,1.685642E-01,3.519850E+03,0.000000E+00,2.157381E-01,0.000000E+00,3.388364E+03,3.229772E+03,2.076791E-01,2.260325E-01,3.840210E+03,3.546553E+02,2.353735E-01,2.482021E-02,3.519652E+03,0.000000E+00,2.157259E-01,0.000000E+00,2.521978E+03,0.000000E+00,1.545767E-01,0.000000E+00,3.416544E+03,3.222292E+02,2.094063E-01,2.255090E-02,3.416544E+03,6.404320E+01,2.094063E-01,4.488990E-03,3.519652E+03,0.000000E+00,2.157259E-01,0.000000E+00,3.839588E+03,2.977739E+02,2.353354E-01,2.083941E-02,1.454272E+03,0.000000E+00,8.913501E-02,0.000000E+00,3.839588E+03,5.602876E+02,2.353354E-01,3.921118E-02,3.803862E+03,3.493607E+03,2.331457E-01,2.444967E-01,3.417049E+03,1.473446E+02,2.094372E-01,1.031179E-02,2.735992E+03,3.230246E+02,1.676940E-01,2.260656E-02 
09:00:00,3.508366E+03,2.596913E+03,2.150342E-01,1.817393E-01,3.519850E+03,0.000000E+00,2.157381E-01,0.000000E+00,3.388364E+03,3.463807E+03,2.076791E-01,2.424112E-01,3.840210E+03,3.997393E+02,2.353735E-01,2.797537E-02,3.519652E+03,0.000000E+00,2.157259E-01,0.000000E+00,2.521978E+03,0.000000E+00,1.545767E-01,0.000000E+00,3.416544E+03,3.505781E+02,2.094063E-01,2.453487E-02,3.416544E+03,1.368517E+02,2.094063E-01,9.584420E-03,3.519652E+03,0.000000E+00,2.157259E-01,0.000000E+00,3.839588E+03,3.880320E+02,2.353354E-01,2.715604E-02,1.454272E+03,0.000000E+00,8.913501E-02,0.000000E+00,3.839588E+03,5.818269E+02,2.353354E-01,4.071859E-02,3.803862E+03,3.713814E+03,2.331457E-01,2.599077E-01,3.417049E+03,1.880574E+02,2.094372E-01,1.316101E-02,2.735992E+03,3.431396E+02,1.676940E-01,2.401429E-02 
09:15:00,3.508366E+03,2.738825E+03,2.150342E-01,1.916722E-01,3.519850E+03,0.000000E+00,2.157381E-01,0.000000E+00,3.388364E+03,3.665839E+03,2.076791E-01,2.565502E-01,3.840210E+03,4.464344E+02,2.353735E-01,3.124328E-02,3.519652E+03,0.000000E+00,2.157259E-01,0.000000E+00,2.521978E+03,0.000000E+00,1.545767E-01,0.000000E+00,3.416544E+03,3.879759E+02,2.094063E-01,2.715212E-02,3.416544E+03,2.502226E+02,2.094063E-01,1.751857E-02,3.519652E+03,0.000000E+00,2.157259E-01,0.000000E+00,3.839588E+03,5.062199E+02,2.353354E-01,3.542730E-02,1.454272E+03,0.000000E+00,8.913501E-02,0.000000E+00,3.839588E+03,6.141394E+02,2.353354E-01,4.297995E-02,3.803862E+03,3.901097E+03,2.331457E-01,2.730145E-01,3.417049E+03,2.352983E+02,2.094372E-01,1.646712E-02,2.735992E+03,3.634102E+02,1.676940E-01,2.543291E-02 
09:30:00,3.508366E+03,2.837755E+03,2.150342E-01,1.985967E-01,3.519850E+03,0.000000E+00,2.157381E-01,0.000000E+00,3.388364E+03,3.835988E+03,2.076791E-01,2.684579E-01,3.840210E+03,4.948538E+02,2.353735E-01,3.463186E-02,3.519652E+03,0.000000E+00,2.157259E-01,0.000000E+00,2.521978E+03,0.000000E+00,1.545767E-01,0.000000E+00,3.416544E+03,4.306912E+02,2.094063E-01,3.014150E-02,3.416544E+03,3.851038E+02,2.094063E-01,2.695117E-02,3.519652E+03,0.000000E+00,2.157259E-01,0.000000E+00,3.839588E+03,6.539130E+02,2.353354E-01,4.576346E-02,1.454272E+03,0.000000E+00,8.913501E-02,0.000000E+00,3.839588E+03,6.533970E+02,2.353354E-01,4.572735E-02,3.803862E+03,4.055680E+03,2.331457E-01,2.838328E-01,3.417049E+03,2.819025E+02,2.094372E-01,1.972868E-02,2.735992E+03,3.840761E+02,1.676940E-01,2.687919E-02 
09:45:00,3.508366E+03,2.896919E+03,2.150342E-01,2.027377E-01,3.519850E+03,0.000000E+00,2.157381E-01,0.000000E+00,3.388364E+03,3.974722E+03,2.076791E-01,2.781671E-01,3.840210E+03,5.449353E+02,2.353735E-01,3.813677E-02,3.519652E+03,0.000000E+00,2.157259E-01,0.000000E+00,2.521978E+03,0.000000E+00,1.545767E-01,0.000000E+00,3.416544E+03,4.762657E+02,2.094063E-01,3.333099E-02,3.416544E+03,5.570762E+02,2.094063E-01,3.898643E-02,3.519652E+03,0.000000E+00,2.157259E-01,0.000000E+00,3.839588E+03,8.280446E+02,2.353354E-01,5.794990E-02,1.454272E+03,0.000000E+00,8.913501E-02,0.000000E+00,3.839588E+03,6.971017E+02,2.353354E-01,4.878598E-02,3.803862E+03,4.178173E+03,2.331457E-01,2.924054E-01,3.417049E+03,3.295732E+02,2.094372E-01,2.306486E-02,2.735992E+03,4.053582E+02,1.676940E-01,2.836860E-02 
10:00:00,3.508366E+03,2.918622E+03,2.150342E-01,2.042568E-01,3.519850E+03,0.000000E+00,2.157381E-01,0.000000E+00,3.388364E+03,4.081935E+03,2.076791E-01,2.856703E-01,3.840210E+03,5.966429E+02,2.353735E-01,4.175547E-02,3.519652E+03,0.000000E+00,2.157259E-01,0.000000E+00,2.521978E+03,0.000000E+00,1.545767E-01,0.000000E+00,3.416544E+03,5.239451E+02,2.094063E-01,3.666779E-02,3.416544E+03,7.483407E+02,2.094063E-01,5.237189E-02,3.519652E+03,0.000000E+00,2.157259E-01,0.000000E+00,3.839588E+03,1.022339E+03,2.353354E-01,7.154741E-02,1.454272E+03,0.000000E+00,8.913501E-02,0.000000E+00,3.839588E+03,7.431536E+02,2.353354E-01,5.200888E-02,3.803862E+03,4.268842E+03,2.331457E-01,2.987507E-01,3.417049E+03,3.784026E+02,2.094372E-01,2.648214E-02,2.735992E+03,4.273675E+02,1.676940E-01,2.990890E-02 
10:15:00,3.508366E+03,2.910051E+03,2.150342E-01,2.036570E-01,3.519850E+03,0.000000E+00,2.157381E-01,0.000000E+00,3.388364E+03,4.161395E+03,2.076791E-01,2.912312E-01,3.840210E+03,6.476760E+02,2.353735E-01,4.532697E-02,3.519652E+03,0.000000E+00,2.157259E-01,0.000000E+00,2.521978E+03,0.000000E+00,1.545767E-01,0.000000E+00,3.416544E+03,5.709475E+02,2.094063E-01,3.995721E-02,3.416544E+03,9.529309E+02,2.094063E-01,6.668994E-02,3.519652E+03,4.678096E+01,2.157259E-01,3.322942E-03,3.839588E+03,1.228475E+03,2.353354E-01,8.597361E-02,1.454272E+03,0.000000E+00,8.913501E-02,0.000000E+00,3.839588E+03,7.888256E+02,2.353354E-01,5.520519E-02,3.803862E+03,4.331441E+03,2.331457E-01,3.031316E-01,3.417049E+03,4.272598E+02,2.094372E-01,2.990136E-02,2.735992E+03,4.500892E+02,1.676940E-01,3.149906E-02 
10:30:00,3.508366E+03,2.872789E+03,2.150342E-01,2.010493E-01,3.519850E+03,0.000000E+00,2.157381E-01,0.000000E+00,3.388364E+03,4.212987E+03,2.076791E-01,2.948418E-01,3.840210E+03,6.976325E+02,2.353735E-01,4.882313E-02,3.519652E+03,0.000000E+00,2.157259E-01,0.000000E+00,2.521978E+03,0.000000E+00,1.545767E-01,0.000000E+00,3.416544E+03,6.166148E+02,2.094063E-01,4.315318E-02,3.416544E+03,1.164496E+03,2.094063E-01,8.149609E-02,3.519652E+03,1.584922E+02,2.157259E-01,1.114329E-02,3.839588E+03,1.440082E+03,2.353354E-01,1.007827E-01,1.454272E+03,0.000000E+00,8.913501E-02,0.000000E+00,3.839588E+03,8.334193E+02,2.353354E-01,5.832604E-02,3.803862E+03,4.366429E+03,2.331457E-01,3.055803E-01,3.417049E+03,4.754319E+02,2.094372E-01,3.327264E-02,2.735992E+03,4.733955E+02,1.676940E-01,3.313012E-02 
10:45:00,3.508366E+03,2.807509E+03,2.150342E-01,1.964807E-01,3.519850E+03,0.000000E+00,2.157381E-01,0.000000E+00,3.388364E+03,4.236136E+03,2.076791E-01,2.964619E-01,3.840210E+03,7.464880E+02,2.353735E-01,5.224224E-02,3.519652E+03,0.000000E+00,2.157259E-01,0.000000E+00,2.521978E+03,0.000000E+00,1.545767E-01,0.000000E+00,3.416544E+03,6.608844E+02,2.094063E-01,4.625135E-02,3.416544E+03,1.377880E+03,2.094063E-01,9.642959E-02,3.519652E+03,3.470083E+02,2.157259E-01,2.433620E-02,3.839588E+03,1.652114E+03,2.353354E-01,1.156216E-01,1.454272E+03,0.000000E+00,8.913501E-02,0.000000E+00,3.839588E+03,8.767443E+02,2.353354E-01,6.135810E-02,3.803862E+03,4.373743E+03,2.331457E-01,3.060921E-01,3.417049E+03,5.228358E+02,2.094372E-01,3.659015E-02,2.735992E+03,4.970886E+02,1.676940E-01,3.478826E-02 
11:00:00,3.508366E+03,2.712763E+03,2.150342E-01,1.898501E-01,3.519850E+03,0.000000E+00,2.157381E-01,0.000000E+00,3.388364E+03,4.229462E+03,2.076791E-01,2.959948E-01,3.840210E+03,7.940907E+02,2.353735E-01,5.557366E-02,3.519652E+03,0.000000E+00,2.157259E-01,0.000000E+00,2.521978E+03,0.000000E+00,1.545767E-01,0.000000E+00,3.416544E+03,7.035520E+02,2.094063E-01,4.923740E-02,3.416544E+03,1.588958E+03,2.094063E-01,1.112017E-01,3.519652E+03,5.877829E+02,2.157259E-01,4.118591E-02,3.839588E+03,1.860506E+03,2.353354E-01,1.302057E-01,1.454272E+03,0.000000E+00,8.913501E-02,0.000000E+00,3.839588E+03,9.185619E+02,2.353354E-01,6.428466E-02,3.803862E+03,4.352300E+03,2.331457E-01,3.045915E-01,3.417049E+03,5.692495E+02,2.094372E-01,3.983837E-02,2.735992E+03,5.209429E+02,1.676940E-01,3.645768E-02 
11:15:00,3.508366E+03,2.580951E+03,2.150342E-01,1.806253E-01,3.519850E+03,0.000000E+00,2.157381E-01,0.000000E+00,3.388364E+03,4.187576E+03,2.076791E-01,2.930634E-01,3.840210E+03,8.398051E+02,2.353735E-01,5.877294E-02,3.519652E+03,0.000000E+00,2.157259E-01,0.000000E+00,2.521978E+03,0.000000E+00,1.545767E-01,0.000000E+00,3.416544E+03,7.439600E+02,2.094063E-01,5.206532E-02,3.416544E+03,1.794083E+03,2.094063E-01,1.255571E-01,3.519652E+03,8.346358E+02,2.157259E-01,5.841176E-02,3.839588E+03,2.061650E+03,2.353354E-01,1.442826E-01,1.454272E+03,0.000000E+00,8.913501E-02,0.000000E+00,3.839588E+03,9.582052E+02,2.353354E-01,6.705906E-02,3.803862E+03,4.297087E+03,2.331457E-01,3.007275E-01,3.417049E+03,6.139796E+02,2.094372E-01,4.296876E-02,2.735992E+03,5.447207E+02,1.676940E-01,3.812174E-02 
11:30:00,3.508366E+03,2.399198E+03,2.150342E-01,1.679055E-01,3.519850E+03,0.000000E+00,2.157381E-01,0.000000E+00,3.388364E+03,4.101070E+03,2.076791E-01,2.870094E-01,3.840210E+03,8.834477E+02,2.353735E-01,6.182723E-02,3.519652E+03,0.000000E+00,2.157259E-01,0.000000E+00,2.521978E+03,0.000000E+00,1.545767E-01,0.000000E+00,3.416544E+03,7.819168E+02,2.094063E-01,5.472169E-02,3.416544E+03,1.990700E+03,2.094063E-01,1.393172E-01,3.519652E+03,1.061277E+03,2.157259E-01,7.426969E-02,3.839588E+03,2.253081E+03,2.353354E-01,1.576797E-01,1.454272E+03,0.000000E+00,8.913501E-02,0.000000E+00,3.839588E+03,9.954777E+02,2.353354E-01,6.966754E-02,3.803862E+03,4.199144E+03,2.331457E-01,2.938730E-01,3.417049E+03,6.567997E+02,2.094372E-01,4.596548E-02,2.735992E+03,5.681610E+02,1.676940E-01,3.976219E-02 
11:45:00,3.508366E+03,2.154727E+03,2.150342E-01,1.507965E-01,3.519850E+03,0.000000E+00,2.157381E-01,0.000000E+00,3.388364E+03,3.958332E+03,2.076791E-01,2.770200E-01,3.840210E+03,9.249209E+02,2.353735E-01,6.472969E-02,3.519652E+03,0.000000E+00,2.157259E-01,0.000000E+00,2.521978E+03,0.000000E+00,1.545767E-01,0.000000E+00,3.416544E+03,8.173206E+02,2.094063E-01,5.719938E-02,3.416544E+03,2.176848E+03,2.094063E-01,1.523446E-01,3.519652E+03,1.250038E+03,2.157259E-01,8.747926E-02,3.839588E+03,2.432946E+03,2.353354E-01,1.702674E-01,1.454272E+03,2.401838E+00,8.913501E-02,1.685456E-04,3.839588E+03,1.030265E+03,2.353354E-01,7.210206E-02,3.803862E+03,4.047231E+03,2.331457E-01,2.832415E-01,3.417049E+03,6.975908E+02,2.094372E-01,4.882021E-02,2.735992E+03,5.909593E+02,1.676940E-01,4.135771E-02 
12:00:00,3.508366E+03,1.849869E+03,2.150342E-01,1.294613E-01,3.519850E+03,0.000000E+00,2.157381E-01,0.000000E+00,3.388364E+03,3.753866E+03,2.076791E-01,2.627107E-01,3.840210E+03,9.642190E+02,2.353735E-01,6.747993E-02,3.519652E+03,0.000000E+00,2.157259E-01,0.000000E+00,2.521978E+03,0.000000E+00,1.545767E-01,0.000000E+00,3.416544E+03,8.501400E+02,2.094063E-01,5.949622E-02,3.416544E+03,2.350951E+03,2.094063E-01,1.645290E-01,3.519652E+03,1.419747E+03,2.157259E-01,9.935603E-02,3.839588E+03,2.599727E+03,2.353354E-01,1.819394E-01,1.454272E+03,2.426814E+01,8.913501E-02,1.698839E-03,3.839588E+03,1.062523E+03,2.353354E-01,7.435964E-02,3.803862E+03,3.835790E+03,2.331457E-01,2.684440E-01,3.417049E+03,7.363353E+02,2.094372E-01,5.153171E-02,2.735992E+03,6.127603E+02,1.676940E-01,4.288343E-02 
12:15:00,3.508366E+03,1.526339E+03,2.150342E-01,1.068193E-01,3.519850E+03,0.000000E+00,2.157381E-01,0.000000E+00,3.388364E+03,3.505651E+03,2.076791E-01,2.453396E-01,3.840210E+03,1.001968E+03,2.353735E-01,7.012176E-02,3.519652E+03,0.000000E+00,2.157259E-01,0.000000E+00,2.521978E+03,0.000000E+00,1.545767E-01,0.000000E+00,3.416544E+03,8.809662E+02,2.094063E-01,6.165356E-02,3.416544E+03,2.512114E+03,2.094063E-01,1.758079E-01,3.519652E+03,1.563751E+03,2.157259E-01,1.094343E-01,3.839588E+03,2.752876E+03,2.353354E-01,1.926574E-01,1.454272E+03,4.054948E+01,8.913501E-02,2.838274E-03,3.839588E+03,1.092841E+03,2.353354E-01,7.648142E-02,3.803862E+03,3.581704E+03,2.331457E-01,2.506621E-01,3.417049E+03,7.736439E+02,2.094372E-01,5.414272E-02,2.735992E+03,6.331993E+02,1.676940E-01,4.431383E-02 
12:30:00,3.508366E+03,1.241303E+03,2.150342E-01,8.687137E-02,3.519850E+03,0.000000E+00,2.157381E-01,0.000000E+00,3.388364E+03,3.255526E+03,2.076791E-01,2.278348E-01,3.840210E+03,1.052437E+03,2.353735E-01,7.365380E-02,3.519652E+03,0.000000E+00,2.157259E-01,0.000000E+00,2.521978E+03,0.000000E+00,1.545767E-01,0.000000E+00,3.416544E+03,9.099348E+02,2.094063E-01,6.368090E-02,3.416544E+03,2.659407E+03,2.094063E-01,1.861160E-01,3.519652E+03,1.684657E+03,2.157259E-01,1.178964E-01,3.839588E+03,2.891633E+03,2.353354E-01,2.023681E-01,1.454272E+03,6.364850E+01,8.913501E-02,4.454837E-03,3.839588E+03,1.121372E+03,2.353354E-01,7.847810E-02,3.803862E+03,3.324826E+03,2.331457E-01,2.326847E-01,3.417049E+03,8.237301E+02,2.094372E-01,5.764795E-02,2.735992E+03,6.520578E+02,1.676940E-01,4.563363E-02 
12:45:00,3.508366E+03,1.023151E+03,2.150342E-01,7.160423E-02,3.519850E+03,0.000000E+00,2.157381E-01,0.000000E+00,3.388364E+03,3.037344E+03,2.076791E-01,2.125656E-01,3.840210E+03,1.141291E+03,2.353735E-01,7.987212E-02,3.519652E+03,0.000000E+00,2.157259E-01,0.000000E+00,2.521978E+03,0.000000E+00,1.545767E-01,0.000000E+00,3.416544E+03,9.373360E+02,2.094063E-01,6.559855E-02,3.416544E+03,2.792079E+03,2.094063E-01,1.954009E-01,3.519652E+03,1.783029E+03,2.157259E-01,1.247815E-01,3.839588E+03,3.015458E+03,2.353354E-01,2.110339E-01,1.454272E+03,8.733200E+01,8.913501E-02,6.111850E-03,3.839588E+03,1.148442E+03,2.353354E-01,8.037261E-02,3.803862E+03,3.098386E+03,2.331457E-01,2.168375E-01,3.417049E+03,9.123422E+02,2.094372E-01,6.384938E-02,2.735992E+03,6.695487E+02,1.676940E-01,4.685771E-02 
13:00:00,3.508366E+03,8.854833E+02,2.150342E-01,6.196969E-02,3.519850E+03,7.432027E+01,2.157381E-01,5.258384E-03,3.388364E+03,2.872079E+03,2.076791E-01,2.009997E-01,3.840210E+03,1.289341E+03,2.353735E-01,9.023326E-02,3.519652E+03,0.000000E+00,2.157259E-01,0.000000E+00,2.521978E+03,0.000000E+00,1.545767E-01,0.000000E+00,3.416544E+03,9.635938E+02,2.094063E-01,6.743617E-02,3.416544E+03,2.909581E+03,2.094063E-01,2.036242E-01,3.519652E+03,1.859667E+03,2.157259E-01,1.301456E-01,3.839588E+03,3.124109E+03,2.353354E-01,2.186377E-01,1.454272E+03,9.446422E+01,8.913501E-02,6.610992E-03,3.839588E+03,1.174517E+03,2.353354E-01,8.219745E-02,3.803862E+03,2.923972E+03,2.331457E-01,2.046313E-01,3.417049E+03,1.060442E+03,2.094372E-01,7.421403E-02,2.735992E+03,6.864244E+02,1.676940E-01,4.803874E-02 
13:15:00,3.508366E+03,8.048833E+02,2.150342E-01,5.632898E-02,3.519850E+03,2.701847E+02,2.157381E-01,1.896572E-02,3.388364E+03,2.758212E+03,2.076791E-01,1.930308E-01,3.840210E+03,1.506665E+03,2.353735E-01,1.054424E-01,3.519652E+03,0.000000E+00,2.157259E-01,0.000000E+00,2.521978E+03,0.000000E+00,1.545767E-01,0.000000E+00,3.416544E+03,9.888443E+02,2.094063E-01,6.920330E-02,3.416544E+03,3.011233E+03,2.094063E-01,2.107382E-01,3.519652E+03,1.915230E+03,2.157259E-01,1.340347E-01,3.839588E+03,3.216962E+03,2.353354E-01,2.251359E-01,1.454272E+03,1.105775E+02,8.913501E-02,7.738665E-03,3.839588E+03,1.199783E+03,2.353354E-01,8.396563E-02,3.803862E+03,2.801590E+03,2.331457E-01,1.960665E-01,3.417049E+03,1.277841E+03,2.094372E-01,8.942847E-02,2.735992E+03,7.038153E+02,1.676940E-01,4.925583E-02 
13:30:00,3.508366E+03,7.455693E+02,2.150342E-01,5.217794E-02,3.519850E+03,5.403928E+02,2.157381E-01,3.787532E-02,3.388364E+03,2.672570E+03,2.076791E-01,1.870372E-01,3.840210E+03,1.781690E+03,2.353735E-01,1.246899E-01,3.519652E+03,0.000000E+00,2.157259E-01,0.000000E+00,2.521978E+03,0.000000E+00,1.545767E-01,0.000000E+00,3.416544E+03,1.013511E+03,2.094063E-01,7.092959E-02,3.416544E+03,3.096448E+03,2.094063E-01,2.167019E-01,3.519652E+03,1.950369E+03,2.157259E-01,1.364941E-01,3.839588E+03,3.293632E+03,2.353354E-01,2.305016E-01,1.454272E+03,1.237036E+02,8.913501E-02,8.657283E-03,3.839588E+03,1.224694E+03,2.353354E-01,8.570899E-02,3.803862E+03,2.710205E+03,2.331457E-01,1.896711E-01,3.417049E+03,1.552643E+03,2.094372E-01,1.086602E-01,2.735992E+03,7.229016E+02,1.676940E-01,5.059156E-02 
13:45:00,3.508366E+03,7.001411E+02,2.150342E-01,4.899869E-02,3.519850E+03,9.112522E+02,2.157381E-01,6.382850E-02,3.388364E+03,2.601606E+03,2.076791E-01,1.820709E-01,3.840210E+03,2.087490E+03,2.353735E-01,1.460909E-01,3.519652E+03,0.000000E+00,2.157259E-01,0.000000E+00,2.521978E+03,0.000000E+00,1.545767E-01,0.000000E+00,3.416544E+03,1.037716E+03,2.094063E-01,7.262354E-02,3.416544E+03,3.164341E+03,2.094063E-01,2.214534E-01,3.519652E+03,1.965137E+03,2.157259E-01,1.375279E-01,3.839588E+03,3.353403E+03,2.353354E-01,2.346846E-01,1.454272E+03,1.380998E+02,8.913501E-02,9.664788E-03,3.839588E+03,1.249400E+03,2.353354E-01,8.743802E-02,3.803862E+03,2.636884E+03,2.331457E-01,1.845398E-01,3.417049E+03,1.857599E+03,2.094372E-01,1.300023E-01,2.735992E+03,7.444940E+02,1.676940E-01,5.210269E-02 
14:00:00,3.508366E+03,6.629289E+02,2.150342E-01,4.639443E-02,3.519850E+03,1.292429E+03,2.157381E-01,9.044630E-02,3.388364E+03,2.539548E+03,2.076791E-01,1.777278E-01,3.840210E+03,2.400809E+03,2.353735E-01,1.680183E-01,3.519652E+03,1.257855E+01,2.157259E-01,8.807155E-04,2.521978E+03,0.000000E+00,1.545767E-01,0.000000E+00,3.416544E+03,1.061278E+03,2.094063E-01,7.427253E-02,3.416544E+03,3.213606E+03,2.094063E-01,2.249011E-01,3.519652E+03,1.958871E+03,2.157259E-01,1.370894E-01,3.839588E+03,3.395120E+03,2.353354E-01,2.376042E-01,1.454272E+03,1.541464E+02,8.913501E-02,1.078780E-02,3.839588E+03,1.273747E+03,2.353354E-01,8.914192E-02,3.803862E+03,2.575400E+03,2.331457E-01,1.802369E-01,3.417049E+03,2.169385E+03,2.094372E-01,1.518223E-01,2.735992E+03,7.688432E+02,1.676940E-01,5.380674E-02 
14:15:00,3.508366E+03,6.303421E+02,2.150342E-01,4.411388E-02,3.519850E+03,1.629319E+03,2.157381E-01,1.140219E-01,3.388364E+03,2.482464E+03,2.076791E-01,1.737328E-01,3.840210E+03,2.708586E+03,2.353735E-01,1.895578E-01,3.519652E+03,2.536966E+01,2.157259E-01,1.775888E-03,2.521978E+03,0.000000E+00,1.545767E-01,0.000000E+00,3.416544E+03,1.083397E+03,2.094063E-01,7.582045E-02,3.416544E+03,3.242153E+03,2.094063E-01,2.268989E-01,3.519652E+03,1.929873E+03,2.157259E-01,1.350601E-01,3.839588E+03,3.416839E+03,2.353354E-01,2.391241E-01,1.454272E+03,1.715371E+02,8.913501E-02,1.200488E-02,3.839588E+03,1.296948E+03,2.353354E-01,9.076565E-02,3.803862E+03,2.521242E+03,2.331457E-01,1.764466E-01,3.417049E+03,2.475367E+03,2.094372E-01,1.732362E-01,2.735992E+03,7.957309E+02,1.676940E-01,5.568845E-02 
14:30:00,3.508366E+03,6.004278E+02,2.150342E-01,4.202036E-02,3.519850E+03,1.964079E+03,2.157381E-01,1.374493E-01,3.388364E+03,2.428246E+03,2.076791E-01,1.699384E-01,3.840210E+03,3.006235E+03,2.353735E-01,2.103885E-01,3.519652E+03,4.308329E+01,2.157259E-01,3.015555E-03,2.521978E+03,0.000000E+00,1.545767E-01,0.000000E+00,3.416544E+03,1.103559E+03,2.094063E-01,7.723151E-02,3.416544E+03,3.248042E+03,2.094063E-01,2.273110E-01,3.519652E+03,1.876548E+03,2.157259E-01,1.313283E-01,3.839588E+03,3.416726E+03,2.353354E-01,2.391163E-01,1.454272E+03,1.898719E+02,8.913501E-02,1.328802E-02,3.839588E+03,1.318498E+03,2.353354E-01,9.227378E-02,3.803862E+03,2.471763E+03,2.331457E-01,1.729839E-01,3.417049E+03,2.771679E+03,2.094372E-01,1.939733E-01,2.735992E+03,8.246540E+02,1.676940E-01,5.771260E-02 
14:45:00,3.508366E+03,5.717691E+02,2.150342E-01,4.001470E-02,3.519850E+03,2.265511E+03,2.157381E-01,1.585449E-01,3.388364E+03,2.375402E+03,2.076791E-01,1.662402E-01,3.840210E+03,3.292938E+03,2.353735E-01,2.304531E-01,3.519652E+03,6.432980E+01,2.157259E-01,4.502463E-03,2.521978E+03,0.000000E+00,1.545767E-01,0.000000E+00,3.416544E+03,1.121235E+03,2.094063E-01,7.846854E-02,3.416544E+03,3.229299E+03,2.094063E-01,2.259993E-01,3.519652E+03,1.797481E+03,2.157259E-01,1.257949E-01,3.839588E+03,3.392879E+03,2.353354E-01,2.374473E-01,1.454272E+03,2.086326E+02,8.913501E-02,1.460098E-02,3.839588E+03,1.337847E+03,2.353354E-01,9.362790E-02,3.803862E+03,2.425031E+03,2.331457E-01,1.697135E-01,3.417049E+03,3.058073E+03,2.094372E-01,2.140163E-01,2.735992E+03,8.549919E+02,1.676940E-01,5.983578E-02 
15:00:00,3.508366E+03,5.433033E+02,2.150342E-01,3.802255E-02,3.519850E+03,2.543898E+03,2.157381E-01,1.780283E-01,3.388364E+03,2.322849E+03,2.076791E-01,1.625624E-01,3.840210E+03,3.568346E+03,2.353735E-01,2.497272E-01,3.519652E+03,7.563161E+01,2.157259E-01,5.292982E-03,2.521978E+03,0.000000E+00,1.545767E-01,0.000000E+00,3.416544E+03,1.135935E+03,2.094063E-01,7.949731E-02,3.416544E+03,3.184155E+03,2.094063E-01,2.228400E-01,3.519652E+03,1.691931E+03,2.157259E-01,1.184081E-01,3.839588E+03,3.343559E+03,2.353354E-01,2.339957E-01,1.454272E+03,2.273119E+02,8.913501E-02,1.590824E-02,3.839588E+03,1.354474E+03,2.353354E-01,9.479153E-02,3.803862E+03,2.379609E+03,2.331457E-01,1.665346E-01,3.417049E+03,3.334394E+03,2.094372E-01,2.333543E-01,2.735992E+03,8.861105E+02,1.676940E-01,6.201358E-02 
15:15:00,3.508366E+03,5.140279E+02,2.150342E-01,3.597374E-02,3.519850E+03,2.798575E+03,2.157381E-01,1.958527E-01,3.388364E+03,2.269566E+03,2.076791E-01,1.588334E-01,3.840210E+03,3.830701E+03,2.353735E-01,2.680879E-01,3.519652E+03,8.763863E+01,2.157259E-01,6.133271E-03,2.521978E+03,0.000000E+00,1.545767E-01,0.000000E+00,3.416544E+03,1.147083E+03,2.094063E-01,8.027746E-02,3.416544E+03,3.111196E+03,2.094063E-01,2.177340E-01,3.519652E+03,1.560246E+03,2.157259E-01,1.091923E-01,3.839588E+03,3.267358E+03,2.353354E-01,2.286629E-01,1.454272E+03,2.454547E+02,8.913501E-02,1.717795E-02,3.839588E+03,1.367782E+03,2.353354E-01,9.572290E-02,3.803862E+03,2.334204E+03,2.331457E-01,1.633570E-01,3.417049E+03,3.598919E+03,2.094372E-01,2.518668E-01,2.735992E+03,9.174204E+02,1.676940E-01,6.420477E-02 
15:30:00,3.508366E+03,4.813738E+02,2.150342E-01,3.368847E-02,3.519850E+03,3.031526E+03,2.157381E-01,2.121565E-01,3.388364E+03,2.212783E+03,2.076791E-01,1.548594E-01,3.840210E+03,4.080858E+03,2.353735E-01,2.855949E-01,3.519652E+03,9.309692E+01,2.157259E-01,6.515258E-03,2.521978E+03,0.000000E+00,1.545767E-01,0.000000E+00,3.416544E+03,1.152394E+03,2.094063E-01,8.064918E-02,3.416544E+03,3.008954E+03,2.094063E-01,2.105787E-01,3.519652E+03,1.403859E+03,2.157259E-01,9.824768E-02,3.839588E+03,3.162902E+03,2.353354E-01,2.213526E-01,1.454272E+03,2.626507E+02,8.913501E-02,1.838140E-02,3.839588E+03,1.375587E+03,2.353354E-01,9.626910E-02,3.803862E+03,2.286058E+03,2.331457E-01,1.599875E-01,3.417049E+03,3.852715E+03,2.094372E-01,2.696285E-01,2.735992E+03,9.483687E+02,1.676940E-01,6.637066E-02 
15:45:00,3.508366E+03,4.452337E+02,2.150342E-01,3.115925E-02,3.519850E+03,3.238312E+03,2.157381E-01,2.266290E-01,3.388364E+03,2.152399E+03,2.076791E-01,1.506335E-01,3.840210E+03,4.315194E+03,2.353735E-01,3.019946E-01,3.519652E+03,9.284358E+01,2.157259E-01,6.497527E-03,2.521978E+03,0.000000E+00,1.545767E-01,0.000000E+00,3.416544E+03,1.151874E+03,2.094063E-01,8.061281E-02,3.416544E+03,2.879506E+03,2.094063E-01,2.015194E-01,3.519652E+03,1.230419E+03,2.157259E-01,8.610964E-02,3.839588E+03,3.032054E+03,2.353354E-01,2.121953E-01,1.454272E+03,2.785161E+02,8.913501E-02,1.949173E-02,3.839588E+03,1.377714E+03,2.353354E-01,9.641800E-02,3.803862E+03,2.234721E+03,2.331457E-01,1.563948E-01,3.417049E+03,4.091535E+03,2.094372E-01,2.863421E-01,2.735992E+03,9.784199E+02,1.676940E-01,6.847376E-02 
16:00:00,3.508366E+03,4.058329E+02,2.150342E-01,2.840182E-02,3.519850E+03,3.414716E+03,2.157381E-01,2.389750E-01,3.388364E+03,2.088626E+03,2.076791E-01,1.461705E-01,3.840210E+03,4.529585E+03,2.353735E-01,3.169986E-01,3.519652E+03,8.744826E+01,2.157259E-01,6.119944E-03,2.521978E+03,0.000000E+00,1.545767E-01,0.000000E+00,3.416544E+03,1.145817E+03,2.094063E-01,8.018890E-02,3.416544E+03,2.728383E+03,2.094063E-01,1.909433E-01,3.519652E+03,1.057869E+03,2.157259E-01,7.403396E-02,3.839588E+03,2.880048E+03,2.353354E-01,2.015573E-01,1.454272E+03,2.927168E+02,8.913501E-02,2.048556E-02,3.839588E+03,1.374291E+03,2.353354E-01,9.617840E-02,3.803862E+03,2.180110E+03,2.331457E-01,1.525729E-01,3.417049E+03,4.311297E+03,2.094372E-01,3.017219E-01,2.735992E+03,1.007082E+03,1.676940E-01,7.047968E-02 
16:15:00,3.508366E+03,3.638156E+02,2.150342E-01,2.546128E-02,3.519850E+03,3.559435E+03,2.157381E-01,2.491032E-01,3.388364E+03,2.022163E+03,2.076791E-01,1.415191E-01,3.840210E+03,4.722083E+03,2.353735E-01,3.304704E-01,3.519652E+03,7.765754E+01,2.157259E-01,5.434757E-03,2.521978E+03,0.000000E+00,1.545767E-01,0.000000E+00,3.416544E+03,1.134930E+03,2.094063E-01,7.942695E-02,3.416544E+03,2.566586E+03,2.094063E-01,1.796200E-01,3.519652E+03,8.889413E+02,2.157259E-01,6.221169E-02,3.839588E+03,2.717533E+03,2.353354E-01,1.901839E-01,1.454272E+03,3.049825E+02,8.913501E-02,2.134396E-02,3.839588E+03,1.365949E+03,2.353354E-01,9.559462E-02,3.803862E+03,2.122763E+03,2.331457E-01,1.485595E-01,3.417049E+03,4.509515E+03,2.094372E-01,3.155940E-01,2.735992E+03,1.033930E+03,1.676940E-01,7.235861E-02 
16:30:00,3.508366E+03,3.211252E+02,2.150342E-01,2.247364E-02,3.519850E+03,3.665723E+03,2.157381E-01,2.565419E-01,3.388364E+03,1.955086E+03,2.076791E-01,1.368248E-01,3.840210E+03,4.886496E+03,2.353735E-01,3.419767E-01,3.519652E+03,6.875947E+01,2.157259E-01,4.812040E-03,2.521978E+03,0.000000E+00,1.545767E-01,0.000000E+00,3.416544E+03,1.124283E+03,2.094063E-01,7.868182E-02,3.416544E+03,2.410420E+03,2.094063E-01,1.686909E-01,3.519652E+03,7.401210E+02,2.157259E-01,5.179665E-02,3.839588E+03,2.560234E+03,2.353354E-01,1.791755E-01,1.454272E+03,3.151611E+02,8.913501E-02,2.205631E-02,3.839588E+03,1.357473E+03,2.353354E-01,9.500142E-02,3.803862E+03,2.064422E+03,2.331457E-01,1.444766E-01,3.417049E+03,4.679594E+03,2.094372E-01,3.274968E-01,2.735992E+03,1.058663E+03,1.676940E-01,7.408949E-02 
16:45:00,3.508366E+03,2.774583E+02,2.150342E-01,1.941765E-02,3.519850E+03,3.733076E+03,2.157381E-01,2.612556E-01,3.388364E+03,1.886955E+03,2.076791E-01,1.320567E-01,3.840210E+03,5.020661E+03,2.353735E-01,3.513660E-01,3.519652E+03,6.959506E+01,2.157259E-01,4.870522E-03,2.521978E+03,0.000000E+00,1.545767E-01,0.000000E+00,3.416544E+03,1.121837E+03,2.094063E-01,7.851067E-02,3.416544E+03,2.269966E+03,2.094063E-01,1.588613E-01,3.519652E+03,6.169875E+02,2.157259E-01,4.317927E-02,3.839588E+03,2.418334E+03,2.353354E-01,1.692448E-01,1.454272E+03,3.232888E+02,8.913501E-02,2.262512E-02,3.839588E+03,1.356859E+03,2.353354E-01,9.495847E-02,3.803862E+03,2.004747E+03,2.331457E-01,1.403003E-01,3.417049E+03,4.819685E+03,2.094372E-01,3.373009E-01,2.735992E+03,1.081190E+03,1.676940E-01,7.566600E-02 
17:00:00,3.508366E+03,2.324134E+02,2.150342E-01,1.626523E-02,3.519850E+03,3.760053E+03,2.157381E-01,2.631436E-01,3.388364E+03,1.817179E+03,2.076791E-01,1.271735E-01,3.840210E+03,5.122628E+03,2.353735E-01,3.585021E-01,3.519652E+03,8.767820E+01,2.157259E-01,6.136047E-03,2.521978E+03,0.000000E+00,1.545767E-01,0.000000E+00,3.416544E+03,1.135469E+03,2.094063E-01,7.946468E-02,3.416544E+03,2.148952E+03,2.094063E-01,1.503923E-01,3.519652E+03,5.105002E+02,2.157259E-01,3.572686E-02,3.839588E+03,2.296035E+03,2.353354E-01,1.606858E-01,1.454272E+03,3.295764E+02,8.913501E-02,2.306515E-02,3.839588E+03,1.372165E+03,2.353354E-01,9.602964E-02,3.803862E+03,1.943234E+03,2.331457E-01,1.359953E-01,3.417049E+03,4.927496E+03,2.094372E-01,3.448460E-01,2.735992E+03,1.101625E+03,1.676940E-01,7.709617E-02 
17:15:00,3.508366E+03,1.862984E+02,2.150342E-01,1.303791E-02,3.519850E+03,3.743505E+03,2.157381E-01,2.619855E-01,3.388364E+03,1.745785E+03,2.076791E-01,1.221770E-01,3.840210E+03,5.188846E+03,2.353735E-01,3.631363E-01,3.519652E+03,1.266637E+02,2.157259E-01,8.864384E-03,2.521978E+03,0.000000E+00,1.545767E-01,0.000000E+00,3.416544E+03,1.170765E+03,2.094063E-01,8.193481E-02,3.416544E+03,2.045278E+03,2.094063E-01,1.431368E-01,3.519652E+03,4.257958E+02,2.157259E-01,2.979891E-02,3.839588E+03,2.191727E+03,2.353354E-01,1.533859E-01,1.454272E+03,3.343315E+02,8.913501E-02,2.339793E-02,3.839588E+03,1.409162E+03,2.353354E-01,9.861882E-02,3.803862E+03,1.879848E+03,2.331457E-01,1.315593E-01,3.417049E+03,4.999725E+03,2.094372E-01,3.499009E-01,2.735992E+03,1.120210E+03,1.676940E-01,7.839678E-02 
17:30:00,3.508366E+03,1.393750E+02,2.150342E-01,9.754022E-03,3.519850E+03,3.679425E+03,2.157381E-01,2.575010E-01,3.388364E+03,1.672653E+03,2.076791E-01,1.170590E-01,3.840210E+03,5.215327E+03,2.353735E-01,3.649896E-01,3.519652E+03,1.828717E+02,2.157259E-01,1.279799E-02,2.521978E+03,0.000000E+00,1.545767E-01,0.000000E+00,3.416544E+03,1.226357E+03,2.094063E-01,8.582542E-02,3.416544E+03,1.950659E+03,2.094063E-01,1.365150E-01,3.519652E+03,3.519829E+02,2.157259E-01,2.463318E-02,3.839588E+03,2.097689E+03,2.353354E-01,1.468047E-01,1.454272E+03,3.378565E+02,8.913501E-02,2.364463E-02,3.839588E+03,1.466798E+03,2.353354E-01,1.026524E-01,3.803862E+03,1.814418E+03,2.331457E-01,1.269802E-01,3.417049E+03,5.032101E+03,2.094372E-01,3.521667E-01,2.735992E+03,1.137197E+03,1.676940E-01,7.958560E-02 
17:45:00,3.508366E+03,9.094999E+01,2.150342E-01,6.365047E-03,3.519850E+03,3.556414E+03,2.157381E-01,2.488922E-01,3.388364E+03,1.596092E+03,2.076791E-01,1.117009E-01,3.840210E+03,5.192801E+03,2.353735E-01,3.634131E-01,3.519652E+03,2.422573E+02,2.157259E-01,1.695395E-02,2.521978E+03,0.000000E+00,1.545767E-01,0.000000E+00,3.416544E+03,1.290234E+03,2.094063E-01,9.029577E-02,3.416544E+03,1.857862E+03,2.094063E-01,1.300206E-01,3.519652E+03,2.815780E+02,2.157259E-01,1.970596E-02,3.839588E+03,2.006950E+03,2.353354E-01,1.404544E-01,1.454272E+03,3.403033E+02,8.913501E-02,2.381587E-02,3.839588E+03,1.533483E+03,2.353354E-01,1.073193E-01,3.803862E+03,1.745362E+03,2.331457E-01,1.221474E-01,3.417049E+03,5.014602E+03,2.094372E-01,3.509420E-01,2.735992E+03,1.152686E+03,1.676940E-01,8.066962E-02 
18:00:00,3.508366E+03,5.007650E+01,2.150342E-01,3.504555E-03,3.519850E+03,3.373879E+03,2.157381E-01,2.361176E-01,3.388364E+03,1.516320E+03,2.076791E-01,1.061182E-01,3.840210E+03,5.118356E+03,2.353735E-01,3.582031E-01,3.519652E+03,2.922574E+02,2.157259E-01,2.045308E-02,2.521978E+03,0.000000E+00,1.545767E-01,0.000000E+00,3.416544E+03,1.349969E+03,2.094063E-01,9.447624E-02,3.416544E+03,1.764595E+03,2.094063E-01,1.234934E-01,3.519652E+03,2.127439E+02,2.157259E-01,1.488867E-02,3.839588E+03,1.916901E+03,2.353354E-01,1.341524E-01,1.454272E+03,3.415171E+02,8.913501E-02,2.390081E-02,3.839588E+03,1.596633E+03,2.353354E-01,1.117388E-01,3.803862E+03,1.672834E+03,2.331457E-01,1.170716E-01,3.417049E+03,4.944709E+03,2.094372E-01,3.460507E-01,2.735992E+03,1.166440E+03,1.676940E-01,8.163219E-02 
18:15:00,3.508366E+03,2.110218E+01,2.150342E-01,1.476815E-03,3.519850E+03,3.130932E+03,2.157381E-01,2.191152E-01,3.388364E+03,1.433476E+03,2.076791E-01,1.003204E-01,3.840210E+03,4.989193E+03,2.353735E-01,3.491638E-01,3.519652E+03,3.237644E+02,2.157259E-01,2.265801E-02,2.521978E+03,0.000000E+00,1.545767E-01,0.000000E+00,3.416544E+03,1.393484E+03,2.094063E-01,9.752164E-02,3.416544E+03,1.669652E+03,2.094063E-01,1.168490E-01,3.519652E+03,1.454590E+02,2.157259E-01,1.017981E-02,3.839588E+03,1.825716E+03,2.353354E-01,1.277710E-01,1.454272E+03,3.411409E+02,8.913501E-02,2.387448E-02,3.839588E+03,1.643779E+03,2.353354E-01,1.150383E-01,3.803862E+03,1.596619E+03,2.331457E-01,1.117378E-01,3.417049E+03,4.819901E+03,2.094372E-01,3.373161E-01,2.735992E+03,1.177981E+03,1.676940E-01,8.243986E-02 
18:30:00,3.508366E+03,4.082886E+00,2.150342E-01,2.857368E-04,3.519850E+03,2.826183E+03,2.157381E-01,1.977877E-01,3.388364E+03,1.347642E+03,2.076791E-01,9.431345E-02,3.840210E+03,4.802057E+03,2.353735E-01,3.360673E-01,3.519652E+03,3.293127E+02,2.157259E-01,2.304629E-02,2.521978E+03,0.000000E+00,1.545767E-01,0.000000E+00,3.416544E+03,1.410750E+03,2.094063E-01,9.872997E-02,3.416544E+03,1.572392E+03,2.094063E-01,1.100423E-01,3.519652E+03,8.340741E+01,2.157259E-01,5.837186E-03,3.839588E+03,1.732489E+03,2.353354E-01,1.212465E-01,1.454272E+03,3.387422E+02,8.913501E-02,2.370661E-02,3.839588E+03,1.664512E+03,2.353354E-01,1.164892E-01,3.803862E+03,1.516822E+03,2.331457E-01,1.061533E-01,3.417049E+03,4.636763E+03,2.094372E-01,3.244994E-01,2.735992E+03,1.186721E+03,1.676940E-01,8.305150E-02 
18:45:00,3.508366E+03,0.000000E+00,2.150342E-01,0.000000E+00,3.519850E+03,2.467677E+03,2.157381E-01,1.726979E-01,3.388364E+03,1.260545E+03,2.076791E-01,8.821800E-02,3.840210E+03,4.559274E+03,2.353735E-01,3.190763E-01,3.519652E+03,3.043765E+02,2.157259E-01,2.130119E-02,2.521978E+03,0.000000E+00,1.545767E-01,0.000000E+00,3.416544E+03,1.396285E+03,2.094063E-01,9.771764E-02,3.416544E+03,1.474202E+03,2.094063E-01,1.031706E-01,3.519652E+03,3.903537E+01,2.157259E-01,2.731852E-03,3.839588E+03,1.638190E+03,2.353354E-01,1.146471E-01,1.454272E+03,3.338649E+02,8.913501E-02,2.336527E-02,3.839588E+03,1.652732E+03,2.353354E-01,1.156648E-01,3.803862E+03,1.434969E+03,2.331457E-01,1.004249E-01,3.417049E+03,4.398057E+03,2.094372E-01,3.077938E-01,2.735992E+03,1.192022E+03,1.676940E-01,8.342251E-02 
19:00:00,3.508366E+03,0.000000E+00,2.150342E-01,0.000000E+00,3.519850E+03,2.046412E+03,2.157381E-01,1.432162E-01,3.388364E+03,1.171670E+03,2.076791E-01,8.199819E-02,3.840210E+03,4.248096E+03,2.353735E-01,2.972988E-01,3.519652E+03,2.412144E+02,2.157259E-01,1.688093E-02,2.521978E+03,0.000000E+00,1.545767E-01,0.000000E+00,3.416544E+03,1.340357E+03,2.094063E-01,9.380359E-02,3.416544E+03,1.374341E+03,2.094063E-01,9.618189E-02,3.519652E+03,1.160076E+01,2.157259E-01,8.118679E-04,3.839588E+03,1.541944E+03,2.353354E-01,1.079114E-01,1.454272E+03,3.261157E+02,8.913501E-02,2.282295E-02,3.839588E+03,1.598813E+03,2.353354E-01,1.118913E-01,3.803862E+03,1.350549E+03,2.331457E-01,9.451687E-02,3.417049E+03,4.089052E+03,2.094372E-01,2.861683E-01,2.735992E+03,1.193298E+03,1.676940E-01,8.351179E-02 
19:15:00,3.508366E+03,0.000000E+00,2.150342E-01,0.000000E+00,3.519850E+03,1.583607E+03,2.157381E-01,1.108272E-01,3.388364E+03,1.082060E+03,2.076791E-01,7.572692E-02,3.840210E+03,3.867669E+03,2.353735E-01,2.706750E-01,3.519652E+03,1.557144E+02,2.157259E-01,1.089739E-02,2.521978E+03,0.000000E+00,1.545767E-01,0.000000E+00,3.416544E+03,1.239845E+03,2.094063E-01,8.676931E-02,3.416544E+03,1.273817E+03,2.094063E-01,8.914684E-02,3.519652E+03,0.000000E+00,2.157259E-01,0.000000E+00,3.839588E+03,1.444829E+03,2.353354E-01,1.011149E-01,1.454272E+03,3.149396E+02,8.913501E-02,2.204080E-02,3.839588E+03,1.499468E+03,2.353354E-01,1.049388E-01,3.803862E+03,1.264821E+03,2.331457E-01,8.851729E-02,3.417049E+03,3.708290E+03,2.094372E-01,2.595210E-01,2.735992E+03,1.189770E+03,1.676940E-01,8.326491E-02 
19:30:00,3.508366E+03,0.000000E+00,2.150342E-01,0.000000E+00,3.519850E+03,1.140134E+03,2.157381E-01,7.979116E-02,3.388364E+03,9.923738E+02,2.076791E-01,6.945032E-02,3.840210E+03,3.449616E+03,2.353735E-01,2.414180E-01,3.519652E+03,7.968436E+01,2.157259E-01,5.576576E-03,2.521978E+03,0.000000E+00,1.545767E-01,0.000000E+00,3.416544E+03,1.106677E+03,2.094063E-01,7.744973E-02,3.416544E+03,1.173205E+03,2.094063E-01,8.210561E-02,3.519652E+03,0.000000E+00,2.157259E-01,0.000000E+00,3.839588E+03,1.347196E+03,2.353354E-01,9.428223E-02,1.454272E+03,2.996296E+02,8.913501E-02,2.096933E-02,3.839588E+03,1.365761E+03,2.353354E-01,9.558144E-02,3.803862E+03,1.178295E+03,2.331457E-01,8.246181E-02,3.417049E+03,3.289995E+03,2.094372E-01,2.302471E-01,2.735992E+03,1.180475E+03,1.676940E-01,8.261439E-02 
19:45:00,3.508366E+03,0.000000E+00,2.150342E-01,0.000000E+00,3.519850E+03,7.509405E+02,2.157381E-01,5.255384E-02,3.388364E+03,9.064006E+02,2.076791E-01,6.343357E-02,3.840210E+03,3.039915E+03,2.353735E-01,2.127455E-01,3.519652E+03,2.340617E+01,2.157259E-01,1.638046E-03,2.521978E+03,0.000000E+00,1.545767E-01,0.000000E+00,3.416544E+03,9.636896E+02,2.094063E-01,6.744288E-02,3.416544E+03,1.076391E+03,2.094063E-01,7.533021E-02,3.519652E+03,0.000000E+00,2.157259E-01,0.000000E+00,3.839588E+03,1.252539E+03,2.353354E-01,8.765770E-02,1.454272E+03,2.798013E+02,8.913501E-02,1.958166E-02,3.839588E+03,1.219345E+03,2.353354E-01,8.533466E-02,3.803862E+03,1.094464E+03,2.331457E-01,7.659499E-02,3.417049E+03,2.883106E+03,2.094372E-01,2.017713E-01,2.735992E+03,1.164770E+03,1.676940E-01,8.151526E-02 
20:00:00,3.508366E+03,0.000000E+00,2.150342E-01,0.000000E+00,3.519850E+03,4.557467E+02,2.157381E-01,3.189499E-02,3.388364E+03,8.273653E+02,2.076791E-01,5.790236E-02,3.840210E+03,2.681821E+03,2.353735E-01,1.876847E-01,3.519652E+03,0.000000E+00,2.157259E-01,0.000000E+00,2.521978E+03,0.000000E+00,1.545767E-01,0.000000E+00,3.416544E+03,8.328394E+02,2.094063E-01,5.828545E-02,3.416544E+03,9.867546E+02,2.094063E-01,6.905706E-02,3.519652E+03,0.000000E+00,2.157259E-01,0.000000E+00,3.839588E+03,1.164139E+03,2.353354E-01,8.147111E-02,1.454272E+03,2.559069E+02,8.913501E-02,1.790942E-02,3.839588E+03,1.082203E+03,2.353354E-01,7.573692E-02,3.803862E+03,1.016528E+03,2.331457E-01,7.114069E-02,3.417049E+03,2.532510E+03,2.094372E-01,1.772352E-01,2.735992E+03,1.142945E+03,1.676940E-01,7.998788E-02 
20:15:00,3.508366E+03,0.000000E+00,2.150342E-01,0.000000E+00,3.519850E+03,2.561501E+02,2.157381E-01,1.792641E-02,3.388364E+03,7.563891E+02,2.076791E-01,5.293516E-02,3.840210E+03,2.400307E+03,2.353735E-01,1.679832E-01,3.519652E+03,0.000000E+00,2.157259E-01,0.000000E+00,2.521978E+03,0.000000E+00,1.545767E-01,0.000000E+00,3.416544E+03,7.287565E+02,2.094063E-01,5.100131E-02,3.416544E+03,9.055441E+02,2.094063E-01,6.337362E-02,3.519652E+03,0.000000E+00,2.157259E-01,0.000000E+00,3.839588E+03,1.083467E+03,2.353354E-01,7.582537E-02,1.454272E+03,2.293159E+02,8.913501E-02,1.604847E-02,3.839588E+03,9.695840E+02,2.353354E-01,6.785539E-02,3.803862E+03,9.458283E+02,2.331457E-01,6.619288E-02,3.417049E+03,2.262531E+03,2.094372E-01,1.583410E-01,2.735992E+03,1.116373E+03,1.676940E-01,7.812827E-02 
20:30:00,3.508366E+03,0.000000E+00,2.150342E-01,0.000000E+00,3.519850E+03,1.242444E+02,2.157381E-01,8.695123E-03,3.388364E+03,6.946634E+02,2.076791E-01,4.861534E-02,3.840210E+03,2.185608E+03,2.353735E-01,1.529577E-01,3.519652E+03,0.000000E+00,2.157259E-01,0.000000E+00,2.521978E+03,0.000000E+00,1.545767E-01,0.000000E+00,3.416544E+03,6.510668E+02,2.094063E-01,4.556427E-02,3.416544E+03,8.340259E+02,2.094063E-01,5.836849E-02,3.519652E+03,0.000000E+00,2.157259E-01,0.000000E+00,3.839588E+03,1.011979E+03,2.353354E-01,7.082237E-02,1.454272E+03,2.018977E+02,8.913501E-02,1.412963E-02,3.839588E+03,8.825235E+02,2.353354E-01,6.176255E-02,3.803862E+03,8.836813E+02,2.331457E-01,6.184358E-02,3.417049E+03,2.059999E+03,2.094372E-01,1.441670E-01,2.735992E+03,1.087117E+03,1.676940E-01,7.608079E-02 
20:45:00,3.508366E+03,0.000000E+00,2.150342E-01,0.000000E+00,3.519850E+03,4.852467E+01,2.157381E-01,3.395952E-03,3.388364E+03,6.392437E+02,2.076791E-01,4.473685E-02,3.840210E+03,2.011843E+03,2.353735E-01,1.407969E-01,3.519652E+03,0.000000E+00,2.157259E-01,0.000000E+00,2.521978E+03,0.000000E+00,1.545767E-01,0.000000E+00,3.416544E+03,5.881966E+02,2.094063E-01,4.116436E-02,3.416544E+03,7.698633E+02,2.094063E-01,5.387814E-02,3.519652E+03,0.000000E+00,2.157259E-01,0.000000E+00,3.839588E+03,9.476079E+02,2.353354E-01,6.631741E-02,1.454272E+03,1.753821E+02,8.913501E-02,1.227396E-02,3.839588E+03,8.119174E+02,2.353354E-01,5.682125E-02,3.803862E+03,8.280100E+02,2.331457E-01,5.794747E-02,3.417049E+03,1.895499E+03,2.094372E-01,1.326547E-01,2.735992E+03,1.057206E+03,1.676940E-01,7.398752E-02 
21:00:00,3.508366E+03,0.000000E+00,2.150342E-01,0.000000E+00,3.519850E+03,1.025389E+01,2.157381E-01,7.176088E-04,3.388364E+03,5.879759E+02,2.076791E-01,4.114892E-02,3.840210E+03,1.864178E+03,2.353735E-01,1.304627E-01,3.519652E+03,0.000000E+00,2.157259E-01,0.000000E+00,2.521978E+03,0.000000E+00,1.545767E-01,0.000000E+00,3.416544E+03,5.337201E+02,2.094063E-01,3.735188E-02,3.416544E+03,7.110778E+02,2.094063E-01,4.976409E-02,3.519652E+03,0.000000E+00,2.157259E-01,0.000000E+00,3.839588E+03,8.888899E+02,2.353354E-01,6.220809E-02,1.454272E+03,1.507344E+02,8.913501E-02,1.054901E-02,3.839588E+03,7.518788E+02,2.353354E-01,5.261950E-02,3.803862E+03,7.774212E+02,2.331457E-01,5.440706E-02,3.417049E+03,1.753567E+03,2.094372E-01,1.227217E-01,2.735992E+03,1.027936E+03,1.676940E-01,7.193909E-02 
21:15:00,3.508366E+03,0.000000E+00,2.150342E-01,0.000000E+00,3.519850E+03,0.000000E+00,2.157381E-01,0.000000E+00,3.388364E+03,5.397736E+02,2.076791E-01,3.777553E-02,3.840210E+03,1.734763E+03,2.353735E-01,1.214057E-01,3.519652E+03,0.000000E+00,2.157259E-01,0.000000E+00,2.521978E+03,0.000000E+00,1.545767E-01,0.000000E+00,3.416544E+03,4.846525E+02,2.094063E-01,3.391793E-02,3.416544E+03,6.562646E+02,2.094063E-01,4.592804E-02,3.519652E+03,0.000000E+00,2.157259E-01,0.000000E+00,3.839588E+03,8.348545E+02,2.353354E-01,5.842648E-02,1.454272E+03,1.282153E+02,8.913501E-02,8.973033E-03,3.839588E+03,6.989460E+02,2.353354E-01,4.891505E-02,3.803862E+03,7.304224E+02,2.331457E-01,5.111790E-02,3.417049E+03,1.626990E+03,2.094372E-01,1.138633E-01,2.735992E+03,9.998370E+02,1.676940E-01,6.997262E-02 
21:30:00,3.508366E+03,0.000000E+00,2.150342E-01,0.000000E+00,3.519850E+03,0.000000E+00,2.157381E-01,0.000000E+00,3.388364E+03,4.934770E+02,2.076791E-01,3.453551E-02,3.840210E+03,1.618870E+03,2.353735E-01,1.132950E-01,3.519652E+03,0.000000E+00,2.157259E-01,0.000000E+00,2.521978E+03,0.000000E+00,1.545767E-01,0.000000E+00,3.416544E+03,4.390040E+02,2.094063E-01,3.072327E-02,3.416544E+03,6.043412E+02,2.094063E-01,4.229423E-02,3.519652E+03,0.000000E+00,2.157259E-01,0.000000E+00,3.839588E+03,7.842920E+02,2.353354E-01,5.488791E-02,1.454272E+03,1.077216E+02,8.913501E-02,7.538799E-03,3.839588E+03,6.508796E+02,2.353354E-01,4.555118E-02,3.803862E+03,6.859866E+02,2.331457E-01,4.800810E-02,3.417049E+03,1.511853E+03,2.094372E-01,1.058056E-01,2.735992E+03,9.729835E+02,1.676940E-01,6.809330E-02 
21:45:00,3.508366E+03,0.000000E+00,2.150342E-01,0.000000E+00,3.519850E+03,0.000000E+00,2.157381E-01,0.000000E+00,3.388364E+03,4.491482E+02,2.076791E-01,3.143320E-02,3.840210E+03,1.513433E+03,2.353735E-01,1.059161E-01,3.519652E+03,0.000000E+00,2.157259E-01,0.000000E+00,2.521978E+03,0.000000E+00,1.545767E-01,0.000000E+00,3.416544E+03,3.962915E+02,2.094063E-01,2.773408E-02,3.416544E+03,5.547073E+02,2.094063E-01,3.882065E-02,3.519652E+03,0.000000E+00,2.157259E-01,0.000000E+00,3.839588E+03,7.365038E+02,2.353354E-01,5.154350E-02,1.454272E+03,8.898280E+01,8.913501E-02,6.227379E-03,3.839588E+03,6.062302E+02,2.353354E-01,4.242643E-02,3.803862E+03,6.434296E+02,2.331457E-01,4.502979E-02,3.417049E+03,1.405763E+03,2.094372E-01,9.838095E-02,2.735992E+03,9.472332E+02,1.676940E-01,6.629119E-02 
22:00:00,3.508366E+03,0.000000E+00,2.150342E-01,0.000000E+00,3.519850E+03,0.000000E+00,2.157381E-01,0.000000E+00,3.388364E+03,4.065941E+02,2.076791E-01,2.845509E-02,3.840210E+03,1.416502E+03,2.353735E-01,9.913251E-02,3.519652E+03,0.000000E+00,2.157259E-01,0.000000E+00,2.521978E+03,0.000000E+00,1.545767E-01,0.000000E+00,3.416544E+03,3.559093E+02,2.094063E-01,2.490797E-02,3.416544E+03,5.069353E+02,2.094063E-01,3.547737E-02,3.519652E+03,0.000000E+00,2.157259E-01,0.000000E+00,3.839588E+03,6.907481E+02,2.353354E-01,4.834133E-02,1.454272E+03,7.172674E+01,8.913501E-02,5.019729E-03,3.839588E+03,5.638743E+02,2.353354E-01,3.946220E-02,3.803862E+03,6.021852E+02,2.331457E-01,4.214334E-02,3.417049E+03,1.307234E+03,2.094372E-01,9.148548E-02,2.735992E+03,9.223723E+02,1.676940E-01,6.455133E-02 
22:15:00,3.508366E+03,0.000000E+00,2.150342E-01,0.000000E+00,3.519850E+03,0.000000E+00,2.157381E-01,0.000000E+00,3.388364E+03,3.658807E+02,2.076791E-01,2.560581E-02,3.840210E+03,1.326870E+03,2.353735E-01,9.285972E-02,3.519652E+03,0.000000E+00,2.157259E-01,0.000000E+00,2.521978E+03,0.000000E+00,1.545767E-01,0.000000E+00,3.416544E+03,3.176750E+02,2.094063E-01,2.223217E-02,3.416544E+03,4.613189E+02,2.094063E-01,3.228495E-02,3.519652E+03,0.000000E+00,2.157259E-01,0.000000E+00,3.839588E+03,6.466151E+02,2.353354E-01,4.525273E-02,1.454272E+03,5.570410E+01,8.913501E-02,3.898399E-03,3.839588E+03,5.238627E+02,2.353354E-01,3.666202E-02,3.803862E+03,5.624401E+02,2.331457E-01,3.936182E-02,3.417049E+03,1.215674E+03,2.094372E-01,8.507774E-02,2.735992E+03,8.981813E+02,1.676940E-01,6.285834E-02 
22:30:00,3.508366E+03,0.000000E+00,2.150342E-01,0.000000E+00,3.519850E+03,0.000000E+00,2.157381E-01,0.000000E+00,3.388364E+03,3.270897E+02,2.076791E-01,2.289105E-02,3.840210E+03,1.243792E+03,2.353735E-01,8.704558E-02,3.519652E+03,0.000000E+00,2.157259E-01,0.000000E+00,2.521978E+03,0.000000E+00,1.545767E-01,0.000000E+00,3.416544E+03,2.815129E+02,2.094063E-01,1.970141E-02,3.416544E+03,4.178806E+02,2.094063E-01,2.924496E-02,3.519652E+03,0.000000E+00,2.157259E-01,0.000000E+00,3.839588E+03,6.042133E+02,2.353354E-01,4.228528E-02,1.454272E+03,4.071007E+01,8.913501E-02,2.849055E-03,3.839588E+03,4.860128E+02,2.353354E-01,3.401313E-02,3.803862E+03,5.242154E+02,2.331457E-01,3.668671E-02,3.417049E+03,1.130015E+03,2.094372E-01,7.908303E-02,2.735992E+03,8.744677E+02,1.676940E-01,6.119877E-02 
22:45:00,3.508366E+03,0.000000E+00,2.150342E-01,0.000000E+00,3.519850E+03,0.000000E+00,2.157381E-01,0.000000E+00,3.388364E+03,2.900058E+02,2.076791E-01,2.029577E-02,3.840210E+03,1.166172E+03,2.353735E-01,8.161338E-02,3.519652E+03,0.000000E+00,2.157259E-01,0.000000E+00,2.521978E+03,0.000000E+00,1.545767E-01,0.000000E+00,3.416544E+03,2.471061E+02,2.094063E-01,1.729348E-02,3.416544E+03,3.763967E+02,2.094063E-01,2.634176E-02,3.519652E+03,0.000000E+00,2.157259E-01,0.000000E+00,3.839588E+03,5.635356E+02,2.353354E-01,3.943849E-02,1.454272E+03,2.658668E+01,8.913501E-02,1.860644E-03,3.839588E+03,4.499647E+02,2.353354E-01,3.149034E-02,3.803862E+03,4.875570E+02,2.331457E-01,3.412120E-02,3.417049E+03,1.049395E+03,2.094372E-01,7.344090E-02,2.735992E+03,8.510786E+02,1.676940E-01,5.956191E-02 
23:00:00,3.508366E+03,0.000000E+00,2.150342E-01,0.000000E+00,3.519850E+03,0.000000E+00,2.157381E-01,0.000000E+00,3.388364E+03,2.547273E+02,2.076791E-01,1.782684E-02,3.840210E+03,1.093105E+03,2.353735E-01,7.649991E-02,3.519652E+03,0.000000E+00,2.157259E-01,0.000000E+00,2.521978E+03,0.000000E+00,1.545767E-01,0.000000E+00,3.416544E+03,2.144902E+02,2.094063E-01,1.501089E-02,3.416544E+03,3.369240E+02,2.094063E-01,2.357929E-02,3.519652E+03,0.000000E+00,2.157259E-01,0.000000E+00,3.839588E+03,5.245284E+02,2.353354E-01,3.670861E-02,1.454272E+03,1.470759E+01,8.913501E-02,1.029297E-03,3.839588E+03,4.156903E+02,2.353354E-01,2.909168E-02,3.803862E+03,4.522707E+02,2.331457E-01,3.165173E-02,3.417049E+03,9.731007E+02,2.094372E-01,6.810151E-02,2.735992E+03,8.278993E+02,1.676940E-01,5.793973E-02 
23:15:00,3.508366E+03,0.000000E+00,2.150342E-01,0.000000E+00,3.519850E+03,0.000000E+00,2.157381E-01,0.000000E+00,3.388364E+03,2.208553E+02,2.076791E-01,1.545634E-02,3.840210E+03,1.023763E+03,2.353735E-01,7.164704E-02,3.519652E+03,0.000000E+00,2.157259E-01,0.000000E+00,2.521978E+03,0.000000E+00,1.545767E-01,0.000000E+00,3.416544E+03,1.832249E+02,2.094063E-01,1.282281E-02,3.416544E+03,2.990523E+02,2.094063E-01,2.092888E-02,3.519652E+03,0.000000E+00,2.157259E-01,0.000000E+00,3.839588E+03,4.869325E+02,2.353354E-01,3.407749E-02,1.454272E+03,6.443496E+00,8.913501E-02,4.509419E-04,3.839588E+03,3.827282E+02,2.353354E-01,2.678486E-02,3.803862E+03,4.181736E+02,2.331457E-01,2.926547E-02,3.417049E+03,9.001427E+02,2.094372E-01,6.299561E-02,2.735992E+03,8.048482E+02,1.676940E-01,5.632652E-02 
23:30:00,3.508366E+03,0.000000E+00,2.150342E-01,0.000000E+00,3.519850E+03,0.000000E+00,2.157381E-01,0.000000E+00,3.388364E+03,1.882986E+02,2.076791E-01,1.317789E-02,3.840210E+03,9.573667E+02,2.353735E-01,6.700038E-02,3.519652E+03,0.000000E+00,2.157259E-01,0.000000E+00,2.521978E+03,0.000000E+00,1.545767E-01,0.000000E+00,3.416544E+03,1.531973E+02,2.094063E-01,1.072136E-02,3.416544E+03,2.626625E+02,2.094063E-01,1.838218E-02,3.519652E+03,0.000000E+00,2.157259E-01,0.000000E+00,3.839588E+03,4.505922E+02,2.353354E-01,3.153425E-02,1.454272E+03,1.598670E+00,8.913501E-02,1.118814E-04,3.839588E+03,3.509208E+02,2.353354E-01,2.455885E-02,3.803862E+03,3.851298E+02,2.331457E-01,2.695294E-02,3.417049E+03,8.303767E+02,2.094372E-01,5.811311E-02,2.735992E+03,7.818676E+02,1.676940E-01,5.471824E-02 
23:45:00,3.508366E+03,0.000000E+00,2.150342E-01,0.000000E+00,3.519850E+03,0.000000E+00,2.157381E-01,0.000000E+00,3.388364E+03,1.569913E+02,2.076791E-01,1.098689E-02,3.840210E+03,8.938253E+02,2.353735E-01,6.255349E-02,3.519652E+03,0.000000E+00,2.157259E-01,0.000000E+00,2.521978E+03,0.000000E+00,1.545767E-01,0.000000E+00,3.416544E+03,1.243303E+02,2.094063E-01,8.701134E-03,3.416544E+03,2.276667E+02,2.094063E-01,1.593303E-02,3.519652E+03,0.000000E+00,2.157259E-01,0.000000E+00,3.839588E+03,4.154021E+02,2.353354E-01,2.907151E-02,1.454272E+03,0.000000E+00,8.913501E-02,0.000000E+00,3.839588E+03,3.201487E+02,2.353354E-01,2.240530E-02,3.803862E+03,3.530544E+02,2.331457E-01,2.470817E-02,3.417049E+03,7.636821E+02,2.094372E-01,5.344555E-02,2.735992E+03,7.589176E+02,1.676940E-01,5.311211E-02 
24:00:00,3.508366E+03,0.000000E+00,2.150342E-01,0.000000E+00,3.519850E+03,0.000000E+00,2.157381E-01,0.000000E+00,3.388364E+03,1.268843E+02,2.076791E-01,8.879876E-03,3.840210E+03,8.329977E+02,2.353735E-01,5.829653E-02,3.519652E+03,0.000000E+00,2.157259E-01,0.000000E+00,2.521978E+03,0.000000E+00,1.545767E-01,0.000000E+00,3.416544E+03,9.657043E+01,2.094063E-01,6.758387E-03,3.416544E+03,1.939945E+02,2.094063E-01,1.357651E-02,3.519652E+03,0.000000E+00,2.157259E-01,0.000000E+00,3.839588E+03,3.812822E+02,2.353354E-01,2.668367E-02,1.454272E+03,0.000000E+00,8.913501E-02,0.000000E+00,3.839588E+03,2.903195E+02,2.353354E-01,2.031773E-02,3.803862E+03,3.218847E+02,2.331457E-01,2.252679E-02,3.417049E+03,6.999034E+02,2.094372E-01,4.898206E-02,2.735992E+03,7.359731E+02,1.676940E-01,5.150636E-02 
Peak,3.508366E+03,2.918622E+03,2.150342E-01,2.042568E-01,3.519850E+03,3.760053E+03,2.157381E-01,2.631436E-01,3.388364E+03,4.236136E+03,2.076791E-01,2.964619E-01,3.840210E+03,5.215327E+03,2.353735E-01,3.649896E-01,3.519652E+03,3.293127E+02,2.157259E-01,2.304629E-02,2.521978E+03,0.000000E+00,1.545767E-01,0.000000E+00,3.416544E+03,1.410750E+03,2.094063E-01,9.872997E-02,3.416544E+03,3.248042E+03,2.094063E-01,2.273110E-01,3.519652E+03,1.965137E+03,2.157259E-01,1.375279E-01,3.839588E+03,3.416839E+03,2.353354E-01,2.391241E-01,1.454272E+03,3.415171E+02,8.913501E-02,2.390081E-02,3.839588E+03,1.664512E+03,2.353354E-01,1.164892E-01,3.803862E+03,4.373743E+03,2.331457E-01,3.060921E-01,3.417049E+03,5.032101E+03,2.094372E-01,3.521667E-01,2.735992E+03,1.193298E+03,1.676940E-01,8.351179E-02 

Peak Vol Flow (m3/s),,,1.785964E-01,1.696452E-01,,,1.791810E-01,2.185536E-01,,,1.724876E-01,2.462260E-01,,,1.954892E-01,3.031416E-01,,,1.791709E-01,1.914106E-02,,,1.283834E-01,0.000000E+00,,,1.739221E-01,8.200006E-02,,,1.739221E-01,1.887929E-01,,,1.791709E-01,1.142236E-01,,,1.954575E-01,1.986043E-01,,,7.403097E-02,1.985078E-02,,,1.954575E-01,9.674998E-02,,,1.936389E-01,2.542244E-01,,,1.739478E-01,2.924916E-01,,,1.392780E-01,6.936061E-02 
