Time,THERMAL ZONE 6:CHICAGO OHARE INTL AP ANN HTG 99.6% CONDNS DB:Des Heat Load [W],THERMAL ZONE 6:CHICAGO OHARE INTL AP ANN CLG .4% CONDNS DB=>MWB:Des Sens Cool Load [W],THERMAL ZONE 6:CHICAGO OHARE INTL AP ANN HTG 99.6% CONDNS DB:Des Heat Mass Flow [kg/s],THERMAL ZONE 6:CHICAGO OHARE INTL AP ANN CLG .4% CONDNS DB=>MWB:Des Cool Mass Flow [kg/s],THERMAL ZONE 14:CHICAGO OHARE INTL AP ANN HTG 99.6% CONDNS DB:Des Heat Load [W],THERMAL ZONE 14::Des Sens Cool Load [W],THERMAL ZONE 14:CHICAGO OHARE INTL AP ANN HTG 99.6% CONDNS DB:Des Heat Mass Flow [kg/s],THERMAL ZONE 14::Des Cool Mass Flow [kg/s],THERMAL ZONE 13:CHICAGO OHARE INTL AP ANN HTG 99.6% CONDNS DB:Des Heat Load [W],THERMAL ZONE 13:CHICAGO OHARE INTL AP ANN CLG .4% CONDNS DB=>MWB:Des Sens Cool Load [W],THERMAL ZONE 13:CHICAGO OHARE INTL AP ANN HTG 99.6% CONDNS DB:Des Heat Mass Flow [kg/s],THERMAL ZONE 13:CHICAGO OHARE INTL AP ANN CLG .4% CONDNS DB=>MWB:Des Cool Mass Flow [kg/s],THERMAL ZONE 7:CHICAGO OHARE INTL AP ANN HTG 99.6% CONDNS DB:Des Heat Load [W],THERMAL ZONE 7:CHICAGO OHARE INTL AP ANN CLG .4% CONDNS DB=>MWB:Des Sens Cool Load [W],THERMAL ZONE 7:CHICAGO OHARE INTL AP ANN HTG 99.6% CONDNS DB:Des Heat Mass Flow [kg/s],THERMAL ZONE 7:CHICAGO OHARE INTL AP ANN CLG .4% CONDNS DB=>MWB:Des Cool Mass Flow [kg/s],THERMAL ZONE 5:CHICAGO OHARE INTL AP ANN HTG 99.6% CONDNS DB:Des Heat Load [W],THERMAL ZONE 5:CHICAGO OHARE INTL AP ANN CLG .4% CONDNS DB=>MWB:Des Sens Cool Load [W],THERMAL ZONE 5:CHICAGO OHARE INTL AP ANN HTG 99.6% CONDNS DB:Des Heat Mass Flow [kg/s],THERMAL ZONE 5:CHICAGO OHARE INTL AP ANN CLG .4% CONDNS DB=>MWB:Des Cool Mass Flow [kg/s],THERMAL ZONE 11:CHICAGO OHARE INTL AP ANN HTG 99.6% CONDNS DB:Des Heat Load [W],THERMAL ZONE 11:CHICAGO OHARE INTL AP ANN CLG .4% CONDNS DB=>MWB:Des Sens Cool Load [W],THERMAL ZONE 11:CHICAGO OHARE INTL AP ANN HTG 99.6% CONDNS DB:Des Heat Mass Flow [kg/s],THERMAL ZONE 11:CHICAGO OHARE INTL AP ANN CLG .4% CONDNS DB=>MWB:Des Cool Mass Flow [kg/s],THERMAL ZONE 12:CHICAGO OHARE INTL AP ANN HTG 99.6% CONDNS DB:Des Heat Load [W],THERMAL ZONE 12::Des Sens Cool Load [W],THERMAL ZONE 12:CHICAGO OHARE INTL AP ANN HTG 99.6% CONDNS DB:Des Heat Mass Flow [kg/s],THERMAL ZONE 12::Des Cool Mass Flow [kg/s],THERMAL ZONE 4:CHICAGO OHARE INTL AP ANN HTG 99.6% CONDNS DB:Des Heat Load [W],THERMAL ZONE 4::Des Sens Cool Load [W],THERMAL ZONE 4:CHICAGO OHARE INTL AP ANN HTG 99.6% CONDNS DB:Des Heat Mass Flow [kg/s],THERMAL ZONE 4::Des Cool Mass Flow [kg/s],THERMAL ZONE 2:CHICAGO OHARE INTL AP ANN HTG 99.6% CONDNS DB:Des Heat Load [W],THERMAL ZONE 2::Des Sens Cool Load [W],THERMAL ZONE 2:CHICAGO OHARE INTL AP ANN HTG 99.6% CONDNS DB:Des Heat Mass Flow [kg/s],THERMAL ZONE 2::Des Cool Mass Flow [kg/s],THERMAL ZONE 10:CHICAGO OHARE INTL AP ANN HTG 99.6% CONDNS DB:Des Heat Load [W],THERMAL ZONE 10::Des Sens Cool Load [W],THERMAL ZONE 10:CHICAGO OHARE INTL AP ANN HTG 99.6% CONDNS DB:Des Heat Mass Flow [kg/s],THERMAL ZONE 10::Des Cool Mass Flow [kg/s],THERMAL ZONE 1:CHICAGO OHARE INTL AP ANN HTG 99.6% CONDNS DB:Des Heat Load [W],THERMAL ZONE 1:CHICAGO OHARE INTL AP ANN CLG .4% CONDNS DB=>MWB:Des Sens Cool Load [W],THERMAL ZONE 1:CHICAGO OHARE INTL AP ANN HTG 99.6% CONDNS DB:Des Heat Mass Flow [kg/s],THERMAL ZONE 1:CHICAGO OHARE INTL AP ANN CLG .4% CONDNS DB=>MWB:Des Cool Mass Flow [kg/s],THERMAL ZONE 15:CHICAGO OHARE INTL AP ANN HTG 99.6% CONDNS DB:Des Heat Load [W],THERMAL ZONE 15:CHICAGO OHARE INTL AP ANN CLG .4% CONDNS DB=>MWB:Des Sens Cool Load [W],THERMAL ZONE 15:CHICAGO OHARE INTL AP ANN HTG 99.6% CONDNS DB:Des Heat Mass Flow [kg/s],THERMAL ZONE 15:CHICAGO OHARE INTL AP ANN CLG .4% CONDNS DB=>MWB:Des Cool Mass Flow [kg/s],THERMAL ZONE 8:CHICAGO OHARE INTL AP ANN HTG 99.6% CONDNS DB:Des Heat Load [W],THERMAL ZONE 8::Des Sens Cool Load [W],THERMAL ZONE 8:CHICAGO OHARE INTL AP ANN HTG 99.6% CONDNS DB:Des Heat Mass Flow [kg/s],THERMAL ZONE 8::Des Cool Mass Flow [kg/s],THERMAL ZONE 3:CHICAGO OHARE INTL AP ANN HTG 99.6% CONDNS DB:Des Heat Load [W],THERMAL ZONE 3:CHICAGO OHARE INTL AP ANN CLG .4% CONDNS DB=>MWB:Des Sens Cool Load [W],THERMAL ZONE 3:CHICAGO OHARE INTL AP ANN HTG 99.6% CONDNS DB:Des Heat Mass Flow [kg/s],THERMAL ZONE 3:CHICAGO OHARE INTL AP ANN CLG .4% CONDNS DB=>MWB:Des Cool Mass Flow [kg/s],THERMAL ZONE 9:CHICAGO OHARE INTL AP ANN HTG 99.6% CONDNS DB:Des Heat Load [W],THERMAL ZONE 9::Des Sens Cool Load [W],THERMAL ZONE 9:CHICAGO OHARE INTL AP ANN HTG 99.6% CONDNS DB:Des Heat Mass Flow [kg/s],THERMAL ZONE 9::Des Cool Mass Flow [kg/s] 
00:15:00,1.391005E+04,0.000000E+00,8.525726E-01,0.000000E+00,5.550664E+04,0.000000E+00,3.402104E+00,0.000000E+00,1.623172E+04,0.000000E+00,9.948718E-01,0.000000E+00,1.743062E+04,5.652555E+02,1.068355E+00,3.955886E-02,1.391042E+04,2.201596E+02,8.525950E-01,1.540766E-02,1.743103E+04,2.233880E+03,1.068380E+00,1.563359E-01,1.600635E+05,0.000000E+00,9.810588E+00,0.000000E+00,1.623153E+04,0.000000E+00,9.948606E-01,0.000000E+00,1.623153E+04,0.000000E+00,9.948606E-01,0.000000E+00,1.614849E+04,0.000000E+00,9.897709E-01,0.000000E+00,1.725387E+04,5.887593E+02,1.057522E+00,4.120375E-02,1.743062E+04,1.049538E+02,1.068355E+00,7.345087E-03,1.505271E+05,0.000000E+00,9.226082E+00,0.000000E+00,1.375768E+04,0.000000E+00,8.432338E-01,0.000000E+00,1.391005E+04,0.000000E+00,8.525726E-01,0.000000E+00 
00:30:00,1.391005E+04,0.000000E+00,8.525726E-01,0.000000E+00,5.550664E+04,0.000000E+00,3.402104E+00,0.000000E+00,1.623172E+04,0.000000E+00,9.948718E-01,0.000000E+00,1.743062E+04,4.669778E+02,1.068355E+00,3.268098E-02,1.391042E+04,1.018463E+02,8.525950E-01,7.127613E-03,1.743103E+04,2.041599E+03,1.068380E+00,1.428793E-01,1.600635E+05,0.000000E+00,9.810588E+00,0.000000E+00,1.623153E+04,0.000000E+00,9.948606E-01,0.000000E+00,1.623153E+04,0.000000E+00,9.948606E-01,0.000000E+00,1.614849E+04,0.000000E+00,9.897709E-01,0.000000E+00,1.725387E+04,4.891782E+02,1.057522E+00,3.423466E-02,1.743062E+04,4.990775E+01,1.068355E+00,3.492745E-03,1.505271E+05,0.000000E+00,9.226082E+00,0.000000E+00,1.375768E+04,0.000000E+00,8.432338E-01,0.000000E+00,1.391005E+04,0.000000E+00,8.525726E-01,0.000000E+00 
00:45:00,1.391005E+04,0.000000E+00,8.525726E-01,0.000000E+00,5.550664E+04,0.000000E+00,3.402104E+00,0.000000E+00,1.623172E+04,0.000000E+00,9.948718E-01,0.000000E+00,1.743062E+04,3.704871E+02,1.068355E+00,2.592818E-02,1.391042E+04,2.908813E+01,8.525950E-01,2.035704E-03,1.743103E+04,1.856259E+03,1.068380E+00,1.299084E-01,1.600635E+05,0.000000E+00,9.810587E+00,0.000000E+00,1.623153E+04,0.000000E+00,9.948606E-01,0.000000E+00,1.623153E+04,0.000000E+00,9.948606E-01,0.000000E+00,1.614849E+04,0.000000E+00,9.897709E-01,0.000000E+00,1.725387E+04,3.915987E+02,1.057522E+00,2.740566E-02,1.743062E+04,1.496543E+01,1.068355E+00,1.047341E-03,1.505271E+05,0.000000E+00,9.226082E+00,0.000000E+00,1.375768E+04,0.000000E+00,8.432338E-01,0.000000E+00,1.391005E+04,0.000000E+00,8.525726E-01,0.000000E+00 
01:00:00,1.391005E+04,0.000000E+00,8.525726E-01,0.000000E+00,5.550663E+04,0.000000E+00,3.402104E+00,0.000000E+00,1.623172E+04,0.000000E+00,9.948718E-01,0.000000E+00,1.743062E+04,2.751936E+02,1.068355E+00,1.925916E-02,1.391042E+04,0.000000E+00,8.525950E-01,0.000000E+00,1.743103E+04,1.677741E+03,1.068380E+00,1.174151E-01,1.600635E+05,0.000000E+00,9.810587E+00,0.000000E+00,1.623153E+04,0.000000E+00,9.948606E-01,0.000000E+00,1.623153E+04,0.000000E+00,9.948606E-01,0.000000E+00,1.614849E+04,0.000000E+00,9.897709E-01,0.000000E+00,1.725387E+04,2.954446E+02,1.057521E+00,2.067640E-02,1.743062E+04,0.000000E+00,1.068355E+00,0.000000E+00,1.505271E+05,0.000000E+00,9.226082E+00,0.000000E+00,1.375768E+04,0.000000E+00,8.432338E-01,0.000000E+00,1.391005E+04,0.000000E+00,8.525726E-01,0.000000E+00 
01:15:00,1.391005E+04,0.000000E+00,8.525726E-01,0.000000E+00,5.550663E+04,0.000000E+00,3.402104E+00,0.000000E+00,1.623172E+04,0.000000E+00,9.948718E-01,0.000000E+00,1.743062E+04,1.863514E+02,1.068355E+00,1.304162E-02,1.391042E+04,0.000000E+00,8.525950E-01,0.000000E+00,1.743103E+04,1.514338E+03,1.068380E+00,1.059795E-01,1.600635E+05,0.000000E+00,9.810587E+00,0.000000E+00,1.623153E+04,0.000000E+00,9.948606E-01,0.000000E+00,1.623153E+04,0.000000E+00,9.948606E-01,0.000000E+00,1.614849E+04,0.000000E+00,9.897709E-01,0.000000E+00,1.725387E+04,2.050209E+02,1.057521E+00,1.434819E-02,1.743062E+04,0.000000E+00,1.068355E+00,0.000000E+00,1.505271E+05,0.000000E+00,9.226082E+00,0.000000E+00,1.375768E+04,0.000000E+00,8.432338E-01,0.000000E+00,1.391005E+04,0.000000E+00,8.525726E-01,0.000000E+00 
01:30:00,1.391005E+04,0.000000E+00,8.525726E-01,0.000000E+00,5.550663E+04,0.000000E+00,3.402104E+00,0.000000E+00,1.623172E+04,0.000000E+00,9.948718E-01,0.000000E+00,1.743062E+04,1.063504E+02,1.068355E+00,7.442831E-03,1.391042E+04,0.000000E+00,8.525950E-01,0.000000E+00,1.743103E+04,1.357910E+03,1.068380E+00,9.503200E-02,1.600635E+05,0.000000E+00,9.810587E+00,0.000000E+00,1.623153E+04,0.000000E+00,9.948606E-01,0.000000E+00,1.623153E+04,0.000000E+00,9.948606E-01,0.000000E+00,1.614849E+04,0.000000E+00,9.897709E-01,0.000000E+00,1.725387E+04,1.198391E+02,1.057522E+00,8.386824E-03,1.743062E+04,0.000000E+00,1.068355E+00,0.000000E+00,1.505271E+05,0.000000E+00,9.226082E+00,0.000000E+00,1.375768E+04,0.000000E+00,8.432338E-01,0.000000E+00,1.391005E+04,0.000000E+00,8.525726E-01,0.000000E+00 
01:45:00,1.391005E+04,0.000000E+00,8.525726E-01,0.000000E+00,5.550663E+04,0.000000E+00,3.402104E+00,0.000000E+00,1.623172E+04,0.000000E+00,9.948718E-01,0.000000E+00,1.743062E+04,4.893880E+01,1.068355E+00,3.424934E-03,1.391042E+04,0.000000E+00,8.525950E-01,0.000000E+00,1.743103E+04,1.208490E+03,1.068380E+00,8.457497E-02,1.600635E+05,0.000000E+00,9.810587E+00,0.000000E+00,1.623153E+04,0.000000E+00,9.948606E-01,0.000000E+00,1.623153E+04,0.000000E+00,9.948606E-01,0.000000E+00,1.614849E+04,0.000000E+00,9.897709E-01,0.000000E+00,1.725387E+04,5.758303E+01,1.057522E+00,4.029892E-03,1.743062E+04,0.000000E+00,1.068355E+00,0.000000E+00,1.505271E+05,0.000000E+00,9.226082E+00,0.000000E+00,1.375768E+04,0.000000E+00,8.432338E-01,0.000000E+00,1.391005E+04,0.000000E+00,8.525726E-01,0.000000E+00 
02:00:00,1.391005E+04,0.000000E+00,8.525726E-01,0.000000E+00,5.550663E+04,0.000000E+00,3.402104E+00,0.000000E+00,1.623172E+04,0.000000E+00,9.948718E-01,0.000000E+00,1.743062E+04,1.390584E+01,1.068355E+00,9.731869E-04,1.391042E+04,0.000000E+00,8.525950E-01,0.000000E+00,1.743103E+04,1.066067E+03,1.068380E+00,7.460767E-02,1.600635E+05,0.000000E+00,9.810587E+00,0.000000E+00,1.623153E+04,0.000000E+00,9.948606E-01,0.000000E+00,1.623153E+04,0.000000E+00,9.948606E-01,0.000000E+00,1.614849E+04,0.000000E+00,9.897709E-01,0.000000E+00,1.725387E+04,1.805080E+01,1.057522E+00,1.263268E-03,1.743062E+04,0.000000E+00,1.068355E+00,0.000000E+00,1.505271E+05,0.000000E+00,9.226082E+00,0.000000E+00,1.375768E+04,0.000000E+00,8.432338E-01,0.000000E+00,1.391005E+04,0.000000E+00,8.525726E-01,0.000000E+00 
02:15:00,1.391005E+04,0.000000E+00,8.525726E-01,0.000000E+00,5.550663E+04,0.000000E+00,3.402104E+00,0.000000E+00,1.623172E+04,0.000000E+00,9.948718E-01,0.000000E+00,1.743062E+04,0.000000E+00,1.068355E+00,0.000000E+00,1.391042E+04,0.000000E+00,8.525950E-01,0.000000E+00,1.743103E+04,9.302057E+02,1.068380E+00,6.509954E-02,1.600635E+05,0.000000E+00,9.810587E+00,0.000000E+00,1.623153E+04,0.000000E+00,9.948606E-01,0.000000E+00,1.623153E+04,0.000000E+00,9.948606E-01,0.000000E+00,1.614849E+04,0.000000E+00,9.897709E-01,0.000000E+00,1.725387E+04,0.000000E+00,1.057522E+00,0.000000E+00,1.743062E+04,0.000000E+00,1.068355E+00,0.000000E+00,1.505271E+05,0.000000E+00,9.226082E+00,0.000000E+00,1.375768E+04,0.000000E+00,8.432338E-01,0.000000E+00,1.391005E+04,0.000000E+00,8.525726E-01,0.000000E+00 
02:30:00,1.391005E+04,0.000000E+00,8.525726E-01,0.000000E+00,5.550663E+04,0.000000E+00,3.402104E+00,0.000000E+00,1.623172E+04,0.000000E+00,9.948718E-01,0.000000E+00,1.743062E+04,0.000000E+00,1.068355E+00,0.000000E+00,1.391042E+04,0.000000E+00,8.525950E-01,0.000000E+00,1.743103E+04,8.010420E+02,1.068380E+00,5.606014E-02,1.600635E+05,0.000000E+00,9.810587E+00,0.000000E+00,1.623153E+04,0.000000E+00,9.948606E-01,0.000000E+00,1.623153E+04,0.000000E+00,9.948606E-01,0.000000E+00,1.614849E+04,0.000000E+00,9.897709E-01,0.000000E+00,1.725387E+04,0.000000E+00,1.057522E+00,0.000000E+00,1.743062E+04,0.000000E+00,1.068355E+00,0.000000E+00,1.505271E+05,0.000000E+00,9.226082E+00,0.000000E+00,1.375768E+04,0.000000E+00,8.432338E-01,0.000000E+00,1.391005E+04,0.000000E+00,8.525726E-01,0.000000E+00 
02:45:00,1.391005E+04,0.000000E+00,8.525726E-01,0.000000E+00,5.550663E+04,0.000000E+00,3.402104E+00,0.000000E+00,1.623172E+04,0.000000E+00,9.948718E-01,0.000000E+00,1.743062E+04,0.000000E+00,1.068355E+00,0.000000E+00,1.391042E+04,0.000000E+00,8.525950E-01,0.000000E+00,1.743103E+04,6.790091E+02,1.068380E+00,4.751979E-02,1.600635E+05,0.000000E+00,9.810587E+00,0.000000E+00,1.623153E+04,0.000000E+00,9.948606E-01,0.000000E+00,1.623153E+04,0.000000E+00,9.948606E-01,0.000000E+00,1.614849E+04,0.000000E+00,9.897709E-01,0.000000E+00,1.725387E+04,0.000000E+00,1.057522E+00,0.000000E+00,1.743062E+04,0.000000E+00,1.068355E+00,0.000000E+00,1.505271E+05,0.000000E+00,9.226082E+00,0.000000E+00,1.375768E+04,0.000000E+00,8.432338E-01,0.000000E+00,1.391005E+04,0.000000E+00,8.525726E-01,0.000000E+00 
03:00:00,1.391005E+04,0.000000E+00,8.525726E-01,0.000000E+00,5.550664E+04,0.000000E+00,3.402104E+00,0.000000E+00,1.623172E+04,0.000000E+00,9.948718E-01,0.000000E+00,1.743062E+04,0.000000E+00,1.068355E+00,0.000000E+00,1.391042E+04,0.000000E+00,8.525950E-01,0.000000E+00,1.743103E+04,5.643283E+02,1.068380E+00,3.949397E-02,1.600635E+05,0.000000E+00,9.810587E+00,0.000000E+00,1.623153E+04,0.000000E+00,9.948606E-01,0.000000E+00,1.623153E+04,0.000000E+00,9.948606E-01,0.000000E+00,1.614849E+04,0.000000E+00,9.897709E-01,0.000000E+00,1.725387E+04,0.000000E+00,1.057522E+00,0.000000E+00,1.743062E+04,0.000000E+00,1.068355E+00,0.000000E+00,1.505271E+05,0.000000E+00,9.226082E+00,0.000000E+00,1.375768E+04,0.000000E+00,8.432338E-01,0.000000E+00,1.391005E+04,0.000000E+00,8.525726E-01,0.000000E+00 
03:15:00,1.391005E+04,0.000000E+00,8.525726E-01,0.000000E+00,5.550664E+04,0.000000E+00,3.402104E+00,0.000000E+00,1.623172E+04,0.000000E+00,9.948718E-01,0.000000E+00,1.743062E+04,0.000000E+00,1.068355E+00,0.000000E+00,1.391042E+04,0.000000E+00,8.525950E-01,0.000000E+00,1.743103E+04,4.538805E+02,1.068380E+00,3.176439E-02,1.600635E+05,0.000000E+00,9.810587E+00,0.000000E+00,1.623153E+04,0.000000E+00,9.948606E-01,0.000000E+00,1.623153E+04,0.000000E+00,9.948606E-01,0.000000E+00,1.614849E+04,0.000000E+00,9.897709E-01,0.000000E+00,1.725387E+04,0.000000E+00,1.057522E+00,0.000000E+00,1.743062E+04,0.000000E+00,1.068355E+00,0.000000E+00,1.505271E+05,0.000000E+00,9.226082E+00,0.000000E+00,1.375768E+04,0.000000E+00,8.432338E-01,0.000000E+00,1.391005E+04,0.000000E+00,8.525726E-01,0.000000E+00 
03:30:00,1.391005E+04,0.000000E+00,8.525726E-01,0.000000E+00,5.550664E+04,0.000000E+00,3.402104E+00,0.000000E+00,1.623172E+04,0.000000E+00,9.948718E-01,0.000000E+00,1.743062E+04,0.000000E+00,1.068355E+00,0.000000E+00,1.391042E+04,0.000000E+00,8.525950E-01,0.000000E+00,1.743103E+04,3.466705E+02,1.068380E+00,2.426140E-02,1.600635E+05,0.000000E+00,9.810587E+00,0.000000E+00,1.623153E+04,0.000000E+00,9.948606E-01,0.000000E+00,1.623153E+04,0.000000E+00,9.948606E-01,0.000000E+00,1.614849E+04,0.000000E+00,9.897709E-01,0.000000E+00,1.725387E+04,0.000000E+00,1.057522E+00,0.000000E+00,1.743062E+04,0.000000E+00,1.068355E+00,0.000000E+00,1.505271E+05,0.000000E+00,9.226082E+00,0.000000E+00,1.375768E+04,0.000000E+00,8.432338E-01,0.000000E+00,1.391005E+04,0.000000E+00,8.525726E-01,0.000000E+00 
03:45:00,1.391005E+04,0.000000E+00,8.525726E-01,0.000000E+00,5.550664E+04,0.000000E+00,3.402104E+00,0.000000E+00,1.623172E+04,0.000000E+00,9.948718E-01,0.000000E+00,1.743062E+04,0.000000E+00,1.068355E+00,0.000000E+00,1.391042E+04,0.000000E+00,8.525950E-01,0.000000E+00,1.743103E+04,2.414348E+02,1.068380E+00,1.689658E-02,1.600635E+05,0.000000E+00,9.810587E+00,0.000000E+00,1.623153E+04,0.000000E+00,9.948606E-01,0.000000E+00,1.623153E+04,0.000000E+00,9.948606E-01,0.000000E+00,1.614849E+04,0.000000E+00,9.897709E-01,0.000000E+00,1.725387E+04,0.000000E+00,1.057522E+00,0.000000E+00,1.743062E+04,0.000000E+00,1.068355E+00,0.000000E+00,1.505271E+05,0.000000E+00,9.226082E+00,0.000000E+00,1.375768E+04,0.000000E+00,8.432338E-01,0.000000E+00,1.391005E+04,0.000000E+00,8.525726E-01,0.000000E+00 
04:00:00,1.391005E+04,0.000000E+00,8.525726E-01,0.000000E+00,5.550664E+04,0.000000E+00,3.402104E+00,0.000000E+00,1.623172E+04,0.000000E+00,9.948718E-01,0.000000E+00,1.743062E+04,0.000000E+00,1.068355E+00,0.000000E+00,1.391042E+04,0.000000E+00,8.525950E-01,0.000000E+00,1.743103E+04,1.410965E+02,1.068380E+00,9.874501E-03,1.600635E+05,0.000000E+00,9.810587E+00,0.000000E+00,1.623153E+04,0.000000E+00,9.948606E-01,0.000000E+00,1.623153E+04,0.000000E+00,9.948606E-01,0.000000E+00,1.614849E+04,0.000000E+00,9.897709E-01,0.000000E+00,1.725387E+04,0.000000E+00,1.057522E+00,0.000000E+00,1.743062E+04,0.000000E+00,1.068355E+00,0.000000E+00,1.505271E+05,0.000000E+00,9.226082E+00,0.000000E+00,1.375768E+04,0.000000E+00,8.432338E-01,0.000000E+00,1.391005E+04,0.000000E+00,8.525726E-01,0.000000E+00 
04:15:00,1.391005E+04,0.000000E+00,8.525726E-01,0.000000E+00,5.550664E+04,0.000000E+00,3.402104E+00,0.000000E+00,1.623172E+04,0.000000E+00,9.948718E-01,0.000000E+00,1.743062E+04,0.000000E+00,1.068355E+00,0.000000E+00,1.391042E+04,0.000000E+00,8.525950E-01,0.000000E+00,1.743103E+04,6.786252E+01,1.068380E+00,4.749293E-03,1.600635E+05,0.000000E+00,9.810587E+00,0.000000E+00,1.623153E+04,0.000000E+00,9.948606E-01,0.000000E+00,1.623153E+04,0.000000E+00,9.948606E-01,0.000000E+00,1.614849E+04,0.000000E+00,9.897709E-01,0.000000E+00,1.725387E+04,0.000000E+00,1.057522E+00,0.000000E+00,1.743062E+04,0.000000E+00,1.068355E+00,0.000000E+00,1.505271E+05,0.000000E+00,9.226082E+00,0.000000E+00,1.375768E+04,0.000000E+00,8.432338E-01,0.000000E+00,1.391005E+04,0.000000E+00,8.525726E-01,0.000000E+00 
04:30:00,1.391005E+04,0.000000E+00,8.525726E-01,0.000000E+00,5.550664E+04,0.000000E+00,3.402104E+00,0.000000E+00,1.623172E+04,0.000000E+00,9.948718E-01,0.000000E+00,1.743062E+04,0.000000E+00,1.068355E+00,0.000000E+00,1.391042E+04,0.000000E+00,8.525950E-01,0.000000E+00,1.743103E+04,2.107646E+01,1.068380E+00,1.475016E-03,1.600635E+05,0.000000E+00,9.810587E+00,0.000000E+00,1.623153E+04,0.000000E+00,9.948606E-01,0.000000E+00,1.623153E+04,0.000000E+00,9.948606E-01,0.000000E+00,1.614849E+04,0.000000E+00,9.897709E-01,0.000000E+00,1.725387E+04,0.000000E+00,1.057522E+00,0.000000E+00,1.743062E+04,0.000000E+00,1.068355E+00,0.000000E+00,1.505271E+05,0.000000E+00,9.226082E+00,0.000000E+00,1.375768E+04,0.000000E+00,8.432338E-01,0.000000E+00,1.391005E+04,0.000000E+00,8.525726E-01,0.000000E+00 
04:45:00,1.391005E+04,0.000000E+00,8.525726E-01,0.000000E+00,5.550664E+04,0.000000E+00,3.402104E+00,0.000000E+00,1.623172E+04,0.000000E+00,9.948718E-01,0.000000E+00,1.743062E+04,0.000000E+00,1.068355E+00,0.000000E+00,1.391042E+04,0.000000E+00,8.525950E-01,0.000000E+00,1.743103E+04,0.000000E+00,1.068380E+00,0.000000E+00,1.600635E+05,0.000000E+00,9.810587E+00,0.000000E+00,1.623153E+04,0.000000E+00,9.948606E-01,0.000000E+00,1.623153E+04,0.000000E+00,9.948606E-01,0.000000E+00,1.614849E+04,0.000000E+00,9.897709E-01,0.000000E+00,1.725387E+04,0.000000E+00,1.057522E+00,0.000000E+00,1.743062E+04,0.000000E+00,1.068355E+00,0.000000E+00,1.505271E+05,0.000000E+00,9.226082E+00,0.000000E+00,1.375768E+04,0.000000E+00,8.432338E-01,0.000000E+00,1.391005E+04,0.000000E+00,8.525726E-01,0.000000E+00 
05:00:00,1.391005E+04,0.000000E+00,8.525726E-01,0.000000E+00,5.550664E+04,0.000000E+00,3.402104E+00,0.000000E+00,1.623172E+04,0.000000E+00,9.948718E-01,0.000000E+00,1.743062E+04,0.000000E+00,1.068355E+00,0.000000E+00,1.391042E+04,0.000000E+00,8.525950E-01,0.000000E+00,1.743103E+04,0.000000E+00,1.068380E+00,0.000000E+00,1.600635E+05,0.000000E+00,9.810587E+00,0.000000E+00,1.623153E+04,0.000000E+00,9.948606E-01,0.000000E+00,1.623153E+04,0.000000E+00,9.948606E-01,0.000000E+00,1.614849E+04,0.000000E+00,9.897709E-01,0.000000E+00,1.725387E+04,0.000000E+00,1.057522E+00,0.000000E+00,1.743062E+04,0.000000E+00,1.068355E+00,0.000000E+00,1.505271E+05,0.000000E+00,9.226082E+00,0.000000E+00,1.375768E+04,0.000000E+00,8.432338E-01,0.000000E+00,1.391005E+04,0.000000E+00,8.525726E-01,0.000000E+00 
05:15:00,1.391005E+04,0.000000E+00,8.525726E-01,0.000000E+00,5.550664E+04,0.000000E+00,3.402104E+00,0.000000E+00,1.623172E+04,0.000000E+00,9.948718E-01,0.000000E+00,1.743062E+04,0.000000E+00,1.068355E+00,0.000000E+00,1.391042E+04,0.000000E+00,8.525950E-01,0.000000E+00,1.743103E+04,0.000000E+00,1.068380E+00,0.000000E+00,1.600635E+05,0.000000E+00,9.810587E+00,0.000000E+00,1.623153E+04,0.000000E+00,9.948606E-01,0.000000E+00,1.623153E+04,0.000000E+00,9.948606E-01,0.000000E+00,1.614849E+04,0.000000E+00,9.897709E-01,0.000000E+00,1.725387E+04,0.000000E+00,1.057522E+00,0.000000E+00,1.743062E+04,0.000000E+00,1.068355E+00,0.000000E+00,1.505271E+05,0.000000E+00,9.226082E+00,0.000000E+00,1.375768E+04,0.000000E+00,8.432338E-01,0.000000E+00,1.391005E+04,0.000000E+00,8.525726E-01,0.000000E+00 
05:30:00,1.391005E+04,0.000000E+00,8.525726E-01,0.000000E+00,5.550664E+04,0.000000E+00,3.402104E+00,0.000000E+00,1.623172E+04,0.000000E+00,9.948718E-01,0.000000E+00,1.743062E+04,0.000000E+00,1.068355E+00,0.000000E+00,1.391042E+04,0.000000E+00,8.525950E-01,0.000000E+00,1.743103E+04,0.000000E+00,1.068380E+00,0.000000E+00,1.600635E+05,0.000000E+00,9.810587E+00,0.000000E+00,1.623153E+04,0.000000E+00,9.948606E-01,0.000000E+00,1.623153E+04,0.000000E+00,9.948606E-01,0.000000E+00,1.614849E+04,0.000000E+00,9.897709E-01,0.000000E+00,1.725387E+04,0.000000E+00,1.057522E+00,0.000000E+00,1.743062E+04,0.000000E+00,1.068355E+00,0.000000E+00,1.505271E+05,0.000000E+00,9.226082E+00,0.000000E+00,1.375768E+04,0.000000E+00,8.432338E-01,0.000000E+00,1.391005E+04,0.000000E+00,8.525726E-01,0.000000E+00 
05:45:00,1.391005E+04,0.000000E+00,8.525726E-01,0.000000E+00,5.550664E+04,0.000000E+00,3.402104E+00,0.000000E+00,1.623172E+04,0.000000E+00,9.948718E-01,0.000000E+00,1.743062E+04,0.000000E+00,1.068355E+00,0.000000E+00,1.391042E+04,0.000000E+00,8.525950E-01,0.000000E+00,1.743103E+04,0.000000E+00,1.068380E+00,0.000000E+00,1.600635E+05,0.000000E+00,9.810587E+00,0.000000E+00,1.623153E+04,0.000000E+00,9.948606E-01,0.000000E+00,1.623153E+04,0.000000E+00,9.948606E-01,0.000000E+00,1.614849E+04,0.000000E+00,9.897709E-01,0.000000E+00,1.725387E+04,0.000000E+00,1.057522E+00,0.000000E+00,1.743062E+04,0.000000E+00,1.068355E+00,0.000000E+00,1.505271E+05,0.000000E+00,9.226082E+00,0.000000E+00,1.375768E+04,0.000000E+00,8.432338E-01,0.000000E+00,1.391005E+04,0.000000E+00,8.525726E-01,0.000000E+00 
06:00:00,1.391005E+04,0.000000E+00,8.525726E-01,0.000000E+00,5.550664E+04,0.000000E+00,3.402104E+00,0.000000E+00,1.623172E+04,0.000000E+00,9.948718E-01,0.000000E+00,1.743062E+04,0.000000E+00,1.068355E+00,0.000000E+00,1.391042E+04,0.000000E+00,8.525950E-01,0.000000E+00,1.743103E+04,0.000000E+00,1.068380E+00,0.000000E+00,1.600635E+05,0.000000E+00,9.810587E+00,0.000000E+00,1.623153E+04,0.000000E+00,9.948606E-01,0.000000E+00,1.623153E+04,0.000000E+00,9.948606E-01,0.000000E+00,1.614849E+04,0.000000E+00,9.897709E-01,0.000000E+00,1.725387E+04,0.000000E+00,1.057522E+00,0.000000E+00,1.743062E+04,0.000000E+00,1.068355E+00,0.000000E+00,1.505271E+05,0.000000E+00,9.226082E+00,0.000000E+00,1.375768E+04,0.000000E+00,8.432338E-01,0.000000E+00,1.391005E+04,0.000000E+00,8.525726E-01,0.000000E+00 
06:15:00,1.391005E+04,0.000000E+00,8.525726E-01,0.000000E+00,5.550664E+04,0.000000E+00,3.402104E+00,0.000000E+00,1.623172E+04,0.000000E+00,9.948718E-01,0.000000E+00,1.743062E+04,0.000000E+00,1.068355E+00,0.000000E+00,1.391042E+04,0.000000E+00,8.525950E-01,0.000000E+00,1.743103E+04,0.000000E+00,1.068380E+00,0.000000E+00,1.600635E+05,0.000000E+00,9.810587E+00,0.000000E+00,1.623153E+04,0.000000E+00,9.948606E-01,0.000000E+00,1.623153E+04,0.000000E+00,9.948606E-01,0.000000E+00,1.614849E+04,0.000000E+00,9.897709E-01,0.000000E+00,1.725387E+04,0.000000E+00,1.057522E+00,0.000000E+00,1.743062E+04,0.000000E+00,1.068355E+00,0.000000E+00,1.505271E+05,0.000000E+00,9.226082E+00,0.000000E+00,1.375768E+04,0.000000E+00,8.432338E-01,0.000000E+00,1.391005E+04,0.000000E+00,8.525726E-01,0.000000E+00 
06:30:00,1.391005E+04,0.000000E+00,8.525726E-01,0.000000E+00,5.550664E+04,0.000000E+00,3.402104E+00,0.000000E+00,1.623172E+04,0.000000E+00,9.948718E-01,0.000000E+00,1.743062E+04,0.000000E+00,1.068355E+00,0.000000E+00,1.391042E+04,0.000000E+00,8.525950E-01,0.000000E+00,1.743103E+04,0.000000E+00,1.068380E+00,0.000000E+00,1.600635E+05,0.000000E+00,9.810588E+00,0.000000E+00,1.623153E+04,0.000000E+00,9.948606E-01,0.000000E+00,1.623153E+04,0.000000E+00,9.948606E-01,0.000000E+00,1.614849E+04,0.000000E+00,9.897709E-01,0.000000E+00,1.725387E+04,2.608579E+02,1.057522E+00,1.834023E-02,1.743062E+04,0.000000E+00,1.068355E+00,0.000000E+00,1.505271E+05,0.000000E+00,9.226082E+00,0.000000E+00,1.375768E+04,0.000000E+00,8.432338E-01,0.000000E+00,1.391005E+04,0.000000E+00,8.525726E-01,0.000000E+00 
06:45:00,1.391005E+04,0.000000E+00,8.525726E-01,0.000000E+00,5.550664E+04,0.000000E+00,3.402104E+00,0.000000E+00,1.623172E+04,0.000000E+00,9.948718E-01,0.000000E+00,1.743062E+04,0.000000E+00,1.068355E+00,0.000000E+00,1.391042E+04,0.000000E+00,8.525950E-01,0.000000E+00,1.743103E+04,0.000000E+00,1.068380E+00,0.000000E+00,1.600635E+05,0.000000E+00,9.810588E+00,0.000000E+00,1.623153E+04,0.000000E+00,9.948606E-01,0.000000E+00,1.623153E+04,0.000000E+00,9.948606E-01,0.000000E+00,1.614849E+04,0.000000E+00,9.897709E-01,0.000000E+00,1.725387E+04,6.111427E+02,1.057522E+00,4.285614E-02,1.743062E+04,0.000000E+00,1.068355E+00,0.000000E+00,1.505271E+05,0.000000E+00,9.226082E+00,0.000000E+00,1.375768E+04,0.000000E+00,8.432338E-01,0.000000E+00,1.391005E+04,0.000000E+00,8.525726E-01,0.000000E+00 
07:00:00,1.391005E+04,0.000000E+00,8.525726E-01,0.000000E+00,5.550664E+04,0.000000E+00,3.402104E+00,0.000000E+00,1.623172E+04,0.000000E+00,9.948718E-01,0.000000E+00,1.743062E+04,0.000000E+00,1.068355E+00,0.000000E+00,1.391042E+04,0.000000E+00,8.525950E-01,0.000000E+00,1.743103E+04,0.000000E+00,1.068380E+00,0.000000E+00,1.600635E+05,0.000000E+00,9.810588E+00,0.000000E+00,1.623153E+04,0.000000E+00,9.948606E-01,0.000000E+00,1.623153E+04,0.000000E+00,9.948606E-01,0.000000E+00,1.614849E+04,0.000000E+00,9.897709E-01,0.000000E+00,1.725387E+04,1.131787E+03,1.057522E+00,7.929293E-02,1.743062E+04,0.000000E+00,1.068355E+00,0.000000E+00,1.505271E+05,0.000000E+00,9.226082E+00,0.000000E+00,1.375768E+04,0.000000E+00,8.432338E-01,0.000000E+00,1.391005E+04,0.000000E+00,8.525726E-01,0.000000E+00 
07:15:00,1.391005E+04,0.000000E+00,8.525726E-01,0.000000E+00,5.550664E+04,0.000000E+00,3.402104E+00,0.000000E+00,1.623172E+04,0.000000E+00,9.948718E-01,0.000000E+00,1.743062E+04,0.000000E+00,1.068355E+00,0.000000E+00,1.391042E+04,0.000000E+00,8.525950E-01,0.000000E+00,1.743103E+04,0.000000E+00,1.068380E+00,0.000000E+00,1.600635E+05,0.000000E+00,9.810588E+00,0.000000E+00,1.623153E+04,0.000000E+00,9.948606E-01,0.000000E+00,1.623153E+04,0.000000E+00,9.948606E-01,0.000000E+00,1.614849E+04,0.000000E+00,9.897709E-01,0.000000E+00,1.725387E+04,1.851057E+03,1.057522E+00,1.296304E-01,1.743062E+04,0.000000E+00,1.068355E+00,0.000000E+00,1.505271E+05,0.000000E+00,9.226082E+00,0.000000E+00,1.375768E+04,0.000000E+00,8.432338E-01,0.000000E+00,1.391005E+04,0.000000E+00,8.525726E-01,0.000000E+00 
07:30:00,1.391005E+04,0.000000E+00,8.525726E-01,0.000000E+00,5.550664E+04,0.000000E+00,3.402104E+00,0.000000E+00,1.623172E+04,0.000000E+00,9.948718E-01,0.000000E+00,1.743062E+04,0.000000E+00,1.068355E+00,0.000000E+00,1.391042E+04,0.000000E+00,8.525950E-01,0.000000E+00,1.743103E+04,0.000000E+00,1.068380E+00,0.000000E+00,1.600635E+05,0.000000E+00,9.810588E+00,0.000000E+00,1.623153E+04,0.000000E+00,9.948606E-01,0.000000E+00,1.623153E+04,0.000000E+00,9.948606E-01,0.000000E+00,1.614849E+04,0.000000E+00,9.897709E-01,0.000000E+00,1.725387E+04,2.496057E+03,1.057522E+00,1.746857E-01,1.743062E+04,0.000000E+00,1.068355E+00,0.000000E+00,1.505271E+05,0.000000E+00,9.226082E+00,0.000000E+00,1.375768E+04,1.599347E+01,8.432338E-01,1.131648E-03,1.391005E+04,0.000000E+00,8.525726E-01,0.000000E+00 
07:45:00,1.391005E+04,0.000000E+00,8.525726E-01,0.000000E+00,5.550664E+04,0.000000E+00,3.402104E+00,0.000000E+00,1.623172E+04,0.000000E+00,9.948718E-01,0.000000E+00,1.743062E+04,0.000000E+00,1.068355E+00,0.000000E+00,1.391042E+04,0.000000E+00,8.525950E-01,0.000000E+00,1.743103E+04,0.000000E+00,1.068380E+00,0.000000E+00,1.600635E+05,0.000000E+00,9.810588E+00,0.000000E+00,1.623153E+04,0.000000E+00,9.948606E-01,0.000000E+00,1.623153E+04,0.000000E+00,9.948606E-01,0.000000E+00,1.614849E+04,0.000000E+00,9.897709E-01,0.000000E+00,1.725387E+04,3.233019E+03,1.057522E+00,2.262597E-01,1.743062E+04,0.000000E+00,1.068355E+00,0.000000E+00,1.505271E+05,0.000000E+00,9.226082E+00,0.000000E+00,1.375768E+04,3.130725E+02,8.432338E-01,2.199699E-02,1.391005E+04,0.000000E+00,8.525726E-01,0.000000E+00 
08:00:00,1.391005E+04,0.000000E+00,8.525726E-01,0.000000E+00,5.550664E+04,0.000000E+00,3.402104E+00,0.000000E+00,1.623172E+04,0.000000E+00,9.948718E-01,0.000000E+00,1.743062E+04,0.000000E+00,1.068355E+00,0.000000E+00,1.391042E+04,0.000000E+00,8.525950E-01,0.000000E+00,1.743103E+04,0.000000E+00,1.068380E+00,0.000000E+00,1.600635E+05,0.000000E+00,9.810588E+00,0.000000E+00,1.623153E+04,0.000000E+00,9.948606E-01,0.000000E+00,1.623153E+04,0.000000E+00,9.948606E-01,0.000000E+00,1.614849E+04,0.000000E+00,9.897709E-01,0.000000E+00,1.725387E+04,3.973112E+03,1.057522E+00,2.780544E-01,1.743062E+04,0.000000E+00,1.068355E+00,0.000000E+00,1.505271E+05,0.000000E+00,9.226082E+00,0.000000E+00,1.375768E+04,7.454582E+02,8.432338E-01,5.225757E-02,1.391005E+04,0.000000E+00,8.525726E-01,0.000000E+00 
08:15:00,1.391005E+04,0.000000E+00,8.525726E-01,0.000000E+00,5.550664E+04,0.000000E+00,3.402104E+00,0.000000E+00,1.623172E+04,0.000000E+00,9.948718E-01,0.000000E+00,1.743062E+04,0.000000E+00,1.068355E+00,0.000000E+00,1.391042E+04,0.000000E+00,8.525950E-01,0.000000E+00,1.743103E+04,0.000000E+00,1.068380E+00,0.000000E+00,1.600635E+05,0.000000E+00,9.810588E+00,0.000000E+00,1.623153E+04,0.000000E+00,9.948606E-01,0.000000E+00,1.623153E+04,0.000000E+00,9.948606E-01,0.000000E+00,1.614849E+04,0.000000E+00,9.897709E-01,0.000000E+00,1.725387E+04,4.679307E+03,1.057522E+00,3.274768E-01,1.743062E+04,0.000000E+00,1.068355E+00,0.000000E+00,1.505271E+05,0.000000E+00,9.226082E+00,0.000000E+00,1.375768E+04,1.324336E+03,8.432338E-01,9.276975E-02,1.391005E+04,0.000000E+00,8.525726E-01,0.000000E+00 
08:30:00,1.391005E+04,0.000000E+00,8.525726E-01,0.000000E+00,5.550664E+04,0.000000E+00,3.402104E+00,0.000000E+00,1.623172E+04,0.000000E+00,9.948718E-01,0.000000E+00,1.743062E+04,0.000000E+00,1.068355E+00,0.000000E+00,1.391042E+04,0.000000E+00,8.525950E-01,0.000000E+00,1.743103E+04,0.000000E+00,1.068380E+00,0.000000E+00,1.600635E+05,0.000000E+00,9.810588E+00,0.000000E+00,1.623153E+04,0.000000E+00,9.948606E-01,0.000000E+00,1.623153E+04,0.000000E+00,9.948606E-01,0.000000E+00,1.614849E+04,0.000000E+00,9.897709E-01,0.000000E+00,1.725387E+04,5.352814E+03,1.057522E+00,3.746115E-01,1.743062E+04,0.000000E+00,1.068355E+00,0.000000E+00,1.505271E+05,0.000000E+00,9.226082E+00,0.000000E+00,1.375768E+04,2.066884E+03,8.432338E-01,1.447239E-01,1.391005E+04,0.000000E+00,8.525726E-01,0.000000E+00 
08:45:00,1.391005E+04,0.000000E+00,8.525726E-01,0.000000E+00,5.550664E+04,0.000000E+00,3.402104E+00,0.000000E+00,1.623172E+04,0.000000E+00,9.948718E-01,0.000000E+00,1.743062E+04,0.000000E+00,1.068355E+00,0.000000E+00,1.391042E+04,0.000000E+00,8.525950E-01,0.000000E+00,1.743103E+04,0.000000E+00,1.068380E+00,0.000000E+00,1.600635E+05,0.000000E+00,9.810588E+00,0.000000E+00,1.623153E+04,0.000000E+00,9.948606E-01,0.000000E+00,1.623153E+04,0.000000E+00,9.948606E-01,0.000000E+00,1.614849E+04,0.000000E+00,9.897709E-01,0.000000E+00,1.725387E+04,5.986923E+03,1.057522E+00,4.189890E-01,1.743062E+04,0.000000E+00,1.068355E+00,0.000000E+00,1.505271E+05,0.000000E+00,9.226082E+00,0.000000E+00,1.375768E+04,2.686608E+03,8.432338E-01,1.880201E-01,1.391005E+04,0.000000E+00,8.525726E-01,0.000000E+00 
09:00:00,1.391005E+04,0.000000E+00,8.525726E-01,0.000000E+00,5.550664E+04,0.000000E+00,3.402104E+00,0.000000E+00,1.623172E+04,0.000000E+00,9.948718E-01,0.000000E+00,1.743062E+04,0.000000E+00,1.068355E+00,0.000000E+00,1.391042E+04,0.000000E+00,8.525950E-01,0.000000E+00,1.743103E+04,0.000000E+00,1.068380E+00,0.000000E+00,1.600635E+05,0.000000E+00,9.810588E+00,0.000000E+00,1.623153E+04,0.000000E+00,9.948606E-01,0.000000E+00,1.623153E+04,0.000000E+00,9.948606E-01,0.000000E+00,1.614849E+04,0.000000E+00,9.897709E-01,0.000000E+00,1.725387E+04,6.576489E+03,1.057522E+00,4.602492E-01,1.743062E+04,0.000000E+00,1.068355E+00,0.000000E+00,1.505271E+05,0.000000E+00,9.226082E+00,0.000000E+00,1.375768E+04,3.318624E+03,8.432338E-01,2.322507E-01,1.391005E+04,0.000000E+00,8.525726E-01,0.000000E+00 
09:15:00,1.391005E+04,0.000000E+00,8.525726E-01,0.000000E+00,5.550664E+04,0.000000E+00,3.402104E+00,0.000000E+00,1.623172E+04,0.000000E+00,9.948718E-01,0.000000E+00,1.743062E+04,0.000000E+00,1.068355E+00,0.000000E+00,1.391042E+04,0.000000E+00,8.525950E-01,0.000000E+00,1.743103E+04,0.000000E+00,1.068380E+00,0.000000E+00,1.600635E+05,0.000000E+00,9.810588E+00,0.000000E+00,1.623153E+04,0.000000E+00,9.948606E-01,0.000000E+00,1.623153E+04,0.000000E+00,9.948606E-01,0.000000E+00,1.614849E+04,0.000000E+00,9.897709E-01,0.000000E+00,1.725387E+04,7.108464E+03,1.057522E+00,4.974790E-01,1.743062E+04,0.000000E+00,1.068355E+00,0.000000E+00,1.505271E+05,0.000000E+00,9.226082E+00,0.000000E+00,1.375768E+04,3.931408E+03,8.432338E-01,2.751358E-01,1.391005E+04,0.000000E+00,8.525726E-01,0.000000E+00 
09:30:00,1.391005E+04,0.000000E+00,8.525726E-01,0.000000E+00,5.550664E+04,0.000000E+00,3.402104E+00,0.000000E+00,1.623172E+04,0.000000E+00,9.948718E-01,0.000000E+00,1.743062E+04,0.000000E+00,1.068355E+00,0.000000E+00,1.391042E+04,0.000000E+00,8.525950E-01,0.000000E+00,1.743103E+04,0.000000E+00,1.068380E+00,0.000000E+00,1.600635E+05,0.000000E+00,9.810588E+00,0.000000E+00,1.623153E+04,0.000000E+00,9.948606E-01,0.000000E+00,1.623153E+04,0.000000E+00,9.948606E-01,0.000000E+00,1.614849E+04,0.000000E+00,9.897709E-01,0.000000E+00,1.725387E+04,7.579721E+03,1.057522E+00,5.304594E-01,1.743062E+04,0.000000E+00,1.068355E+00,0.000000E+00,1.505271E+05,0.000000E+00,9.226082E+00,0.000000E+00,1.375768E+04,4.479038E+03,8.432338E-01,3.134611E-01,1.391005E+04,0.000000E+00,8.525726E-01,0.000000E+00 
09:45:00,1.391005E+04,0.000000E+00,8.525726E-01,0.000000E+00,5.550664E+04,0.000000E+00,3.402104E+00,0.000000E+00,1.623172E+04,0.000000E+00,9.948718E-01,0.000000E+00,1.743062E+04,0.000000E+00,1.068355E+00,0.000000E+00,1.391042E+04,0.000000E+00,8.525950E-01,0.000000E+00,1.743103E+04,1.933375E+01,1.068380E+00,1.355465E-03,1.600635E+05,0.000000E+00,9.810588E+00,0.000000E+00,1.623153E+04,0.000000E+00,9.948606E-01,0.000000E+00,1.623153E+04,0.000000E+00,9.948606E-01,0.000000E+00,1.614849E+04,0.000000E+00,9.897709E-01,0.000000E+00,1.725387E+04,7.987791E+03,1.057522E+00,5.590177E-01,1.743062E+04,0.000000E+00,1.068355E+00,0.000000E+00,1.505271E+05,0.000000E+00,9.226082E+00,0.000000E+00,1.375768E+04,4.969375E+03,8.432338E-01,3.477769E-01,1.391005E+04,0.000000E+00,8.525726E-01,0.000000E+00 
10:00:00,1.391005E+04,0.000000E+00,8.525726E-01,0.000000E+00,5.550664E+04,0.000000E+00,3.402104E+00,0.000000E+00,1.623172E+04,0.000000E+00,9.948718E-01,0.000000E+00,1.743062E+04,2.128034E+02,1.068355E+00,1.489600E-02,1.391042E+04,0.000000E+00,8.525950E-01,0.000000E+00,1.743103E+04,6.891844E+01,1.068380E+00,4.825608E-03,1.600635E+05,0.000000E+00,9.810588E+00,0.000000E+00,1.623153E+04,0.000000E+00,9.948606E-01,0.000000E+00,1.623153E+04,0.000000E+00,9.948606E-01,0.000000E+00,1.614849E+04,0.000000E+00,9.897709E-01,0.000000E+00,1.725387E+04,8.330093E+03,1.057522E+00,5.829734E-01,1.743062E+04,0.000000E+00,1.068355E+00,0.000000E+00,1.505271E+05,0.000000E+00,9.226082E+00,0.000000E+00,1.375768E+04,5.397606E+03,8.432338E-01,3.777462E-01,1.391005E+04,0.000000E+00,8.525726E-01,0.000000E+00 
10:15:00,1.391005E+04,0.000000E+00,8.525726E-01,0.000000E+00,5.550664E+04,0.000000E+00,3.402104E+00,0.000000E+00,1.623172E+04,0.000000E+00,9.948718E-01,0.000000E+00,1.743062E+04,4.286569E+02,1.068355E+00,3.000234E-02,1.391042E+04,0.000000E+00,8.525950E-01,0.000000E+00,1.743103E+04,1.204029E+02,1.068380E+00,8.428700E-03,1.600635E+05,0.000000E+00,9.810588E+00,0.000000E+00,1.623153E+04,0.000000E+00,9.948606E-01,0.000000E+00,1.623153E+04,0.000000E+00,9.948606E-01,0.000000E+00,1.614849E+04,0.000000E+00,9.897709E-01,0.000000E+00,1.725387E+04,8.611883E+03,1.057522E+00,6.026942E-01,1.743062E+04,0.000000E+00,1.068355E+00,0.000000E+00,1.505271E+05,0.000000E+00,9.226082E+00,0.000000E+00,1.375768E+04,5.767373E+03,8.432338E-01,4.036240E-01,1.391005E+04,0.000000E+00,8.525726E-01,0.000000E+00 
10:30:00,1.391005E+04,0.000000E+00,8.525726E-01,0.000000E+00,5.550664E+04,0.000000E+00,3.402104E+00,0.000000E+00,1.623172E+04,0.000000E+00,9.948718E-01,0.000000E+00,1.743062E+04,7.771558E+02,1.068355E+00,5.439169E-02,1.391042E+04,0.000000E+00,8.525950E-01,0.000000E+00,1.743103E+04,1.935178E+02,1.068380E+00,1.354557E-02,1.600635E+05,0.000000E+00,9.810588E+00,0.000000E+00,1.623153E+04,0.000000E+00,9.948606E-01,0.000000E+00,1.623153E+04,0.000000E+00,9.948606E-01,0.000000E+00,1.614849E+04,0.000000E+00,9.897709E-01,0.000000E+00,1.725387E+04,8.831801E+03,1.057522E+00,6.180850E-01,1.743062E+04,0.000000E+00,1.068355E+00,0.000000E+00,1.505271E+05,0.000000E+00,9.226082E+00,0.000000E+00,1.375768E+04,6.075741E+03,8.432338E-01,4.252048E-01,1.391005E+04,0.000000E+00,8.525726E-01,0.000000E+00 
10:45:00,1.391005E+04,0.000000E+00,8.525726E-01,0.000000E+00,5.550664E+04,0.000000E+00,3.402104E+00,0.000000E+00,1.623172E+04,0.000000E+00,9.948718E-01,0.000000E+00,1.743062E+04,1.237556E+03,1.068355E+00,8.661237E-02,1.391042E+04,0.000000E+00,8.525950E-01,0.000000E+00,1.743103E+04,2.639942E+02,1.068380E+00,1.847539E-02,1.600635E+05,0.000000E+00,9.810588E+00,0.000000E+00,1.623153E+04,0.000000E+00,9.948606E-01,0.000000E+00,1.623153E+04,0.000000E+00,9.948606E-01,0.000000E+00,1.614849E+04,0.000000E+00,9.897709E-01,0.000000E+00,1.725387E+04,8.988162E+03,1.057522E+00,6.290278E-01,1.743062E+04,5.698024E+01,1.068355E+00,3.988505E-03,1.505271E+05,0.000000E+00,9.226082E+00,0.000000E+00,1.375768E+04,6.319687E+03,8.432338E-01,4.422771E-01,1.391005E+04,0.000000E+00,8.525726E-01,0.000000E+00 
11:00:00,1.391005E+04,0.000000E+00,8.525726E-01,0.000000E+00,5.550664E+04,0.000000E+00,3.402104E+00,0.000000E+00,1.623172E+04,0.000000E+00,9.948718E-01,0.000000E+00,1.743062E+04,1.598314E+03,1.068355E+00,1.118565E-01,1.391042E+04,0.000000E+00,8.525950E-01,0.000000E+00,1.743103E+04,3.236587E+02,1.068380E+00,2.265094E-02,1.600635E+05,0.000000E+00,9.810588E+00,0.000000E+00,1.623153E+04,0.000000E+00,9.948606E-01,0.000000E+00,1.623153E+04,0.000000E+00,9.948606E-01,0.000000E+00,1.614849E+04,0.000000E+00,9.897709E-01,0.000000E+00,1.725387E+04,9.077190E+03,1.057522E+00,6.352583E-01,1.743062E+04,1.073031E+02,1.068355E+00,7.510305E-03,1.505271E+05,0.000000E+00,9.226082E+00,0.000000E+00,1.375768E+04,6.494671E+03,8.432338E-01,4.545232E-01,1.391005E+04,0.000000E+00,8.525726E-01,0.000000E+00 
11:15:00,1.391005E+04,0.000000E+00,8.525726E-01,0.000000E+00,5.550664E+04,0.000000E+00,3.402104E+00,0.000000E+00,1.623172E+04,0.000000E+00,9.948718E-01,0.000000E+00,1.743062E+04,2.066607E+03,1.068355E+00,1.446295E-01,1.391042E+04,0.000000E+00,8.525950E-01,0.000000E+00,1.743103E+04,3.996521E+02,1.068380E+00,2.796926E-02,1.600635E+05,0.000000E+00,9.810588E+00,0.000000E+00,1.623153E+04,0.000000E+00,9.948606E-01,0.000000E+00,1.623153E+04,0.000000E+00,9.948606E-01,0.000000E+00,1.614849E+04,0.000000E+00,9.897709E-01,0.000000E+00,1.725387E+04,9.086552E+03,1.057522E+00,6.359135E-01,1.743062E+04,1.808444E+02,1.068355E+00,1.265702E-02,1.505271E+05,0.000000E+00,9.226082E+00,0.000000E+00,1.375768E+04,6.587891E+03,8.432338E-01,4.610471E-01,1.391005E+04,0.000000E+00,8.525726E-01,0.000000E+00 
11:30:00,1.391005E+04,3.827427E+01,8.525726E-01,2.709379E-03,5.550664E+04,0.000000E+00,3.402104E+00,0.000000E+00,1.623172E+04,0.000000E+00,9.948718E-01,0.000000E+00,1.743062E+04,2.510922E+03,1.068355E+00,1.757244E-01,1.391042E+04,0.000000E+00,8.525950E-01,0.000000E+00,1.743103E+04,4.728308E+02,1.068380E+00,3.309060E-02,1.600635E+05,0.000000E+00,9.810588E+00,0.000000E+00,1.623153E+04,0.000000E+00,9.948606E-01,0.000000E+00,1.623153E+04,0.000000E+00,9.948606E-01,0.000000E+00,1.614849E+04,0.000000E+00,9.897709E-01,0.000000E+00,1.725387E+04,8.995961E+03,1.057522E+00,6.295735E-01,1.743062E+04,2.710379E+02,1.068355E+00,1.896912E-02,1.505271E+05,0.000000E+00,9.226082E+00,0.000000E+00,1.375768E+04,6.578908E+03,8.432338E-01,4.604185E-01,1.391005E+04,0.000000E+00,8.525726E-01,0.000000E+00 
11:45:00,1.391005E+04,2.884181E+02,8.525726E-01,2.021585E-02,5.550664E+04,0.000000E+00,3.402104E+00,0.000000E+00,1.623172E+04,0.000000E+00,9.948718E-01,0.000000E+00,1.743062E+04,2.948994E+03,1.068355E+00,2.063825E-01,1.391042E+04,0.000000E+00,8.525950E-01,0.000000E+00,1.743103E+04,5.486690E+02,1.068380E+00,3.839807E-02,1.600635E+05,0.000000E+00,9.810588E+00,0.000000E+00,1.623153E+04,0.000000E+00,9.948606E-01,0.000000E+00,1.623153E+04,0.000000E+00,9.948606E-01,0.000000E+00,1.614849E+04,0.000000E+00,9.897709E-01,0.000000E+00,1.725387E+04,8.780035E+03,1.057522E+00,6.144622E-01,1.743062E+04,3.231516E+02,1.068355E+00,2.261545E-02,1.505271E+05,0.000000E+00,9.226082E+00,0.000000E+00,1.375768E+04,6.442685E+03,8.432338E-01,4.508851E-01,1.391005E+04,0.000000E+00,8.525726E-01,0.000000E+00 
12:00:00,1.391005E+04,5.444841E+02,8.525726E-01,3.813639E-02,5.550664E+04,0.000000E+00,3.402104E+00,0.000000E+00,1.623172E+04,0.000000E+00,9.948718E-01,0.000000E+00,1.743062E+04,3.375680E+03,1.068355E+00,2.362437E-01,1.391042E+04,0.000000E+00,8.525950E-01,0.000000E+00,1.743103E+04,6.250071E+02,1.068380E+00,4.374052E-02,1.600635E+05,0.000000E+00,9.810588E+00,0.000000E+00,1.623153E+04,0.000000E+00,9.948606E-01,0.000000E+00,1.623153E+04,0.000000E+00,9.948606E-01,0.000000E+00,1.614849E+04,0.000000E+00,9.897709E-01,0.000000E+00,1.725387E+04,8.425127E+03,1.057522E+00,5.896243E-01,1.743062E+04,4.014429E+02,1.068355E+00,2.809459E-02,1.505271E+05,0.000000E+00,9.226082E+00,0.000000E+00,1.375768E+04,6.166418E+03,8.432338E-01,4.315508E-01,1.391005E+04,0.000000E+00,8.525726E-01,0.000000E+00 
12:15:00,1.391005E+04,9.118506E+02,8.525726E-01,6.384617E-02,5.550665E+04,0.000000E+00,3.402104E+00,0.000000E+00,1.623172E+04,0.000000E+00,9.948718E-01,0.000000E+00,1.743062E+04,3.787877E+03,1.068355E+00,2.650909E-01,1.391042E+04,0.000000E+00,8.525950E-01,0.000000E+00,1.743103E+04,7.029978E+02,1.068380E+00,4.919861E-02,1.600635E+05,0.000000E+00,9.810588E+00,0.000000E+00,1.623153E+04,0.000000E+00,9.948606E-01,0.000000E+00,1.623153E+04,0.000000E+00,9.948606E-01,0.000000E+00,1.614849E+04,0.000000E+00,9.897709E-01,0.000000E+00,1.725387E+04,7.965638E+03,1.057522E+00,5.574674E-01,1.743062E+04,4.762455E+02,1.068355E+00,3.332958E-02,1.505271E+05,0.000000E+00,9.226082E+00,0.000000E+00,1.375768E+04,5.785540E+03,8.432338E-01,4.048954E-01,1.391005E+04,0.000000E+00,8.525726E-01,0.000000E+00 
12:30:00,1.391005E+04,1.334663E+03,8.525726E-01,9.340549E-02,5.550665E+04,0.000000E+00,3.402104E+00,0.000000E+00,1.623172E+04,0.000000E+00,9.948718E-01,0.000000E+00,1.743062E+04,4.182088E+03,1.068355E+00,2.926793E-01,1.391042E+04,0.000000E+00,8.525950E-01,0.000000E+00,1.743103E+04,8.064646E+02,1.068380E+00,5.643964E-02,1.600635E+05,0.000000E+00,9.810588E+00,0.000000E+00,1.623153E+04,0.000000E+00,9.948606E-01,0.000000E+00,1.623153E+04,0.000000E+00,9.948606E-01,0.000000E+00,1.614849E+04,0.000000E+00,9.897709E-01,0.000000E+00,1.725387E+04,7.485032E+03,1.057522E+00,5.238326E-01,1.743062E+04,5.547301E+02,1.068355E+00,3.882224E-02,1.505271E+05,0.000000E+00,9.226082E+00,0.000000E+00,1.375768E+04,5.382166E+03,8.432338E-01,3.766656E-01,1.391005E+04,0.000000E+00,8.525726E-01,0.000000E+00 
12:45:00,1.391005E+04,1.634360E+03,8.525726E-01,1.143791E-01,5.550665E+04,0.000000E+00,3.402104E+00,0.000000E+00,1.623172E+04,0.000000E+00,9.948718E-01,0.000000E+00,1.743062E+04,4.555160E+03,1.068355E+00,3.187884E-01,1.391042E+04,0.000000E+00,8.525950E-01,0.000000E+00,1.743103E+04,9.809974E+02,1.068380E+00,6.865415E-02,1.600635E+05,0.000000E+00,9.810588E+00,0.000000E+00,1.623153E+04,0.000000E+00,9.948606E-01,0.000000E+00,1.623153E+04,0.000000E+00,9.948606E-01,0.000000E+00,1.614849E+04,0.000000E+00,9.897709E-01,0.000000E+00,1.725387E+04,7.053456E+03,1.057522E+00,4.936292E-01,1.743062E+04,6.353979E+02,1.068355E+00,4.446771E-02,1.505271E+05,0.000000E+00,9.226082E+00,0.000000E+00,1.375768E+04,5.023932E+03,8.432338E-01,3.515950E-01,1.391005E+04,0.000000E+00,8.525726E-01,0.000000E+00 
13:00:00,1.391005E+04,2.011532E+03,8.525726E-01,1.407751E-01,5.550665E+04,0.000000E+00,3.402104E+00,0.000000E+00,1.623172E+04,0.000000E+00,9.948718E-01,0.000000E+00,1.743062E+04,4.904039E+03,1.068355E+00,3.432044E-01,1.391042E+04,0.000000E+00,8.525950E-01,0.000000E+00,1.743103E+04,1.268867E+03,1.068380E+00,8.880045E-02,1.600635E+05,0.000000E+00,9.810588E+00,0.000000E+00,1.623153E+04,0.000000E+00,9.948606E-01,0.000000E+00,1.623153E+04,0.000000E+00,9.948606E-01,0.000000E+00,1.614849E+04,0.000000E+00,9.897709E-01,0.000000E+00,1.725387E+04,6.719074E+03,1.057522E+00,4.702279E-01,1.743062E+04,7.184058E+02,1.068355E+00,5.027693E-02,1.505271E+05,0.000000E+00,9.226082E+00,0.000000E+00,1.375768E+04,4.755032E+03,8.432338E-01,3.327763E-01,1.391005E+04,0.000000E+00,8.525726E-01,0.000000E+00 
13:15:00,1.391005E+04,2.352316E+03,8.525726E-01,1.646246E-01,5.550665E+04,0.000000E+00,3.402104E+00,0.000000E+00,1.623172E+04,0.000000E+00,9.948718E-01,0.000000E+00,1.743062E+04,5.224989E+03,1.068355E+00,3.656657E-01,1.391042E+04,0.000000E+00,8.525950E-01,0.000000E+00,1.743103E+04,1.695418E+03,1.068380E+00,1.186522E-01,1.600635E+05,0.000000E+00,9.810588E+00,0.000000E+00,1.623153E+04,0.000000E+00,9.948606E-01,0.000000E+00,1.623153E+04,0.000000E+00,9.948606E-01,0.000000E+00,1.614849E+04,0.000000E+00,9.897709E-01,0.000000E+00,1.725387E+04,6.484027E+03,1.057522E+00,4.537783E-01,1.743062E+04,8.028520E+02,1.068355E+00,5.618682E-02,1.505271E+05,0.000000E+00,9.226082E+00,0.000000E+00,1.375768E+04,4.573648E+03,8.432338E-01,3.200823E-01,1.391005E+04,0.000000E+00,8.525726E-01,0.000000E+00 
13:30:00,1.391005E+04,2.665982E+03,8.525726E-01,1.865761E-01,5.550665E+04,0.000000E+00,3.402104E+00,0.000000E+00,1.623172E+04,0.000000E+00,9.948718E-01,0.000000E+00,1.743062E+04,5.514609E+03,1.068355E+00,3.859346E-01,1.391042E+04,1.018099E+01,8.525950E-01,7.198083E-04,1.743103E+04,2.248596E+03,1.068380E+00,1.573658E-01,1.600635E+05,0.000000E+00,9.810588E+00,0.000000E+00,1.623153E+04,0.000000E+00,9.948606E-01,0.000000E+00,1.623153E+04,0.000000E+00,9.948606E-01,0.000000E+00,1.614849E+04,0.000000E+00,9.897709E-01,0.000000E+00,1.725387E+04,6.306595E+03,1.057522E+00,4.413609E-01,1.743062E+04,8.886498E+02,1.068355E+00,6.219129E-02,1.505271E+05,0.000000E+00,9.226082E+00,0.000000E+00,1.375768E+04,4.436863E+03,8.432338E-01,3.105096E-01,1.391005E+04,0.000000E+00,8.525726E-01,0.000000E+00 
13:45:00,1.391005E+04,2.947934E+03,8.525726E-01,2.063083E-01,5.550665E+04,0.000000E+00,3.402104E+00,0.000000E+00,1.623172E+04,0.000000E+00,9.948718E-01,0.000000E+00,1.743062E+04,5.769240E+03,1.068355E+00,4.037546E-01,1.391042E+04,3.039200E+02,8.525950E-01,2.134531E-02,1.743103E+04,2.886450E+03,1.068380E+00,2.020054E-01,1.600635E+05,0.000000E+00,9.810588E+00,0.000000E+00,1.623153E+04,0.000000E+00,9.948606E-01,0.000000E+00,1.623153E+04,0.000000E+00,9.948606E-01,0.000000E+00,1.614849E+04,0.000000E+00,9.897709E-01,0.000000E+00,1.725387E+04,6.162230E+03,1.057522E+00,4.312577E-01,1.743062E+04,9.753572E+02,1.068355E+00,6.825943E-02,1.505271E+05,0.000000E+00,9.226082E+00,0.000000E+00,1.375768E+04,4.320246E+03,8.432338E-01,3.023482E-01,1.391005E+04,0.000000E+00,8.525726E-01,0.000000E+00 
14:00:00,1.391005E+04,3.192728E+03,8.525726E-01,2.234400E-01,5.550665E+04,0.000000E+00,3.402104E+00,0.000000E+00,1.623172E+04,0.000000E+00,9.948718E-01,0.000000E+00,1.743062E+04,5.984883E+03,1.068355E+00,4.188462E-01,1.391042E+04,7.109030E+02,8.525950E-01,4.982804E-02,1.743103E+04,3.567243E+03,1.068380E+00,2.496500E-01,1.600635E+05,0.000000E+00,9.810588E+00,0.000000E+00,1.623153E+04,0.000000E+00,9.948606E-01,0.000000E+00,1.623153E+04,0.000000E+00,9.948606E-01,0.000000E+00,1.614849E+04,0.000000E+00,9.897709E-01,0.000000E+00,1.725387E+04,6.038716E+03,1.057522E+00,4.226136E-01,1.743062E+04,1.062312E+03,1.068355E+00,7.434487E-02,1.505271E+05,0.000000E+00,9.226082E+00,0.000000E+00,1.375768E+04,4.213178E+03,8.432338E-01,2.948551E-01,1.391005E+04,0.000000E+00,8.525726E-01,0.000000E+00 
14:15:00,1.391005E+04,3.394022E+03,8.525726E-01,2.375273E-01,5.550665E+04,0.000000E+00,3.402104E+00,0.000000E+00,1.623172E+04,0.000000E+00,9.948718E-01,0.000000E+00,1.743062E+04,6.156018E+03,1.068355E+00,4.308229E-01,1.391042E+04,1.263867E+03,8.525950E-01,8.852672E-02,1.743103E+04,4.263299E+03,1.068380E+00,2.983628E-01,1.600635E+05,0.000000E+00,9.810588E+00,0.000000E+00,1.623153E+04,0.000000E+00,9.948606E-01,0.000000E+00,1.623153E+04,0.000000E+00,9.948606E-01,0.000000E+00,1.614849E+04,0.000000E+00,9.897709E-01,0.000000E+00,1.725387E+04,5.928037E+03,1.057522E+00,4.148679E-01,1.743062E+04,1.147621E+03,1.068355E+00,8.031516E-02,1.505271E+05,0.000000E+00,9.226082E+00,0.000000E+00,1.375768E+04,4.109461E+03,8.432338E-01,2.875966E-01,1.391005E+04,0.000000E+00,8.525726E-01,0.000000E+00 
14:30:00,1.391005E+04,3.546629E+03,8.525726E-01,2.482074E-01,5.550665E+04,0.000000E+00,3.402104E+00,0.000000E+00,1.623172E+04,0.000000E+00,9.948718E-01,0.000000E+00,1.743062E+04,6.277874E+03,1.068355E+00,4.393509E-01,1.391042E+04,1.969327E+03,8.525950E-01,1.378903E-01,1.743103E+04,4.962668E+03,1.068380E+00,3.473075E-01,1.600635E+05,0.000000E+00,9.810588E+00,0.000000E+00,1.623153E+04,0.000000E+00,9.948606E-01,0.000000E+00,1.623153E+04,0.000000E+00,9.948606E-01,0.000000E+00,1.614849E+04,0.000000E+00,9.897709E-01,0.000000E+00,1.725387E+04,5.825066E+03,1.057522E+00,4.076616E-01,1.743062E+04,1.230389E+03,1.068355E+00,8.610756E-02,1.505271E+05,0.000000E+00,9.226082E+00,0.000000E+00,1.375768E+04,4.005570E+03,8.432338E-01,2.803259E-01,1.391005E+04,0.000000E+00,8.525726E-01,0.000000E+00 
14:45:00,1.391005E+04,3.645555E+03,8.525726E-01,2.551306E-01,5.550665E+04,0.000000E+00,3.402104E+00,0.000000E+00,1.623172E+04,0.000000E+00,9.948718E-01,0.000000E+00,1.743062E+04,6.345596E+03,1.068355E+00,4.440903E-01,1.391042E+04,2.556695E+03,8.525950E-01,1.789283E-01,1.743103E+04,5.660468E+03,1.068380E+00,3.961423E-01,1.600635E+05,0.000000E+00,9.810588E+00,0.000000E+00,1.623153E+04,0.000000E+00,9.948606E-01,0.000000E+00,1.623153E+04,0.000000E+00,9.948606E-01,0.000000E+00,1.614849E+04,0.000000E+00,9.897709E-01,0.000000E+00,1.725387E+04,5.726478E+03,1.057522E+00,4.007620E-01,1.743062E+04,1.309648E+03,1.068355E+00,9.165446E-02,1.505271E+05,0.000000E+00,9.226082E+00,0.000000E+00,1.375768E+04,3.899566E+03,8.432338E-01,2.729074E-01,1.391005E+04,0.000000E+00,8.525726E-01,0.000000E+00 
15:00:00,1.391005E+04,3.686326E+03,8.525726E-01,2.579840E-01,5.550665E+04,0.000000E+00,3.402104E+00,0.000000E+00,1.623172E+04,0.000000E+00,9.948718E-01,0.000000E+00,1.743062E+04,6.354643E+03,1.068355E+00,4.447235E-01,1.391042E+04,3.196669E+03,8.525950E-01,2.237158E-01,1.743103E+04,6.353140E+03,1.068380E+00,4.446183E-01,1.600635E+05,0.000000E+00,9.810588E+00,0.000000E+00,1.623153E+04,0.000000E+00,9.948606E-01,0.000000E+00,1.623153E+04,0.000000E+00,9.948606E-01,0.000000E+00,1.614849E+04,0.000000E+00,9.897709E-01,0.000000E+00,1.725387E+04,5.629926E+03,1.057522E+00,3.940049E-01,1.743062E+04,1.384426E+03,1.068355E+00,9.688769E-02,1.505271E+05,0.000000E+00,9.226082E+00,0.000000E+00,1.375768E+04,3.790274E+03,8.432338E-01,2.652587E-01,1.391005E+04,0.000000E+00,8.525726E-01,0.000000E+00 
15:15:00,1.391005E+04,3.665191E+03,8.525726E-01,2.565048E-01,5.550665E+04,0.000000E+00,3.402104E+00,0.000000E+00,1.623172E+04,0.000000E+00,9.948718E-01,0.000000E+00,1.743062E+04,6.301058E+03,1.068355E+00,4.409734E-01,1.391042E+04,3.850558E+03,8.525950E-01,2.694775E-01,1.743103E+04,7.034863E+03,1.068380E+00,4.923280E-01,1.600635E+05,0.000000E+00,9.810588E+00,0.000000E+00,1.623153E+04,0.000000E+00,9.948606E-01,0.000000E+00,1.623153E+04,0.000000E+00,9.948606E-01,0.000000E+00,1.614849E+04,0.000000E+00,9.897709E-01,0.000000E+00,1.725387E+04,5.532593E+03,1.057522E+00,3.871931E-01,1.743062E+04,1.453413E+03,1.068355E+00,1.017157E-01,1.505271E+05,0.000000E+00,9.226082E+00,0.000000E+00,1.375768E+04,3.675790E+03,8.432338E-01,2.572466E-01,1.391005E+04,0.000000E+00,8.525726E-01,0.000000E+00 
15:30:00,1.391005E+04,3.578701E+03,8.525726E-01,2.504519E-01,5.550665E+04,0.000000E+00,3.402105E+00,0.000000E+00,1.623172E+04,0.000000E+00,9.948718E-01,0.000000E+00,1.743062E+04,6.180988E+03,1.068355E+00,4.325704E-01,1.391042E+04,4.503445E+03,8.525950E-01,3.151692E-01,1.743103E+04,7.704974E+03,1.068380E+00,5.392251E-01,1.600635E+05,0.000000E+00,9.810588E+00,0.000000E+00,1.623153E+04,0.000000E+00,9.948606E-01,0.000000E+00,1.623153E+04,0.000000E+00,9.948606E-01,0.000000E+00,1.614849E+04,0.000000E+00,9.897709E-01,0.000000E+00,1.725387E+04,5.429434E+03,1.057522E+00,3.799736E-01,1.743062E+04,1.512390E+03,1.068355E+00,1.058431E-01,1.505271E+05,0.000000E+00,9.226082E+00,0.000000E+00,1.375768E+04,3.551885E+03,8.432338E-01,2.485752E-01,1.391005E+04,0.000000E+00,8.525726E-01,0.000000E+00 
15:45:00,1.391005E+04,3.430360E+03,8.525726E-01,2.400704E-01,5.550665E+04,0.000000E+00,3.402105E+00,0.000000E+00,1.623172E+04,0.000000E+00,9.948718E-01,0.000000E+00,1.743062E+04,5.997413E+03,1.068355E+00,4.197231E-01,1.391042E+04,5.144005E+03,8.525950E-01,3.599982E-01,1.743103E+04,8.354306E+03,1.068380E+00,5.846680E-01,1.600635E+05,0.000000E+00,9.810588E+00,0.000000E+00,1.623153E+04,0.000000E+00,9.948606E-01,0.000000E+00,1.623153E+04,0.000000E+00,9.948606E-01,0.000000E+00,1.614849E+04,0.000000E+00,9.897709E-01,0.000000E+00,1.725387E+04,5.319976E+03,1.057522E+00,3.723133E-01,1.743062E+04,1.560881E+03,1.068355E+00,1.092367E-01,1.505271E+05,0.000000E+00,9.226082E+00,0.000000E+00,1.375768E+04,3.419227E+03,8.432338E-01,2.392913E-01,1.391005E+04,0.000000E+00,8.525726E-01,0.000000E+00 
16:00:00,1.391005E+04,3.230290E+03,8.525726E-01,2.260687E-01,5.550665E+04,0.000000E+00,3.402105E+00,0.000000E+00,1.623172E+04,0.000000E+00,9.948718E-01,0.000000E+00,1.743062E+04,5.760373E+03,1.068355E+00,4.031341E-01,1.391042E+04,5.760590E+03,8.525950E-01,4.031493E-01,1.743103E+04,8.972947E+03,1.068380E+00,6.279629E-01,1.600635E+05,0.000000E+00,9.810588E+00,0.000000E+00,1.623153E+04,0.000000E+00,9.948606E-01,0.000000E+00,1.623153E+04,0.000000E+00,9.948606E-01,0.000000E+00,1.614849E+04,0.000000E+00,9.897709E-01,0.000000E+00,1.725387E+04,5.204090E+03,1.057522E+00,3.642032E-01,1.743062E+04,1.598672E+03,1.068355E+00,1.118815E-01,1.505271E+05,0.000000E+00,9.226082E+00,0.000000E+00,1.375768E+04,3.278584E+03,8.432338E-01,2.294485E-01,1.391005E+04,0.000000E+00,8.525726E-01,0.000000E+00 
16:15:00,1.391005E+04,2.999967E+03,8.525726E-01,2.099497E-01,5.550665E+04,0.000000E+00,3.402105E+00,0.000000E+00,1.623172E+04,7.363907E+01,9.948718E-01,5.217499E-03,1.743062E+04,5.492058E+03,1.068355E+00,3.843564E-01,1.391042E+04,6.346527E+03,8.525950E-01,4.441555E-01,1.743103E+04,9.555164E+03,1.068380E+00,6.687089E-01,1.600635E+05,0.000000E+00,9.810588E+00,0.000000E+00,1.623153E+04,0.000000E+00,9.948606E-01,0.000000E+00,1.623153E+04,0.000000E+00,9.948606E-01,0.000000E+00,1.614849E+04,0.000000E+00,9.897709E-01,0.000000E+00,1.725387E+04,5.083652E+03,1.057522E+00,3.557744E-01,1.743062E+04,1.627408E+03,1.068355E+00,1.138926E-01,1.505271E+05,0.000000E+00,9.226082E+00,0.000000E+00,1.375768E+04,3.132534E+03,8.432338E-01,2.192274E-01,1.391005E+04,0.000000E+00,8.525726E-01,0.000000E+00 
16:30:00,1.391005E+04,2.769786E+03,8.525726E-01,1.938408E-01,5.550665E+04,0.000000E+00,3.402105E+00,0.000000E+00,1.623172E+04,3.504241E+02,9.948718E-01,2.458886E-02,1.743062E+04,5.225138E+03,1.068355E+00,3.656762E-01,1.391042E+04,6.885976E+03,8.525950E-01,4.819083E-01,1.743103E+04,1.008595E+04,1.068380E+00,7.058554E-01,1.600635E+05,0.000000E+00,9.810588E+00,0.000000E+00,1.623153E+04,0.000000E+00,9.948606E-01,0.000000E+00,1.623153E+04,0.000000E+00,9.948606E-01,0.000000E+00,1.614849E+04,0.000000E+00,9.897709E-01,0.000000E+00,1.725387E+04,4.962071E+03,1.057522E+00,3.472657E-01,1.743062E+04,1.655187E+03,1.068355E+00,1.158367E-01,1.505271E+05,0.000000E+00,9.226082E+00,0.000000E+00,1.375768E+04,2.985111E+03,8.432338E-01,2.089101E-01,1.391005E+04,0.000000E+00,8.525726E-01,0.000000E+00 
16:45:00,1.391005E+04,2.558856E+03,8.525726E-01,1.790791E-01,5.550665E+04,0.000000E+00,3.402105E+00,0.000000E+00,1.623172E+04,6.132842E+02,9.948718E-01,4.298466E-02,1.743062E+04,4.981129E+03,1.068355E+00,3.485995E-01,1.391042E+04,7.371332E+03,8.525950E-01,5.158755E-01,1.743103E+04,1.055793E+04,1.068380E+00,7.388864E-01,1.600635E+05,0.000000E+00,9.810588E+00,0.000000E+00,1.623153E+04,0.000000E+00,9.948606E-01,0.000000E+00,1.623153E+04,0.000000E+00,9.948606E-01,0.000000E+00,1.614849E+04,0.000000E+00,9.897709E-01,0.000000E+00,1.725387E+04,4.838130E+03,1.057522E+00,3.385918E-01,1.743062E+04,1.696879E+03,1.068355E+00,1.187544E-01,1.505271E+05,0.000000E+00,9.226082E+00,0.000000E+00,1.375768E+04,2.835273E+03,8.432338E-01,1.984238E-01,1.391005E+04,0.000000E+00,8.525726E-01,0.000000E+00 
17:00:00,1.391005E+04,2.375455E+03,8.525726E-01,1.662439E-01,5.550665E+04,0.000000E+00,3.402105E+00,0.000000E+00,1.623172E+04,9.619182E+02,9.948718E-01,6.738319E-02,1.743062E+04,4.769891E+03,1.068355E+00,3.338162E-01,1.391042E+04,7.794996E+03,8.525950E-01,5.455252E-01,1.743103E+04,1.096353E+04,1.068380E+00,7.672718E-01,1.600635E+05,0.000000E+00,9.810588E+00,0.000000E+00,1.623153E+04,0.000000E+00,9.948606E-01,0.000000E+00,1.623153E+04,0.000000E+00,9.948606E-01,0.000000E+00,1.614849E+04,0.000000E+00,9.897709E-01,0.000000E+00,1.725387E+04,4.710360E+03,1.057522E+00,3.296500E-01,1.743062E+04,1.767399E+03,1.068355E+00,1.236897E-01,1.505271E+05,0.000000E+00,9.226082E+00,0.000000E+00,1.375768E+04,2.681889E+03,8.432338E-01,1.876894E-01,1.391005E+04,0.000000E+00,8.525726E-01,0.000000E+00 
17:15:00,1.391005E+04,2.216467E+03,8.525726E-01,1.551173E-01,5.550665E+04,0.000000E+00,3.402105E+00,0.000000E+00,1.623172E+04,1.267178E+03,9.948718E-01,8.868218E-02,1.743062E+04,4.589106E+03,1.068355E+00,3.211641E-01,1.391042E+04,8.146333E+03,8.525950E-01,5.701132E-01,1.743103E+04,1.129244E+04,1.068380E+00,7.902908E-01,1.600635E+05,0.000000E+00,9.810588E+00,0.000000E+00,1.623153E+04,0.000000E+00,9.948606E-01,0.000000E+00,1.623153E+04,0.000000E+00,9.948606E-01,0.000000E+00,1.614849E+04,0.000000E+00,9.897709E-01,0.000000E+00,1.725387E+04,4.578163E+03,1.057522E+00,3.203983E-01,1.743062E+04,1.878602E+03,1.068355E+00,1.314722E-01,1.505271E+05,0.000000E+00,9.226082E+00,0.000000E+00,1.375768E+04,2.524944E+03,8.432338E-01,1.767058E-01,1.391005E+04,0.000000E+00,8.525726E-01,0.000000E+00 
17:30:00,1.391005E+04,2.068244E+03,8.525726E-01,1.447440E-01,5.550665E+04,0.000000E+00,3.402105E+00,0.000000E+00,1.623172E+04,1.378737E+03,9.948718E-01,9.648828E-02,1.743062E+04,4.423962E+03,1.068355E+00,3.096067E-01,1.391042E+04,8.413561E+03,8.525950E-01,5.888149E-01,1.743103E+04,1.153320E+04,1.068380E+00,8.071398E-01,1.600635E+05,0.000000E+00,9.810588E+00,0.000000E+00,1.623153E+04,0.000000E+00,9.948606E-01,0.000000E+00,1.623153E+04,0.000000E+00,9.948606E-01,0.000000E+00,1.614849E+04,0.000000E+00,9.897709E-01,0.000000E+00,1.725387E+04,4.440538E+03,1.057522E+00,3.107667E-01,1.743062E+04,2.030447E+03,1.068355E+00,1.420989E-01,1.505271E+05,0.000000E+00,9.226082E+00,0.000000E+00,1.375768E+04,2.364088E+03,8.432338E-01,1.654484E-01,1.391005E+04,0.000000E+00,8.525726E-01,0.000000E+00 
17:45:00,1.391005E+04,1.919214E+03,8.525726E-01,1.343143E-01,5.550665E+04,0.000000E+00,3.402105E+00,0.000000E+00,1.623172E+04,1.474593E+03,9.948718E-01,1.031965E-01,1.743062E+04,4.260899E+03,1.068355E+00,2.981948E-01,1.391042E+04,8.572680E+03,8.525950E-01,5.999507E-01,1.743103E+04,1.166274E+04,1.068380E+00,8.162052E-01,1.600635E+05,0.000000E+00,9.810588E+00,0.000000E+00,1.623153E+04,0.000000E+00,9.948606E-01,0.000000E+00,1.623153E+04,0.000000E+00,9.948606E-01,0.000000E+00,1.614849E+04,0.000000E+00,9.897709E-01,0.000000E+00,1.725387E+04,4.293463E+03,1.057522E+00,3.004739E-01,1.743062E+04,2.202199E+03,1.068355E+00,1.541187E-01,1.505271E+05,0.000000E+00,9.226082E+00,0.000000E+00,1.375768E+04,2.196211E+03,8.432338E-01,1.536997E-01,1.391005E+04,0.000000E+00,8.525726E-01,0.000000E+00 
18:00:00,1.391005E+04,1.766855E+03,8.525726E-01,1.236516E-01,5.550665E+04,0.000000E+00,3.402105E+00,0.000000E+00,1.623172E+04,1.427232E+03,9.948718E-01,9.988197E-02,1.743062E+04,4.095191E+03,1.068355E+00,2.865979E-01,1.391042E+04,8.615810E+03,8.525950E-01,6.029691E-01,1.743103E+04,1.167231E+04,1.068380E+00,8.168754E-01,1.600635E+05,0.000000E+00,9.810588E+00,0.000000E+00,1.623153E+04,0.000000E+00,9.948606E-01,0.000000E+00,1.623153E+04,0.000000E+00,9.948606E-01,0.000000E+00,1.614849E+04,0.000000E+00,9.897709E-01,0.000000E+00,1.725387E+04,4.137081E+03,1.057522E+00,2.895296E-01,1.743062E+04,2.371558E+03,1.068355E+00,1.659712E-01,1.505271E+05,0.000000E+00,9.226082E+00,0.000000E+00,1.375768E+04,2.022706E+03,8.432338E-01,1.415571E-01,1.391005E+04,0.000000E+00,8.525726E-01,0.000000E+00 
18:15:00,1.391005E+04,1.610674E+03,8.525726E-01,1.127214E-01,5.550665E+04,0.000000E+00,3.402105E+00,0.000000E+00,1.623172E+04,1.259579E+03,9.948718E-01,8.814923E-02,1.743062E+04,3.923212E+03,1.068355E+00,2.745622E-01,1.391042E+04,8.534046E+03,8.525950E-01,5.972469E-01,1.743103E+04,1.155245E+04,1.068380E+00,8.084867E-01,1.600635E+05,0.000000E+00,9.810588E+00,0.000000E+00,1.623153E+04,0.000000E+00,9.948606E-01,0.000000E+00,1.623153E+04,0.000000E+00,9.948606E-01,0.000000E+00,1.614849E+04,0.000000E+00,9.897709E-01,0.000000E+00,1.725387E+04,3.970364E+03,1.057522E+00,2.778621E-01,1.743062E+04,2.513686E+03,1.068355E+00,1.759178E-01,1.505271E+05,0.000000E+00,9.226082E+00,0.000000E+00,1.375768E+04,1.844040E+03,8.432338E-01,1.290534E-01,1.391005E+04,0.000000E+00,8.525726E-01,0.000000E+00 
18:30:00,1.391005E+04,1.451318E+03,8.525726E-01,1.015691E-01,5.550665E+04,0.000000E+00,3.402105E+00,0.000000E+00,1.623172E+04,9.552105E+02,9.948718E-01,6.684863E-02,1.743062E+04,3.743355E+03,1.068355E+00,2.619751E-01,1.391042E+04,8.317819E+03,8.525950E-01,5.821145E-01,1.743103E+04,1.129354E+04,1.068380E+00,7.903672E-01,1.600635E+05,0.000000E+00,9.810588E+00,0.000000E+00,1.623153E+04,0.000000E+00,9.948606E-01,0.000000E+00,1.623153E+04,0.000000E+00,9.948606E-01,0.000000E+00,1.614849E+04,0.000000E+00,9.897709E-01,0.000000E+00,1.725387E+04,3.793572E+03,1.057522E+00,2.654895E-01,1.743062E+04,2.607229E+03,1.068355E+00,1.824644E-01,1.505271E+05,0.000000E+00,9.226082E+00,0.000000E+00,1.375768E+04,1.662890E+03,8.432338E-01,1.163757E-01,1.391005E+04,0.000000E+00,8.525726E-01,0.000000E+00 
18:45:00,1.391005E+04,1.287257E+03,8.525726E-01,9.008743E-02,5.550665E+04,0.000000E+00,3.402105E+00,0.000000E+00,1.623172E+04,5.964942E+02,9.948718E-01,4.174460E-02,1.743062E+04,3.558076E+03,1.068355E+00,2.490085E-01,1.391042E+04,7.971029E+03,8.525950E-01,5.578447E-01,1.743103E+04,1.089845E+04,1.068380E+00,7.627176E-01,1.600635E+05,0.000000E+00,9.810588E+00,0.000000E+00,1.623153E+04,0.000000E+00,9.948606E-01,0.000000E+00,1.623153E+04,0.000000E+00,9.948606E-01,0.000000E+00,1.614849E+04,0.000000E+00,9.897709E-01,0.000000E+00,1.725387E+04,3.610185E+03,1.057522E+00,2.526553E-01,1.743062E+04,2.638534E+03,1.068355E+00,1.846552E-01,1.505271E+05,0.000000E+00,9.226082E+00,0.000000E+00,1.375768E+04,1.482835E+03,8.432338E-01,1.037748E-01,1.391005E+04,0.000000E+00,8.525726E-01,0.000000E+00 
19:00:00,1.391005E+04,1.116381E+03,8.525726E-01,7.812881E-02,5.550665E+04,0.000000E+00,3.402105E+00,0.000000E+00,1.623172E+04,2.952217E+02,9.948718E-01,2.066061E-02,1.743062E+04,3.365763E+03,1.068355E+00,2.355497E-01,1.391042E+04,7.460907E+03,8.525950E-01,5.221443E-01,1.743103E+04,1.033640E+04,1.068380E+00,7.233828E-01,1.600635E+05,0.000000E+00,9.810588E+00,0.000000E+00,1.623153E+04,0.000000E+00,9.948606E-01,0.000000E+00,1.623153E+04,0.000000E+00,9.948606E-01,0.000000E+00,1.614849E+04,0.000000E+00,9.897709E-01,0.000000E+00,1.725387E+04,3.419137E+03,1.057522E+00,2.392850E-01,1.743062E+04,2.586538E+03,1.068355E+00,1.810163E-01,1.505271E+05,0.000000E+00,9.226082E+00,0.000000E+00,1.375768E+04,1.299166E+03,8.432338E-01,9.092087E-02,1.391005E+04,0.000000E+00,8.525726E-01,0.000000E+00 
19:15:00,1.391005E+04,9.400746E+02,8.525726E-01,6.579021E-02,5.550665E+04,0.000000E+00,3.402105E+00,0.000000E+00,1.623172E+04,8.397504E+01,9.948718E-01,5.876871E-03,1.743062E+04,3.170079E+03,1.068355E+00,2.218549E-01,1.391042E+04,6.786055E+03,8.525950E-01,4.749154E-01,1.743103E+04,9.604929E+03,1.068380E+00,6.721916E-01,1.600635E+05,0.000000E+00,9.810588E+00,0.000000E+00,1.623153E+04,0.000000E+00,9.948606E-01,0.000000E+00,1.623153E+04,0.000000E+00,9.948606E-01,0.000000E+00,1.614849E+04,0.000000E+00,9.897709E-01,0.000000E+00,1.725387E+04,3.224278E+03,1.057522E+00,2.256480E-01,1.743062E+04,2.444599E+03,1.068355E+00,1.710829E-01,1.505271E+05,0.000000E+00,9.226082E+00,0.000000E+00,1.375768E+04,1.112814E+03,8.432338E-01,7.787923E-02,1.391005E+04,0.000000E+00,8.525726E-01,0.000000E+00 
19:30:00,1.391005E+04,7.560757E+02,8.525726E-01,5.291322E-02,5.550665E+04,0.000000E+00,3.402105E+00,0.000000E+00,1.623172E+04,0.000000E+00,9.948718E-01,0.000000E+00,1.743062E+04,2.972184E+03,1.068355E+00,2.080054E-01,1.391042E+04,6.017277E+03,8.525950E-01,4.211133E-01,1.743103E+04,8.770912E+03,1.068380E+00,6.138237E-01,1.600635E+05,0.000000E+00,9.810588E+00,0.000000E+00,1.623153E+04,0.000000E+00,9.948606E-01,0.000000E+00,1.623153E+04,0.000000E+00,9.948606E-01,0.000000E+00,1.614849E+04,0.000000E+00,9.897709E-01,0.000000E+00,1.725387E+04,3.026967E+03,1.057522E+00,2.118393E-01,1.743062E+04,2.233983E+03,1.068355E+00,1.563431E-01,1.505271E+05,0.000000E+00,9.226082E+00,0.000000E+00,1.375768E+04,9.205347E+02,8.432338E-01,6.442272E-02,1.391005E+04,0.000000E+00,8.525726E-01,0.000000E+00 
19:45:00,1.391005E+04,5.746902E+02,8.525726E-01,4.021914E-02,5.550665E+04,0.000000E+00,3.402105E+00,0.000000E+00,1.623172E+04,0.000000E+00,9.948718E-01,0.000000E+00,1.743062E+04,2.779800E+03,1.068355E+00,1.945416E-01,1.391042E+04,5.254322E+03,8.525950E-01,3.677186E-01,1.743103E+04,7.933092E+03,1.068380E+00,5.551897E-01,1.600635E+05,0.000000E+00,9.810588E+00,0.000000E+00,1.623153E+04,0.000000E+00,9.948606E-01,0.000000E+00,1.623153E+04,0.000000E+00,9.948606E-01,0.000000E+00,1.614849E+04,0.000000E+00,9.897709E-01,0.000000E+00,1.725387E+04,2.835164E+03,1.057522E+00,1.984162E-01,1.743062E+04,1.995616E+03,1.068355E+00,1.396613E-01,1.505271E+05,0.000000E+00,9.226082E+00,0.000000E+00,1.375768E+04,7.280100E+02,8.432338E-01,5.094907E-02,1.391005E+04,0.000000E+00,8.525726E-01,0.000000E+00 
20:00:00,1.391005E+04,4.015007E+02,8.525726E-01,2.809863E-02,5.550665E+04,0.000000E+00,3.402105E+00,0.000000E+00,1.623172E+04,0.000000E+00,9.948718E-01,0.000000E+00,1.743062E+04,2.600203E+03,1.068355E+00,1.819727E-01,1.391042E+04,4.589793E+03,8.525950E-01,3.212122E-01,1.743103E+04,7.186412E+03,1.068380E+00,5.029341E-01,1.600635E+05,0.000000E+00,9.810588E+00,0.000000E+00,1.623153E+04,0.000000E+00,9.948606E-01,0.000000E+00,1.623153E+04,0.000000E+00,9.948606E-01,0.000000E+00,1.614849E+04,0.000000E+00,9.897709E-01,0.000000E+00,1.725387E+04,2.655802E+03,1.057522E+00,1.858637E-01,1.743062E+04,1.769642E+03,1.068355E+00,1.238467E-01,1.505271E+05,0.000000E+00,9.226082E+00,0.000000E+00,1.375768E+04,5.435255E+02,8.432338E-01,3.803810E-02,1.391005E+04,0.000000E+00,8.525726E-01,0.000000E+00 
20:15:00,1.391005E+04,2.391621E+02,8.525726E-01,1.673752E-02,5.550665E+04,0.000000E+00,3.402105E+00,0.000000E+00,1.623172E+04,0.000000E+00,9.948718E-01,0.000000E+00,1.743062E+04,2.435031E+03,1.068355E+00,1.704133E-01,1.391042E+04,4.074132E+03,8.525950E-01,2.851241E-01,1.743103E+04,6.587326E+03,1.068380E+00,4.610076E-01,1.600635E+05,0.000000E+00,9.810588E+00,0.000000E+00,1.623153E+04,0.000000E+00,9.948606E-01,0.000000E+00,1.623153E+04,0.000000E+00,9.948606E-01,0.000000E+00,1.614849E+04,0.000000E+00,9.897709E-01,0.000000E+00,1.725387E+04,2.490277E+03,1.057522E+00,1.742796E-01,1.743062E+04,1.584399E+03,1.068355E+00,1.108826E-01,1.505271E+05,0.000000E+00,9.226082E+00,0.000000E+00,1.375768E+04,3.702324E+02,8.432338E-01,2.591036E-02,1.391005E+04,0.000000E+00,8.525726E-01,0.000000E+00 
20:30:00,1.391005E+04,1.200518E+02,8.525726E-01,8.401712E-03,5.550665E+04,0.000000E+00,3.402105E+00,0.000000E+00,1.623172E+04,0.000000E+00,9.948718E-01,0.000000E+00,1.743062E+04,2.285846E+03,1.068355E+00,1.599727E-01,1.391042E+04,3.680772E+03,8.525950E-01,2.575952E-01,1.743103E+04,6.117820E+03,1.068380E+00,4.281497E-01,1.600635E+05,0.000000E+00,9.810588E+00,0.000000E+00,1.623153E+04,0.000000E+00,9.948606E-01,0.000000E+00,1.623153E+04,0.000000E+00,9.948606E-01,0.000000E+00,1.614849E+04,0.000000E+00,9.897709E-01,0.000000E+00,1.725387E+04,2.340213E+03,1.057522E+00,1.637775E-01,1.743062E+04,1.440111E+03,1.068355E+00,1.007848E-01,1.505271E+05,0.000000E+00,9.226082E+00,0.000000E+00,1.375768E+04,2.143411E+02,8.432338E-01,1.500045E-02,1.391005E+04,0.000000E+00,8.525726E-01,0.000000E+00 
20:45:00,1.391005E+04,4.307928E+01,8.525726E-01,3.014861E-03,5.550665E+04,0.000000E+00,3.402105E+00,0.000000E+00,1.623172E+04,0.000000E+00,9.948718E-01,0.000000E+00,1.743062E+04,2.147415E+03,1.068355E+00,1.502848E-01,1.391042E+04,3.351129E+03,8.525950E-01,2.345255E-01,1.743103E+04,5.725017E+03,1.068380E+00,4.006597E-01,1.600635E+05,0.000000E+00,9.810588E+00,0.000000E+00,1.623153E+04,0.000000E+00,9.948606E-01,0.000000E+00,1.623153E+04,0.000000E+00,9.948606E-01,0.000000E+00,1.614849E+04,0.000000E+00,9.897709E-01,0.000000E+00,1.725387E+04,2.200228E+03,1.057522E+00,1.539808E-01,1.743062E+04,1.318684E+03,1.068355E+00,9.228683E-02,1.505271E+05,0.000000E+00,9.226082E+00,0.000000E+00,1.375768E+04,1.032854E+02,8.432338E-01,7.228329E-03,1.391005E+04,0.000000E+00,8.525726E-01,0.000000E+00 
21:00:00,1.391005E+04,4.171927E+00,8.525726E-01,2.919682E-04,5.550665E+04,0.000000E+00,3.402105E+00,0.000000E+00,1.623172E+04,0.000000E+00,9.948718E-01,0.000000E+00,1.743062E+04,2.015299E+03,1.068355E+00,1.410387E-01,1.391042E+04,3.055807E+03,8.525950E-01,2.138577E-01,1.743103E+04,5.379598E+03,1.068380E+00,3.764859E-01,1.600635E+05,0.000000E+00,9.810588E+00,0.000000E+00,1.623153E+04,0.000000E+00,9.948606E-01,0.000000E+00,1.623153E+04,0.000000E+00,9.948606E-01,0.000000E+00,1.614849E+04,0.000000E+00,9.897709E-01,0.000000E+00,1.725387E+04,2.066259E+03,1.057522E+00,1.446051E-01,1.743062E+04,1.210816E+03,1.068355E+00,8.473778E-02,1.505271E+05,0.000000E+00,9.226082E+00,0.000000E+00,1.375768E+04,3.287936E+01,8.432338E-01,2.301030E-03,1.391005E+04,0.000000E+00,8.525726E-01,0.000000E+00 
21:15:00,1.391005E+04,0.000000E+00,8.525726E-01,0.000000E+00,5.550665E+04,0.000000E+00,3.402105E+00,0.000000E+00,1.623172E+04,0.000000E+00,9.948718E-01,0.000000E+00,1.743062E+04,1.887588E+03,1.068355E+00,1.321010E-01,1.391042E+04,2.780985E+03,8.525950E-01,1.946245E-01,1.743103E+04,5.066027E+03,1.068380E+00,3.545410E-01,1.600635E+05,0.000000E+00,9.810588E+00,0.000000E+00,1.623153E+04,0.000000E+00,9.948606E-01,0.000000E+00,1.623153E+04,0.000000E+00,9.948606E-01,0.000000E+00,1.614849E+04,0.000000E+00,9.897709E-01,0.000000E+00,1.725387E+04,1.936692E+03,1.057522E+00,1.355375E-01,1.743062E+04,1.110859E+03,1.068355E+00,7.774237E-02,1.505271E+05,0.000000E+00,9.226082E+00,0.000000E+00,1.375768E+04,0.000000E+00,8.432338E-01,0.000000E+00,1.391005E+04,0.000000E+00,8.525726E-01,0.000000E+00 
21:30:00,1.391005E+04,0.000000E+00,8.525726E-01,0.000000E+00,5.550665E+04,0.000000E+00,3.402105E+00,0.000000E+00,1.623172E+04,0.000000E+00,9.948718E-01,0.000000E+00,1.743062E+04,1.763373E+03,1.068355E+00,1.234079E-01,1.391042E+04,2.520792E+03,8.525950E-01,1.764152E-01,1.743103E+04,4.774168E+03,1.068380E+00,3.341155E-01,1.600635E+05,0.000000E+00,9.810588E+00,0.000000E+00,1.623153E+04,0.000000E+00,9.948606E-01,0.000000E+00,1.623153E+04,0.000000E+00,9.948606E-01,0.000000E+00,1.614849E+04,0.000000E+00,9.897709E-01,0.000000E+00,1.725387E+04,1.810517E+03,1.057522E+00,1.267073E-01,1.743062E+04,1.015761E+03,1.068355E+00,7.108703E-02,1.505271E+05,0.000000E+00,9.226082E+00,0.000000E+00,1.375768E+04,0.000000E+00,8.432338E-01,0.000000E+00,1.391005E+04,0.000000E+00,8.525726E-01,0.000000E+00 
21:45:00,1.391005E+04,0.000000E+00,8.525726E-01,0.000000E+00,5.550665E+04,0.000000E+00,3.402105E+00,0.000000E+00,1.623172E+04,0.000000E+00,9.948718E-01,0.000000E+00,1.743062E+04,1.641983E+03,1.068355E+00,1.149126E-01,1.391042E+04,2.273506E+03,8.525950E-01,1.591091E-01,1.743103E+04,4.497959E+03,1.068380E+00,3.147853E-01,1.600635E+05,0.000000E+00,9.810588E+00,0.000000E+00,1.623153E+04,0.000000E+00,9.948606E-01,0.000000E+00,1.623153E+04,0.000000E+00,9.948606E-01,0.000000E+00,1.614849E+04,0.000000E+00,9.897709E-01,0.000000E+00,1.725387E+04,1.687064E+03,1.057522E+00,1.180675E-01,1.743062E+04,9.237311E+02,1.068355E+00,6.464642E-02,1.505271E+05,0.000000E+00,9.226082E+00,0.000000E+00,1.375768E+04,0.000000E+00,8.432338E-01,0.000000E+00,1.391005E+04,0.000000E+00,8.525726E-01,0.000000E+00 
22:00:00,1.391005E+04,0.000000E+00,8.525726E-01,0.000000E+00,5.550665E+04,0.000000E+00,3.402105E+00,0.000000E+00,1.623172E+04,0.000000E+00,9.948718E-01,0.000000E+00,1.743062E+04,1.522958E+03,1.068355E+00,1.065827E-01,1.391042E+04,2.040089E+03,8.525950E-01,1.427737E-01,1.743103E+04,4.233418E+03,1.068380E+00,2.962717E-01,1.600635E+05,0.000000E+00,9.810588E+00,0.000000E+00,1.623153E+04,0.000000E+00,9.948606E-01,0.000000E+00,1.623153E+04,0.000000E+00,9.948606E-01,0.000000E+00,1.614849E+04,0.000000E+00,9.897709E-01,0.000000E+00,1.725387E+04,1.565898E+03,1.057522E+00,1.095879E-01,1.743062E+04,8.337814E+02,1.068355E+00,5.835138E-02,1.505271E+05,0.000000E+00,9.226082E+00,0.000000E+00,1.375768E+04,0.000000E+00,8.432338E-01,0.000000E+00,1.391005E+04,0.000000E+00,8.525726E-01,0.000000E+00 
22:15:00,1.391005E+04,0.000000E+00,8.525726E-01,0.000000E+00,5.550665E+04,0.000000E+00,3.402105E+00,0.000000E+00,1.623172E+04,0.000000E+00,9.948718E-01,0.000000E+00,1.743062E+04,1.406716E+03,1.068355E+00,9.844764E-02,1.391042E+04,1.814746E+03,8.525950E-01,1.270033E-01,1.743103E+04,3.978537E+03,1.068380E+00,2.784341E-01,1.600635E+05,0.000000E+00,9.810588E+00,0.000000E+00,1.623153E+04,0.000000E+00,9.948606E-01,0.000000E+00,1.623153E+04,0.000000E+00,9.948606E-01,0.000000E+00,1.614849E+04,0.000000E+00,9.897709E-01,0.000000E+00,1.725387E+04,1.447407E+03,1.057522E+00,1.012954E-01,1.743062E+04,7.461018E+02,1.068355E+00,5.221521E-02,1.505271E+05,0.000000E+00,9.226082E+00,0.000000E+00,1.375768E+04,0.000000E+00,8.432338E-01,0.000000E+00,1.391005E+04,0.000000E+00,8.525726E-01,0.000000E+00 
22:30:00,1.391005E+04,0.000000E+00,8.525726E-01,0.000000E+00,5.550665E+04,0.000000E+00,3.402105E+00,0.000000E+00,1.623172E+04,0.000000E+00,9.948718E-01,0.000000E+00,1.743062E+04,1.293233E+03,1.068355E+00,9.050565E-02,1.391042E+04,1.596114E+03,8.525950E-01,1.117025E-01,1.743103E+04,3.733102E+03,1.068380E+00,2.612575E-01,1.600635E+05,0.000000E+00,9.810588E+00,0.000000E+00,1.623153E+04,0.000000E+00,9.948606E-01,0.000000E+00,1.623153E+04,0.000000E+00,9.948606E-01,0.000000E+00,1.614849E+04,0.000000E+00,9.897709E-01,0.000000E+00,1.725387E+04,1.331633E+03,1.057522E+00,9.319300E-02,1.743062E+04,6.607865E+02,1.068355E+00,4.624450E-02,1.505271E+05,0.000000E+00,9.226082E+00,0.000000E+00,1.375768E+04,0.000000E+00,8.432338E-01,0.000000E+00,1.391005E+04,0.000000E+00,8.525726E-01,0.000000E+00 
22:45:00,1.391005E+04,0.000000E+00,8.525726E-01,0.000000E+00,5.550665E+04,0.000000E+00,3.402105E+00,0.000000E+00,1.623172E+04,0.000000E+00,9.948718E-01,0.000000E+00,1.743062E+04,1.182533E+03,1.068355E+00,8.275839E-02,1.391042E+04,1.382325E+03,8.525950E-01,9.674065E-02,1.743103E+04,3.496742E+03,1.068380E+00,2.447161E-01,1.600635E+05,0.000000E+00,9.810588E+00,0.000000E+00,1.623153E+04,0.000000E+00,9.948606E-01,0.000000E+00,1.623153E+04,0.000000E+00,9.948606E-01,0.000000E+00,1.614849E+04,0.000000E+00,9.897709E-01,0.000000E+00,1.725387E+04,1.218618E+03,1.057522E+00,8.528376E-02,1.743062E+04,5.783179E+02,1.068355E+00,4.047302E-02,1.505271E+05,0.000000E+00,9.226082E+00,0.000000E+00,1.375768E+04,0.000000E+00,8.432338E-01,0.000000E+00,1.391005E+04,0.000000E+00,8.525726E-01,0.000000E+00 
23:00:00,1.391005E+04,0.000000E+00,8.525726E-01,0.000000E+00,5.550665E+04,0.000000E+00,3.402105E+00,0.000000E+00,1.623172E+04,0.000000E+00,9.948718E-01,0.000000E+00,1.743062E+04,1.074670E+03,1.068355E+00,7.520970E-02,1.391042E+04,1.170246E+03,8.525950E-01,8.189854E-02,1.743103E+04,3.269151E+03,1.068380E+00,2.287883E-01,1.600635E+05,0.000000E+00,9.810588E+00,0.000000E+00,1.623153E+04,0.000000E+00,9.948606E-01,0.000000E+00,1.623153E+04,0.000000E+00,9.948606E-01,0.000000E+00,1.614849E+04,0.000000E+00,9.897709E-01,0.000000E+00,1.725387E+04,1.108431E+03,1.057522E+00,7.757247E-02,1.743062E+04,4.984083E+02,1.068355E+00,3.488062E-02,1.505271E+05,0.000000E+00,9.226082E+00,0.000000E+00,1.375768E+04,0.000000E+00,8.432338E-01,0.000000E+00,1.391005E+04,0.000000E+00,8.525726E-01,0.000000E+00 
23:15:00,1.391005E+04,0.000000E+00,8.525726E-01,0.000000E+00,5.550665E+04,0.000000E+00,3.402105E+00,0.000000E+00,1.623172E+04,0.000000E+00,9.948718E-01,0.000000E+00,1.743062E+04,9.690237E+02,1.068355E+00,6.781618E-02,1.391042E+04,9.642714E+02,8.525950E-01,6.748359E-02,1.743103E+04,3.049389E+03,1.068380E+00,2.134086E-01,1.600635E+05,0.000000E+00,9.810588E+00,0.000000E+00,1.623153E+04,0.000000E+00,9.948606E-01,0.000000E+00,1.623153E+04,0.000000E+00,9.948606E-01,0.000000E+00,1.614849E+04,0.000000E+00,9.897709E-01,0.000000E+00,1.725387E+04,1.000522E+03,1.057522E+00,7.002056E-02,1.743062E+04,4.192725E+02,1.068355E+00,2.934238E-02,1.505271E+05,0.000000E+00,9.226082E+00,0.000000E+00,1.375768E+04,0.000000E+00,8.432338E-01,0.000000E+00,1.391005E+04,0.000000E+00,8.525726E-01,0.000000E+00 
23:30:00,1.391005E+04,0.000000E+00,8.525726E-01,0.000000E+00,5.550665E+04,0.000000E+00,3.402105E+00,0.000000E+00,1.623172E+04,0.000000E+00,9.948718E-01,0.000000E+00,1.743062E+04,8.655686E+02,1.068355E+00,6.057597E-02,1.391042E+04,7.645698E+02,8.525950E-01,5.350767E-02,1.743103E+04,2.837026E+03,1.068380E+00,1.985465E-01,1.600635E+05,0.000000E+00,9.810588E+00,0.000000E+00,1.623153E+04,0.000000E+00,9.948606E-01,0.000000E+00,1.623153E+04,0.000000E+00,9.948606E-01,0.000000E+00,1.614849E+04,0.000000E+00,9.897709E-01,0.000000E+00,1.725387E+04,8.948287E+02,1.057522E+00,6.262372E-02,1.743062E+04,3.402480E+02,1.068355E+00,2.381193E-02,1.505271E+05,0.000000E+00,9.226082E+00,0.000000E+00,1.375768E+04,0.000000E+00,8.432338E-01,0.000000E+00,1.391005E+04,0.000000E+00,8.525726E-01,0.000000E+00 
23:45:00,1.391005E+04,0.000000E+00,8.525726E-01,0.000000E+00,5.550665E+04,0.000000E+00,3.402105E+00,0.000000E+00,1.623172E+04,0.000000E+00,9.948718E-01,0.000000E+00,1.743062E+04,7.644074E+02,1.068355E+00,5.349631E-02,1.391042E+04,5.716497E+02,8.525950E-01,4.000635E-02,1.743103E+04,2.631728E+03,1.068380E+00,1.841789E-01,1.600635E+05,0.000000E+00,9.810588E+00,0.000000E+00,1.623153E+04,0.000000E+00,9.948606E-01,0.000000E+00,1.623153E+04,0.000000E+00,9.948606E-01,0.000000E+00,1.614849E+04,0.000000E+00,9.897709E-01,0.000000E+00,1.725387E+04,7.914483E+02,1.057522E+00,5.538874E-02,1.743062E+04,2.605140E+02,1.068355E+00,1.823182E-02,1.505271E+05,0.000000E+00,9.226082E+00,0.000000E+00,1.375768E+04,0.000000E+00,8.432338E-01,0.000000E+00,1.391005E+04,0.000000E+00,8.525726E-01,0.000000E+00 
24:00:00,1.391005E+04,0.000000E+00,8.525726E-01,0.000000E+00,5.550665E+04,0.000000E+00,3.402105E+00,0.000000E+00,1.623172E+04,0.000000E+00,9.948718E-01,0.000000E+00,1.743062E+04,6.658165E+02,1.068355E+00,4.659652E-02,1.391042E+04,3.858717E+02,8.525950E-01,2.700486E-02,1.743103E+04,2.433232E+03,1.068380E+00,1.702874E-01,1.600635E+05,0.000000E+00,9.810588E+00,0.000000E+00,1.623153E+04,0.000000E+00,9.948606E-01,0.000000E+00,1.623153E+04,0.000000E+00,9.948606E-01,0.000000E+00,1.614849E+04,0.000000E+00,9.897709E-01,0.000000E+00,1.725387E+04,6.906278E+02,1.057522E+00,4.833291E-02,1.743062E+04,1.801524E+02,1.068355E+00,1.260779E-02,1.505271E+05,0.000000E+00,9.226082E+00,0.000000E+00,1.375768E+04,0.000000E+00,8.432338E-01,0.000000E+00,1.391005E+04,0.000000E+00,8.525726E-01,0.000000E+00 
Peak,1.391005E+04,3.686326E+03,8.525726E-01,2.579840E-01,5.550665E+04,0.000000E+00,3.402105E+00,0.000000E+00,1.623172E+04,1.474593E+03,9.948718E-01,1.031965E-01,1.743062E+04,6.354643E+03,1.068355E+00,4.447235E-01,1.391042E+04,8.615810E+03,8.525950E-01,6.029691E-01,1.743103E+04,1.167231E+04,1.068380E+00,8.168754E-01,1.600635E+05,0.000000E+00,9.810588E+00,0.000000E+00,1.623153E+04,0.000000E+00,9.948606E-01,0.000000E+00,1.623153E+04,0.000000E+00,9.948606E-01,0.000000E+00,1.614849E+04,0.000000E+00,9.897709E-01,0.000000E+00,1.725387E+04,9.086552E+03,1.057522E+00,6.359135E-01,1.743062E+04,2.638534E+03,1.068355E+00,1.846552E-01,1.505271E+05,0.000000E+00,9.226082E+00,0.000000E+00,1.375768E+04,6.587891E+03,8.432338E-01,4.610471E-01,1.391005E+04,0.000000E+00,8.525726E-01,0.000000E+00 

Peak Vol Flow (m3/s),,,7.081032E-01,2.142683E-01,,,2.825614E+00,0.000000E+00,,,8.262896E-01,8.570974E-02,,,8.873209E-01,3.693646E-01,,,7.081217E-01,5.007952E-01,,,8.873416E-01,6.784549E-01,,,8.148172E+00,0.000000E+00,,,8.262803E-01,0.000000E+00,,,8.262803E-01,0.000000E+00,,,8.220531E-01,0.000000E+00,,,8.783232E-01,5.281572E-01,,,8.873209E-01,1.533652E-01,,,7.662711E+00,0.000000E+00,,,7.003468E-01,3.829221E-01,,,7.081032E-01,0.000000E+00 
