Time,THERMAL ZONE 12:CHICAGO OHARE INTL AP ANN HTG 99.6% CONDNS DB:Des Heat Load [W],THERMAL ZONE 12:CHICAGO OHARE INTL AP ANN CLG .4% CONDNS DB=>MWB:Des Sens Cool Load [W],THERMAL ZONE 12:CHICAGO OHARE INTL AP ANN HTG 99.6% CONDNS DB:Des Heat Mass Flow [kg/s],THERMAL ZONE 12:CHICAGO OHARE INTL AP ANN CLG .4% CONDNS DB=>MWB:Des Cool Mass Flow [kg/s],THERMAL ZONE 4:CHICAGO OHARE INTL AP ANN HTG 99.6% CONDNS DB:Des Heat Load [W],THERMAL ZONE 4::Des Sens Cool Load [W],THERMAL ZONE 4:CHICAGO OHARE INTL AP ANN HTG 99.6% CONDNS DB:Des Heat Mass Flow [kg/s],THERMAL ZONE 4::Des Cool Mass Flow [kg/s],THERMAL ZONE 6:CHICAGO OHARE INTL AP ANN HTG 99.6% CONDNS DB:Des Heat Load [W],THERMAL ZONE 6:CHICAGO OHARE INTL AP ANN CLG .4% CONDNS DB=>MWB:Des Sens Cool Load [W],THERMAL ZONE 6:CHICAGO OHARE INTL AP ANN HTG 99.6% CONDNS DB:Des Heat Mass Flow [kg/s],THERMAL ZONE 6:CHICAGO OHARE INTL AP ANN CLG .4% CONDNS DB=>MWB:Des Cool Mass Flow [kg/s],THERMAL ZONE 3:CHICAGO OHARE INTL AP ANN HTG 99.6% CONDNS DB:Des Heat Load [W],THERMAL ZONE 3:CHICAGO OHARE INTL AP ANN CLG .4% CONDNS DB=>MWB:Des Sens Cool Load [W],THERMAL ZONE 3:CHICAGO OHARE INTL AP ANN HTG 99.6% CONDNS DB:Des Heat Mass Flow [kg/s],THERMAL ZONE 3:CHICAGO OHARE INTL AP ANN CLG .4% CONDNS DB=>MWB:Des Cool Mass Flow [kg/s],THERMAL ZONE 13:CHICAGO OHARE INTL AP ANN HTG 99.6% CONDNS DB:Des Heat Load [W],THERMAL ZONE 13:CHICAGO OHARE INTL AP ANN CLG .4% CONDNS DB=>MWB:Des Sens Cool Load [W],THERMAL ZONE 13:CHICAGO OHARE INTL AP ANN HTG 99.6% CONDNS DB:Des Heat Mass Flow [kg/s],THERMAL ZONE 13:CHICAGO OHARE INTL AP ANN CLG .4% CONDNS DB=>MWB:Des Cool Mass Flow [kg/s],THERMAL ZONE 1:CHICAGO OHARE INTL AP ANN HTG 99.6% CONDNS DB:Des Heat Load [W],THERMAL ZONE 1:CHICAGO OHARE INTL AP ANN CLG .4% CONDNS DB=>MWB:Des Sens Cool Load [W],THERMAL ZONE 1:CHICAGO OHARE INTL AP ANN HTG 99.6% CONDNS DB:Des Heat Mass Flow [kg/s],THERMAL ZONE 1:CHICAGO OHARE INTL AP ANN CLG .4% CONDNS DB=>MWB:Des Cool Mass Flow [kg/s],THERMAL ZONE 10:CHICAGO OHARE INTL AP ANN HTG 99.6% CONDNS DB:Des Heat Load [W],THERMAL ZONE 10::Des Sens Cool Load [W],THERMAL ZONE 10:CHICAGO OHARE INTL AP ANN HTG 99.6% CONDNS DB:Des Heat Mass Flow [kg/s],THERMAL ZONE 10::Des Cool Mass Flow [kg/s],THERMAL ZONE 7:CHICAGO OHARE INTL AP ANN HTG 99.6% CONDNS DB:Des Heat Load [W],THERMAL ZONE 7:CHICAGO OHARE INTL AP ANN CLG .4% CONDNS DB=>MWB:Des Sens Cool Load [W],THERMAL ZONE 7:CHICAGO OHARE INTL AP ANN HTG 99.6% CONDNS DB:Des Heat Mass Flow [kg/s],THERMAL ZONE 7:CHICAGO OHARE INTL AP ANN CLG .4% CONDNS DB=>MWB:Des Cool Mass Flow [kg/s],THERMAL ZONE 8:CHICAGO OHARE INTL AP ANN HTG 99.6% CONDNS DB:Des Heat Load [W],THERMAL ZONE 8::Des Sens Cool Load [W],THERMAL ZONE 8:CHICAGO OHARE INTL AP ANN HTG 99.6% CONDNS DB:Des Heat Mass Flow [kg/s],THERMAL ZONE 8::Des Cool Mass Flow [kg/s],THERMAL ZONE 9:CHICAGO OHARE INTL AP ANN HTG 99.6% CONDNS DB:Des Heat Load [W],THERMAL ZONE 9:CHICAGO OHARE INTL AP ANN CLG .4% CONDNS DB=>MWB:Des Sens Cool Load [W],THERMAL ZONE 9:CHICAGO OHARE INTL AP ANN HTG 99.6% CONDNS DB:Des Heat Mass Flow [kg/s],THERMAL ZONE 9:CHICAGO OHARE INTL AP ANN CLG .4% CONDNS DB=>MWB:Des Cool Mass Flow [kg/s],THERMAL ZONE 2:CHICAGO OHARE INTL AP ANN HTG 99.6% CONDNS DB:Des Heat Load [W],THERMAL ZONE 2:CHICAGO OHARE INTL AP ANN CLG .4% CONDNS DB=>MWB:Des Sens Cool Load [W],THERMAL ZONE 2:CHICAGO OHARE INTL AP ANN HTG 99.6% CONDNS DB:Des Heat Mass Flow [kg/s],THERMAL ZONE 2:CHICAGO OHARE INTL AP ANN CLG .4% CONDNS DB=>MWB:Des Cool Mass Flow [kg/s],THERMAL ZONE 5:CHICAGO OHARE INTL AP ANN HTG 99.6% CONDNS DB:Des Heat Load [W],THERMAL ZONE 5:CHICAGO OHARE INTL AP ANN CLG .4% CONDNS DB=>MWB:Des Sens Cool Load [W],THERMAL ZONE 5:CHICAGO OHARE INTL AP ANN HTG 99.6% CONDNS DB:Des Heat Mass Flow [kg/s],THERMAL ZONE 5:CHICAGO OHARE INTL AP ANN CLG .4% CONDNS DB=>MWB:Des Cool Mass Flow [kg/s],THERMAL ZONE 15:CHICAGO OHARE INTL AP ANN HTG 99.6% CONDNS DB:Des Heat Load [W],THERMAL ZONE 15::Des Sens Cool Load [W],THERMAL ZONE 15:CHICAGO OHARE INTL AP ANN HTG 99.6% CONDNS DB:Des Heat Mass Flow [kg/s],THERMAL ZONE 15::Des Cool Mass Flow [kg/s],THERMAL ZONE 14:CHICAGO OHARE INTL AP ANN HTG 99.6% CONDNS DB:Des Heat Load [W],THERMAL ZONE 14::Des Sens Cool Load [W],THERMAL ZONE 14:CHICAGO OHARE INTL AP ANN HTG 99.6% CONDNS DB:Des Heat Mass Flow [kg/s],THERMAL ZONE 14::Des Cool Mass Flow [kg/s],THERMAL ZONE 11:CHICAGO OHARE INTL AP ANN HTG 99.6% CONDNS DB:Des Heat Load [W],THERMAL ZONE 11:CHICAGO OHARE INTL AP ANN CLG .4% CONDNS DB=>MWB:Des Sens Cool Load [W],THERMAL ZONE 11:CHICAGO OHARE INTL AP ANN HTG 99.6% CONDNS DB:Des Heat Mass Flow [kg/s],THERMAL ZONE 11:CHICAGO OHARE INTL AP ANN CLG .4% CONDNS DB=>MWB:Des Cool Mass Flow [kg/s] 
00:15:00,1.219794E+04,8.631343E+02,7.476344E-01,6.040561E-02,1.133936E+04,0.000000E+00,6.950103E-01,0.000000E+00,9.644099E+03,0.000000E+00,5.911046E-01,0.000000E+00,1.219818E+04,2.185396E+03,7.476486E-01,1.529428E-01,1.219794E+04,5.181774E+02,7.476344E-01,3.626414E-02,9.698212E+03,0.000000E+00,5.944213E-01,0.000000E+00,1.133936E+04,0.000000E+00,6.950103E-01,0.000000E+00,9.698395E+03,5.097896E+02,5.944325E-01,3.567713E-02,2.773213E+04,0.000000E+00,1.699753E+00,0.000000E+00,1.132522E+04,0.000000E+00,6.941433E-01,0.000000E+00,9.698212E+03,0.000000E+00,5.944213E-01,0.000000E+00,1.212652E+04,8.521608E+02,7.432568E-01,5.963764E-02,7.380803E+04,0.000000E+00,4.523830E+00,0.000000E+00,7.930333E+04,0.000000E+00,4.860647E+00,0.000000E+00,1.133941E+04,0.000000E+00,6.950133E-01,0.000000E+00 
00:30:00,1.219794E+04,7.831518E+02,7.476344E-01,5.480812E-02,1.133936E+04,0.000000E+00,6.950103E-01,0.000000E+00,9.644099E+03,0.000000E+00,5.911046E-01,0.000000E+00,1.219818E+04,2.038673E+03,7.476486E-01,1.426746E-01,1.219794E+04,4.519006E+02,7.476344E-01,3.162582E-02,9.698212E+03,0.000000E+00,5.944213E-01,0.000000E+00,1.133936E+04,0.000000E+00,6.950103E-01,0.000000E+00,9.698395E+03,3.802842E+02,5.944325E-01,2.661382E-02,2.773213E+04,0.000000E+00,1.699753E+00,0.000000E+00,1.132522E+04,0.000000E+00,6.941433E-01,0.000000E+00,9.698212E+03,0.000000E+00,5.944213E-01,0.000000E+00,1.212652E+04,7.725409E+02,7.432567E-01,5.406552E-02,7.380803E+04,0.000000E+00,4.523830E+00,0.000000E+00,7.930332E+04,0.000000E+00,4.860647E+00,0.000000E+00,1.133941E+04,0.000000E+00,6.950133E-01,0.000000E+00 
00:45:00,1.219794E+04,7.047693E+02,7.476344E-01,4.932259E-02,1.133936E+04,0.000000E+00,6.950103E-01,0.000000E+00,9.644099E+03,0.000000E+00,5.911046E-01,0.000000E+00,1.219818E+04,1.896838E+03,7.476486E-01,1.327484E-01,1.219794E+04,3.868794E+02,7.476344E-01,2.707538E-02,9.698212E+03,0.000000E+00,5.944213E-01,0.000000E+00,1.133936E+04,0.000000E+00,6.950103E-01,0.000000E+00,9.698395E+03,2.559320E+02,5.944325E-01,1.791115E-02,2.773213E+04,0.000000E+00,1.699753E+00,0.000000E+00,1.132522E+04,0.000000E+00,6.941433E-01,0.000000E+00,9.698212E+03,0.000000E+00,5.944213E-01,0.000000E+00,1.212652E+04,6.944855E+02,7.432567E-01,4.860289E-02,7.380803E+04,0.000000E+00,4.523830E+00,0.000000E+00,7.930332E+04,0.000000E+00,4.860646E+00,0.000000E+00,1.133941E+04,0.000000E+00,6.950133E-01,0.000000E+00 
01:00:00,1.219794E+04,6.280670E+02,7.476344E-01,4.395466E-02,1.133936E+04,0.000000E+00,6.950103E-01,0.000000E+00,9.644099E+03,0.000000E+00,5.911046E-01,0.000000E+00,1.219818E+04,1.759791E+03,7.476486E-01,1.231573E-01,1.219794E+04,3.232621E+02,7.476344E-01,2.262318E-02,9.698212E+03,0.000000E+00,5.944213E-01,0.000000E+00,1.133936E+04,0.000000E+00,6.950103E-01,0.000000E+00,9.698395E+03,1.454914E+02,5.944325E-01,1.018208E-02,2.773213E+04,0.000000E+00,1.699753E+00,0.000000E+00,1.132522E+04,0.000000E+00,6.941433E-01,0.000000E+00,9.698212E+03,0.000000E+00,5.944213E-01,0.000000E+00,1.212652E+04,6.180807E+02,7.432567E-01,4.325578E-02,7.380803E+04,0.000000E+00,4.523830E+00,0.000000E+00,7.930332E+04,0.000000E+00,4.860646E+00,0.000000E+00,1.133941E+04,0.000000E+00,6.950133E-01,0.000000E+00 
01:15:00,1.219794E+04,5.542657E+02,7.476344E-01,3.878975E-02,1.133936E+04,0.000000E+00,6.950103E-01,0.000000E+00,9.644099E+03,0.000000E+00,5.911046E-01,0.000000E+00,1.219818E+04,1.628629E+03,7.476486E-01,1.139780E-01,1.219794E+04,2.623716E+02,7.476344E-01,1.836182E-02,9.698212E+03,0.000000E+00,5.944213E-01,0.000000E+00,1.133936E+04,0.000000E+00,6.950103E-01,0.000000E+00,9.698395E+03,6.716547E+01,5.944325E-01,4.700510E-03,2.773213E+04,0.000000E+00,1.699753E+00,0.000000E+00,1.132522E+04,0.000000E+00,6.941433E-01,0.000000E+00,9.698212E+03,0.000000E+00,5.944213E-01,0.000000E+00,1.212652E+04,5.445065E+02,7.432567E-01,3.810676E-02,7.380803E+04,0.000000E+00,4.523830E+00,0.000000E+00,7.930332E+04,0.000000E+00,4.860646E+00,0.000000E+00,1.133941E+04,0.000000E+00,6.950133E-01,0.000000E+00 
01:30:00,1.219794E+04,4.826540E+02,7.476344E-01,3.377807E-02,1.133936E+04,0.000000E+00,6.950103E-01,0.000000E+00,9.644099E+03,0.000000E+00,5.911046E-01,0.000000E+00,1.219818E+04,1.502404E+03,7.476486E-01,1.051443E-01,1.219794E+04,2.035333E+02,7.476344E-01,1.424408E-02,9.698212E+03,0.000000E+00,5.944213E-01,0.000000E+00,1.133936E+04,0.000000E+00,6.950103E-01,0.000000E+00,9.698395E+03,1.911502E+01,5.944325E-01,1.337746E-03,2.773213E+04,0.000000E+00,1.699753E+00,0.000000E+00,1.132522E+04,0.000000E+00,6.941433E-01,0.000000E+00,9.698212E+03,0.000000E+00,5.944213E-01,0.000000E+00,1.212652E+04,4.730983E+02,7.432567E-01,3.310933E-02,7.380803E+04,0.000000E+00,4.523830E+00,0.000000E+00,7.930332E+04,0.000000E+00,4.860646E+00,0.000000E+00,1.133941E+04,0.000000E+00,6.950133E-01,0.000000E+00 
01:45:00,1.219794E+04,4.133466E+02,7.476344E-01,2.892766E-02,1.133936E+04,0.000000E+00,6.950103E-01,0.000000E+00,9.644099E+03,0.000000E+00,5.911046E-01,0.000000E+00,1.219818E+04,1.381039E+03,7.476486E-01,9.665070E-02,1.219794E+04,1.469680E+02,7.476344E-01,1.028541E-02,9.698212E+03,0.000000E+00,5.944213E-01,0.000000E+00,1.133936E+04,0.000000E+00,6.950103E-01,0.000000E+00,9.698395E+03,0.000000E+00,5.944325E-01,0.000000E+00,2.773213E+04,0.000000E+00,1.699753E+00,0.000000E+00,1.132522E+04,0.000000E+00,6.941433E-01,0.000000E+00,9.698212E+03,0.000000E+00,5.944213E-01,0.000000E+00,1.212652E+04,4.039762E+02,7.432567E-01,2.827188E-02,7.380803E+04,0.000000E+00,4.523830E+00,0.000000E+00,7.930332E+04,0.000000E+00,4.860646E+00,0.000000E+00,1.133941E+04,0.000000E+00,6.950133E-01,0.000000E+00 
02:00:00,1.219794E+04,3.464700E+02,7.476344E-01,2.424736E-02,1.133936E+04,0.000000E+00,6.950103E-01,0.000000E+00,9.644099E+03,0.000000E+00,5.911046E-01,0.000000E+00,1.219818E+04,1.264462E+03,7.476486E-01,8.849217E-02,1.219794E+04,9.296137E+01,7.476344E-01,6.505811E-03,9.698212E+03,0.000000E+00,5.944213E-01,0.000000E+00,1.133936E+04,0.000000E+00,6.950103E-01,0.000000E+00,9.698395E+03,0.000000E+00,5.944325E-01,0.000000E+00,2.773213E+04,0.000000E+00,1.699753E+00,0.000000E+00,1.132522E+04,0.000000E+00,6.941433E-01,0.000000E+00,9.698212E+03,0.000000E+00,5.944213E-01,0.000000E+00,1.212652E+04,3.372718E+02,7.432567E-01,2.360364E-02,7.380803E+04,0.000000E+00,4.523830E+00,0.000000E+00,7.930332E+04,0.000000E+00,4.860646E+00,0.000000E+00,1.133941E+04,0.000000E+00,6.950133E-01,0.000000E+00 
02:15:00,1.219794E+04,2.818635E+02,7.476344E-01,1.972594E-02,1.133936E+04,0.000000E+00,6.950103E-01,0.000000E+00,9.644099E+03,0.000000E+00,5.911046E-01,0.000000E+00,1.219818E+04,1.152318E+03,7.476486E-01,8.064389E-02,1.219794E+04,4.954963E+01,7.476344E-01,3.467682E-03,9.698212E+03,0.000000E+00,5.944213E-01,0.000000E+00,1.133936E+04,0.000000E+00,6.950103E-01,0.000000E+00,9.698395E+03,0.000000E+00,5.944325E-01,0.000000E+00,2.773213E+04,0.000000E+00,1.699753E+00,0.000000E+00,1.132522E+04,0.000000E+00,6.941433E-01,0.000000E+00,9.698212E+03,0.000000E+00,5.944213E-01,0.000000E+00,1.212652E+04,2.728327E+02,7.432567E-01,1.909393E-02,7.380803E+04,0.000000E+00,4.523830E+00,0.000000E+00,7.930332E+04,0.000000E+00,4.860646E+00,0.000000E+00,1.133941E+04,0.000000E+00,6.950133E-01,0.000000E+00 
02:30:00,1.219794E+04,2.196721E+02,7.476344E-01,1.537354E-02,1.133936E+04,0.000000E+00,6.950103E-01,0.000000E+00,9.644099E+03,0.000000E+00,5.911046E-01,0.000000E+00,1.219818E+04,1.044500E+03,7.476486E-01,7.309831E-02,1.219794E+04,1.994065E+01,7.476344E-01,1.395527E-03,9.698212E+03,0.000000E+00,5.944213E-01,0.000000E+00,1.133936E+04,0.000000E+00,6.950103E-01,0.000000E+00,9.698395E+03,0.000000E+00,5.944325E-01,0.000000E+00,2.773213E+04,0.000000E+00,1.699753E+00,0.000000E+00,1.132522E+04,0.000000E+00,6.941433E-01,0.000000E+00,9.698212E+03,0.000000E+00,5.944213E-01,0.000000E+00,1.212652E+04,2.108165E+02,7.432567E-01,1.475379E-02,7.380803E+04,0.000000E+00,4.523830E+00,0.000000E+00,7.930332E+04,0.000000E+00,4.860646E+00,0.000000E+00,1.133941E+04,0.000000E+00,6.950133E-01,0.000000E+00 
02:45:00,1.219794E+04,1.600754E+02,7.476344E-01,1.120272E-02,1.133936E+04,0.000000E+00,6.950103E-01,0.000000E+00,9.644099E+03,0.000000E+00,5.911046E-01,0.000000E+00,1.219818E+04,9.408899E+02,7.476486E-01,6.584727E-02,1.219794E+04,3.626593E+00,7.476344E-01,2.538036E-04,9.698212E+03,0.000000E+00,5.944213E-01,0.000000E+00,1.133936E+04,0.000000E+00,6.950103E-01,0.000000E+00,9.698395E+03,0.000000E+00,5.944325E-01,0.000000E+00,2.773213E+04,0.000000E+00,1.699753E+00,0.000000E+00,1.132522E+04,0.000000E+00,6.941433E-01,0.000000E+00,9.698212E+03,0.000000E+00,5.944213E-01,0.000000E+00,1.212652E+04,1.514163E+02,7.432567E-01,1.059672E-02,7.380803E+04,0.000000E+00,4.523830E+00,0.000000E+00,7.930332E+04,0.000000E+00,4.860646E+00,0.000000E+00,1.133941E+04,0.000000E+00,6.950133E-01,0.000000E+00 
03:00:00,1.219794E+04,1.033558E+02,7.476344E-01,7.233254E-03,1.133936E+04,0.000000E+00,6.950103E-01,0.000000E+00,9.644099E+03,0.000000E+00,5.911046E-01,0.000000E+00,1.219818E+04,8.413903E+02,7.476486E-01,5.888388E-02,1.219794E+04,0.000000E+00,7.476344E-01,0.000000E+00,9.698212E+03,0.000000E+00,5.944213E-01,0.000000E+00,1.133936E+04,0.000000E+00,6.950103E-01,0.000000E+00,9.698395E+03,0.000000E+00,5.944325E-01,0.000000E+00,2.773213E+04,0.000000E+00,1.699753E+00,0.000000E+00,1.132522E+04,0.000000E+00,6.941433E-01,0.000000E+00,9.698212E+03,0.000000E+00,5.944213E-01,0.000000E+00,1.212652E+04,9.494040E+01,7.432567E-01,6.644311E-03,7.380803E+04,0.000000E+00,4.523830E+00,0.000000E+00,7.930332E+04,0.000000E+00,4.860646E+00,0.000000E+00,1.133941E+04,0.000000E+00,6.950133E-01,0.000000E+00 
03:15:00,1.219794E+04,5.636484E+01,7.476344E-01,3.944638E-03,1.133936E+04,0.000000E+00,6.950103E-01,0.000000E+00,9.644099E+03,0.000000E+00,5.911046E-01,0.000000E+00,1.219818E+04,7.455245E+02,7.476486E-01,5.217480E-02,1.219794E+04,0.000000E+00,7.476344E-01,0.000000E+00,9.698212E+03,0.000000E+00,5.944213E-01,0.000000E+00,1.133936E+04,0.000000E+00,6.950103E-01,0.000000E+00,9.698395E+03,0.000000E+00,5.944325E-01,0.000000E+00,2.773213E+04,0.000000E+00,1.699753E+00,0.000000E+00,1.132522E+04,0.000000E+00,6.941433E-01,0.000000E+00,9.698212E+03,0.000000E+00,5.944213E-01,0.000000E+00,1.212652E+04,5.014257E+01,7.432567E-01,3.509179E-03,7.380803E+04,0.000000E+00,4.523830E+00,0.000000E+00,7.930332E+04,0.000000E+00,4.860646E+00,0.000000E+00,1.133941E+04,0.000000E+00,6.950133E-01,0.000000E+00 
03:30:00,1.219794E+04,2.392525E+01,7.476344E-01,1.674385E-03,1.133936E+04,0.000000E+00,6.950103E-01,0.000000E+00,9.644099E+03,0.000000E+00,5.911046E-01,0.000000E+00,1.219818E+04,6.532172E+02,7.476486E-01,4.571477E-02,1.219794E+04,0.000000E+00,7.476344E-01,0.000000E+00,9.698212E+03,0.000000E+00,5.944213E-01,0.000000E+00,1.133936E+04,0.000000E+00,6.950103E-01,0.000000E+00,9.698395E+03,0.000000E+00,5.944325E-01,0.000000E+00,2.773213E+04,0.000000E+00,1.699753E+00,0.000000E+00,1.132522E+04,0.000000E+00,6.941433E-01,0.000000E+00,9.698212E+03,0.000000E+00,5.944213E-01,0.000000E+00,1.212652E+04,1.984797E+01,7.432567E-01,1.389041E-03,7.380803E+04,0.000000E+00,4.523830E+00,0.000000E+00,7.930332E+04,0.000000E+00,4.860646E+00,0.000000E+00,1.133941E+04,0.000000E+00,6.950133E-01,0.000000E+00 
03:45:00,1.219794E+04,5.394231E+00,7.476344E-01,3.775100E-04,1.133936E+04,0.000000E+00,6.950103E-01,0.000000E+00,9.644099E+03,0.000000E+00,5.911046E-01,0.000000E+00,1.219818E+04,5.644220E+02,7.476486E-01,3.950052E-02,1.219794E+04,0.000000E+00,7.476344E-01,0.000000E+00,9.698212E+03,0.000000E+00,5.944213E-01,0.000000E+00,1.133936E+04,0.000000E+00,6.950103E-01,0.000000E+00,9.698395E+03,0.000000E+00,5.944325E-01,0.000000E+00,2.773213E+04,0.000000E+00,1.699753E+00,0.000000E+00,1.132522E+04,0.000000E+00,6.941433E-01,0.000000E+00,9.698212E+03,0.000000E+00,5.944213E-01,0.000000E+00,1.212652E+04,3.400332E+00,7.432567E-01,2.379689E-04,7.380803E+04,0.000000E+00,4.523830E+00,0.000000E+00,7.930332E+04,0.000000E+00,4.860646E+00,0.000000E+00,1.133941E+04,0.000000E+00,6.950133E-01,0.000000E+00 
04:00:00,1.219794E+04,0.000000E+00,7.476344E-01,0.000000E+00,1.133936E+04,0.000000E+00,6.950103E-01,0.000000E+00,9.644099E+03,0.000000E+00,5.911046E-01,0.000000E+00,1.219818E+04,4.791111E+02,7.476486E-01,3.353012E-02,1.219794E+04,0.000000E+00,7.476344E-01,0.000000E+00,9.698212E+03,0.000000E+00,5.944213E-01,0.000000E+00,1.133936E+04,0.000000E+00,6.950103E-01,0.000000E+00,9.698395E+03,0.000000E+00,5.944325E-01,0.000000E+00,2.773213E+04,0.000000E+00,1.699753E+00,0.000000E+00,1.132522E+04,0.000000E+00,6.941433E-01,0.000000E+00,9.698212E+03,0.000000E+00,5.944213E-01,0.000000E+00,1.212652E+04,0.000000E+00,7.432567E-01,0.000000E+00,7.380803E+04,0.000000E+00,4.523830E+00,0.000000E+00,7.930332E+04,0.000000E+00,4.860646E+00,0.000000E+00,1.133941E+04,0.000000E+00,6.950133E-01,0.000000E+00 
04:15:00,1.219794E+04,0.000000E+00,7.476344E-01,0.000000E+00,1.133936E+04,0.000000E+00,6.950103E-01,0.000000E+00,9.644099E+03,0.000000E+00,5.911046E-01,0.000000E+00,1.219818E+04,3.976303E+02,7.476486E-01,2.782777E-02,1.219794E+04,0.000000E+00,7.476344E-01,0.000000E+00,9.698212E+03,0.000000E+00,5.944213E-01,0.000000E+00,1.133936E+04,0.000000E+00,6.950103E-01,0.000000E+00,9.698395E+03,0.000000E+00,5.944325E-01,0.000000E+00,2.773213E+04,0.000000E+00,1.699753E+00,0.000000E+00,1.132522E+04,0.000000E+00,6.941433E-01,0.000000E+00,9.698212E+03,0.000000E+00,5.944213E-01,0.000000E+00,1.212652E+04,0.000000E+00,7.432567E-01,0.000000E+00,7.380803E+04,0.000000E+00,4.523830E+00,0.000000E+00,7.930332E+04,0.000000E+00,4.860646E+00,0.000000E+00,1.133941E+04,0.000000E+00,6.950133E-01,0.000000E+00 
04:30:00,1.219794E+04,0.000000E+00,7.476344E-01,0.000000E+00,1.133936E+04,0.000000E+00,6.950103E-01,0.000000E+00,9.644099E+03,0.000000E+00,5.911046E-01,0.000000E+00,1.219818E+04,3.200339E+02,7.476486E-01,2.239726E-02,1.219794E+04,0.000000E+00,7.476344E-01,0.000000E+00,9.698212E+03,0.000000E+00,5.944213E-01,0.000000E+00,1.133936E+04,0.000000E+00,6.950103E-01,0.000000E+00,9.698395E+03,0.000000E+00,5.944325E-01,0.000000E+00,2.773213E+04,0.000000E+00,1.699753E+00,0.000000E+00,1.132522E+04,0.000000E+00,6.941433E-01,0.000000E+00,9.698212E+03,0.000000E+00,5.944213E-01,0.000000E+00,1.212652E+04,0.000000E+00,7.432567E-01,0.000000E+00,7.380803E+04,0.000000E+00,4.523830E+00,0.000000E+00,7.930332E+04,0.000000E+00,4.860646E+00,0.000000E+00,1.133941E+04,0.000000E+00,6.950133E-01,0.000000E+00 
04:45:00,1.219794E+04,0.000000E+00,7.476344E-01,0.000000E+00,1.133936E+04,0.000000E+00,6.950103E-01,0.000000E+00,9.644099E+03,0.000000E+00,5.911046E-01,0.000000E+00,1.219818E+04,2.464493E+02,7.476486E-01,1.724752E-02,1.219794E+04,0.000000E+00,7.476344E-01,0.000000E+00,9.698212E+03,0.000000E+00,5.944213E-01,0.000000E+00,1.133936E+04,0.000000E+00,6.950103E-01,0.000000E+00,9.698395E+03,0.000000E+00,5.944325E-01,0.000000E+00,2.773213E+04,0.000000E+00,1.699753E+00,0.000000E+00,1.132522E+04,0.000000E+00,6.941433E-01,0.000000E+00,9.698212E+03,0.000000E+00,5.944213E-01,0.000000E+00,1.212652E+04,0.000000E+00,7.432567E-01,0.000000E+00,7.380803E+04,0.000000E+00,4.523830E+00,0.000000E+00,7.930332E+04,0.000000E+00,4.860646E+00,0.000000E+00,1.133941E+04,0.000000E+00,6.950133E-01,0.000000E+00 
05:00:00,1.219794E+04,0.000000E+00,7.476344E-01,0.000000E+00,1.133936E+04,0.000000E+00,6.950103E-01,0.000000E+00,9.644099E+03,0.000000E+00,5.911046E-01,0.000000E+00,1.219818E+04,1.771297E+02,7.476486E-01,1.239625E-02,1.219794E+04,0.000000E+00,7.476344E-01,0.000000E+00,9.698212E+03,0.000000E+00,5.944213E-01,0.000000E+00,1.133936E+04,0.000000E+00,6.950103E-01,0.000000E+00,9.698395E+03,0.000000E+00,5.944325E-01,0.000000E+00,2.773213E+04,0.000000E+00,1.699753E+00,0.000000E+00,1.132522E+04,0.000000E+00,6.941433E-01,0.000000E+00,9.698212E+03,0.000000E+00,5.944213E-01,0.000000E+00,1.212652E+04,0.000000E+00,7.432567E-01,0.000000E+00,7.380803E+04,0.000000E+00,4.523830E+00,0.000000E+00,7.930332E+04,0.000000E+00,4.860646E+00,0.000000E+00,1.133941E+04,0.000000E+00,6.950133E-01,0.000000E+00 
05:15:00,1.219794E+04,0.000000E+00,7.476344E-01,0.000000E+00,1.133936E+04,0.000000E+00,6.950103E-01,0.000000E+00,9.644099E+03,0.000000E+00,5.911046E-01,0.000000E+00,1.219818E+04,1.164991E+02,7.476486E-01,8.153077E-03,1.219794E+04,0.000000E+00,7.476344E-01,0.000000E+00,9.698212E+03,0.000000E+00,5.944213E-01,0.000000E+00,1.133936E+04,0.000000E+00,6.950103E-01,0.000000E+00,9.698395E+03,0.000000E+00,5.944325E-01,0.000000E+00,2.773213E+04,0.000000E+00,1.699753E+00,0.000000E+00,1.132522E+04,0.000000E+00,6.941433E-01,0.000000E+00,9.698212E+03,0.000000E+00,5.944213E-01,0.000000E+00,1.212652E+04,0.000000E+00,7.432567E-01,0.000000E+00,7.380803E+04,0.000000E+00,4.523830E+00,0.000000E+00,7.930332E+04,0.000000E+00,4.860646E+00,0.000000E+00,1.133941E+04,0.000000E+00,6.950133E-01,0.000000E+00 
05:30:00,1.219794E+04,0.000000E+00,7.476344E-01,0.000000E+00,1.133936E+04,0.000000E+00,6.950103E-01,0.000000E+00,9.644099E+03,0.000000E+00,5.911046E-01,0.000000E+00,1.219818E+04,6.637978E+01,7.476486E-01,4.645524E-03,1.219794E+04,0.000000E+00,7.476344E-01,0.000000E+00,9.698212E+03,0.000000E+00,5.944213E-01,0.000000E+00,1.133936E+04,0.000000E+00,6.950103E-01,0.000000E+00,9.698395E+03,0.000000E+00,5.944325E-01,0.000000E+00,2.773213E+04,0.000000E+00,1.699753E+00,0.000000E+00,1.132522E+04,0.000000E+00,6.941433E-01,0.000000E+00,9.698212E+03,0.000000E+00,5.944213E-01,0.000000E+00,1.212652E+04,0.000000E+00,7.432567E-01,0.000000E+00,7.380803E+04,0.000000E+00,4.523830E+00,0.000000E+00,7.930332E+04,0.000000E+00,4.860647E+00,0.000000E+00,1.133941E+04,0.000000E+00,6.950133E-01,0.000000E+00 
05:45:00,1.219794E+04,0.000000E+00,7.476344E-01,0.000000E+00,1.133936E+04,0.000000E+00,6.950103E-01,0.000000E+00,9.644099E+03,0.000000E+00,5.911046E-01,0.000000E+00,1.219818E+04,3.106775E+01,7.476486E-01,2.174246E-03,1.219794E+04,0.000000E+00,7.476344E-01,0.000000E+00,9.698212E+03,0.000000E+00,5.944213E-01,0.000000E+00,1.133936E+04,0.000000E+00,6.950103E-01,0.000000E+00,9.698395E+03,0.000000E+00,5.944325E-01,0.000000E+00,2.773213E+04,0.000000E+00,1.699753E+00,0.000000E+00,1.132522E+04,0.000000E+00,6.941433E-01,0.000000E+00,9.698212E+03,0.000000E+00,5.944213E-01,0.000000E+00,1.212652E+04,0.000000E+00,7.432567E-01,0.000000E+00,7.380803E+04,0.000000E+00,4.523830E+00,0.000000E+00,7.930332E+04,0.000000E+00,4.860647E+00,0.000000E+00,1.133941E+04,0.000000E+00,6.950133E-01,0.000000E+00 
06:00:00,1.219794E+04,0.000000E+00,7.476344E-01,0.000000E+00,1.133936E+04,0.000000E+00,6.950103E-01,0.000000E+00,9.644099E+03,0.000000E+00,5.911046E-01,0.000000E+00,1.219818E+04,1.151653E+01,7.476486E-01,8.059731E-04,1.219794E+04,0.000000E+00,7.476344E-01,0.000000E+00,9.698212E+03,0.000000E+00,5.944213E-01,0.000000E+00,1.133936E+04,0.000000E+00,6.950103E-01,0.000000E+00,9.698395E+03,0.000000E+00,5.944325E-01,0.000000E+00,2.773213E+04,0.000000E+00,1.699753E+00,0.000000E+00,1.132522E+04,0.000000E+00,6.941433E-01,0.000000E+00,9.698212E+03,0.000000E+00,5.944213E-01,0.000000E+00,1.212652E+04,3.075393E+01,7.432567E-01,2.177287E-03,7.380803E+04,0.000000E+00,4.523830E+00,0.000000E+00,7.930332E+04,0.000000E+00,4.860647E+00,0.000000E+00,1.133941E+04,0.000000E+00,6.950133E-01,0.000000E+00 
06:15:00,1.219794E+04,0.000000E+00,7.476344E-01,0.000000E+00,1.133936E+04,0.000000E+00,6.950103E-01,0.000000E+00,9.644099E+03,0.000000E+00,5.911046E-01,0.000000E+00,1.219818E+04,2.075981E+00,7.476486E-01,1.452855E-04,1.219794E+04,0.000000E+00,7.476344E-01,0.000000E+00,9.698212E+03,0.000000E+00,5.944213E-01,0.000000E+00,1.133936E+04,0.000000E+00,6.950103E-01,0.000000E+00,9.698395E+03,0.000000E+00,5.944325E-01,0.000000E+00,2.773213E+04,0.000000E+00,1.699753E+00,0.000000E+00,1.132522E+04,0.000000E+00,6.941433E-01,0.000000E+00,9.698212E+03,0.000000E+00,5.944213E-01,0.000000E+00,1.212652E+04,2.610666E+02,7.432567E-01,1.829592E-02,7.380803E+04,0.000000E+00,4.523830E+00,0.000000E+00,7.930332E+04,0.000000E+00,4.860647E+00,0.000000E+00,1.133941E+04,0.000000E+00,6.950133E-01,0.000000E+00 
06:30:00,1.219794E+04,0.000000E+00,7.476344E-01,0.000000E+00,1.133936E+04,0.000000E+00,6.950103E-01,0.000000E+00,9.644099E+03,0.000000E+00,5.911046E-01,0.000000E+00,1.219818E+04,0.000000E+00,7.476486E-01,0.000000E+00,1.219794E+04,0.000000E+00,7.476344E-01,0.000000E+00,9.698212E+03,0.000000E+00,5.944213E-01,0.000000E+00,1.133936E+04,0.000000E+00,6.950103E-01,0.000000E+00,9.698395E+03,0.000000E+00,5.944325E-01,0.000000E+00,2.773213E+04,0.000000E+00,1.699753E+00,0.000000E+00,1.132522E+04,0.000000E+00,6.941433E-01,0.000000E+00,9.698212E+03,0.000000E+00,5.944213E-01,0.000000E+00,1.212652E+04,5.324023E+02,7.432567E-01,3.728509E-02,7.380803E+04,0.000000E+00,4.523830E+00,0.000000E+00,7.930332E+04,0.000000E+00,4.860647E+00,0.000000E+00,1.133941E+04,0.000000E+00,6.950133E-01,0.000000E+00 
06:45:00,1.219794E+04,0.000000E+00,7.476344E-01,0.000000E+00,1.133936E+04,0.000000E+00,6.950103E-01,0.000000E+00,9.644099E+03,0.000000E+00,5.911046E-01,0.000000E+00,1.219818E+04,0.000000E+00,7.476486E-01,0.000000E+00,1.219794E+04,0.000000E+00,7.476344E-01,0.000000E+00,9.698212E+03,0.000000E+00,5.944213E-01,0.000000E+00,1.133936E+04,0.000000E+00,6.950103E-01,0.000000E+00,9.698395E+03,0.000000E+00,5.944325E-01,0.000000E+00,2.773213E+04,0.000000E+00,1.699753E+00,0.000000E+00,1.132522E+04,0.000000E+00,6.941433E-01,0.000000E+00,9.698212E+03,0.000000E+00,5.944213E-01,0.000000E+00,1.212652E+04,9.439766E+02,7.432567E-01,6.608872E-02,7.380803E+04,0.000000E+00,4.523830E+00,0.000000E+00,7.930332E+04,0.000000E+00,4.860647E+00,0.000000E+00,1.133941E+04,0.000000E+00,6.950133E-01,0.000000E+00 
07:00:00,1.219794E+04,0.000000E+00,7.476344E-01,0.000000E+00,1.133936E+04,0.000000E+00,6.950103E-01,0.000000E+00,9.644099E+03,0.000000E+00,5.911046E-01,0.000000E+00,1.219818E+04,0.000000E+00,7.476486E-01,0.000000E+00,1.219794E+04,0.000000E+00,7.476344E-01,0.000000E+00,9.698212E+03,0.000000E+00,5.944213E-01,0.000000E+00,1.133936E+04,0.000000E+00,6.950103E-01,0.000000E+00,9.698395E+03,0.000000E+00,5.944325E-01,0.000000E+00,2.773213E+04,0.000000E+00,1.699753E+00,0.000000E+00,1.132522E+04,0.000000E+00,6.941433E-01,0.000000E+00,9.698212E+03,0.000000E+00,5.944213E-01,0.000000E+00,1.212652E+04,1.456832E+03,7.432567E-01,1.019554E-01,7.380803E+04,0.000000E+00,4.523830E+00,0.000000E+00,7.930332E+04,0.000000E+00,4.860647E+00,0.000000E+00,1.133941E+04,0.000000E+00,6.950133E-01,0.000000E+00 
07:15:00,1.219794E+04,0.000000E+00,7.476344E-01,0.000000E+00,1.133936E+04,0.000000E+00,6.950103E-01,0.000000E+00,9.644099E+03,0.000000E+00,5.911046E-01,0.000000E+00,1.219818E+04,8.689444E-01,7.476486E-01,6.084271E-05,1.219794E+04,1.001230E+01,7.476344E-01,7.017014E-04,9.698212E+03,0.000000E+00,5.944213E-01,0.000000E+00,1.133936E+04,0.000000E+00,6.950103E-01,0.000000E+00,9.698395E+03,0.000000E+00,5.944325E-01,0.000000E+00,2.773213E+04,0.000000E+00,1.699753E+00,0.000000E+00,1.132522E+04,0.000000E+00,6.941433E-01,0.000000E+00,9.698212E+03,0.000000E+00,5.944213E-01,0.000000E+00,1.212652E+04,1.906539E+03,7.432567E-01,1.334273E-01,7.380803E+04,0.000000E+00,4.523830E+00,0.000000E+00,7.930332E+04,0.000000E+00,4.860647E+00,0.000000E+00,1.133941E+04,0.000000E+00,6.950133E-01,0.000000E+00 
07:30:00,1.219794E+04,0.000000E+00,7.476344E-01,0.000000E+00,1.133936E+04,0.000000E+00,6.950103E-01,0.000000E+00,9.644099E+03,2.059626E+02,5.911046E-01,1.447709E-02,1.219818E+04,1.452910E+01,7.476486E-01,1.016982E-03,1.219794E+04,3.703097E+01,7.476344E-01,2.593408E-03,9.698212E+03,0.000000E+00,5.944213E-01,0.000000E+00,1.133936E+04,0.000000E+00,6.950103E-01,0.000000E+00,9.698395E+03,0.000000E+00,5.944325E-01,0.000000E+00,2.773213E+04,0.000000E+00,1.699753E+00,0.000000E+00,1.132522E+04,0.000000E+00,6.941433E-01,0.000000E+00,9.698212E+03,0.000000E+00,5.944213E-01,0.000000E+00,1.212652E+04,2.449084E+03,7.432567E-01,1.713967E-01,7.380803E+04,0.000000E+00,4.523830E+00,0.000000E+00,7.930332E+04,0.000000E+00,4.860647E+00,0.000000E+00,1.133941E+04,0.000000E+00,6.950133E-01,0.000000E+00 
07:45:00,1.219794E+04,0.000000E+00,7.476344E-01,0.000000E+00,1.133936E+04,0.000000E+00,6.950103E-01,0.000000E+00,9.644099E+03,4.968367E+02,5.911046E-01,3.483402E-02,1.219818E+04,3.517876E+01,7.476486E-01,2.462128E-03,1.219794E+04,6.390273E+01,7.476344E-01,4.474002E-03,9.698212E+03,0.000000E+00,5.944213E-01,0.000000E+00,1.133936E+04,0.000000E+00,6.950103E-01,0.000000E+00,9.698395E+03,0.000000E+00,5.944325E-01,0.000000E+00,2.773213E+04,0.000000E+00,1.699753E+00,0.000000E+00,1.132522E+04,0.000000E+00,6.941433E-01,0.000000E+00,9.698212E+03,0.000000E+00,5.944213E-01,0.000000E+00,1.212652E+04,2.980798E+03,7.432567E-01,2.086083E-01,7.380803E+04,0.000000E+00,4.523830E+00,0.000000E+00,7.930332E+04,0.000000E+00,4.860647E+00,0.000000E+00,1.133941E+04,0.000000E+00,6.950133E-01,0.000000E+00 
08:00:00,1.219794E+04,0.000000E+00,7.476344E-01,0.000000E+00,1.133936E+04,0.000000E+00,6.950103E-01,0.000000E+00,9.644099E+03,9.221956E+02,5.911046E-01,6.460235E-02,1.219818E+04,6.469396E+01,7.476486E-01,4.527720E-03,1.219794E+04,8.909307E+01,7.476344E-01,6.236924E-03,9.698212E+03,0.000000E+00,5.944213E-01,0.000000E+00,1.133936E+04,0.000000E+00,6.950103E-01,0.000000E+00,9.698395E+03,0.000000E+00,5.944325E-01,0.000000E+00,2.773213E+04,0.000000E+00,1.699753E+00,0.000000E+00,1.132522E+04,0.000000E+00,6.941433E-01,0.000000E+00,9.698212E+03,0.000000E+00,5.944213E-01,0.000000E+00,1.212652E+04,3.503860E+03,7.432567E-01,2.452142E-01,7.380803E+04,0.000000E+00,4.523830E+00,0.000000E+00,7.930332E+04,0.000000E+00,4.860647E+00,0.000000E+00,1.133941E+04,0.000000E+00,6.950133E-01,0.000000E+00 
08:15:00,1.219794E+04,0.000000E+00,7.476344E-01,0.000000E+00,1.133936E+04,0.000000E+00,6.950103E-01,0.000000E+00,9.644099E+03,1.472930E+03,5.911046E-01,1.031450E-01,1.219818E+04,1.033355E+02,7.476486E-01,7.231983E-03,1.219794E+04,1.059676E+02,7.476344E-01,7.416870E-03,9.698212E+03,0.000000E+00,5.944213E-01,0.000000E+00,1.133936E+04,0.000000E+00,6.950103E-01,0.000000E+00,9.698395E+03,0.000000E+00,5.944325E-01,0.000000E+00,2.773213E+04,0.000000E+00,1.699753E+00,0.000000E+00,1.132522E+04,0.000000E+00,6.941433E-01,0.000000E+00,9.698212E+03,0.000000E+00,5.944213E-01,0.000000E+00,1.212652E+04,4.007470E+03,7.432567E-01,2.804589E-01,7.380803E+04,0.000000E+00,4.523830E+00,0.000000E+00,7.930332E+04,0.000000E+00,4.860647E+00,0.000000E+00,1.133941E+04,0.000000E+00,6.950133E-01,0.000000E+00 
08:30:00,1.219794E+04,0.000000E+00,7.476344E-01,0.000000E+00,1.133936E+04,0.000000E+00,6.950103E-01,0.000000E+00,9.644099E+03,1.938248E+03,5.911046E-01,1.356468E-01,1.219818E+04,1.397202E+02,7.476486E-01,9.778180E-03,1.219794E+04,1.122605E+02,7.476344E-01,7.856440E-03,9.698212E+03,0.000000E+00,5.944213E-01,0.000000E+00,1.133936E+04,0.000000E+00,6.950103E-01,0.000000E+00,9.698395E+03,0.000000E+00,5.944325E-01,0.000000E+00,2.773213E+04,0.000000E+00,1.699753E+00,0.000000E+00,1.132522E+04,0.000000E+00,6.941433E-01,0.000000E+00,9.698212E+03,0.000000E+00,5.944213E-01,0.000000E+00,1.212652E+04,4.486406E+03,7.432567E-01,3.139768E-01,7.380803E+04,0.000000E+00,4.523830E+00,0.000000E+00,7.930332E+04,0.000000E+00,4.860647E+00,0.000000E+00,1.133941E+04,0.000000E+00,6.950133E-01,0.000000E+00 
08:45:00,1.219794E+04,0.000000E+00,7.476344E-01,0.000000E+00,1.133936E+04,0.000000E+00,6.950103E-01,0.000000E+00,9.644099E+03,2.432492E+03,5.911046E-01,1.702356E-01,1.219818E+04,1.801262E+02,7.476486E-01,1.260596E-02,1.219794E+04,1.277884E+02,7.476344E-01,8.943146E-03,9.698212E+03,0.000000E+00,5.944213E-01,0.000000E+00,1.133936E+04,0.000000E+00,6.950103E-01,0.000000E+00,9.698395E+03,0.000000E+00,5.944325E-01,0.000000E+00,2.773213E+04,0.000000E+00,1.699753E+00,0.000000E+00,1.132522E+04,0.000000E+00,6.941433E-01,0.000000E+00,9.698212E+03,0.000000E+00,5.944213E-01,0.000000E+00,1.212652E+04,4.936642E+03,7.432567E-01,3.454861E-01,7.380803E+04,0.000000E+00,4.523830E+00,0.000000E+00,7.930332E+04,0.000000E+00,4.860647E+00,0.000000E+00,1.133941E+04,0.000000E+00,6.950133E-01,0.000000E+00 
09:00:00,1.219794E+04,0.000000E+00,7.476344E-01,0.000000E+00,1.133936E+04,0.000000E+00,6.950103E-01,0.000000E+00,9.644099E+03,2.898038E+03,5.911046E-01,2.028164E-01,1.219818E+04,2.230471E+02,7.476486E-01,1.560973E-02,1.219794E+04,1.556093E+02,7.476344E-01,1.089017E-02,9.698212E+03,0.000000E+00,5.944213E-01,0.000000E+00,1.133936E+04,0.000000E+00,6.950103E-01,0.000000E+00,9.698395E+03,0.000000E+00,5.944325E-01,0.000000E+00,2.773213E+04,0.000000E+00,1.699753E+00,0.000000E+00,1.132522E+04,0.000000E+00,6.941433E-01,0.000000E+00,9.698212E+03,0.000000E+00,5.944213E-01,0.000000E+00,1.212652E+04,5.354945E+03,7.432567E-01,3.747606E-01,7.380803E+04,0.000000E+00,4.523830E+00,0.000000E+00,7.930332E+04,0.000000E+00,4.860647E+00,0.000000E+00,1.133941E+04,0.000000E+00,6.950133E-01,0.000000E+00 
09:15:00,1.219794E+04,6.596131E+01,7.476344E-01,4.629029E-03,1.133936E+04,0.000000E+00,6.950103E-01,0.000000E+00,9.644099E+03,3.329051E+03,5.911046E-01,2.329804E-01,1.219818E+04,2.687028E+02,7.476486E-01,1.880491E-02,1.219794E+04,1.944133E+02,7.476344E-01,1.360582E-02,9.698212E+03,0.000000E+00,5.944213E-01,0.000000E+00,1.133936E+04,0.000000E+00,6.950103E-01,0.000000E+00,9.698395E+03,0.000000E+00,5.944325E-01,0.000000E+00,2.773213E+04,0.000000E+00,1.699753E+00,0.000000E+00,1.132522E+04,0.000000E+00,6.941433E-01,0.000000E+00,9.698212E+03,0.000000E+00,5.944213E-01,0.000000E+00,1.212652E+04,5.732125E+03,7.432567E-01,4.011572E-01,7.380803E+04,0.000000E+00,4.523830E+00,0.000000E+00,7.930332E+04,0.000000E+00,4.860647E+00,0.000000E+00,1.133941E+04,0.000000E+00,6.950133E-01,0.000000E+00 
09:30:00,1.219794E+04,1.839324E+02,7.476344E-01,1.288524E-02,1.133936E+04,0.000000E+00,6.950103E-01,0.000000E+00,9.644099E+03,3.721220E+03,5.911046E-01,2.604259E-01,1.219818E+04,3.160244E+02,7.476486E-01,2.211666E-02,1.219794E+04,2.393251E+02,7.476344E-01,1.674893E-02,9.698212E+03,0.000000E+00,5.944213E-01,0.000000E+00,1.133936E+04,0.000000E+00,6.950103E-01,0.000000E+00,9.698395E+03,0.000000E+00,5.944325E-01,0.000000E+00,2.773213E+04,0.000000E+00,1.699753E+00,0.000000E+00,1.132522E+04,0.000000E+00,6.941433E-01,0.000000E+00,9.698212E+03,0.000000E+00,5.944213E-01,0.000000E+00,1.212652E+04,6.066114E+03,7.432567E-01,4.245311E-01,7.380803E+04,0.000000E+00,4.523830E+00,0.000000E+00,7.930332E+04,0.000000E+00,4.860647E+00,0.000000E+00,1.133941E+04,0.000000E+00,6.950133E-01,0.000000E+00 
09:45:00,1.219794E+04,3.578357E+02,7.476344E-01,2.505570E-02,1.133936E+04,0.000000E+00,6.950103E-01,0.000000E+00,9.644099E+03,4.071557E+03,5.911046E-01,2.849439E-01,1.219818E+04,3.656636E+02,7.476486E-01,2.559061E-02,1.219794E+04,2.882896E+02,7.476344E-01,2.017567E-02,9.698212E+03,0.000000E+00,5.944213E-01,0.000000E+00,1.133936E+04,0.000000E+00,6.950103E-01,0.000000E+00,9.698395E+03,0.000000E+00,5.944325E-01,0.000000E+00,2.773213E+04,0.000000E+00,1.699753E+00,0.000000E+00,1.132522E+04,0.000000E+00,6.941433E-01,0.000000E+00,9.698212E+03,0.000000E+00,5.944213E-01,0.000000E+00,1.212652E+04,6.355190E+03,7.432567E-01,4.447618E-01,7.380803E+04,0.000000E+00,4.523830E+00,0.000000E+00,7.930332E+04,0.000000E+00,4.860647E+00,0.000000E+00,1.133941E+04,0.000000E+00,6.950133E-01,0.000000E+00 
10:00:00,1.219794E+04,6.097598E+02,7.476344E-01,4.268636E-02,1.133936E+04,0.000000E+00,6.950103E-01,0.000000E+00,9.644099E+03,4.377021E+03,5.911046E-01,3.063216E-01,1.219818E+04,4.181007E+02,7.476486E-01,2.926037E-02,1.219794E+04,3.409445E+02,7.476344E-01,2.386067E-02,9.698212E+03,0.000000E+00,5.944213E-01,0.000000E+00,1.133936E+04,0.000000E+00,6.950103E-01,0.000000E+00,9.698395E+03,0.000000E+00,5.944325E-01,0.000000E+00,2.773213E+04,0.000000E+00,1.699753E+00,0.000000E+00,1.132522E+04,0.000000E+00,6.941433E-01,0.000000E+00,9.698212E+03,0.000000E+00,5.944213E-01,0.000000E+00,1.212652E+04,6.597485E+03,7.432567E-01,4.617186E-01,7.380803E+04,0.000000E+00,4.523830E+00,0.000000E+00,7.930332E+04,0.000000E+00,4.860647E+00,0.000000E+00,1.133941E+04,0.000000E+00,6.950133E-01,0.000000E+00 
10:15:00,1.219794E+04,8.734174E+02,7.476344E-01,6.112538E-02,1.133936E+04,0.000000E+00,6.950103E-01,0.000000E+00,9.644099E+03,4.640610E+03,5.911046E-01,3.247686E-01,1.219818E+04,4.721248E+02,7.476486E-01,3.304120E-02,1.219794E+04,3.954359E+02,7.476344E-01,2.767420E-02,9.698212E+03,0.000000E+00,5.944213E-01,0.000000E+00,1.133936E+04,0.000000E+00,6.950103E-01,0.000000E+00,9.698395E+03,0.000000E+00,5.944325E-01,0.000000E+00,2.773213E+04,0.000000E+00,1.699753E+00,0.000000E+00,1.132522E+04,0.000000E+00,6.941433E-01,0.000000E+00,9.698212E+03,0.000000E+00,5.944213E-01,0.000000E+00,1.212652E+04,6.796813E+03,7.432568E-01,4.756683E-01,7.380803E+04,0.000000E+00,4.523830E+00,0.000000E+00,7.930332E+04,0.000000E+00,4.860647E+00,0.000000E+00,1.133941E+04,0.000000E+00,6.950133E-01,0.000000E+00 
10:30:00,1.219794E+04,1.165654E+03,7.476344E-01,8.157717E-02,1.133936E+04,0.000000E+00,6.950103E-01,0.000000E+00,9.644099E+03,4.860210E+03,5.911046E-01,3.401371E-01,1.219818E+04,5.287411E+02,7.476486E-01,3.700343E-02,1.219794E+04,4.523643E+02,7.476344E-01,3.165828E-02,9.698212E+03,0.000000E+00,5.944213E-01,0.000000E+00,1.133936E+04,0.000000E+00,6.950103E-01,0.000000E+00,9.698395E+03,0.000000E+00,5.944325E-01,0.000000E+00,2.773213E+04,0.000000E+00,1.699753E+00,0.000000E+00,1.132522E+04,0.000000E+00,6.941433E-01,0.000000E+00,9.698212E+03,0.000000E+00,5.944213E-01,0.000000E+00,1.212652E+04,6.952057E+03,7.432568E-01,4.865329E-01,7.380803E+04,0.000000E+00,4.523830E+00,0.000000E+00,7.930332E+04,0.000000E+00,4.860647E+00,0.000000E+00,1.133941E+04,0.000000E+00,6.950133E-01,0.000000E+00 
10:45:00,1.219794E+04,1.483965E+03,7.476344E-01,1.038539E-01,1.133936E+04,0.000000E+00,6.950103E-01,0.000000E+00,9.644099E+03,5.033607E+03,5.911046E-01,3.522721E-01,1.219818E+04,5.872551E+02,7.476486E-01,4.109848E-02,1.219794E+04,5.115064E+02,7.476344E-01,3.579728E-02,9.698212E+03,0.000000E+00,5.944213E-01,0.000000E+00,1.133936E+04,0.000000E+00,6.950103E-01,0.000000E+00,9.698395E+03,0.000000E+00,5.944325E-01,0.000000E+00,2.773213E+04,0.000000E+00,1.699753E+00,0.000000E+00,1.132522E+04,0.000000E+00,6.941433E-01,0.000000E+00,9.698212E+03,0.000000E+00,5.944213E-01,0.000000E+00,1.212652E+04,7.061910E+03,7.432568E-01,4.942209E-01,7.380803E+04,0.000000E+00,4.523830E+00,0.000000E+00,7.930332E+04,0.000000E+00,4.860647E+00,0.000000E+00,1.133941E+04,0.000000E+00,6.950133E-01,0.000000E+00 
11:00:00,1.219794E+04,1.806502E+03,7.476344E-01,1.264263E-01,1.133936E+04,0.000000E+00,6.950103E-01,0.000000E+00,9.644099E+03,5.157457E+03,5.911046E-01,3.609396E-01,1.219818E+04,6.472317E+02,7.476486E-01,4.529588E-02,1.219794E+04,5.720570E+02,7.476344E-01,4.003485E-02,9.698212E+03,0.000000E+00,5.944213E-01,0.000000E+00,1.133936E+04,0.000000E+00,6.950103E-01,0.000000E+00,9.698395E+03,0.000000E+00,5.944325E-01,0.000000E+00,2.773213E+04,0.000000E+00,1.699753E+00,0.000000E+00,1.132522E+04,1.489784E+01,6.941433E-01,1.043450E-03,9.698212E+03,0.000000E+00,5.944213E-01,0.000000E+00,1.212652E+04,7.123551E+03,7.432568E-01,4.985347E-01,7.380803E+04,0.000000E+00,4.523830E+00,0.000000E+00,7.930332E+04,0.000000E+00,4.860647E+00,0.000000E+00,1.133941E+04,0.000000E+00,6.950133E-01,0.000000E+00 
11:15:00,1.219794E+04,2.131172E+03,7.476344E-01,1.491480E-01,1.133936E+04,0.000000E+00,6.950103E-01,0.000000E+00,9.644099E+03,5.222736E+03,5.911046E-01,3.655081E-01,1.219818E+04,7.074524E+02,7.476486E-01,4.951037E-02,1.219794E+04,6.327082E+02,7.476344E-01,4.427947E-02,9.698212E+03,0.000000E+00,5.944213E-01,0.000000E+00,1.133936E+04,0.000000E+00,6.950103E-01,0.000000E+00,9.698395E+03,0.000000E+00,5.944325E-01,0.000000E+00,2.773213E+04,0.000000E+00,1.699753E+00,0.000000E+00,1.132522E+04,1.489784E+01,6.941433E-01,1.043450E-03,9.698212E+03,1.346941E+02,5.944213E-01,9.461938E-03,1.212652E+04,7.128330E+03,7.432568E-01,4.988693E-01,7.380803E+04,0.000000E+00,4.523830E+00,0.000000E+00,7.930332E+04,0.000000E+00,4.860647E+00,0.000000E+00,1.133941E+04,0.000000E+00,6.950133E-01,0.000000E+00 
11:30:00,1.219794E+04,2.453371E+03,7.476344E-01,1.716968E-01,1.133936E+04,0.000000E+00,6.950103E-01,0.000000E+00,9.644099E+03,5.214336E+03,5.911046E-01,3.649202E-01,1.219818E+04,7.676671E+02,7.476486E-01,5.372444E-02,1.219794E+04,6.931767E+02,7.476344E-01,4.851130E-02,9.698212E+03,0.000000E+00,5.944213E-01,0.000000E+00,1.133936E+04,0.000000E+00,6.950103E-01,0.000000E+00,9.698395E+03,0.000000E+00,5.944325E-01,0.000000E+00,2.773213E+04,0.000000E+00,1.699753E+00,0.000000E+00,1.132522E+04,1.489784E+01,6.941433E-01,1.043450E-03,9.698212E+03,3.083535E+02,5.944213E-01,2.161578E-02,1.212652E+04,7.060953E+03,7.432568E-01,4.941539E-01,7.380803E+04,0.000000E+00,4.523830E+00,0.000000E+00,7.930332E+04,0.000000E+00,4.860647E+00,0.000000E+00,1.133941E+04,0.000000E+00,6.950133E-01,0.000000E+00 
11:45:00,1.219794E+04,2.769350E+03,7.476344E-01,1.938103E-01,1.133936E+04,0.000000E+00,6.950103E-01,0.000000E+00,9.644099E+03,5.113609E+03,5.911046E-01,3.578710E-01,1.219818E+04,8.277166E+02,7.476486E-01,5.792694E-02,1.219794E+04,7.532933E+02,7.476344E-01,5.271850E-02,9.698212E+03,0.000000E+00,5.944213E-01,0.000000E+00,1.133936E+04,0.000000E+00,6.950103E-01,0.000000E+00,9.698395E+03,0.000000E+00,5.944325E-01,0.000000E+00,2.773213E+04,0.000000E+00,1.699753E+00,0.000000E+00,1.132522E+04,1.489784E+01,6.941433E-01,1.043450E-03,9.698212E+03,5.448779E+02,5.944213E-01,3.816872E-02,1.212652E+04,6.903193E+03,7.432568E-01,4.831132E-01,7.380803E+04,0.000000E+00,4.523830E+00,0.000000E+00,7.930333E+04,0.000000E+00,4.860647E+00,0.000000E+00,1.133941E+04,0.000000E+00,6.950133E-01,0.000000E+00 
12:00:00,1.219794E+04,3.076013E+03,7.476344E-01,2.152718E-01,1.133936E+04,0.000000E+00,6.950103E-01,0.000000E+00,9.644099E+03,4.911310E+03,5.911046E-01,3.437132E-01,1.219818E+04,8.875541E+02,7.476486E-01,6.211461E-02,1.219794E+04,8.130076E+02,7.476344E-01,5.689755E-02,9.698212E+03,0.000000E+00,5.944213E-01,0.000000E+00,1.133936E+04,0.000000E+00,6.950103E-01,0.000000E+00,9.698395E+03,0.000000E+00,5.944325E-01,0.000000E+00,2.773213E+04,0.000000E+00,1.699753E+00,0.000000E+00,1.132522E+04,0.000000E+00,6.941433E-01,0.000000E+00,9.698212E+03,8.621668E+02,5.944213E-01,6.037387E-02,1.212652E+04,6.645063E+03,7.432568E-01,4.650483E-01,7.380803E+04,0.000000E+00,4.523830E+00,0.000000E+00,7.930333E+04,0.000000E+00,4.860647E+00,0.000000E+00,1.133941E+04,0.000000E+00,6.950133E-01,0.000000E+00 
12:15:00,1.219794E+04,3.371849E+03,7.476344E-01,2.359756E-01,1.133936E+04,0.000000E+00,6.950103E-01,0.000000E+00,9.644099E+03,4.632583E+03,5.911046E-01,3.242068E-01,1.219818E+04,9.482628E+02,7.476486E-01,6.636325E-02,1.219794E+04,8.733893E+02,7.476344E-01,6.112330E-02,9.698212E+03,0.000000E+00,5.944213E-01,0.000000E+00,1.133936E+04,0.000000E+00,6.950103E-01,0.000000E+00,9.698395E+03,0.000000E+00,5.944325E-01,0.000000E+00,2.773213E+04,0.000000E+00,1.699753E+00,0.000000E+00,1.132522E+04,0.000000E+00,6.941433E-01,0.000000E+00,9.698212E+03,1.116710E+03,5.944213E-01,7.815230E-02,1.212652E+04,6.311282E+03,7.432568E-01,4.416889E-01,7.380803E+04,0.000000E+00,4.523830E+00,0.000000E+00,7.930333E+04,0.000000E+00,4.860647E+00,0.000000E+00,1.133941E+04,0.000000E+00,6.950133E-01,0.000000E+00 
12:30:00,1.219794E+04,3.654531E+03,7.476344E-01,2.557588E-01,1.133936E+04,0.000000E+00,6.950103E-01,0.000000E+00,9.644099E+03,4.337206E+03,5.911046E-01,3.035351E-01,1.219818E+04,1.029617E+03,7.476486E-01,7.205677E-02,1.219794E+04,9.345455E+02,7.476344E-01,6.540325E-02,9.698212E+03,0.000000E+00,5.944213E-01,0.000000E+00,1.133936E+04,0.000000E+00,6.950103E-01,0.000000E+00,9.698395E+03,0.000000E+00,5.944325E-01,0.000000E+00,2.773213E+04,0.000000E+00,1.699753E+00,0.000000E+00,1.132522E+04,0.000000E+00,6.941433E-01,0.000000E+00,9.698212E+03,1.401266E+03,5.944213E-01,9.806622E-02,1.212652E+04,5.962298E+03,7.432568E-01,4.172656E-01,7.380803E+04,0.000000E+00,4.523830E+00,0.000000E+00,7.930333E+04,0.000000E+00,4.860647E+00,0.000000E+00,1.133941E+04,0.000000E+00,6.950133E-01,0.000000E+00 
12:45:00,1.219794E+04,3.921989E+03,7.476344E-01,2.744766E-01,1.133936E+04,0.000000E+00,6.950103E-01,0.000000E+00,9.644099E+03,4.074892E+03,5.911046E-01,2.851773E-01,1.219818E+04,1.167505E+03,7.476486E-01,8.170672E-02,1.219794E+04,9.967334E+02,7.476344E-01,6.975542E-02,9.698212E+03,0.000000E+00,5.944213E-01,0.000000E+00,1.133936E+04,0.000000E+00,6.950103E-01,0.000000E+00,9.698395E+03,0.000000E+00,5.944325E-01,0.000000E+00,2.773213E+04,0.000000E+00,1.699753E+00,0.000000E+00,1.132522E+04,0.000000E+00,6.941433E-01,0.000000E+00,9.698212E+03,1.688189E+03,5.944213E-01,1.181463E-01,1.212652E+04,5.649167E+03,7.432568E-01,3.953515E-01,7.380803E+04,0.000000E+00,4.523830E+00,0.000000E+00,7.930333E+04,0.000000E+00,4.860647E+00,0.000000E+00,1.133941E+04,0.000000E+00,6.950133E-01,0.000000E+00 
13:00:00,1.219794E+04,4.172180E+03,7.476344E-01,2.919860E-01,1.133936E+04,0.000000E+00,6.950103E-01,0.000000E+00,9.644099E+03,3.876804E+03,5.911046E-01,2.713143E-01,1.219818E+04,1.392518E+03,7.476486E-01,9.745404E-02,1.219794E+04,1.060180E+03,7.476344E-01,7.419569E-02,9.698212E+03,0.000000E+00,5.944213E-01,0.000000E+00,1.133936E+04,0.000000E+00,6.950103E-01,0.000000E+00,9.698395E+03,0.000000E+00,5.944325E-01,0.000000E+00,2.773213E+04,0.000000E+00,1.699753E+00,0.000000E+00,1.132522E+04,0.000000E+00,6.941433E-01,0.000000E+00,9.698212E+03,1.954981E+03,5.944213E-01,1.368174E-01,1.212652E+04,5.406069E+03,7.432568E-01,3.783385E-01,7.380803E+04,0.000000E+00,4.523830E+00,0.000000E+00,7.930333E+04,0.000000E+00,4.860647E+00,0.000000E+00,1.133941E+04,0.000000E+00,6.950133E-01,0.000000E+00 
13:15:00,1.219794E+04,4.402364E+03,7.476344E-01,3.080952E-01,1.133936E+04,0.000000E+00,6.950103E-01,0.000000E+00,9.644099E+03,3.742267E+03,5.911046E-01,2.618989E-01,1.219818E+04,1.721697E+03,7.476486E-01,1.204913E-01,1.219794E+04,1.124394E+03,7.476344E-01,7.868964E-02,9.698212E+03,0.000000E+00,5.944213E-01,0.000000E+00,1.133936E+04,0.000000E+00,6.950103E-01,0.000000E+00,9.698395E+03,5.193279E+01,5.944325E-01,3.650283E-03,2.773213E+04,0.000000E+00,1.699753E+00,0.000000E+00,1.132522E+04,0.000000E+00,6.941433E-01,0.000000E+00,9.698212E+03,2.203900E+03,5.944213E-01,1.542378E-01,1.212652E+04,5.234832E+03,7.432568E-01,3.663546E-01,7.380803E+04,0.000000E+00,4.523830E+00,0.000000E+00,7.930333E+04,0.000000E+00,4.860647E+00,0.000000E+00,1.133941E+04,0.000000E+00,6.950133E-01,0.000000E+00 
13:30:00,1.219794E+04,4.610338E+03,7.476344E-01,3.226500E-01,1.133936E+04,0.000000E+00,6.950103E-01,0.000000E+00,9.644099E+03,3.639867E+03,5.911046E-01,2.547326E-01,1.219818E+04,2.142604E+03,7.476486E-01,1.499481E-01,1.219794E+04,1.189477E+03,7.476344E-01,8.324442E-02,9.698212E+03,0.000000E+00,5.944213E-01,0.000000E+00,1.133936E+04,0.000000E+00,6.950103E-01,0.000000E+00,9.698395E+03,2.467269E+02,5.944325E-01,1.729917E-02,2.773213E+04,0.000000E+00,1.699753E+00,0.000000E+00,1.132522E+04,0.000000E+00,6.941433E-01,0.000000E+00,9.698212E+03,2.431664E+03,5.944213E-01,1.701776E-01,1.212652E+04,5.105530E+03,7.432568E-01,3.573056E-01,7.380803E+04,0.000000E+00,4.523830E+00,0.000000E+00,7.930333E+04,0.000000E+00,4.860647E+00,0.000000E+00,1.133941E+04,0.000000E+00,6.950133E-01,0.000000E+00 
13:45:00,1.219794E+04,4.793502E+03,7.476344E-01,3.354685E-01,1.133936E+04,0.000000E+00,6.950103E-01,0.000000E+00,9.644099E+03,3.551467E+03,5.911046E-01,2.485459E-01,1.219818E+04,2.620990E+03,7.476486E-01,1.834274E-01,1.219794E+04,1.255177E+03,7.476344E-01,8.784235E-02,9.698212E+03,0.000000E+00,5.944213E-01,0.000000E+00,1.133936E+04,0.000000E+00,6.950103E-01,0.000000E+00,9.698395E+03,5.384954E+02,5.944325E-01,3.771841E-02,2.773213E+04,0.000000E+00,1.699753E+00,0.000000E+00,1.132522E+04,0.000000E+00,6.941433E-01,0.000000E+00,9.698212E+03,2.634938E+03,5.944213E-01,1.844036E-01,1.212652E+04,4.999762E+03,7.432568E-01,3.499034E-01,7.380803E+04,0.000000E+00,4.523830E+00,0.000000E+00,7.930333E+04,0.000000E+00,4.860647E+00,0.000000E+00,1.133941E+04,0.000000E+00,6.950133E-01,0.000000E+00 
14:00:00,1.219794E+04,4.948932E+03,7.476344E-01,3.463462E-01,1.133936E+04,0.000000E+00,6.950103E-01,0.000000E+00,9.644099E+03,3.470029E+03,5.911046E-01,2.428466E-01,1.219818E+04,3.126024E+03,7.476486E-01,2.187718E-01,1.219794E+04,1.321040E+03,7.476344E-01,9.245171E-02,9.698212E+03,0.000000E+00,5.944213E-01,0.000000E+00,1.133936E+04,0.000000E+00,6.950103E-01,0.000000E+00,9.698395E+03,9.456078E+02,5.944325E-01,6.620977E-02,2.773213E+04,0.000000E+00,1.699753E+00,0.000000E+00,1.132522E+04,0.000000E+00,6.941433E-01,0.000000E+00,9.698212E+03,2.810381E+03,5.944213E-01,1.966818E-01,1.212652E+04,4.909325E+03,7.432568E-01,3.435743E-01,7.380803E+04,0.000000E+00,4.523830E+00,0.000000E+00,7.930333E+04,0.000000E+00,4.860647E+00,0.000000E+00,1.133941E+04,0.000000E+00,6.950133E-01,0.000000E+00 
14:15:00,1.219794E+04,5.072607E+03,7.476344E-01,3.550015E-01,1.133936E+04,0.000000E+00,6.950103E-01,0.000000E+00,9.644099E+03,3.390502E+03,5.911046E-01,2.372810E-01,1.219818E+04,3.638632E+03,7.476486E-01,2.546461E-01,1.219794E+04,1.385717E+03,7.476344E-01,9.697805E-02,9.698212E+03,0.000000E+00,5.944213E-01,0.000000E+00,1.133936E+04,0.000000E+00,6.950103E-01,0.000000E+00,9.698395E+03,1.417027E+03,5.944325E-01,9.918575E-02,2.773213E+04,0.000000E+00,1.699753E+00,0.000000E+00,1.132522E+04,0.000000E+00,6.941433E-01,0.000000E+00,9.698212E+03,2.953758E+03,5.944213E-01,2.067159E-01,1.212652E+04,4.827863E+03,7.432568E-01,3.378733E-01,7.380803E+04,0.000000E+00,4.523830E+00,0.000000E+00,7.930333E+04,0.000000E+00,4.860647E+00,0.000000E+00,1.133941E+04,0.000000E+00,6.950133E-01,0.000000E+00 
14:30:00,1.219794E+04,5.161022E+03,7.476344E-01,3.611891E-01,1.133936E+04,0.000000E+00,6.950103E-01,0.000000E+00,9.644099E+03,3.310523E+03,5.911046E-01,2.316837E-01,1.219818E+04,4.151163E+03,7.476487E-01,2.905151E-01,1.219794E+04,1.448535E+03,7.476344E-01,1.013743E-01,9.698212E+03,0.000000E+00,5.944213E-01,0.000000E+00,1.133936E+04,0.000000E+00,6.950103E-01,0.000000E+00,9.698395E+03,1.864189E+03,5.944325E-01,1.304636E-01,2.773213E+04,0.000000E+00,1.699753E+00,0.000000E+00,1.132522E+04,0.000000E+00,6.941433E-01,0.000000E+00,9.698212E+03,3.061490E+03,5.944213E-01,2.142554E-01,1.212652E+04,4.751858E+03,7.432568E-01,3.325541E-01,7.380803E+04,0.000000E+00,4.523830E+00,0.000000E+00,7.930333E+04,0.000000E+00,4.860647E+00,0.000000E+00,1.133941E+04,0.000000E+00,6.950133E-01,0.000000E+00 
14:45:00,1.219794E+04,5.210575E+03,7.476344E-01,3.646570E-01,1.133936E+04,0.000000E+00,6.950103E-01,0.000000E+00,9.644099E+03,3.228796E+03,5.911046E-01,2.259642E-01,1.219818E+04,4.661094E+03,7.476487E-01,3.262021E-01,1.219794E+04,1.508777E+03,7.476344E-01,1.055903E-01,9.698212E+03,0.000000E+00,5.944213E-01,0.000000E+00,1.133936E+04,0.000000E+00,6.950103E-01,0.000000E+00,9.698395E+03,2.334242E+03,5.944325E-01,1.633596E-01,2.773213E+04,0.000000E+00,1.699753E+00,0.000000E+00,1.132522E+04,0.000000E+00,6.941433E-01,0.000000E+00,9.698212E+03,3.130016E+03,5.944213E-01,2.190512E-01,1.212652E+04,4.679010E+03,7.432568E-01,3.274560E-01,7.380803E+04,0.000000E+00,4.523830E+00,0.000000E+00,7.930333E+04,0.000000E+00,4.860647E+00,0.000000E+00,1.133941E+04,0.000000E+00,6.950133E-01,0.000000E+00 
15:00:00,1.219794E+04,5.217879E+03,7.476344E-01,3.651682E-01,1.133936E+04,0.000000E+00,6.950103E-01,0.000000E+00,9.644099E+03,3.144547E+03,5.911046E-01,2.200681E-01,1.219818E+04,5.166508E+03,7.476487E-01,3.615731E-01,1.219794E+04,1.565720E+03,7.476344E-01,1.095754E-01,9.698212E+03,0.000000E+00,5.944213E-01,0.000000E+00,1.133936E+04,0.000000E+00,6.950103E-01,0.000000E+00,9.698395E+03,2.808547E+03,5.944325E-01,1.965534E-01,2.773213E+04,0.000000E+00,1.699753E+00,0.000000E+00,1.132522E+04,0.000000E+00,6.941433E-01,0.000000E+00,9.698212E+03,3.156090E+03,5.944213E-01,2.208759E-01,1.212652E+04,4.607699E+03,7.432568E-01,3.224653E-01,7.380803E+04,0.000000E+00,4.523830E+00,0.000000E+00,7.930333E+04,0.000000E+00,4.860647E+00,0.000000E+00,1.133941E+04,0.000000E+00,6.950133E-01,0.000000E+00 
15:15:00,1.219794E+04,5.179940E+03,7.476344E-01,3.625131E-01,1.133936E+04,0.000000E+00,6.950103E-01,0.000000E+00,9.644099E+03,3.056491E+03,5.911046E-01,2.139055E-01,1.219818E+04,5.663604E+03,7.476487E-01,3.963618E-01,1.219794E+04,1.618392E+03,7.476344E-01,1.132616E-01,9.698212E+03,0.000000E+00,5.944213E-01,0.000000E+00,1.133936E+04,0.000000E+00,6.950103E-01,0.000000E+00,9.698395E+03,3.281700E+03,5.944325E-01,2.296666E-01,2.773213E+04,0.000000E+00,1.699753E+00,0.000000E+00,1.132522E+04,0.000000E+00,6.941433E-01,0.000000E+00,9.698212E+03,3.136947E+03,5.944213E-01,2.195361E-01,1.212652E+04,4.535983E+03,7.432568E-01,3.174464E-01,7.380803E+04,0.000000E+00,4.523830E+00,0.000000E+00,7.930333E+04,0.000000E+00,4.860647E+00,0.000000E+00,1.133941E+04,0.000000E+00,6.950133E-01,0.000000E+00 
15:30:00,1.219794E+04,5.093806E+03,7.476344E-01,3.564851E-01,1.133936E+04,0.000000E+00,6.950103E-01,0.000000E+00,9.644099E+03,2.961519E+03,5.911046E-01,2.072590E-01,1.219818E+04,6.152515E+03,7.476487E-01,4.305778E-01,1.219794E+04,1.663527E+03,7.476344E-01,1.164203E-01,9.698212E+03,0.000000E+00,5.944213E-01,0.000000E+00,1.133936E+04,0.000000E+00,6.950103E-01,0.000000E+00,9.698395E+03,3.752730E+03,5.944325E-01,2.626312E-01,2.773213E+04,0.000000E+00,1.699753E+00,0.000000E+00,1.132522E+04,0.000000E+00,6.941433E-01,0.000000E+00,9.698212E+03,3.069866E+03,5.944213E-01,2.148415E-01,1.212652E+04,4.460184E+03,7.432568E-01,3.121416E-01,7.380803E+04,0.000000E+00,4.523830E+00,0.000000E+00,7.930333E+04,0.000000E+00,4.860647E+00,0.000000E+00,1.133941E+04,0.000000E+00,6.950133E-01,0.000000E+00 
15:45:00,1.219794E+04,4.961554E+03,7.476344E-01,3.472295E-01,1.133936E+04,0.000000E+00,6.950103E-01,0.000000E+00,9.644099E+03,2.860152E+03,5.911046E-01,2.001650E-01,1.219818E+04,6.626783E+03,7.476487E-01,4.637689E-01,1.219794E+04,1.700820E+03,7.476344E-01,1.190302E-01,9.698212E+03,0.000000E+00,5.944213E-01,0.000000E+00,1.133936E+04,0.000000E+00,6.950103E-01,0.000000E+00,9.698395E+03,4.214144E+03,5.944325E-01,2.949228E-01,2.773213E+04,0.000000E+00,1.699753E+00,0.000000E+00,1.132522E+04,0.000000E+00,6.941433E-01,0.000000E+00,9.698212E+03,2.957310E+03,5.944213E-01,2.069645E-01,1.212652E+04,4.379998E+03,7.432568E-01,3.065299E-01,7.380803E+04,0.000000E+00,4.523830E+00,0.000000E+00,7.930333E+04,0.000000E+00,4.860647E+00,0.000000E+00,1.133941E+04,0.000000E+00,6.950133E-01,0.000000E+00 
16:00:00,1.219794E+04,4.790383E+03,7.476344E-01,3.352503E-01,1.133936E+04,0.000000E+00,6.950103E-01,0.000000E+00,9.644099E+03,2.752975E+03,5.911046E-01,1.926642E-01,1.219818E+04,7.079401E+03,7.476487E-01,4.954450E-01,1.219794E+04,1.730156E+03,7.476344E-01,1.210833E-01,9.698212E+03,0.000000E+00,5.944213E-01,0.000000E+00,1.133936E+04,0.000000E+00,6.950103E-01,0.000000E+00,9.698395E+03,4.658161E+03,5.944325E-01,3.259969E-01,2.773213E+04,0.000000E+00,1.699753E+00,0.000000E+00,1.132522E+04,0.000000E+00,6.941433E-01,0.000000E+00,9.698212E+03,2.806596E+03,5.944213E-01,1.964169E-01,1.212652E+04,4.295353E+03,7.432568E-01,3.006061E-01,7.380803E+04,0.000000E+00,4.523830E+00,0.000000E+00,7.930333E+04,0.000000E+00,4.860647E+00,0.000000E+00,1.133941E+04,0.000000E+00,6.950133E-01,0.000000E+00 
16:15:00,1.219794E+04,4.596331E+03,7.476344E-01,3.216697E-01,1.133936E+04,0.000000E+00,6.950103E-01,0.000000E+00,9.644099E+03,2.641803E+03,5.911046E-01,1.848840E-01,1.219818E+04,7.506335E+03,7.476487E-01,5.253236E-01,1.219794E+04,1.752536E+03,7.476344E-01,1.226495E-01,9.698212E+03,0.000000E+00,5.944213E-01,0.000000E+00,1.133936E+04,0.000000E+00,6.950103E-01,0.000000E+00,9.698395E+03,5.080359E+03,5.944325E-01,3.555440E-01,2.773213E+04,0.000000E+00,1.699753E+00,0.000000E+00,1.132522E+04,0.000000E+00,6.941433E-01,0.000000E+00,9.698212E+03,2.633220E+03,5.944213E-01,1.842833E-01,1.212652E+04,4.207558E+03,7.432568E-01,2.944619E-01,7.380803E+04,0.000000E+00,4.523830E+00,0.000000E+00,7.930333E+04,0.000000E+00,4.860647E+00,0.000000E+00,1.133941E+04,2.006234E+02,6.950133E-01,1.406918E-02 
16:30:00,1.219794E+04,4.403276E+03,7.476344E-01,3.081590E-01,1.133936E+04,0.000000E+00,6.950103E-01,0.000000E+00,9.644099E+03,2.529641E+03,5.911046E-01,1.770345E-01,1.219818E+04,7.896620E+03,7.476487E-01,5.526372E-01,1.219794E+04,1.774697E+03,7.476344E-01,1.242004E-01,9.698212E+03,0.000000E+00,5.944213E-01,0.000000E+00,1.133936E+04,0.000000E+00,6.950103E-01,0.000000E+00,9.698395E+03,5.469286E+03,5.944325E-01,3.827626E-01,2.773213E+04,0.000000E+00,1.699753E+00,0.000000E+00,1.132522E+04,0.000000E+00,6.941433E-01,0.000000E+00,9.698212E+03,2.459800E+03,5.944213E-01,1.721467E-01,1.212652E+04,4.119133E+03,7.432568E-01,2.882735E-01,7.380803E+04,0.000000E+00,4.523830E+00,0.000000E+00,7.930333E+04,0.000000E+00,4.860647E+00,0.000000E+00,1.133941E+04,3.940936E+02,6.950133E-01,2.760922E-02 
16:45:00,1.219794E+04,4.226882E+03,7.476344E-01,2.958142E-01,1.133936E+04,0.000000E+00,6.950103E-01,0.000000E+00,9.644099E+03,2.415663E+03,5.911046E-01,1.690578E-01,1.219818E+04,8.245047E+03,7.476487E-01,5.770216E-01,1.219794E+04,1.807950E+03,7.476344E-01,1.265276E-01,9.698212E+03,0.000000E+00,5.944213E-01,0.000000E+00,1.133936E+04,0.000000E+00,6.950103E-01,0.000000E+00,9.698395E+03,5.819746E+03,5.944325E-01,4.072893E-01,2.773213E+04,0.000000E+00,1.699753E+00,0.000000E+00,1.132522E+04,0.000000E+00,6.941433E-01,0.000000E+00,9.698212E+03,2.300373E+03,5.944213E-01,1.609894E-01,1.212652E+04,4.029148E+03,7.432568E-01,2.819760E-01,7.380803E+04,0.000000E+00,4.523830E+00,0.000000E+00,7.930333E+04,0.000000E+00,4.860647E+00,0.000000E+00,1.133941E+04,6.610583E+02,6.950133E-01,4.629227E-02 
17:00:00,1.219794E+04,4.074298E+03,7.476344E-01,2.851358E-01,1.133936E+04,0.000000E+00,6.950103E-01,0.000000E+00,9.644099E+03,2.298984E+03,5.911046E-01,1.608922E-01,1.219818E+04,8.546154E+03,7.476487E-01,5.980943E-01,1.219794E+04,1.864064E+03,7.476344E-01,1.304547E-01,9.698212E+03,0.000000E+00,5.944213E-01,0.000000E+00,1.133936E+04,0.000000E+00,6.950103E-01,0.000000E+00,9.698395E+03,6.126331E+03,5.944325E-01,4.287453E-01,2.773213E+04,0.000000E+00,1.699753E+00,0.000000E+00,1.132522E+04,0.000000E+00,6.941433E-01,0.000000E+00,9.698212E+03,2.160797E+03,5.944213E-01,1.512213E-01,1.212652E+04,3.936504E+03,7.432568E-01,2.754924E-01,7.380803E+04,0.000000E+00,4.523830E+00,0.000000E+00,7.930333E+04,0.000000E+00,4.860647E+00,0.000000E+00,1.133941E+04,9.693711E+02,6.950133E-01,6.786892E-02 
17:15:00,1.219794E+04,3.943977E+03,7.476344E-01,2.760154E-01,1.133936E+04,0.000000E+00,6.950103E-01,0.000000E+00,9.644099E+03,2.179565E+03,5.911046E-01,1.525347E-01,1.219818E+04,8.792428E+03,7.476487E-01,6.153295E-01,1.219794E+04,1.951925E+03,7.476344E-01,1.366036E-01,9.698212E+03,3.915750E+01,5.944213E-01,2.741293E-03,1.133936E+04,0.000000E+00,6.950103E-01,0.000000E+00,9.698395E+03,6.381320E+03,5.944325E-01,4.465905E-01,2.773213E+04,0.000000E+00,1.699753E+00,0.000000E+00,1.132522E+04,0.000000E+00,6.941433E-01,0.000000E+00,9.698212E+03,2.039091E+03,5.944213E-01,1.427038E-01,1.212652E+04,3.840777E+03,7.432568E-01,2.687930E-01,7.380803E+04,0.000000E+00,4.523830E+00,0.000000E+00,7.930333E+04,0.000000E+00,4.860647E+00,0.000000E+00,1.133941E+04,1.096556E+03,6.950133E-01,7.674074E-02 
17:30:00,1.219794E+04,3.824748E+03,7.476344E-01,2.676712E-01,1.133936E+04,0.000000E+00,6.950103E-01,0.000000E+00,9.644099E+03,2.056999E+03,5.911046E-01,1.439571E-01,1.219818E+04,8.975547E+03,7.476487E-01,6.281449E-01,1.219794E+04,2.070612E+03,7.476344E-01,1.449098E-01,9.698212E+03,8.877011E+01,5.944213E-01,6.213411E-03,1.133936E+04,0.000000E+00,6.950103E-01,0.000000E+00,9.698395E+03,6.576205E+03,5.944325E-01,4.602293E-01,2.773213E+04,0.000000E+00,1.699753E+00,0.000000E+00,1.132522E+04,0.000000E+00,6.941433E-01,0.000000E+00,9.698212E+03,1.924630E+03,5.944213E-01,1.346934E-01,1.212652E+04,3.741159E+03,7.432568E-01,2.618214E-01,7.380803E+04,0.000000E+00,4.523830E+00,0.000000E+00,7.930333E+04,0.000000E+00,4.860647E+00,0.000000E+00,1.133941E+04,1.233987E+03,6.950133E-01,8.635806E-02 
17:45:00,1.219794E+04,3.706485E+03,7.476344E-01,2.593947E-01,1.133936E+04,0.000000E+00,6.950103E-01,0.000000E+00,9.644099E+03,1.928789E+03,5.911046E-01,1.349844E-01,1.219818E+04,9.078645E+03,7.476487E-01,6.353601E-01,1.219794E+04,2.203923E+03,7.476344E-01,1.542394E-01,9.698212E+03,1.549234E+02,5.944213E-01,1.084312E-02,1.133936E+04,0.000000E+00,6.950103E-01,0.000000E+00,9.698395E+03,6.693424E+03,5.944325E-01,4.684328E-01,2.773213E+04,0.000000E+00,1.699753E+00,0.000000E+00,1.132522E+04,0.000000E+00,6.941433E-01,0.000000E+00,9.698212E+03,1.808422E+03,5.944213E-01,1.265607E-01,1.212652E+04,3.634644E+03,7.432568E-01,2.543670E-01,7.380803E+04,0.000000E+00,4.523830E+00,0.000000E+00,7.930333E+04,0.000000E+00,4.860647E+00,0.000000E+00,1.133941E+04,1.284178E+03,6.950133E-01,8.987045E-02 
18:00:00,1.219794E+04,3.585662E+03,7.476344E-01,2.509390E-01,1.133936E+04,0.000000E+00,6.950103E-01,0.000000E+00,9.644099E+03,1.795683E+03,5.911046E-01,1.256691E-01,1.219818E+04,9.095301E+03,7.476487E-01,6.365258E-01,1.219794E+04,2.334239E+03,7.476344E-01,1.633594E-01,9.698212E+03,2.325272E+02,5.944213E-01,1.627421E-02,1.133936E+04,0.000000E+00,6.950103E-01,0.000000E+00,9.698395E+03,6.727198E+03,5.944325E-01,4.707964E-01,2.773213E+04,0.000000E+00,1.699753E+00,0.000000E+00,1.132522E+04,0.000000E+00,6.941433E-01,0.000000E+00,9.698212E+03,1.688310E+03,5.944213E-01,1.181547E-01,1.212652E+04,3.521291E+03,7.432568E-01,2.464341E-01,7.380803E+04,0.000000E+00,4.523830E+00,0.000000E+00,7.930333E+04,0.000000E+00,4.860647E+00,0.000000E+00,1.133941E+04,1.254678E+03,6.950133E-01,8.780594E-02 
18:15:00,1.219794E+04,3.459450E+03,7.476344E-01,2.421063E-01,1.133936E+04,0.000000E+00,6.950103E-01,0.000000E+00,9.644099E+03,1.657564E+03,5.911046E-01,1.160030E-01,1.219818E+04,9.018547E+03,7.476487E-01,6.311542E-01,1.219794E+04,2.442974E+03,7.476344E-01,1.709692E-01,9.698212E+03,2.758611E+02,5.944213E-01,1.930608E-02,1.133936E+04,0.000000E+00,6.950103E-01,0.000000E+00,9.698395E+03,6.671010E+03,5.944325E-01,4.668641E-01,2.773213E+04,0.000000E+00,1.699753E+00,0.000000E+00,1.132522E+04,0.000000E+00,6.941433E-01,0.000000E+00,9.698212E+03,1.562796E+03,5.944213E-01,1.093707E-01,1.212652E+04,3.400293E+03,7.432568E-01,2.379662E-01,7.380803E+04,0.000000E+00,4.523830E+00,0.000000E+00,7.930333E+04,0.000000E+00,4.860647E+00,0.000000E+00,1.133941E+04,1.144376E+03,6.950133E-01,8.008681E-02 
18:30:00,1.219794E+04,3.326795E+03,7.476344E-01,2.328225E-01,1.133936E+04,0.000000E+00,6.950103E-01,0.000000E+00,9.644099E+03,1.515224E+03,5.911046E-01,1.060415E-01,1.219818E+04,8.841203E+03,7.476487E-01,6.187430E-01,1.219794E+04,2.514298E+03,7.476344E-01,1.759607E-01,9.698212E+03,3.072171E+02,5.944213E-01,2.150055E-02,1.133936E+04,0.000000E+00,6.950103E-01,0.000000E+00,9.698395E+03,6.517732E+03,5.944325E-01,4.561371E-01,2.773213E+04,0.000000E+00,1.699753E+00,0.000000E+00,1.132522E+04,0.000000E+00,6.941433E-01,0.000000E+00,9.698212E+03,1.432033E+03,5.944213E-01,1.002194E-01,1.212652E+04,3.271786E+03,7.432568E-01,2.289728E-01,7.380803E+04,0.000000E+00,4.523830E+00,0.000000E+00,7.930333E+04,0.000000E+00,4.860647E+00,0.000000E+00,1.133941E+04,9.429916E+02,6.950133E-01,6.599341E-02 
18:45:00,1.219794E+04,3.189549E+03,7.476344E-01,2.232175E-01,1.133936E+04,0.000000E+00,6.950103E-01,0.000000E+00,9.644099E+03,1.371923E+03,5.911046E-01,9.601267E-02,1.219818E+04,8.565081E+03,7.476487E-01,5.994188E-01,1.219794E+04,2.538274E+03,7.476344E-01,1.776386E-01,9.698212E+03,3.110470E+02,5.944213E-01,2.176861E-02,1.133936E+04,0.000000E+00,6.950103E-01,0.000000E+00,9.698395E+03,6.269944E+03,5.944325E-01,4.387959E-01,2.773213E+04,0.000000E+00,1.699753E+00,0.000000E+00,1.132522E+04,0.000000E+00,6.941433E-01,0.000000E+00,9.698212E+03,1.299045E+03,5.944213E-01,9.091238E-02,1.212652E+04,3.138255E+03,7.432568E-01,2.196277E-01,7.380803E+04,0.000000E+00,4.523830E+00,0.000000E+00,7.930333E+04,0.000000E+00,4.860647E+00,0.000000E+00,1.133941E+04,6.397316E+02,6.950133E-01,4.477042E-02 
19:00:00,1.219794E+04,3.046477E+03,7.476344E-01,2.132047E-01,1.133936E+04,0.000000E+00,6.950103E-01,0.000000E+00,9.644099E+03,1.227938E+03,5.911046E-01,8.593607E-02,1.219818E+04,8.167255E+03,7.476487E-01,5.715774E-01,1.219794E+04,2.499000E+03,7.476344E-01,1.748901E-01,9.698212E+03,2.806109E+02,5.944213E-01,1.963854E-02,1.133936E+04,0.000000E+00,6.950103E-01,0.000000E+00,9.698395E+03,5.903294E+03,5.944325E-01,4.131363E-01,2.773213E+04,0.000000E+00,1.699753E+00,0.000000E+00,1.132522E+04,0.000000E+00,6.941433E-01,0.000000E+00,9.698212E+03,1.164167E+03,5.944213E-01,8.147307E-02,1.212652E+04,2.998778E+03,7.432568E-01,2.098665E-01,7.380803E+04,0.000000E+00,4.523830E+00,0.000000E+00,7.930333E+04,0.000000E+00,4.860647E+00,0.000000E+00,1.133941E+04,3.609189E+02,6.950133E-01,2.525828E-02 
19:15:00,1.219794E+04,2.900094E+03,7.476344E-01,2.029603E-01,1.133936E+04,0.000000E+00,6.950103E-01,0.000000E+00,9.644099E+03,1.087114E+03,5.911046E-01,7.608059E-02,1.219818E+04,7.645134E+03,7.476487E-01,5.350373E-01,1.219794E+04,2.390913E+03,7.476344E-01,1.673257E-01,9.698212E+03,2.119824E+02,5.944213E-01,1.483557E-02,1.133936E+04,0.000000E+00,6.950103E-01,0.000000E+00,9.698395E+03,5.415852E+03,5.944325E-01,3.790231E-01,2.773213E+04,0.000000E+00,1.699753E+00,0.000000E+00,1.132522E+04,0.000000E+00,6.941433E-01,0.000000E+00,9.698212E+03,1.031809E+03,5.944213E-01,7.221015E-02,1.212652E+04,2.855957E+03,7.432568E-01,1.998713E-01,7.380803E+04,0.000000E+00,4.523830E+00,0.000000E+00,7.930333E+04,0.000000E+00,4.860647E+00,0.000000E+00,1.133941E+04,1.434114E+02,6.950133E-01,1.003642E-02 
19:30:00,1.219794E+04,2.751185E+03,7.476344E-01,1.925390E-01,1.133936E+04,0.000000E+00,6.950103E-01,0.000000E+00,9.644099E+03,9.506155E+02,5.911046E-01,6.652790E-02,1.219818E+04,7.046774E+03,7.476487E-01,4.931616E-01,1.219794E+04,2.229372E+03,7.476344E-01,1.560204E-01,9.698212E+03,1.310138E+02,5.944213E-01,9.168983E-03,1.133936E+04,0.000000E+00,6.950103E-01,0.000000E+00,9.698395E+03,4.858358E+03,5.944325E-01,3.400074E-01,2.773213E+04,0.000000E+00,1.699753E+00,0.000000E+00,1.132522E+04,0.000000E+00,6.941433E-01,0.000000E+00,9.698212E+03,9.016527E+02,5.944213E-01,6.310129E-02,1.212652E+04,2.710635E+03,7.432568E-01,1.897012E-01,7.380803E+04,0.000000E+00,4.523830E+00,0.000000E+00,7.930333E+04,0.000000E+00,4.860647E+00,0.000000E+00,1.133941E+04,1.389528E+01,6.950133E-01,9.724430E-04 
19:45:00,1.219794E+04,2.605542E+03,7.476344E-01,1.823463E-01,1.133936E+04,0.000000E+00,6.950103E-01,0.000000E+00,9.644099E+03,8.181062E+02,5.911046E-01,5.725436E-02,1.219818E+04,6.443815E+03,7.476487E-01,4.509641E-01,1.219794E+04,2.045978E+03,7.476344E-01,1.431858E-01,9.698212E+03,6.103063E+01,5.944213E-01,4.271211E-03,1.133936E+04,0.000000E+00,6.950103E-01,0.000000E+00,9.698395E+03,4.303132E+03,5.944325E-01,3.011505E-01,2.773213E+04,0.000000E+00,1.699753E+00,0.000000E+00,1.132522E+04,0.000000E+00,6.941433E-01,0.000000E+00,9.698212E+03,7.744290E+02,5.944213E-01,5.419766E-02,1.212652E+04,2.568616E+03,7.432568E-01,1.797621E-01,7.380803E+04,0.000000E+00,4.523830E+00,0.000000E+00,7.930333E+04,0.000000E+00,4.860647E+00,0.000000E+00,1.133941E+04,0.000000E+00,6.950133E-01,0.000000E+00 
20:00:00,1.219794E+04,2.468432E+03,7.476344E-01,1.727508E-01,1.133936E+04,0.000000E+00,6.950103E-01,0.000000E+00,9.644099E+03,6.918819E+02,5.911046E-01,4.842068E-02,1.219818E+04,5.905317E+03,7.476487E-01,4.132779E-01,1.219794E+04,1.871989E+03,7.476344E-01,1.310093E-01,9.698212E+03,1.386289E+01,5.944213E-01,9.701851E-04,1.133936E+04,0.000000E+00,6.950103E-01,0.000000E+00,9.698395E+03,3.817581E+03,5.944325E-01,2.671697E-01,2.773213E+04,0.000000E+00,1.699753E+00,0.000000E+00,1.132522E+04,0.000000E+00,6.941433E-01,0.000000E+00,9.698212E+03,6.524712E+02,5.944213E-01,4.566256E-02,1.212652E+04,2.435277E+03,7.432568E-01,1.704305E-01,7.380803E+04,0.000000E+00,4.523830E+00,0.000000E+00,7.930333E+04,0.000000E+00,4.860647E+00,0.000000E+00,1.133941E+04,0.000000E+00,6.950133E-01,0.000000E+00 
20:15:00,1.219794E+04,2.342167E+03,7.476344E-01,1.639143E-01,1.133936E+04,0.000000E+00,6.950103E-01,0.000000E+00,9.644099E+03,5.710756E+02,5.911046E-01,3.996617E-02,1.219818E+04,5.472331E+03,7.476487E-01,3.829758E-01,1.219794E+04,1.729128E+03,7.476344E-01,1.210113E-01,9.698212E+03,0.000000E+00,5.944213E-01,0.000000E+00,1.133936E+04,0.000000E+00,6.950103E-01,0.000000E+00,9.698395E+03,3.438446E+03,5.944325E-01,2.406363E-01,2.773213E+04,0.000000E+00,1.699753E+00,0.000000E+00,1.132522E+04,0.000000E+00,6.941433E-01,0.000000E+00,9.698212E+03,5.346922E+02,5.944213E-01,3.741991E-02,1.212652E+04,2.312350E+03,7.432568E-01,1.618276E-01,7.380803E+04,0.000000E+00,4.523830E+00,0.000000E+00,7.930333E+04,0.000000E+00,4.860647E+00,0.000000E+00,1.133941E+04,0.000000E+00,6.950133E-01,0.000000E+00 
20:30:00,1.219794E+04,2.227870E+03,7.476344E-01,1.559153E-01,1.133936E+04,0.000000E+00,6.950103E-01,0.000000E+00,9.644099E+03,4.561571E+02,5.911046E-01,3.192371E-02,1.219818E+04,5.132021E+03,7.476487E-01,3.591595E-01,1.219794E+04,1.618242E+03,7.476344E-01,1.132511E-01,9.698212E+03,0.000000E+00,5.944213E-01,0.000000E+00,1.133936E+04,0.000000E+00,6.950103E-01,0.000000E+00,9.698395E+03,3.147300E+03,5.944325E-01,2.202607E-01,2.773213E+04,0.000000E+00,1.699753E+00,0.000000E+00,1.132522E+04,0.000000E+00,6.941433E-01,0.000000E+00,9.698212E+03,4.233298E+02,5.944213E-01,2.962633E-02,1.212652E+04,2.200970E+03,7.432568E-01,1.540328E-01,7.380803E+04,0.000000E+00,4.523830E+00,0.000000E+00,7.930333E+04,0.000000E+00,4.860647E+00,0.000000E+00,1.133941E+04,0.000000E+00,6.950133E-01,0.000000E+00 
20:45:00,1.219794E+04,2.121621E+03,7.476344E-01,1.484796E-01,1.133936E+04,0.000000E+00,6.950103E-01,0.000000E+00,9.644099E+03,3.480021E+02,5.911046E-01,2.435459E-02,1.219818E+04,4.845428E+03,7.476487E-01,3.391026E-01,1.219794E+04,1.524889E+03,7.476344E-01,1.067179E-01,9.698212E+03,0.000000E+00,5.944213E-01,0.000000E+00,1.133936E+04,0.000000E+00,6.950103E-01,0.000000E+00,9.698395E+03,2.901160E+03,5.944325E-01,2.030349E-01,2.773213E+04,0.000000E+00,1.699753E+00,0.000000E+00,1.132522E+04,0.000000E+00,6.941433E-01,0.000000E+00,9.698212E+03,3.185008E+02,5.944213E-01,2.228997E-02,1.212652E+04,2.097188E+03,7.432568E-01,1.467697E-01,7.380803E+04,0.000000E+00,4.523830E+00,0.000000E+00,7.930333E+04,0.000000E+00,4.860647E+00,0.000000E+00,1.133941E+04,0.000000E+00,6.950133E-01,0.000000E+00 
21:00:00,1.219794E+04,2.020354E+03,7.476344E-01,1.413925E-01,1.133936E+04,0.000000E+00,6.950103E-01,0.000000E+00,9.644099E+03,2.452392E+02,5.911046E-01,1.716283E-02,1.219818E+04,4.591188E+03,7.476487E-01,3.213098E-01,1.219794E+04,1.440996E+03,7.476344E-01,1.008467E-01,9.698212E+03,0.000000E+00,5.944213E-01,0.000000E+00,1.133936E+04,0.000000E+00,6.950103E-01,0.000000E+00,9.698395E+03,2.678239E+03,5.944325E-01,1.874340E-01,2.773213E+04,0.000000E+00,1.699753E+00,0.000000E+00,1.132522E+04,0.000000E+00,6.941433E-01,0.000000E+00,9.698212E+03,2.189874E+02,5.944213E-01,1.532562E-02,1.212652E+04,1.997766E+03,7.432568E-01,1.398117E-01,7.380803E+04,0.000000E+00,4.523830E+00,0.000000E+00,7.930333E+04,0.000000E+00,4.860647E+00,0.000000E+00,1.133941E+04,0.000000E+00,6.950133E-01,0.000000E+00 
21:15:00,1.219794E+04,1.921716E+03,7.476344E-01,1.344894E-01,1.133936E+04,0.000000E+00,6.950103E-01,0.000000E+00,9.644099E+03,1.467014E+02,5.911046E-01,1.026675E-02,1.219818E+04,4.358076E+03,7.476487E-01,3.049957E-01,1.219794E+04,1.362725E+03,7.476344E-01,9.536901E-02,9.698212E+03,0.000000E+00,5.944213E-01,0.000000E+00,1.133936E+04,0.000000E+00,6.950103E-01,0.000000E+00,9.698395E+03,2.468943E+03,5.944325E-01,1.727865E-01,2.773213E+04,0.000000E+00,1.699753E+00,0.000000E+00,1.132522E+04,0.000000E+00,6.941433E-01,0.000000E+00,9.698212E+03,1.273304E+02,5.944213E-01,8.911096E-03,1.212652E+04,1.900702E+03,7.432568E-01,1.330187E-01,7.380803E+04,0.000000E+00,4.523830E+00,0.000000E+00,7.930333E+04,0.000000E+00,4.860647E+00,0.000000E+00,1.133941E+04,0.000000E+00,6.950133E-01,0.000000E+00 
21:30:00,1.219794E+04,1.825216E+03,7.476344E-01,1.277360E-01,1.133936E+04,0.000000E+00,6.950103E-01,0.000000E+00,9.644099E+03,7.326427E+01,5.911046E-01,5.127329E-03,1.219818E+04,4.139666E+03,7.476487E-01,2.897105E-01,1.219794E+04,1.287365E+03,7.476344E-01,9.009496E-02,9.698212E+03,0.000000E+00,5.944213E-01,0.000000E+00,1.133936E+04,0.000000E+00,6.950103E-01,0.000000E+00,9.698395E+03,2.267963E+03,5.944325E-01,1.587212E-01,2.773213E+04,0.000000E+00,1.699753E+00,0.000000E+00,1.132522E+04,0.000000E+00,6.941433E-01,0.000000E+00,9.698212E+03,6.086262E+01,5.944213E-01,4.259411E-03,1.212652E+04,1.805756E+03,7.432568E-01,1.263741E-01,7.380803E+04,0.000000E+00,4.523830E+00,0.000000E+00,7.930333E+04,0.000000E+00,4.860647E+00,0.000000E+00,1.133941E+04,0.000000E+00,6.950133E-01,0.000000E+00 
21:45:00,1.219794E+04,1.730419E+03,7.476344E-01,1.211017E-01,1.133936E+04,0.000000E+00,6.950103E-01,0.000000E+00,9.644099E+03,2.510083E+01,5.911046E-01,1.756657E-03,1.219818E+04,3.931704E+03,7.476487E-01,2.751565E-01,1.219794E+04,1.213812E+03,7.476344E-01,8.494748E-02,9.698212E+03,0.000000E+00,5.944213E-01,0.000000E+00,1.133936E+04,0.000000E+00,6.950103E-01,0.000000E+00,9.698395E+03,2.074201E+03,5.944325E-01,1.451610E-01,2.773213E+04,0.000000E+00,1.699753E+00,0.000000E+00,1.132522E+04,0.000000E+00,6.941433E-01,0.000000E+00,9.698212E+03,1.884541E+01,5.944213E-01,1.318877E-03,1.212652E+04,1.712151E+03,7.432568E-01,1.198232E-01,7.380803E+04,0.000000E+00,4.523830E+00,0.000000E+00,7.930333E+04,0.000000E+00,4.860647E+00,0.000000E+00,1.133941E+04,0.000000E+00,6.950133E-01,0.000000E+00 
22:00:00,1.219794E+04,1.637011E+03,7.476344E-01,1.145646E-01,1.133936E+04,0.000000E+00,6.950103E-01,0.000000E+00,9.644099E+03,8.884507E-01,5.911046E-01,6.217736E-05,1.219818E+04,3.731401E+03,7.476487E-01,2.611385E-01,1.219794E+04,1.141103E+03,7.476344E-01,7.985895E-02,9.698212E+03,0.000000E+00,5.944213E-01,0.000000E+00,1.133936E+04,0.000000E+00,6.950103E-01,0.000000E+00,9.698395E+03,1.886911E+03,5.944325E-01,1.320536E-01,2.773213E+04,0.000000E+00,1.699753E+00,0.000000E+00,1.132522E+04,0.000000E+00,6.941433E-01,0.000000E+00,9.698212E+03,0.000000E+00,5.944213E-01,0.000000E+00,1.212652E+04,1.619910E+03,7.432568E-01,1.133678E-01,7.380803E+04,0.000000E+00,4.523830E+00,0.000000E+00,7.930333E+04,0.000000E+00,4.860647E+00,0.000000E+00,1.133941E+04,0.000000E+00,6.950133E-01,0.000000E+00 
22:15:00,1.219794E+04,1.545235E+03,7.476344E-01,1.081418E-01,1.133936E+04,0.000000E+00,6.950103E-01,0.000000E+00,9.644099E+03,0.000000E+00,5.911046E-01,0.000000E+00,1.219818E+04,3.537599E+03,7.476487E-01,2.475755E-01,1.219794E+04,1.069202E+03,7.476344E-01,7.482704E-02,9.698212E+03,0.000000E+00,5.944213E-01,0.000000E+00,1.133936E+04,0.000000E+00,6.950103E-01,0.000000E+00,9.698395E+03,1.706462E+03,5.944325E-01,1.194251E-01,2.773213E+04,0.000000E+00,1.699753E+00,0.000000E+00,1.132522E+04,0.000000E+00,6.941433E-01,0.000000E+00,9.698212E+03,0.000000E+00,5.944213E-01,0.000000E+00,1.212652E+04,1.529325E+03,7.432568E-01,1.070283E-01,7.380803E+04,0.000000E+00,4.523830E+00,0.000000E+00,7.930333E+04,0.000000E+00,4.860647E+00,0.000000E+00,1.133941E+04,0.000000E+00,6.950133E-01,0.000000E+00 
22:30:00,1.219794E+04,1.455118E+03,7.476344E-01,1.018350E-01,1.133936E+04,0.000000E+00,6.950103E-01,0.000000E+00,9.644099E+03,0.000000E+00,5.911046E-01,0.000000E+00,1.219818E+04,3.349404E+03,7.476487E-01,2.344047E-01,1.219794E+04,9.982737E+02,7.476344E-01,6.986321E-02,9.698212E+03,0.000000E+00,5.944213E-01,0.000000E+00,1.133936E+04,0.000000E+00,6.950103E-01,0.000000E+00,9.698395E+03,1.533430E+03,5.944325E-01,1.073156E-01,2.773213E+04,0.000000E+00,1.699753E+00,0.000000E+00,1.132522E+04,0.000000E+00,6.941433E-01,0.000000E+00,9.698212E+03,0.000000E+00,5.944213E-01,0.000000E+00,1.212652E+04,1.440113E+03,7.432568E-01,1.007849E-01,7.380803E+04,0.000000E+00,4.523830E+00,0.000000E+00,7.930333E+04,0.000000E+00,4.860647E+00,0.000000E+00,1.133941E+04,0.000000E+00,6.950133E-01,0.000000E+00 
22:45:00,1.219794E+04,1.366672E+03,7.476344E-01,9.564519E-02,1.133936E+04,0.000000E+00,6.950103E-01,0.000000E+00,9.644099E+03,0.000000E+00,5.911046E-01,0.000000E+00,1.219818E+04,3.167087E+03,7.476487E-01,2.216455E-01,1.219794E+04,9.279709E+02,7.476344E-01,6.494314E-02,9.698212E+03,0.000000E+00,5.944213E-01,0.000000E+00,1.133936E+04,0.000000E+00,6.950103E-01,0.000000E+00,9.698395E+03,1.368051E+03,5.944325E-01,9.574169E-02,2.773213E+04,0.000000E+00,1.699753E+00,0.000000E+00,1.132522E+04,0.000000E+00,6.941433E-01,0.000000E+00,9.698212E+03,0.000000E+00,5.944213E-01,0.000000E+00,1.212652E+04,1.352620E+03,7.432568E-01,9.466181E-02,7.380803E+04,0.000000E+00,4.523830E+00,0.000000E+00,7.930333E+04,0.000000E+00,4.860647E+00,0.000000E+00,1.133941E+04,0.000000E+00,6.950133E-01,0.000000E+00 
23:00:00,1.219794E+04,1.279915E+03,7.476344E-01,8.957361E-02,1.133936E+04,0.000000E+00,6.950103E-01,0.000000E+00,9.644099E+03,0.000000E+00,5.911046E-01,0.000000E+00,1.219818E+04,2.990653E+03,7.476487E-01,2.092980E-01,1.219794E+04,8.586761E+02,7.476344E-01,6.009361E-02,9.698212E+03,0.000000E+00,5.944213E-01,0.000000E+00,1.133936E+04,0.000000E+00,6.950103E-01,0.000000E+00,9.698395E+03,1.211665E+03,5.944325E-01,8.479721E-02,2.773213E+04,0.000000E+00,1.699753E+00,0.000000E+00,1.132522E+04,0.000000E+00,6.941433E-01,0.000000E+00,9.698212E+03,0.000000E+00,5.944213E-01,0.000000E+00,1.212652E+04,1.266554E+03,7.432568E-01,8.863854E-02,7.380803E+04,0.000000E+00,4.523830E+00,0.000000E+00,7.930333E+04,0.000000E+00,4.860647E+00,0.000000E+00,1.133941E+04,0.000000E+00,6.950133E-01,0.000000E+00 
23:15:00,1.219794E+04,1.194424E+03,7.476344E-01,8.359058E-02,1.133936E+04,0.000000E+00,6.950103E-01,0.000000E+00,9.644099E+03,0.000000E+00,5.911046E-01,0.000000E+00,1.219818E+04,2.819650E+03,7.476487E-01,1.973304E-01,1.219794E+04,7.897347E+02,7.476344E-01,5.526881E-02,9.698212E+03,0.000000E+00,5.944213E-01,0.000000E+00,1.133936E+04,0.000000E+00,6.950103E-01,0.000000E+00,9.698395E+03,1.063091E+03,5.944325E-01,7.439935E-02,2.773213E+04,0.000000E+00,1.699753E+00,0.000000E+00,1.132522E+04,0.000000E+00,6.941433E-01,0.000000E+00,9.698212E+03,0.000000E+00,5.944213E-01,0.000000E+00,1.212652E+04,1.181663E+03,7.432568E-01,8.269754E-02,7.380803E+04,0.000000E+00,4.523830E+00,0.000000E+00,7.930333E+04,0.000000E+00,4.860647E+00,0.000000E+00,1.133941E+04,0.000000E+00,6.950133E-01,0.000000E+00 
23:30:00,1.219794E+04,1.110068E+03,7.476344E-01,7.768704E-02,1.133936E+04,0.000000E+00,6.950103E-01,0.000000E+00,9.644099E+03,0.000000E+00,5.911046E-01,0.000000E+00,1.219818E+04,2.653832E+03,7.476487E-01,1.857258E-01,1.219794E+04,7.211899E+02,7.476344E-01,5.047177E-02,9.698212E+03,0.000000E+00,5.944213E-01,0.000000E+00,1.133936E+04,0.000000E+00,6.950103E-01,0.000000E+00,9.698395E+03,9.197783E+02,5.944325E-01,6.436979E-02,2.773213E+04,0.000000E+00,1.699753E+00,0.000000E+00,1.132522E+04,0.000000E+00,6.941433E-01,0.000000E+00,9.698212E+03,0.000000E+00,5.944213E-01,0.000000E+00,1.212652E+04,1.097828E+03,7.432568E-01,7.683045E-02,7.380803E+04,0.000000E+00,4.523830E+00,0.000000E+00,7.930333E+04,0.000000E+00,4.860647E+00,0.000000E+00,1.133941E+04,0.000000E+00,6.950133E-01,0.000000E+00 
23:45:00,1.219794E+04,1.026807E+03,7.476344E-01,7.186010E-02,1.133936E+04,0.000000E+00,6.950103E-01,0.000000E+00,9.644099E+03,0.000000E+00,5.911046E-01,0.000000E+00,1.219818E+04,2.493030E+03,7.476487E-01,1.744723E-01,1.219794E+04,6.531067E+02,7.476344E-01,4.570704E-02,9.698212E+03,0.000000E+00,5.944213E-01,0.000000E+00,1.133936E+04,0.000000E+00,6.950103E-01,0.000000E+00,9.698395E+03,7.806245E+02,5.944325E-01,5.463124E-02,2.773213E+04,0.000000E+00,1.699753E+00,0.000000E+00,1.132522E+04,0.000000E+00,6.941433E-01,0.000000E+00,9.698212E+03,0.000000E+00,5.944213E-01,0.000000E+00,1.212652E+04,1.015024E+03,7.432568E-01,7.103548E-02,7.380803E+04,0.000000E+00,4.523830E+00,0.000000E+00,7.930333E+04,0.000000E+00,4.860647E+00,0.000000E+00,1.133941E+04,0.000000E+00,6.950133E-01,0.000000E+00 
24:00:00,1.219794E+04,9.446425E+02,7.476344E-01,6.610988E-02,1.133936E+04,0.000000E+00,6.950103E-01,0.000000E+00,9.644099E+03,0.000000E+00,5.911046E-01,0.000000E+00,1.219818E+04,2.337104E+03,7.476487E-01,1.635599E-01,1.219794E+04,5.855695E+02,7.476344E-01,4.098051E-02,9.698212E+03,0.000000E+00,5.944213E-01,0.000000E+00,1.133936E+04,0.000000E+00,6.950103E-01,0.000000E+00,9.698395E+03,6.440709E+02,5.944325E-01,4.507468E-02,2.773213E+04,0.000000E+00,1.699753E+00,0.000000E+00,1.132522E+04,0.000000E+00,6.941433E-01,0.000000E+00,9.698212E+03,0.000000E+00,5.944213E-01,0.000000E+00,1.212652E+04,9.332642E+02,7.432568E-01,6.531359E-02,7.380803E+04,0.000000E+00,4.523830E+00,0.000000E+00,7.930333E+04,0.000000E+00,4.860647E+00,0.000000E+00,1.133941E+04,0.000000E+00,6.950133E-01,0.000000E+00 
Peak,1.219794E+04,5.217879E+03,7.476344E-01,3.651682E-01,1.133936E+04,0.000000E+00,6.950103E-01,0.000000E+00,9.644099E+03,5.222736E+03,5.911046E-01,3.655081E-01,1.219818E+04,9.095301E+03,7.476487E-01,6.365258E-01,1.219794E+04,2.538274E+03,7.476344E-01,1.776386E-01,9.698212E+03,3.110470E+02,5.944213E-01,2.176861E-02,1.133936E+04,0.000000E+00,6.950103E-01,0.000000E+00,9.698395E+03,6.727198E+03,5.944325E-01,4.707964E-01,2.773213E+04,0.000000E+00,1.699753E+00,0.000000E+00,1.132522E+04,1.489784E+01,6.941433E-01,1.043450E-03,9.698212E+03,3.156090E+03,5.944213E-01,2.208759E-01,1.212652E+04,7.128330E+03,7.432568E-01,4.988693E-01,7.380803E+04,0.000000E+00,4.523830E+00,0.000000E+00,7.930333E+04,0.000000E+00,4.860647E+00,0.000000E+00,1.133941E+04,1.284178E+03,6.950133E-01,8.987045E-02 

Peak Vol Flow (m3/s),,,6.209469E-01,3.032900E-01,,,5.772400E-01,0.000000E+00,,,4.909412E-01,3.035723E-01,,,6.209587E-01,5.286657E-01,,,6.209469E-01,1.475376E-01,,,4.936959E-01,1.807989E-02,,,5.772400E-01,0.000000E+00,,,4.937052E-01,3.910194E-01,,,1.411728E+00,0.000000E+00,,,5.765199E-01,8.666362E-04,,,4.936959E-01,1.834482E-01,,,6.173110E-01,4.143353E-01,,,3.757262E+00,0.000000E+00,,,4.037004E+00,0.000000E+00,,,5.772425E-01,7.464180E-02 
