Time,THERMAL ZONE 1:PHILADELPHIA INTERNATIONAL AP ANN HTG 99.6% CONDNS DB:Des Heat Load [W],THERMAL ZONE 1:PHILADELPHIA INTERNATIONAL AP ANN CLG .4% CONDNS DB=>MWB:Des Sens Cool Load [W],THERMAL ZONE 1:PHILADELPHIA INTERNATIONAL AP ANN HTG 99.6% CONDNS DB:Des Heat Mass Flow [kg/s],THERMAL ZONE 1:PHILADELPHIA INTERNATIONAL AP ANN CLG .4% CONDNS DB=>MWB:Des Cool Mass Flow [kg/s],THERMAL ZONE 2:PHILADELPHIA INTERNATIONAL AP ANN HTG 99.6% CONDNS DB:Des Heat Load [W],THERMAL ZONE 2:PHILADELPHIA INTERNATIONAL AP ANN CLG .4% CONDNS DB=>MWB:Des Sens Cool Load [W],THERMAL ZONE 2:PHILADELPHIA INTERNATIONAL AP ANN HTG 99.6% CONDNS DB:Des Heat Mass Flow [kg/s],THERMAL ZONE 2:PHILADELPHIA INTERNATIONAL AP ANN CLG .4% CONDNS DB=>MWB:Des Cool Mass Flow [kg/s],THERMAL ZONE 15:PHILADELPHIA INTERNATIONAL AP ANN HTG 99.6% CONDNS DB:Des Heat Load [W],THERMAL ZONE 15:PHILADELPHIA INTERNATIONAL AP ANN CLG .4% CONDNS DB=>MWB:Des Sens Cool Load [W],THERMAL ZONE 15:PHILADELPHIA INTERNATIONAL AP ANN HTG 99.6% CONDNS DB:Des Heat Mass Flow [kg/s],THERMAL ZONE 15:PHILADELPHIA INTERNATIONAL AP ANN CLG .4% CONDNS DB=>MWB:Des Cool Mass Flow [kg/s],THERMAL ZONE 3:PHILADELPHIA INTERNATIONAL AP ANN HTG 99.6% CONDNS DB:Des Heat Load [W],THERMAL ZONE 3:PHILADELPHIA INTERNATIONAL AP ANN CLG .4% CONDNS DB=>MWB:Des Sens Cool Load [W],THERMAL ZONE 3:PHILADELPHIA INTERNATIONAL AP ANN HTG 99.6% CONDNS DB:Des Heat Mass Flow [kg/s],THERMAL ZONE 3:PHILADELPHIA INTERNATIONAL AP ANN CLG .4% CONDNS DB=>MWB:Des Cool Mass Flow [kg/s],THERMAL ZONE 10:PHILADELPHIA INTERNATIONAL AP ANN HTG 99.6% CONDNS DB:Des Heat Load [W],THERMAL ZONE 10:PHILADELPHIA INTERNATIONAL AP ANN CLG .4% CONDNS DB=>MWB:Des Sens Cool Load [W],THERMAL ZONE 10:PHILADELPHIA INTERNATIONAL AP ANN HTG 99.6% CONDNS DB:Des Heat Mass Flow [kg/s],THERMAL ZONE 10:PHILADELPHIA INTERNATIONAL AP ANN CLG .4% CONDNS DB=>MWB:Des Cool Mass Flow [kg/s],THERMAL ZONE 8:PHILADELPHIA INTERNATIONAL AP ANN HTG 99.6% CONDNS DB:Des Heat Load [W],THERMAL ZONE 8:PHILADELPHIA INTERNATIONAL AP ANN CLG .4% CONDNS DB=>MWB:Des Sens Cool Load [W],THERMAL ZONE 8:PHILADELPHIA INTERNATIONAL AP ANN HTG 99.6% CONDNS DB:Des Heat Mass Flow [kg/s],THERMAL ZONE 8:PHILADELPHIA INTERNATIONAL AP ANN CLG .4% CONDNS DB=>MWB:Des Cool Mass Flow [kg/s],THERMAL ZONE 6:PHILADELPHIA INTERNATIONAL AP ANN HTG 99.6% CONDNS DB:Des Heat Load [W],THERMAL ZONE 6:PHILADELPHIA INTERNATIONAL AP ANN CLG .4% CONDNS DB=>MWB:Des Sens Cool Load [W],THERMAL ZONE 6:PHILADELPHIA INTERNATIONAL AP ANN HTG 99.6% CONDNS DB:Des Heat Mass Flow [kg/s],THERMAL ZONE 6:PHILADELPHIA INTERNATIONAL AP ANN CLG .4% CONDNS DB=>MWB:Des Cool Mass Flow [kg/s],THERMAL ZONE 5:PHILADELPHIA INTERNATIONAL AP ANN HTG 99.6% CONDNS DB:Des Heat Load [W],THERMAL ZONE 5:PHILADELPHIA INTERNATIONAL AP ANN CLG .4% CONDNS DB=>MWB:Des Sens Cool Load [W],THERMAL ZONE 5:PHILADELPHIA INTERNATIONAL AP ANN HTG 99.6% CONDNS DB:Des Heat Mass Flow [kg/s],THERMAL ZONE 5:PHILADELPHIA INTERNATIONAL AP ANN CLG .4% CONDNS DB=>MWB:Des Cool Mass Flow [kg/s],THERMAL ZONE 13:PHILADELPHIA INTERNATIONAL AP ANN HTG 99.6% CONDNS DB:Des Heat Load [W],THERMAL ZONE 13:PHILADELPHIA INTERNATIONAL AP ANN CLG .4% CONDNS DB=>MWB:Des Sens Cool Load [W],THERMAL ZONE 13:PHILADELPHIA INTERNATIONAL AP ANN HTG 99.6% CONDNS DB:Des Heat Mass Flow [kg/s],THERMAL ZONE 13:PHILADELPHIA INTERNATIONAL AP ANN CLG .4% CONDNS DB=>MWB:Des Cool Mass Flow [kg/s],THERMAL ZONE 12:PHILADELPHIA INTERNATIONAL AP ANN HTG 99.6% CONDNS DB:Des Heat Load [W],THERMAL ZONE 12:PHILADELPHIA INTERNATIONAL AP ANN CLG .4% CONDNS DB=>MWB:Des Sens Cool Load [W],THERMAL ZONE 12:PHILADELPHIA INTERNATIONAL AP ANN HTG 99.6% CONDNS DB:Des Heat Mass Flow [kg/s],THERMAL ZONE 12:PHILADELPHIA INTERNATIONAL AP ANN CLG .4% CONDNS DB=>MWB:Des Cool Mass Flow [kg/s],THERMAL ZONE 14:PHILADELPHIA INTERNATIONAL AP ANN HTG 99.6% CONDNS DB:Des Heat Load [W],THERMAL ZONE 14:PHILADELPHIA INTERNATIONAL AP ANN CLG .4% CONDNS DB=>MWB:Des Sens Cool Load [W],THERMAL ZONE 14:PHILADELPHIA INTERNATIONAL AP ANN HTG 99.6% CONDNS DB:Des Heat Mass Flow [kg/s],THERMAL ZONE 14:PHILADELPHIA INTERNATIONAL AP ANN CLG .4% CONDNS DB=>MWB:Des Cool Mass Flow [kg/s],THERMAL ZONE 4:PHILADELPHIA INTERNATIONAL AP ANN HTG 99.6% CONDNS DB:Des Heat Load [W],THERMAL ZONE 4:PHILADELPHIA INTERNATIONAL AP ANN CLG .4% CONDNS DB=>MWB:Des Sens Cool Load [W],THERMAL ZONE 4:PHILADELPHIA INTERNATIONAL AP ANN HTG 99.6% CONDNS DB:Des Heat Mass Flow [kg/s],THERMAL ZONE 4:PHILADELPHIA INTERNATIONAL AP ANN CLG .4% CONDNS DB=>MWB:Des Cool Mass Flow [kg/s],THERMAL ZONE 7:PHILADELPHIA INTERNATIONAL AP ANN HTG 99.6% CONDNS DB:Des Heat Load [W],THERMAL ZONE 7:PHILADELPHIA INTERNATIONAL AP ANN CLG .4% CONDNS DB=>MWB:Des Sens Cool Load [W],THERMAL ZONE 7:PHILADELPHIA INTERNATIONAL AP ANN HTG 99.6% CONDNS DB:Des Heat Mass Flow [kg/s],THERMAL ZONE 7:PHILADELPHIA INTERNATIONAL AP ANN CLG .4% CONDNS DB=>MWB:Des Cool Mass Flow [kg/s],THERMAL ZONE 9:PHILADELPHIA INTERNATIONAL AP ANN HTG 99.6% CONDNS DB:Des Heat Load [W],THERMAL ZONE 9:PHILADELPHIA INTERNATIONAL AP ANN CLG .4% CONDNS DB=>MWB:Des Sens Cool Load [W],THERMAL ZONE 9:PHILADELPHIA INTERNATIONAL AP ANN HTG 99.6% CONDNS DB:Des Heat Mass Flow [kg/s],THERMAL ZONE 9:PHILADELPHIA INTERNATIONAL AP ANN CLG .4% CONDNS DB=>MWB:Des Cool Mass Flow [kg/s],THERMAL ZONE 11:PHILADELPHIA INTERNATIONAL AP ANN HTG 99.6% CONDNS DB:Des Heat Load [W],THERMAL ZONE 11:PHILADELPHIA INTERNATIONAL AP ANN CLG .4% CONDNS DB=>MWB:Des Sens Cool Load [W],THERMAL ZONE 11:PHILADELPHIA INTERNATIONAL AP ANN HTG 99.6% CONDNS DB:Des Heat Mass Flow [kg/s],THERMAL ZONE 11:PHILADELPHIA INTERNATIONAL AP ANN CLG .4% CONDNS DB=>MWB:Des Cool Mass Flow [kg/s] 
00:15:00,3.028054E+02,9.104227E+01,1.855950E-02,6.371505E-03,1.799011E+03,1.568435E+02,1.102647E-01,1.097654E-02,1.647406E+03,1.191139E+02,1.009726E-01,8.336074E-03,1.699710E+03,0.000000E+00,1.041784E-01,0.000000E+00,3.976869E+02,0.000000E+00,2.437496E-02,0.000000E+00,1.647406E+03,1.788961E+02,1.009726E-01,1.251987E-02,3.963529E+02,1.384738E+02,2.429320E-02,9.690953E-03,1.771800E+03,2.178205E+02,1.085969E-01,1.524395E-02,1.671864E+03,1.112768E+02,1.024716E-01,7.787601E-03,1.683169E+03,0.000000E+00,1.031645E-01,0.000000E+00,1.683169E+03,0.000000E+00,1.031645E-01,0.000000E+00,1.799011E+03,3.755416E+02,1.102647E-01,2.628191E-02,1.771800E+03,1.653701E+02,1.085969E-01,1.157326E-02,1.699710E+03,0.000000E+00,1.041784E-01,0.000000E+00,1.671864E+03,3.602183E+02,1.024716E-01,2.520953E-02 
00:30:00,3.028054E+02,8.531145E+01,1.855950E-02,5.970439E-03,1.799011E+03,1.415272E+02,1.102647E-01,9.904641E-03,1.647406E+03,1.034150E+02,1.009726E-01,7.237395E-03,1.699710E+03,0.000000E+00,1.041784E-01,0.000000E+00,3.976869E+02,0.000000E+00,2.437496E-02,0.000000E+00,1.647406E+03,1.602359E+02,1.009726E-01,1.121395E-02,3.963529E+02,1.322332E+02,2.429320E-02,9.254213E-03,1.771800E+03,1.996072E+02,1.085969E-01,1.396931E-02,1.671864E+03,9.619218E+01,1.024716E-01,6.731916E-03,1.683169E+03,0.000000E+00,1.031645E-01,0.000000E+00,1.683169E+03,0.000000E+00,1.031645E-01,0.000000E+00,1.799011E+03,3.484074E+02,1.102647E-01,2.438295E-02,1.771800E+03,1.496549E+02,1.085969E-01,1.047346E-02,1.699710E+03,0.000000E+00,1.041784E-01,0.000000E+00,1.671864E+03,3.312806E+02,1.024716E-01,2.318435E-02 
00:45:00,3.028054E+02,7.977291E+01,1.855950E-02,5.582829E-03,1.799011E+03,1.268126E+02,1.102647E-01,8.874855E-03,1.647406E+03,8.837088E+01,1.009726E-01,6.184550E-03,1.699710E+03,0.000000E+00,1.041784E-01,0.000000E+00,3.976869E+02,0.000000E+00,2.437496E-02,0.000000E+00,1.647406E+03,1.423496E+02,1.009726E-01,9.962198E-03,3.963529E+02,1.261984E+02,2.429320E-02,8.831870E-03,1.771800E+03,1.821029E+02,1.085969E-01,1.274430E-02,1.671864E+03,8.173357E+01,1.024716E-01,5.720044E-03,1.683169E+03,0.000000E+00,1.031645E-01,0.000000E+00,1.683169E+03,0.000000E+00,1.031645E-01,0.000000E+00,1.799011E+03,3.223505E+02,1.102647E-01,2.255938E-02,1.771800E+03,1.345358E+02,1.085969E-01,9.415359E-03,1.699710E+03,0.000000E+00,1.041784E-01,0.000000E+00,1.671864E+03,3.035495E+02,1.024716E-01,2.124361E-02 
01:00:00,3.028054E+02,7.441331E+01,1.855950E-02,5.207743E-03,1.799011E+03,1.126790E+02,1.102647E-01,7.885733E-03,1.647406E+03,7.396809E+01,1.009726E-01,5.176585E-03,1.699710E+03,0.000000E+00,1.041784E-01,0.000000E+00,3.976869E+02,0.000000E+00,2.437496E-02,0.000000E+00,1.647406E+03,1.252163E+02,1.009726E-01,8.763140E-03,3.963529E+02,1.203539E+02,2.429320E-02,8.422854E-03,1.771800E+03,1.652894E+02,1.085969E-01,1.156761E-02,1.671864E+03,6.788568E+01,1.024716E-01,4.750913E-03,1.683169E+03,0.000000E+00,1.031645E-01,0.000000E+00,1.683169E+03,0.000000E+00,1.031645E-01,0.000000E+00,1.799011E+03,2.974330E+02,1.102647E-01,2.081556E-02,1.771800E+03,1.199986E+02,1.085969E-01,8.397987E-03,1.699710E+03,0.000000E+00,1.041784E-01,0.000000E+00,1.671864E+03,2.770470E+02,1.024716E-01,1.938887E-02 
01:15:00,3.028054E+02,6.922232E+01,1.855950E-02,4.844456E-03,1.799011E+03,9.919191E+01,1.102647E-01,6.941849E-03,1.647406E+03,6.027955E+01,1.009726E-01,4.218605E-03,1.699710E+03,0.000000E+00,1.041784E-01,0.000000E+00,3.976869E+02,0.000000E+00,2.437496E-02,0.000000E+00,1.647406E+03,1.089021E+02,1.009726E-01,7.621406E-03,3.963529E+02,1.146877E+02,2.429320E-02,8.026306E-03,1.771800E+03,1.492321E+02,1.085969E-01,1.044386E-02,1.671864E+03,5.472086E+01,1.024716E-01,3.829586E-03,1.683169E+03,0.000000E+00,1.031645E-01,0.000000E+00,1.683169E+03,0.000000E+00,1.031645E-01,0.000000E+00,1.799011E+03,2.737194E+02,1.102647E-01,1.915599E-02,1.771800E+03,1.061132E+02,1.085969E-01,7.426231E-03,1.699710E+03,0.000000E+00,1.041784E-01,0.000000E+00,1.671864E+03,2.518398E+02,1.024716E-01,1.762477E-02 
01:30:00,3.028054E+02,6.419247E+01,1.855950E-02,4.492447E-03,1.799011E+03,8.634426E+01,1.102647E-01,6.042719E-03,1.647406E+03,4.730365E+01,1.009726E-01,3.310500E-03,1.699710E+03,0.000000E+00,1.041784E-01,0.000000E+00,3.976869E+02,0.000000E+00,2.437496E-02,0.000000E+00,1.647406E+03,9.339908E+01,1.009726E-01,6.536444E-03,3.963529E+02,1.091902E+02,2.429320E-02,7.641570E-03,1.771800E+03,1.339241E+02,1.085969E-01,9.372549E-03,1.671864E+03,4.223760E+01,1.024716E-01,2.955957E-03,1.683169E+03,0.000000E+00,1.031645E-01,0.000000E+00,1.683169E+03,0.000000E+00,1.031645E-01,0.000000E+00,1.799011E+03,2.511857E+02,1.102647E-01,1.757899E-02,1.771800E+03,9.287598E+01,1.085969E-01,6.499835E-03,1.699710E+03,0.000000E+00,1.041784E-01,0.000000E+00,1.671864E+03,2.279016E+02,1.024716E-01,1.594947E-02 
01:45:00,3.028054E+02,5.931882E+01,1.855950E-02,4.151370E-03,1.799011E+03,7.413109E+01,1.102647E-01,5.187992E-03,1.647406E+03,3.504119E+01,1.009726E-01,2.452323E-03,1.699710E+03,0.000000E+00,1.041784E-01,0.000000E+00,3.976869E+02,0.000000E+00,2.437496E-02,0.000000E+00,1.647406E+03,7.869891E+01,1.009726E-01,5.507667E-03,3.963529E+02,1.038546E+02,2.429320E-02,7.268160E-03,1.771800E+03,1.193576E+02,1.085969E-01,8.353129E-03,1.671864E+03,3.043715E+01,1.024716E-01,2.130114E-03,1.683169E+03,0.000000E+00,1.031645E-01,0.000000E+00,1.683169E+03,0.000000E+00,1.031645E-01,0.000000E+00,1.799011E+03,2.298021E+02,1.102647E-01,1.608247E-02,1.771800E+03,8.028418E+01,1.085969E-01,5.618610E-03,1.699710E+03,0.000000E+00,1.041784E-01,0.000000E+00,1.671864E+03,2.051998E+02,1.024716E-01,1.436071E-02 
02:00:00,3.028054E+02,5.459823E+01,1.855950E-02,3.821004E-03,1.799011E+03,6.254848E+01,1.102647E-01,4.377394E-03,1.647406E+03,2.349584E+01,1.009726E-01,1.644334E-03,1.699710E+03,0.000000E+00,1.041784E-01,0.000000E+00,3.976869E+02,0.000000E+00,2.437496E-02,0.000000E+00,1.647406E+03,6.479438E+01,1.009726E-01,4.534571E-03,3.963529E+02,9.867556E+01,2.429320E-02,6.905713E-03,1.771800E+03,1.055248E+02,1.085969E-01,7.385051E-03,1.671864E+03,1.932382E+01,1.024716E-01,1.352359E-03,1.683169E+03,0.000000E+00,1.031645E-01,0.000000E+00,1.683169E+03,0.000000E+00,1.031645E-01,0.000000E+00,1.799011E+03,2.095372E+02,1.102647E-01,1.466425E-02,1.771800E+03,6.833547E+01,1.085969E-01,4.782391E-03,1.699710E+03,0.000000E+00,1.041784E-01,0.000000E+00,1.671864E+03,1.837012E+02,1.024716E-01,1.285615E-02 
02:15:00,3.028054E+02,5.002873E+01,1.855950E-02,3.501212E-03,1.799011E+03,5.151373E+01,1.102647E-01,3.605138E-03,1.647406E+03,1.332955E+01,1.009726E-01,9.328553E-04,1.699710E+03,0.000000E+00,1.041784E-01,0.000000E+00,3.976869E+02,0.000000E+00,2.437496E-02,0.000000E+00,1.647406E+03,5.159782E+01,1.009726E-01,3.611023E-03,3.963529E+02,9.364907E+01,2.429320E-02,6.553939E-03,1.771800E+03,9.233898E+01,1.085969E-01,6.462254E-03,1.671864E+03,1.036055E+01,1.024716E-01,7.250727E-04,1.683169E+03,0.000000E+00,1.031645E-01,0.000000E+00,1.683169E+03,0.000000E+00,1.031645E-01,0.000000E+00,1.799011E+03,1.902842E+02,1.102647E-01,1.331685E-02,1.771800E+03,5.694836E+01,1.085969E-01,3.985475E-03,1.699710E+03,0.000000E+00,1.041784E-01,0.000000E+00,1.671864E+03,1.632942E+02,1.024716E-01,1.142798E-02 
02:30:00,3.028054E+02,4.560847E+01,1.855950E-02,3.191864E-03,1.799011E+03,4.101258E+01,1.102647E-01,2.870225E-03,1.647406E+03,6.117789E+00,1.009726E-01,4.281475E-04,1.699710E+03,0.000000E+00,1.041784E-01,0.000000E+00,3.976869E+02,0.000000E+00,2.437496E-02,0.000000E+00,1.647406E+03,3.909125E+01,1.009726E-01,2.735763E-03,3.963529E+02,8.877086E+01,2.429320E-02,6.212542E-03,1.771800E+03,7.977760E+01,1.085969E-01,5.583158E-03,1.671864E+03,4.240234E+00,1.024716E-01,2.967487E-04,1.683169E+03,0.000000E+00,1.031645E-01,0.000000E+00,1.683169E+03,0.000000E+00,1.031645E-01,0.000000E+00,1.799011E+03,1.719948E+02,1.102647E-01,1.203689E-02,1.771800E+03,4.610913E+01,1.085969E-01,3.226902E-03,1.699710E+03,0.000000E+00,1.041784E-01,0.000000E+00,1.671864E+03,1.439295E+02,1.024716E-01,1.007277E-02 
02:45:00,3.028054E+02,4.133471E+01,1.855950E-02,2.892770E-03,1.799011E+03,3.103377E+01,1.102647E-01,2.171868E-03,1.647406E+03,1.720505E+00,1.009726E-01,1.204079E-04,1.699710E+03,0.000000E+00,1.041784E-01,0.000000E+00,3.976869E+02,0.000000E+00,2.437496E-02,0.000000E+00,1.647406E+03,2.726373E+01,1.009726E-01,1.908026E-03,3.963529E+02,8.403639E+01,2.429320E-02,5.881205E-03,1.771800E+03,6.782225E+01,1.085969E-01,4.746474E-03,1.671864E+03,8.302139E-01,1.024716E-01,5.810171E-05,1.683169E+03,0.000000E+00,1.031645E-01,0.000000E+00,1.683169E+03,0.000000E+00,1.031645E-01,0.000000E+00,1.799011E+03,1.546266E+02,1.102647E-01,1.082139E-02,1.771800E+03,3.580686E+01,1.085969E-01,2.505908E-03,1.699710E+03,0.000000E+00,1.041784E-01,0.000000E+00,1.671864E+03,1.255651E+02,1.024716E-01,8.787549E-03 
03:00:00,3.028054E+02,3.720318E+01,1.855950E-02,2.603629E-03,1.799011E+03,2.156940E+01,1.102647E-01,1.509514E-03,1.647406E+03,0.000000E+00,1.009726E-01,0.000000E+00,1.699710E+03,0.000000E+00,1.041784E-01,0.000000E+00,3.976869E+02,0.000000E+00,2.437496E-02,0.000000E+00,1.647406E+03,1.608003E+01,1.009726E-01,1.125345E-03,3.963529E+02,7.944113E+01,2.429320E-02,5.559610E-03,1.771800E+03,5.645736E+01,1.085969E-01,3.951113E-03,1.671864E+03,0.000000E+00,1.024716E-01,0.000000E+00,1.683169E+03,0.000000E+00,1.031645E-01,0.000000E+00,1.683169E+03,0.000000E+00,1.031645E-01,0.000000E+00,1.799011E+03,1.381415E+02,1.102647E-01,9.667695E-03,1.771800E+03,2.603386E+01,1.085969E-01,1.821954E-03,1.699710E+03,0.000000E+00,1.041784E-01,0.000000E+00,1.671864E+03,1.081623E+02,1.024716E-01,7.569636E-03 
03:15:00,3.028054E+02,3.320796E+01,1.855950E-02,2.324027E-03,1.799011E+03,1.265666E+01,1.102647E-01,8.857642E-04,1.647406E+03,0.000000E+00,1.009726E-01,0.000000E+00,1.699710E+03,0.000000E+00,1.041784E-01,0.000000E+00,3.976869E+02,0.000000E+00,2.437496E-02,0.000000E+00,1.647406E+03,7.908580E+00,1.009726E-01,5.534743E-04,3.963529E+02,7.498066E+01,2.429320E-02,5.247449E-03,1.771800E+03,4.558869E+01,1.085969E-01,3.190480E-03,1.671864E+03,0.000000E+00,1.024716E-01,0.000000E+00,1.683169E+03,0.000000E+00,1.031645E-01,0.000000E+00,1.683169E+03,0.000000E+00,1.031645E-01,0.000000E+00,1.799011E+03,1.224241E+02,1.102647E-01,8.567728E-03,1.771800E+03,1.670499E+01,1.085969E-01,1.169083E-03,1.699710E+03,0.000000E+00,1.041784E-01,0.000000E+00,1.671864E+03,9.160215E+01,1.024716E-01,6.410688E-03 
03:30:00,3.028054E+02,2.934209E+01,1.855950E-02,2.053477E-03,1.799011E+03,6.162535E+00,1.102647E-01,4.312790E-04,1.647406E+03,0.000000E+00,1.009726E-01,0.000000E+00,1.699710E+03,0.000000E+00,1.041784E-01,0.000000E+00,3.976869E+02,0.000000E+00,2.437496E-02,0.000000E+00,1.647406E+03,2.597568E+00,1.009726E-01,1.817883E-04,3.963529E+02,7.065017E+01,2.429320E-02,4.944383E-03,1.771800E+03,3.519557E+01,1.085969E-01,2.463128E-03,1.671864E+03,0.000000E+00,1.024716E-01,0.000000E+00,1.683169E+03,0.000000E+00,1.031645E-01,0.000000E+00,1.683169E+03,0.000000E+00,1.031645E-01,0.000000E+00,1.799011E+03,1.074303E+02,1.102647E-01,7.518404E-03,1.771800E+03,9.058973E+00,1.085969E-01,6.339834E-04,1.699710E+03,0.000000E+00,1.041784E-01,0.000000E+00,1.671864E+03,7.583982E+01,1.024716E-01,5.307576E-03 
03:45:00,3.028054E+02,2.559951E+01,1.855950E-02,1.791557E-03,1.799011E+03,1.978770E+00,1.102647E-01,1.384823E-04,1.647406E+03,0.000000E+00,1.009726E-01,0.000000E+00,1.699710E+03,0.000000E+00,1.041784E-01,0.000000E+00,3.976869E+02,0.000000E+00,2.437496E-02,0.000000E+00,1.647406E+03,0.000000E+00,1.009726E-01,0.000000E+00,3.963529E+02,6.644418E+01,2.429320E-02,4.650031E-03,1.771800E+03,2.526298E+01,1.085969E-01,1.768005E-03,1.671864E+03,0.000000E+00,1.024716E-01,0.000000E+00,1.683169E+03,0.000000E+00,1.031645E-01,0.000000E+00,1.683169E+03,0.000000E+00,1.031645E-01,0.000000E+00,1.799011E+03,9.312233E+01,1.102647E-01,6.517076E-03,1.771800E+03,3.798606E+00,1.085969E-01,2.658417E-04,1.699710E+03,0.000000E+00,1.041784E-01,0.000000E+00,1.671864E+03,6.083953E+01,1.024716E-01,4.257795E-03 
04:00:00,3.028054E+02,2.197798E+01,1.855950E-02,1.538108E-03,1.799011E+03,0.000000E+00,1.102647E-01,0.000000E+00,1.647406E+03,0.000000E+00,1.009726E-01,0.000000E+00,1.699710E+03,0.000000E+00,1.041784E-01,0.000000E+00,3.976869E+02,0.000000E+00,2.437496E-02,0.000000E+00,1.647406E+03,0.000000E+00,1.009726E-01,0.000000E+00,3.963529E+02,6.235603E+01,2.429320E-02,4.363926E-03,1.771800E+03,1.578107E+01,1.085969E-01,1.104423E-03,1.671864E+03,0.000000E+00,1.024716E-01,0.000000E+00,1.683169E+03,0.000000E+00,1.031645E-01,0.000000E+00,1.683169E+03,0.000000E+00,1.031645E-01,0.000000E+00,1.799011E+03,7.946656E+01,1.102647E-01,5.561390E-03,1.771800E+03,8.147869E-01,1.085969E-01,5.702207E-05,1.699710E+03,0.000000E+00,1.041784E-01,0.000000E+00,1.671864E+03,4.657386E+01,1.024716E-01,3.259426E-03 
04:15:00,3.028054E+02,1.848179E+01,1.855950E-02,1.293430E-03,1.799011E+03,0.000000E+00,1.102647E-01,0.000000E+00,1.647406E+03,0.000000E+00,1.009726E-01,0.000000E+00,1.699710E+03,0.000000E+00,1.041784E-01,0.000000E+00,3.976869E+02,0.000000E+00,2.437496E-02,0.000000E+00,1.647406E+03,0.000000E+00,1.009726E-01,0.000000E+00,3.963529E+02,5.837717E+01,2.429320E-02,4.085469E-03,1.771800E+03,8.308562E+00,1.085969E-01,5.814666E-04,1.671864E+03,0.000000E+00,1.024716E-01,0.000000E+00,1.683169E+03,0.000000E+00,1.031645E-01,0.000000E+00,1.683169E+03,0.000000E+00,1.031645E-01,0.000000E+00,1.799011E+03,6.651589E+01,1.102647E-01,4.655049E-03,1.771800E+03,0.000000E+00,1.085969E-01,0.000000E+00,1.699710E+03,0.000000E+00,1.041784E-01,0.000000E+00,1.671864E+03,3.311039E+01,1.024716E-01,2.317199E-03 
04:30:00,3.028054E+02,1.512471E+01,1.855950E-02,1.058488E-03,1.799011E+03,0.000000E+00,1.102647E-01,0.000000E+00,1.647406E+03,0.000000E+00,1.009726E-01,0.000000E+00,1.699710E+03,0.000000E+00,1.041784E-01,0.000000E+00,3.976869E+02,0.000000E+00,2.437496E-02,0.000000E+00,1.647406E+03,0.000000E+00,1.009726E-01,0.000000E+00,3.963529E+02,5.449782E+01,2.429320E-02,3.813977E-03,1.771800E+03,3.261526E+00,1.085969E-01,2.282547E-04,1.671864E+03,0.000000E+00,1.024716E-01,0.000000E+00,1.683169E+03,0.000000E+00,1.031645E-01,0.000000E+00,1.683169E+03,0.000000E+00,1.031645E-01,0.000000E+00,1.799011E+03,5.425342E+01,1.102647E-01,3.796873E-03,1.771800E+03,0.000000E+00,1.085969E-01,0.000000E+00,1.699710E+03,0.000000E+00,1.041784E-01,0.000000E+00,1.671864E+03,2.045559E+01,1.024716E-01,1.431564E-03 
04:45:00,3.028054E+02,1.193463E+01,1.855950E-02,8.352331E-04,1.799011E+03,0.000000E+00,1.102647E-01,0.000000E+00,1.647406E+03,0.000000E+00,1.009726E-01,0.000000E+00,1.699710E+03,0.000000E+00,1.041784E-01,0.000000E+00,3.976869E+02,0.000000E+00,2.437496E-02,0.000000E+00,1.647406E+03,0.000000E+00,1.009726E-01,0.000000E+00,3.963529E+02,5.070783E+01,2.429320E-02,3.548738E-03,1.771800E+03,5.289140E-01,1.085969E-01,3.701553E-05,1.671864E+03,0.000000E+00,1.024716E-01,0.000000E+00,1.683169E+03,0.000000E+00,1.031645E-01,0.000000E+00,1.683169E+03,0.000000E+00,1.031645E-01,0.000000E+00,1.799011E+03,4.266446E+01,1.102647E-01,2.985830E-03,1.771800E+03,0.000000E+00,1.085969E-01,0.000000E+00,1.699710E+03,0.000000E+00,1.041784E-01,0.000000E+00,1.671864E+03,1.063824E+01,1.024716E-01,7.445071E-04 
05:00:00,3.028054E+02,8.973559E+00,1.855950E-02,6.280058E-04,1.799011E+03,0.000000E+00,1.102647E-01,0.000000E+00,1.647406E+03,0.000000E+00,1.009726E-01,0.000000E+00,1.699710E+03,0.000000E+00,1.041784E-01,0.000000E+00,3.976869E+02,0.000000E+00,2.437496E-02,0.000000E+00,1.647406E+03,0.000000E+00,1.009726E-01,0.000000E+00,3.963529E+02,4.700513E+01,2.429320E-02,3.289608E-03,1.771800E+03,0.000000E+00,1.085969E-01,0.000000E+00,1.671864E+03,0.000000E+00,1.024716E-01,0.000000E+00,1.683169E+03,0.000000E+00,1.031645E-01,0.000000E+00,1.683169E+03,0.000000E+00,1.031645E-01,0.000000E+00,1.799011E+03,3.245217E+01,1.102647E-01,2.271134E-03,1.771800E+03,0.000000E+00,1.085969E-01,0.000000E+00,1.699710E+03,0.000000E+00,1.041784E-01,0.000000E+00,1.671864E+03,4.118986E+00,1.024716E-01,2.882632E-04 
05:15:00,3.028054E+02,6.361066E+00,1.855950E-02,4.451730E-04,1.799011E+03,0.000000E+00,1.102647E-01,0.000000E+00,1.647406E+03,0.000000E+00,1.009726E-01,0.000000E+00,1.699710E+03,0.000000E+00,1.041784E-01,0.000000E+00,3.976869E+02,0.000000E+00,2.437496E-02,0.000000E+00,1.647406E+03,0.000000E+00,1.009726E-01,0.000000E+00,3.963529E+02,4.343419E+01,2.429320E-02,3.039700E-03,1.771800E+03,0.000000E+00,1.085969E-01,0.000000E+00,1.671864E+03,0.000000E+00,1.024716E-01,0.000000E+00,1.683169E+03,0.000000E+00,1.031645E-01,0.000000E+00,1.683169E+03,0.000000E+00,1.031645E-01,0.000000E+00,1.799011E+03,2.482413E+01,1.102647E-01,1.737293E-03,1.771800E+03,0.000000E+00,1.085969E-01,0.000000E+00,1.699710E+03,0.000000E+00,1.041784E-01,0.000000E+00,1.671864E+03,6.368585E-01,1.024716E-01,4.456992E-05 
05:30:00,3.028054E+02,4.205296E+00,1.855950E-02,2.943036E-04,1.799011E+03,0.000000E+00,1.102647E-01,0.000000E+00,1.647406E+03,0.000000E+00,1.009726E-01,0.000000E+00,1.699710E+03,0.000000E+00,1.041784E-01,0.000000E+00,3.976869E+02,0.000000E+00,2.437496E-02,0.000000E+00,1.647406E+03,0.000000E+00,1.009726E-01,0.000000E+00,3.963529E+02,4.017895E+01,2.429320E-02,2.811884E-03,1.771800E+03,0.000000E+00,1.085969E-01,0.000000E+00,1.671864E+03,0.000000E+00,1.024716E-01,0.000000E+00,1.683169E+03,0.000000E+00,1.031645E-01,0.000000E+00,1.683169E+03,0.000000E+00,1.031645E-01,0.000000E+00,1.799011E+03,2.080891E+01,1.102647E-01,1.456292E-03,1.771800E+03,1.202896E+01,1.085969E-01,8.453368E-04,1.699710E+03,0.000000E+00,1.041784E-01,0.000000E+00,1.671864E+03,0.000000E+00,1.024716E-01,0.000000E+00 
05:45:00,3.028054E+02,2.539604E+00,1.855950E-02,1.777302E-04,1.799011E+03,8.600163E+00,1.102647E-01,6.031671E-04,1.647406E+03,2.252944E+01,1.009726E-01,1.584208E-03,1.699710E+03,0.000000E+00,1.041784E-01,0.000000E+00,3.976869E+02,0.000000E+00,2.437496E-02,0.000000E+00,1.647406E+03,0.000000E+00,1.009726E-01,0.000000E+00,3.963529E+02,3.758666E+01,2.429320E-02,2.630466E-03,1.771800E+03,0.000000E+00,1.085969E-01,0.000000E+00,1.671864E+03,0.000000E+00,1.024716E-01,0.000000E+00,1.683169E+03,0.000000E+00,1.031645E-01,0.000000E+00,1.683169E+03,0.000000E+00,1.031645E-01,0.000000E+00,1.799011E+03,2.131543E+01,1.102647E-01,1.491739E-03,1.771800E+03,5.429191E+01,1.085969E-01,3.804766E-03,1.699710E+03,0.000000E+00,1.041784E-01,0.000000E+00,1.671864E+03,0.000000E+00,1.024716E-01,0.000000E+00 
06:00:00,3.028054E+02,1.511261E+00,1.855950E-02,1.057618E-04,1.799011E+03,3.282206E+01,1.102647E-01,2.298928E-03,1.647406E+03,8.505693E+01,1.009726E-01,5.962938E-03,1.699710E+03,0.000000E+00,1.041784E-01,0.000000E+00,3.976869E+02,0.000000E+00,2.437496E-02,0.000000E+00,1.647406E+03,0.000000E+00,1.009726E-01,0.000000E+00,3.963529E+02,3.608879E+01,2.429320E-02,2.525639E-03,1.771800E+03,0.000000E+00,1.085969E-01,0.000000E+00,1.671864E+03,5.854465E+00,1.024716E-01,4.101310E-04,1.683169E+03,0.000000E+00,1.031645E-01,0.000000E+00,1.683169E+03,0.000000E+00,1.031645E-01,0.000000E+00,1.799011E+03,2.649283E+01,1.102647E-01,1.854075E-03,1.771800E+03,1.362470E+02,1.085969E-01,9.540327E-03,1.699710E+03,0.000000E+00,1.041784E-01,0.000000E+00,1.671864E+03,0.000000E+00,1.024716E-01,0.000000E+00 
06:15:00,3.028054E+02,1.341603E+00,1.855950E-02,9.388827E-05,1.799011E+03,7.589178E+01,1.102647E-01,5.313123E-03,1.647406E+03,1.985321E+02,1.009726E-01,1.390440E-02,1.699710E+03,0.000000E+00,1.041784E-01,0.000000E+00,3.976869E+02,0.000000E+00,2.437496E-02,0.000000E+00,1.647406E+03,0.000000E+00,1.009726E-01,0.000000E+00,3.963529E+02,3.610641E+01,2.429320E-02,2.526872E-03,1.771800E+03,2.582065E+00,1.085969E-01,1.807750E-04,1.671864E+03,2.872177E+01,1.024716E-01,2.011009E-03,1.683169E+03,0.000000E+00,1.031645E-01,0.000000E+00,1.683169E+03,0.000000E+00,1.031645E-01,0.000000E+00,1.799011E+03,3.655355E+01,1.102647E-01,2.558165E-03,1.771800E+03,2.669252E+02,1.085969E-01,1.868571E-02,1.699710E+03,0.000000E+00,1.041784E-01,0.000000E+00,1.671864E+03,2.847870E+00,1.024716E-01,1.993203E-04 
06:30:00,3.028054E+02,2.260441E+00,1.855950E-02,1.581922E-04,1.799011E+03,1.356872E+02,1.102647E-01,9.497846E-03,1.647406E+03,3.665612E+02,1.009726E-01,2.566376E-02,1.699710E+03,0.000000E+00,1.041784E-01,0.000000E+00,3.976869E+02,0.000000E+00,2.437496E-02,0.000000E+00,1.647406E+03,0.000000E+00,1.009726E-01,0.000000E+00,3.963529E+02,3.796185E+01,2.429320E-02,2.656723E-03,1.771800E+03,1.291145E+01,1.085969E-01,9.038547E-04,1.671864E+03,7.157596E+01,1.024716E-01,5.010231E-03,1.683169E+03,5.265597E+01,1.031645E-01,3.696805E-03,1.683169E+03,0.000000E+00,1.031645E-01,0.000000E+00,1.799011E+03,5.126602E+01,1.102647E-01,3.587802E-03,1.771800E+03,4.397290E+02,1.085969E-01,3.077572E-02,1.699710E+03,0.000000E+00,1.041784E-01,0.000000E+00,1.671864E+03,1.178910E+01,1.024716E-01,8.251245E-04 
06:45:00,3.028054E+02,4.770994E+00,1.855950E-02,3.338924E-04,1.799011E+03,2.006786E+02,1.102647E-01,1.404492E-02,1.647406E+03,5.667505E+02,1.009726E-01,3.966631E-02,1.699710E+03,0.000000E+00,1.041784E-01,0.000000E+00,3.976869E+02,0.000000E+00,2.437496E-02,0.000000E+00,1.647406E+03,0.000000E+00,1.009726E-01,0.000000E+00,3.963529E+02,4.180485E+01,2.429320E-02,2.925672E-03,1.771800E+03,3.041598E+01,1.085969E-01,2.128892E-03,1.671864E+03,1.278273E+02,1.024716E-01,8.946928E-03,1.683169E+03,1.626524E+02,1.031645E-01,1.140126E-02,1.683169E+03,0.000000E+00,1.031645E-01,0.000000E+00,1.799011E+03,7.032520E+01,1.102647E-01,4.921641E-03,1.771800E+03,6.371315E+02,1.085969E-01,4.458904E-02,1.699710E+03,0.000000E+00,1.041784E-01,0.000000E+00,1.671864E+03,2.641725E+01,1.024716E-01,1.848862E-03 
07:00:00,3.028054E+02,9.102323E+00,1.855950E-02,6.370170E-04,1.799011E+03,2.601438E+02,1.102647E-01,1.820591E-02,1.647406E+03,7.811357E+02,1.009726E-01,5.466704E-02,1.699710E+03,0.000000E+00,1.041784E-01,0.000000E+00,3.976869E+02,0.000000E+00,2.437496E-02,0.000000E+00,1.647406E+03,1.243942E+01,1.009726E-01,8.733523E-04,3.963529E+02,4.762080E+01,2.429320E-02,3.332695E-03,1.771800E+03,5.635731E+01,1.085969E-01,3.944372E-03,1.671864E+03,1.887542E+02,1.024716E-01,1.321042E-02,1.683169E+03,3.386859E+02,1.031645E-01,2.372096E-02,1.683169E+03,0.000000E+00,1.031645E-01,0.000000E+00,1.799011E+03,9.335841E+01,1.102647E-01,6.533597E-03,1.771800E+03,8.491381E+02,1.085969E-01,5.942611E-02,1.699710E+03,0.000000E+00,1.041784E-01,0.000000E+00,1.671864E+03,4.765133E+01,1.024716E-01,3.334908E-03 
07:15:00,3.028054E+02,1.527320E+01,1.855950E-02,1.068880E-03,1.799011E+03,3.072420E+02,1.102647E-01,2.150203E-02,1.647406E+03,9.979983E+02,1.009726E-01,6.984394E-02,1.699710E+03,0.000000E+00,1.041784E-01,0.000000E+00,3.976869E+02,0.000000E+00,2.437496E-02,0.000000E+00,1.647406E+03,3.304940E+01,1.009726E-01,2.315737E-03,3.963529E+02,5.526388E+01,2.429320E-02,3.867589E-03,1.771800E+03,8.941522E+01,1.085969E-01,6.257825E-03,1.671864E+03,2.394551E+02,1.024716E-01,1.675814E-02,1.683169E+03,5.836348E+02,1.031645E-01,4.086333E-02,1.683169E+03,0.000000E+00,1.031645E-01,0.000000E+00,1.799011E+03,1.198843E+02,1.102647E-01,8.389983E-03,1.771800E+03,1.065690E+03,1.085969E-01,7.458131E-02,1.699710E+03,0.000000E+00,1.041784E-01,0.000000E+00,1.671864E+03,7.372548E+01,1.024716E-01,5.159667E-03 
07:30:00,3.028054E+02,2.319548E+01,1.855950E-02,1.623313E-03,1.799011E+03,3.410415E+02,1.102647E-01,2.386746E-02,1.647406E+03,1.211212E+03,1.009726E-01,8.476548E-02,1.699710E+03,0.000000E+00,1.041784E-01,0.000000E+00,3.976869E+02,0.000000E+00,2.437496E-02,0.000000E+00,1.647406E+03,6.394763E+01,1.009726E-01,4.478119E-03,3.963529E+02,6.445545E+01,2.429320E-02,4.510852E-03,1.771800E+03,1.249077E+02,1.085969E-01,8.741545E-03,1.671864E+03,2.737052E+02,1.024716E-01,1.915499E-02,1.683169E+03,8.327076E+02,1.031645E-01,5.828257E-02,1.683169E+03,0.000000E+00,1.031645E-01,0.000000E+00,1.799011E+03,1.493672E+02,1.102647E-01,1.045332E-02,1.771800E+03,1.278600E+03,1.085969E-01,8.948158E-02,1.699710E+03,0.000000E+00,1.041784E-01,0.000000E+00,1.671864E+03,1.018088E+02,1.024716E-01,7.124992E-03 
07:45:00,3.028054E+02,3.247137E+01,1.855950E-02,2.272477E-03,1.799011E+03,3.632318E+02,1.102647E-01,2.542043E-02,1.647406E+03,1.417332E+03,1.009726E-01,9.919058E-02,1.699710E+03,0.000000E+00,1.041784E-01,0.000000E+00,3.976869E+02,0.000000E+00,2.437496E-02,0.000000E+00,1.647406E+03,1.052788E+02,1.009726E-01,7.370641E-03,3.963529E+02,7.484262E+01,2.429320E-02,5.237788E-03,1.771800E+03,1.637062E+02,1.085969E-01,1.145682E-02,1.671864E+03,2.969036E+02,1.024716E-01,2.077851E-02,1.683169E+03,1.074496E+03,1.031645E-01,7.519736E-02,1.683169E+03,0.000000E+00,1.031645E-01,0.000000E+00,1.799011E+03,1.812263E+02,1.102647E-01,1.268295E-02,1.771800E+03,1.483633E+03,1.085969E-01,1.038306E-01,1.699710E+03,0.000000E+00,1.041784E-01,0.000000E+00,1.671864E+03,1.325293E+02,1.024716E-01,9.274934E-03 
08:00:00,3.028054E+02,4.275003E+01,1.855950E-02,2.991819E-03,1.799011E+03,3.801285E+02,1.102647E-01,2.660292E-02,1.647406E+03,1.616571E+03,1.009726E-01,1.131342E-01,1.699710E+03,0.000000E+00,1.041784E-01,0.000000E+00,3.976869E+02,0.000000E+00,2.437496E-02,0.000000E+00,1.647406E+03,1.458518E+02,1.009726E-01,1.020731E-02,3.963529E+02,8.608118E+01,2.429320E-02,6.024308E-03,1.771800E+03,2.057366E+02,1.085969E-01,1.439827E-02,1.671864E+03,3.147425E+02,1.024716E-01,2.202695E-02,1.683169E+03,1.297804E+03,1.031645E-01,9.082514E-02,1.683169E+03,0.000000E+00,1.031645E-01,0.000000E+00,1.799011E+03,2.153924E+02,1.102647E-01,1.507403E-02,1.771800E+03,1.680478E+03,1.085969E-01,1.176066E-01,1.699710E+03,0.000000E+00,1.041784E-01,0.000000E+00,1.671864E+03,1.655456E+02,1.024716E-01,1.158555E-02 
08:15:00,3.028054E+02,5.373788E+01,1.855950E-02,3.760793E-03,1.799011E+03,3.978704E+02,1.102647E-01,2.784457E-02,1.647406E+03,1.805433E+03,1.009726E-01,1.263515E-01,1.699710E+03,0.000000E+00,1.041784E-01,0.000000E+00,3.976869E+02,0.000000E+00,2.437496E-02,0.000000E+00,1.647406E+03,1.936897E+02,1.009726E-01,1.355519E-02,3.963529E+02,9.791892E+01,2.429320E-02,6.852760E-03,1.771800E+03,2.541677E+02,1.085969E-01,1.778768E-02,1.671864E+03,3.335300E+02,1.024716E-01,2.334177E-02,1.683169E+03,1.492480E+03,1.031645E-01,1.044494E-01,1.683169E+03,0.000000E+00,1.031645E-01,0.000000E+00,1.799011E+03,2.513163E+02,1.102647E-01,1.758813E-02,1.771800E+03,1.865880E+03,1.085969E-01,1.305818E-01,1.699710E+03,0.000000E+00,1.041784E-01,0.000000E+00,1.671864E+03,2.000524E+02,1.024716E-01,1.400047E-02 
08:30:00,3.028054E+02,6.524079E+01,1.855950E-02,4.565813E-03,1.799011E+03,4.207449E+02,1.102647E-01,2.944542E-02,1.647406E+03,1.981065E+03,1.009726E-01,1.386429E-01,1.699710E+03,0.000000E+00,1.041784E-01,0.000000E+00,3.976869E+02,0.000000E+00,2.437496E-02,0.000000E+00,1.647406E+03,2.525452E+02,1.009726E-01,1.767413E-02,3.963529E+02,1.102030E+02,2.429320E-02,7.712451E-03,1.771800E+03,3.141744E+02,1.085969E-01,2.198719E-02,1.671864E+03,3.576911E+02,1.024716E-01,2.503266E-02,1.683169E+03,1.662843E+03,1.031645E-01,1.163722E-01,1.683169E+03,0.000000E+00,1.031645E-01,0.000000E+00,1.799011E+03,2.886851E+02,1.102647E-01,2.020334E-02,1.771800E+03,2.037283E+03,1.085969E-01,1.425773E-01,1.699710E+03,0.000000E+00,1.041784E-01,0.000000E+00,1.671864E+03,2.358242E+02,1.024716E-01,1.650392E-02 
08:45:00,3.028054E+02,7.714703E+01,1.855950E-02,5.399060E-03,1.799011E+03,4.506340E+02,1.102647E-01,3.153718E-02,1.647406E+03,2.141990E+03,1.009726E-01,1.499051E-01,1.699710E+03,0.000000E+00,1.041784E-01,0.000000E+00,3.976869E+02,0.000000E+00,2.437496E-02,0.000000E+00,1.647406E+03,3.279264E+02,1.009726E-01,2.294961E-02,3.963529E+02,1.228572E+02,2.429320E-02,8.598042E-03,1.771800E+03,3.909735E+02,1.085969E-01,2.736190E-02,1.671864E+03,3.889757E+02,1.024716E-01,2.722208E-02,1.683169E+03,1.809168E+03,1.031645E-01,1.266128E-01,1.683169E+03,0.000000E+00,1.031645E-01,0.000000E+00,1.799011E+03,3.274342E+02,1.102647E-01,2.291517E-02,1.771800E+03,2.193329E+03,1.085969E-01,1.534980E-01,1.699710E+03,0.000000E+00,1.041784E-01,0.000000E+00,1.671864E+03,2.727914E+02,1.024716E-01,1.909104E-02 
09:00:00,3.028054E+02,8.940228E+01,1.855950E-02,6.256732E-03,1.799011E+03,4.852290E+02,1.102647E-01,3.395828E-02,1.647406E+03,2.283697E+03,1.009726E-01,1.598223E-01,1.699710E+03,0.000000E+00,1.041784E-01,0.000000E+00,3.976869E+02,0.000000E+00,2.437496E-02,0.000000E+00,1.647406E+03,4.231896E+02,1.009726E-01,2.961651E-02,3.963529E+02,1.358579E+02,2.429320E-02,9.507886E-03,1.771800E+03,4.878813E+02,1.085969E-01,3.414390E-02,1.671864E+03,4.247893E+02,1.024716E-01,2.972846E-02,1.683169E+03,1.927854E+03,1.031645E-01,1.349189E-01,1.683169E+03,1.757367E+01,1.031645E-01,1.235804E-03,1.799011E+03,3.670788E+02,1.102647E-01,2.568965E-02,1.771800E+03,2.329950E+03,1.085969E-01,1.630593E-01,1.699710E+03,0.000000E+00,1.041784E-01,0.000000E+00,1.671864E+03,3.105025E+02,1.024716E-01,2.173021E-02 
09:15:00,3.028054E+02,1.019316E+02,1.855950E-02,7.133582E-03,1.799011E+03,5.219106E+02,1.102647E-01,3.652540E-02,1.647406E+03,2.405300E+03,1.009726E-01,1.683326E-01,1.699710E+03,4.028795E+00,1.041784E-01,2.848680E-04,3.976869E+02,0.000000E+00,2.437496E-02,0.000000E+00,1.647406E+03,5.376471E+02,1.009726E-01,3.762671E-02,3.963529E+02,1.491704E+02,2.429320E-02,1.043954E-02,1.771800E+03,6.034674E+02,1.085969E-01,4.223308E-02,1.671864E+03,4.624132E+02,1.024716E-01,3.236154E-02,1.683169E+03,2.020004E+03,1.031645E-01,1.413680E-01,1.683169E+03,7.675047E+01,1.031645E-01,5.383797E-03,1.799011E+03,4.068743E+02,1.102647E-01,2.847470E-02,1.771800E+03,2.446202E+03,1.085969E-01,1.711951E-01,1.699710E+03,0.000000E+00,1.041784E-01,0.000000E+00,1.671864E+03,3.486020E+02,1.024716E-01,2.439657E-02 
09:30:00,3.028054E+02,1.147710E+02,1.855950E-02,8.032139E-03,1.799011E+03,5.593113E+02,1.102647E-01,3.914286E-02,1.647406E+03,2.507070E+03,1.009726E-01,1.754548E-01,1.699710E+03,2.404091E+01,1.041784E-01,1.689725E-03,3.976869E+02,0.000000E+00,2.437496E-02,0.000000E+00,1.647406E+03,6.673122E+02,1.009726E-01,4.670120E-02,3.963529E+02,1.627282E+02,2.429320E-02,1.138838E-02,1.771800E+03,7.338945E+02,1.085969E-01,5.136089E-02,1.671864E+03,5.004983E+02,1.024716E-01,3.502689E-02,1.683169E+03,2.087582E+03,1.031645E-01,1.460974E-01,1.683169E+03,1.844977E+02,1.031645E-01,1.292452E-02,1.799011E+03,4.466734E+02,1.102647E-01,3.126000E-02,1.771800E+03,2.542260E+03,1.085969E-01,1.779176E-01,1.699710E+03,0.000000E+00,1.041784E-01,0.000000E+00,1.671864E+03,3.868956E+02,1.024716E-01,2.707651E-02 
09:45:00,3.028054E+02,1.278405E+02,1.855950E-02,8.946790E-03,1.799011E+03,5.965462E+02,1.102647E-01,4.174870E-02,1.647406E+03,2.588708E+03,1.009726E-01,1.811682E-01,1.699710E+03,5.411949E+01,1.041784E-01,3.794775E-03,3.976869E+02,0.000000E+00,2.437496E-02,0.000000E+00,1.647406E+03,8.073173E+02,1.009726E-01,5.649932E-02,3.963529E+02,1.764400E+02,2.429320E-02,1.234798E-02,1.771800E+03,8.743442E+02,1.085969E-01,6.119013E-02,1.671864E+03,5.382206E+02,1.024716E-01,3.766684E-02,1.683169E+03,2.131420E+03,1.031645E-01,1.491654E-01,1.683169E+03,3.440676E+02,1.031645E-01,2.409179E-02,1.799011E+03,4.862801E+02,1.102647E-01,3.403184E-02,1.771800E+03,2.617951E+03,1.085969E-01,1.832147E-01,1.699710E+03,0.000000E+00,1.041784E-01,0.000000E+00,1.671864E+03,4.251828E+02,1.024716E-01,2.975600E-02 
10:00:00,3.028054E+02,1.410508E+02,1.855950E-02,9.871306E-03,1.799011E+03,6.329853E+02,1.102647E-01,4.429886E-02,1.647406E+03,2.650116E+03,1.009726E-01,1.854658E-01,1.699710E+03,9.449900E+01,1.041784E-01,6.620687E-03,3.976869E+02,0.000000E+00,2.437496E-02,0.000000E+00,1.647406E+03,9.529748E+02,1.009726E-01,6.669301E-02,3.963529E+02,1.901896E+02,2.429320E-02,1.331023E-02,1.771800E+03,1.020116E+03,1.085969E-01,7.139185E-02,1.671864E+03,5.750158E+02,1.024716E-01,4.024192E-02,1.683169E+03,2.152417E+03,1.031645E-01,1.506348E-01,1.683169E+03,5.315847E+02,1.031645E-01,3.720896E-02,1.799011E+03,5.254727E+02,1.102647E-01,3.677469E-02,1.771800E+03,2.673318E+03,1.085969E-01,1.870896E-01,1.699710E+03,0.000000E+00,1.041784E-01,0.000000E+00,1.671864E+03,4.632349E+02,1.024716E-01,3.241904E-02 
10:15:00,3.028054E+02,1.543106E+02,1.855950E-02,1.079928E-02,1.799011E+03,6.681615E+02,1.102647E-01,4.676063E-02,1.647406E+03,2.691611E+03,1.009726E-01,1.883697E-01,1.699710E+03,1.404491E+02,1.041784E-01,9.833530E-03,3.976869E+02,0.000000E+00,2.437496E-02,0.000000E+00,1.647406E+03,1.100274E+03,1.009726E-01,7.700161E-02,3.963529E+02,2.038403E+02,2.429320E-02,1.426556E-02,1.771800E+03,1.167138E+03,1.085969E-01,8.168103E-02,1.671864E+03,6.104700E+02,1.024716E-01,4.272315E-02,1.683169E+03,2.151791E+03,1.031645E-01,1.505910E-01,1.683169E+03,7.198436E+02,1.031645E-01,5.037741E-02,1.799011E+03,5.639988E+02,1.102647E-01,3.947091E-02,1.771800E+03,2.708805E+03,1.085969E-01,1.895731E-01,1.699710E+03,1.660788E+01,1.041784E-01,1.165109E-03,1.671864E+03,5.007897E+02,1.024716E-01,3.504728E-02 
10:30:00,3.028054E+02,1.673803E+02,1.855950E-02,1.171395E-02,1.799011E+03,7.017502E+02,1.102647E-01,4.911130E-02,1.647406E+03,2.713734E+03,1.009726E-01,1.899180E-01,1.699710E+03,1.793819E+02,1.041784E-01,1.255385E-02,3.976869E+02,0.000000E+00,2.437496E-02,0.000000E+00,1.647406E+03,1.246069E+03,1.009726E-01,8.720496E-02,3.963529E+02,2.172451E+02,2.429320E-02,1.520369E-02,1.771800E+03,1.312189E+03,1.085969E-01,9.183224E-02,1.671864E+03,6.442981E+02,1.024716E-01,4.509058E-02,1.683169E+03,2.130746E+03,1.031645E-01,1.491182E-01,1.683169E+03,8.984887E+02,1.031645E-01,6.287940E-02,1.799011E+03,6.016241E+02,1.102647E-01,4.210408E-02,1.771800E+03,2.725066E+03,1.085969E-01,1.907111E-01,1.699710E+03,4.373557E+01,1.041784E-01,3.063676E-03,1.671864E+03,5.376054E+02,1.024716E-01,3.762379E-02 
10:45:00,3.028054E+02,1.801163E+02,1.855950E-02,1.260526E-02,1.799011E+03,7.335271E+02,1.102647E-01,5.133518E-02,1.647406E+03,2.716531E+03,1.009726E-01,1.901138E-01,1.699710E+03,2.165382E+02,1.041784E-01,1.515414E-02,3.976869E+02,0.000000E+00,2.437496E-02,0.000000E+00,1.647406E+03,1.387983E+03,1.009726E-01,9.713666E-02,3.963529E+02,2.302576E+02,2.429320E-02,1.611436E-02,1.771800E+03,1.452837E+03,1.085969E-01,1.016754E-01,1.671864E+03,6.763001E+02,1.024716E-01,4.733020E-02,1.683169E+03,2.089402E+03,1.031645E-01,1.462248E-01,1.683169E+03,1.060702E+03,1.031645E-01,7.423167E-02,1.799011E+03,6.381337E+02,1.102647E-01,4.465916E-02,1.771800E+03,2.722273E+03,1.085969E-01,1.905156E-01,1.699710E+03,8.138089E+01,1.041784E-01,5.698244E-03,1.671864E+03,5.734607E+02,1.024716E-01,4.013309E-02 
11:00:00,3.028054E+02,1.923724E+02,1.855950E-02,1.346299E-02,1.799011E+03,7.633483E+02,1.102647E-01,5.342219E-02,1.647406E+03,2.698422E+03,1.009726E-01,1.888464E-01,1.699710E+03,2.509964E+02,1.041784E-01,1.756563E-02,3.976869E+02,0.000000E+00,2.437496E-02,0.000000E+00,1.647406E+03,1.524252E+03,1.009726E-01,1.066733E-01,3.963529E+02,2.427389E+02,2.429320E-02,1.698784E-02,1.771800E+03,1.587303E+03,1.085969E-01,1.110859E-01,1.671864E+03,7.063441E+02,1.024716E-01,4.943281E-02,1.683169E+03,2.025239E+03,1.031645E-01,1.417344E-01,1.683169E+03,1.209152E+03,1.031645E-01,8.462081E-02,1.799011E+03,6.733486E+02,1.102647E-01,4.712365E-02,1.771800E+03,2.699021E+03,1.085969E-01,1.888883E-01,1.699710E+03,1.310375E+02,1.041784E-01,9.173407E-03,1.671864E+03,6.081706E+02,1.024716E-01,4.256223E-02 
11:15:00,3.028054E+02,2.040084E+02,1.855950E-02,1.427733E-02,1.799011E+03,7.908972E+02,1.102647E-01,5.535017E-02,1.647406E+03,2.654910E+03,1.009726E-01,1.858013E-01,1.699710E+03,2.823796E+02,1.041784E-01,1.976193E-02,3.976869E+02,0.000000E+00,2.437496E-02,0.000000E+00,1.647406E+03,1.653202E+03,1.009726E-01,1.156977E-01,3.963529E+02,2.545554E+02,2.429320E-02,1.781482E-02,1.771800E+03,1.713942E+03,1.085969E-01,1.199485E-01,1.671864E+03,7.341164E+02,1.024716E-01,5.137642E-02,1.683169E+03,1.931766E+03,1.031645E-01,1.351928E-01,1.683169E+03,1.342803E+03,1.031645E-01,9.397431E-02,1.799011E+03,7.068384E+02,1.102647E-01,4.946740E-02,1.771800E+03,2.651063E+03,1.085969E-01,1.855321E-01,1.699710E+03,1.739453E+02,1.041784E-01,1.217343E-02,1.671864E+03,6.413401E+02,1.024716E-01,4.488356E-02 
11:30:00,3.028054E+02,2.148870E+02,1.855950E-02,1.503866E-02,1.799011E+03,8.159786E+02,1.102647E-01,5.710546E-02,1.647406E+03,2.579536E+03,1.009726E-01,1.805263E-01,1.699710E+03,3.104919E+02,1.041784E-01,2.172934E-02,3.976869E+02,0.000000E+00,2.437496E-02,0.000000E+00,1.647406E+03,1.773738E+03,1.009726E-01,1.241333E-01,3.963529E+02,2.655748E+02,2.429320E-02,1.858599E-02,1.771800E+03,1.831705E+03,1.085969E-01,1.281901E-01,1.671864E+03,7.594092E+02,1.024716E-01,5.314652E-02,1.683169E+03,1.800519E+03,1.031645E-01,1.260076E-01,1.683169E+03,1.461259E+03,1.031645E-01,1.022644E-01,1.799011E+03,7.385114E+02,1.102647E-01,5.168400E-02,1.771800E+03,2.572208E+03,1.085969E-01,1.800135E-01,1.699710E+03,2.152880E+02,1.041784E-01,1.506668E-02,1.671864E+03,6.727466E+02,1.024716E-01,4.708151E-02 
11:45:00,3.028054E+02,2.248575E+02,1.855950E-02,1.573643E-02,1.799011E+03,8.386311E+02,1.102647E-01,5.869078E-02,1.647406E+03,2.466850E+03,1.009726E-01,1.726401E-01,1.699710E+03,3.351778E+02,1.041784E-01,2.345695E-02,3.976869E+02,0.000000E+00,2.437496E-02,0.000000E+00,1.647406E+03,1.884960E+03,1.009726E-01,1.319171E-01,3.963529E+02,2.756522E+02,2.429320E-02,1.929125E-02,1.771800E+03,1.939757E+03,1.085969E-01,1.357520E-01,1.671864E+03,7.822663E+02,1.024716E-01,5.474615E-02,1.683169E+03,1.626947E+03,1.031645E-01,1.138603E-01,1.683169E+03,1.564329E+03,1.031645E-01,1.094778E-01,1.799011E+03,7.682462E+02,1.102647E-01,5.376497E-02,1.771800E+03,2.457148E+03,1.085969E-01,1.719611E-01,1.699710E+03,2.542795E+02,1.041784E-01,1.779544E-02,1.671864E+03,7.023911E+02,1.024716E-01,4.915615E-02 
12:00:00,3.028054E+02,2.337612E+02,1.855950E-02,1.635955E-02,1.799011E+03,8.587328E+02,1.102647E-01,6.009758E-02,1.647406E+03,2.320046E+03,1.009726E-01,1.623662E-01,1.699710E+03,3.565249E+02,1.041784E-01,2.495092E-02,3.976869E+02,0.000000E+00,2.437496E-02,0.000000E+00,1.647406E+03,1.986078E+03,1.009726E-01,1.389937E-01,3.963529E+02,2.846356E+02,2.429320E-02,1.991995E-02,1.771800E+03,2.037390E+03,1.085969E-01,1.425848E-01,1.671864E+03,8.025517E+02,1.024716E-01,5.616580E-02,1.683169E+03,1.422141E+03,1.031645E-01,9.952715E-02,1.683169E+03,1.651903E+03,1.031645E-01,1.156067E-01,1.799011E+03,7.960669E+02,1.102647E-01,5.571197E-02,1.771800E+03,2.308820E+03,1.085969E-01,1.615805E-01,1.699710E+03,2.886689E+02,1.041784E-01,2.020215E-02,1.671864E+03,7.301912E+02,1.024716E-01,5.110172E-02 
12:15:00,3.028054E+02,2.414729E+02,1.855950E-02,1.689925E-02,1.799011E+03,8.766216E+02,1.102647E-01,6.134951E-02,1.647406E+03,2.161603E+03,1.009726E-01,1.512777E-01,1.699710E+03,3.747403E+02,1.041784E-01,2.622572E-02,3.976869E+02,0.000000E+00,2.437496E-02,0.000000E+00,1.647406E+03,2.076772E+03,1.009726E-01,1.453408E-01,3.963529E+02,2.924045E+02,2.429320E-02,2.046365E-02,1.771800E+03,2.124356E+03,1.085969E-01,1.486710E-01,1.671864E+03,8.206029E+02,1.024716E-01,5.742910E-02,1.683169E+03,1.222401E+03,1.031645E-01,8.554856E-02,1.683169E+03,1.724257E+03,1.031645E-01,1.206704E-01,1.799011E+03,8.261689E+02,1.102647E-01,5.781862E-02,1.771800E+03,2.148642E+03,1.085969E-01,1.503706E-01,1.699710E+03,3.243489E+02,1.041784E-01,2.269917E-02,1.671864E+03,7.604786E+02,1.024716E-01,5.322136E-02 
12:30:00,3.028054E+02,2.480037E+02,1.855950E-02,1.735629E-02,1.799011E+03,8.926200E+02,1.102647E-01,6.246914E-02,1.647406E+03,2.015162E+03,1.009726E-01,1.410291E-01,1.699710E+03,3.901928E+02,1.041784E-01,2.730716E-02,3.976869E+02,0.000000E+00,2.437496E-02,0.000000E+00,1.647406E+03,2.156683E+03,1.009726E-01,1.509333E-01,3.963529E+02,2.989712E+02,2.429320E-02,2.092321E-02,1.771800E+03,2.200376E+03,1.085969E-01,1.539912E-01,1.671864E+03,8.367486E+02,1.024716E-01,5.855903E-02,1.683169E+03,1.056108E+03,1.031645E-01,7.391070E-02,1.683169E+03,1.781715E+03,1.031645E-01,1.246916E-01,1.799011E+03,8.735804E+02,1.102647E-01,6.113667E-02,1.771800E+03,1.999483E+03,1.085969E-01,1.399319E-01,1.699710E+03,3.782157E+02,1.041784E-01,2.646898E-02,1.671864E+03,8.087967E+02,1.024716E-01,5.660285E-02 
12:45:00,3.028054E+02,2.535955E+02,1.855950E-02,1.774763E-02,1.799011E+03,9.070945E+02,1.102647E-01,6.348213E-02,1.647406E+03,1.897556E+03,1.009726E-01,1.327986E-01,1.699710E+03,4.036058E+02,1.041784E-01,2.824587E-02,3.976869E+02,0.000000E+00,2.437496E-02,0.000000E+00,1.647406E+03,2.225761E+03,1.009726E-01,1.557677E-01,3.963529E+02,3.045722E+02,2.429320E-02,2.131519E-02,1.771800E+03,2.265465E+03,1.085969E-01,1.585464E-01,1.671864E+03,8.513496E+02,1.024716E-01,5.958088E-02,1.683169E+03,9.396587E+02,1.031645E-01,6.576110E-02,1.683169E+03,1.824986E+03,1.031645E-01,1.277199E-01,1.799011E+03,9.537905E+02,1.102647E-01,6.675010E-02,1.771800E+03,1.878188E+03,1.085969E-01,1.314432E-01,1.699710E+03,4.775978E+02,1.041784E-01,3.342413E-02,1.671864E+03,8.907905E+02,1.024716E-01,6.234111E-02 
13:00:00,3.028054E+02,2.586948E+02,1.855950E-02,1.810450E-02,1.799011E+03,9.207899E+02,1.102647E-01,6.444059E-02,1.647406E+03,1.815443E+03,1.009726E-01,1.270520E-01,1.699710E+03,4.157586E+02,1.041784E-01,2.909639E-02,3.976869E+02,0.000000E+00,2.437496E-02,0.000000E+00,1.647406E+03,2.284242E+03,1.009726E-01,1.598604E-01,3.963529E+02,3.096463E+02,2.429320E-02,2.167029E-02,1.771800E+03,2.319908E+03,1.085969E-01,1.623565E-01,1.671864E+03,8.651658E+02,1.024716E-01,6.054778E-02,1.683169E+03,8.728834E+02,1.031645E-01,6.108789E-02,1.683169E+03,1.855096E+03,1.031645E-01,1.298271E-01,1.799011E+03,1.075754E+03,1.102647E-01,7.528561E-02,1.771800E+03,1.791970E+03,1.085969E-01,1.254093E-01,1.699710E+03,6.372712E+02,1.041784E-01,4.459869E-02,1.671864E+03,1.015362E+03,1.024716E-01,7.105913E-02 
13:15:00,3.028054E+02,2.638320E+02,1.855950E-02,1.846403E-02,1.799011E+03,9.341757E+02,1.102647E-01,6.537738E-02,1.647406E+03,1.757522E+03,1.009726E-01,1.229985E-01,1.699710E+03,4.275091E+02,1.041784E-01,2.991875E-02,3.976869E+02,0.000000E+00,2.437496E-02,0.000000E+00,1.647406E+03,2.332287E+03,1.009726E-01,1.632228E-01,3.963529E+02,3.147205E+02,2.429320E-02,2.202540E-02,1.771800E+03,2.363926E+03,1.085969E-01,1.654370E-01,1.671864E+03,8.786588E+02,1.024716E-01,6.149208E-02,1.683169E+03,8.324456E+02,1.031645E-01,5.825789E-02,1.683169E+03,1.872966E+03,1.031645E-01,1.310777E-01,1.799011E+03,1.238511E+03,1.102647E-01,8.667599E-02,1.771800E+03,1.730736E+03,1.085969E-01,1.211238E-01,1.699710E+03,8.495717E+02,1.041784E-01,5.945630E-02,1.671864E+03,1.180983E+03,1.024716E-01,8.264996E-02 
13:30:00,3.028054E+02,2.694396E+02,1.855950E-02,1.885646E-02,1.799011E+03,9.477553E+02,1.102647E-01,6.632773E-02,1.647406E+03,1.712447E+03,1.009726E-01,1.198439E-01,1.699710E+03,4.395161E+02,1.041784E-01,3.075906E-02,3.976869E+02,0.000000E+00,2.437496E-02,0.000000E+00,1.647406E+03,2.369986E+03,1.009726E-01,1.658612E-01,3.963529E+02,3.202357E+02,2.429320E-02,2.241138E-02,1.771800E+03,2.397666E+03,1.085969E-01,1.677983E-01,1.671864E+03,8.923217E+02,1.024716E-01,6.244827E-02,1.683169E+03,8.042525E+02,1.031645E-01,5.628483E-02,1.683169E+03,1.879232E+03,1.031645E-01,1.315162E-01,1.799011E+03,1.426612E+03,1.102647E-01,9.984004E-02,1.771800E+03,1.683916E+03,1.085969E-01,1.178472E-01,1.699710E+03,1.092287E+03,1.041784E-01,7.644245E-02,1.671864E+03,1.371475E+03,1.024716E-01,9.598138E-02 
13:45:00,3.028054E+02,2.757212E+02,1.855950E-02,1.929608E-02,1.799011E+03,9.616761E+02,1.102647E-01,6.730196E-02,1.647406E+03,1.674730E+03,1.009726E-01,1.172044E-01,1.699710E+03,4.519660E+02,1.041784E-01,3.163036E-02,3.976869E+02,0.000000E+00,2.437496E-02,0.000000E+00,1.647406E+03,2.397031E+03,1.009726E-01,1.677539E-01,3.963529E+02,3.264161E+02,2.429320E-02,2.284391E-02,1.771800E+03,2.420904E+03,1.085969E-01,1.694246E-01,1.671864E+03,9.062730E+02,1.024716E-01,6.342463E-02,1.683169E+03,7.827508E+02,1.031645E-01,5.478005E-02,1.683169E+03,1.873873E+03,1.031645E-01,1.311412E-01,1.799011E+03,1.622910E+03,1.102647E-01,1.135778E-01,1.771800E+03,1.646009E+03,1.085969E-01,1.151943E-01,1.699710E+03,1.332712E+03,1.041784E-01,9.326841E-02,1.671864E+03,1.569247E+03,1.024716E-01,1.098222E-01 
14:00:00,3.028054E+02,2.826493E+02,1.855950E-02,1.978094E-02,1.799011E+03,9.757500E+02,1.102647E-01,6.828691E-02,1.647406E+03,1.641549E+03,1.009726E-01,1.148822E-01,1.699710E+03,4.646039E+02,1.041784E-01,3.251482E-02,3.976869E+02,4.481458E+00,2.437496E-02,3.140363E-04,1.647406E+03,2.412674E+03,1.009726E-01,1.688486E-01,3.963529E+02,3.332620E+02,2.429320E-02,2.332301E-02,1.771800E+03,2.432989E+03,1.085969E-01,1.702703E-01,1.671864E+03,9.202853E+02,1.024716E-01,6.440527E-02,1.683169E+03,7.652791E+02,1.031645E-01,5.355731E-02,1.683169E+03,1.856224E+03,1.031645E-01,1.299060E-01,1.799011E+03,1.816540E+03,1.102647E-01,1.271288E-01,1.771800E+03,1.613888E+03,1.085969E-01,1.129464E-01,1.699710E+03,1.552085E+03,1.041784E-01,1.086210E-01,1.671864E+03,1.763587E+03,1.024716E-01,1.234229E-01 
14:15:00,3.028054E+02,2.900502E+02,1.855950E-02,2.029888E-02,1.799011E+03,9.893339E+02,1.102647E-01,6.923757E-02,1.647406E+03,1.610803E+03,1.009726E-01,1.127305E-01,1.699710E+03,4.766869E+02,1.041784E-01,3.336045E-02,3.976869E+02,1.052476E+01,2.437496E-02,7.369732E-04,1.647406E+03,2.415610E+03,1.009726E-01,1.690541E-01,3.963529E+02,3.406252E+02,2.429320E-02,2.383832E-02,1.771800E+03,2.432715E+03,1.085969E-01,1.702512E-01,1.671864E+03,9.336786E+02,1.024716E-01,6.534259E-02,1.683169E+03,7.498503E+02,1.031645E-01,5.247754E-02,1.683169E+03,1.824943E+03,1.031645E-01,1.277168E-01,1.799011E+03,2.002397E+03,1.102647E-01,1.401358E-01,1.771800E+03,1.585166E+03,1.085969E-01,1.109363E-01,1.699710E+03,1.750117E+03,1.041784E-01,1.224801E-01,1.671864E+03,1.949879E+03,1.024716E-01,1.364604E-01 
14:30:00,3.028054E+02,2.976851E+02,1.855950E-02,2.083320E-02,1.799011E+03,1.001945E+03,1.102647E-01,7.012016E-02,1.647406E+03,1.581290E+03,1.009726E-01,1.106651E-01,1.699710E+03,4.876380E+02,1.041784E-01,3.412685E-02,3.976869E+02,1.910591E+01,2.437496E-02,1.337515E-03,1.647406E+03,2.404578E+03,1.009726E-01,1.682821E-01,3.963529E+02,3.482859E+02,2.429320E-02,2.437445E-02,1.771800E+03,2.418899E+03,1.085969E-01,1.692843E-01,1.671864E+03,9.459474E+02,1.024716E-01,6.620120E-02,1.683169E+03,7.352318E+02,1.031645E-01,5.145448E-02,1.683169E+03,1.778731E+03,1.031645E-01,1.244827E-01,1.799011E+03,2.179230E+03,1.102647E-01,1.525113E-01,1.771800E+03,1.558396E+03,1.085969E-01,1.090628E-01,1.699710E+03,1.929674E+03,1.041784E-01,1.350463E-01,1.671864E+03,2.127326E+03,1.024716E-01,1.488788E-01 
14:45:00,3.028054E+02,3.053062E+02,1.855950E-02,2.136656E-02,1.799011E+03,1.013089E+03,1.102647E-01,7.090008E-02,1.647406E+03,1.552109E+03,1.009726E-01,1.086228E-01,1.699710E+03,4.969035E+02,1.041784E-01,3.477530E-02,3.976869E+02,3.000344E+01,2.437496E-02,2.100166E-03,1.647406E+03,2.378287E+03,1.009726E-01,1.664421E-01,3.963529E+02,3.560058E+02,2.429320E-02,2.491472E-02,1.771800E+03,2.390307E+03,1.085969E-01,1.672833E-01,1.671864E+03,9.565936E+02,1.024716E-01,6.694627E-02,1.683169E+03,7.204553E+02,1.031645E-01,5.042036E-02,1.683169E+03,1.716347E+03,1.031645E-01,1.201168E-01,1.799011E+03,2.346709E+03,1.102647E-01,1.642321E-01,1.771800E+03,1.532479E+03,1.085969E-01,1.072491E-01,1.699710E+03,2.093234E+03,1.041784E-01,1.464929E-01,1.671864E+03,2.295877E+03,1.024716E-01,1.606747E-01 
15:00:00,3.028054E+02,3.126850E+02,1.855950E-02,2.188296E-02,1.799011E+03,1.022317E+03,1.102647E-01,7.154587E-02,1.647406E+03,1.522558E+03,1.009726E-01,1.065547E-01,1.699710E+03,5.040161E+02,1.041784E-01,3.527307E-02,3.976869E+02,3.831238E+01,2.437496E-02,2.681250E-03,1.647406E+03,2.335550E+03,1.009726E-01,1.634512E-01,3.963529E+02,3.635580E+02,2.429320E-02,2.544325E-02,1.771800E+03,2.345784E+03,1.085969E-01,1.641674E-01,1.671864E+03,9.651798E+02,1.024716E-01,6.754717E-02,1.683169E+03,7.047127E+02,1.031645E-01,4.931863E-02,1.683169E+03,1.636831E+03,1.031645E-01,1.145520E-01,1.799011E+03,2.504111E+03,1.102647E-01,1.752477E-01,1.771800E+03,1.506567E+03,1.085969E-01,1.054356E-01,1.699710E+03,2.241183E+03,1.041784E-01,1.568470E-01,1.671864E+03,2.454892E+03,1.024716E-01,1.718032E-01 
15:15:00,3.028054E+02,3.196146E+02,1.855950E-02,2.236792E-02,1.799011E+03,1.029164E+03,1.102647E-01,7.202501E-02,1.647406E+03,1.491971E+03,1.009726E-01,1.044141E-01,1.699710E+03,5.085069E+02,1.041784E-01,3.558735E-02,3.976869E+02,4.662982E+01,2.437496E-02,3.263332E-03,1.647406E+03,2.275387E+03,1.009726E-01,1.592407E-01,3.963529E+02,3.707324E+02,2.429320E-02,2.594535E-02,1.771800E+03,2.284354E+03,1.085969E-01,1.598683E-01,1.671864E+03,9.712502E+02,1.024716E-01,6.797200E-02,1.683169E+03,6.874771E+02,1.031645E-01,4.811242E-02,1.683169E+03,1.539781E+03,1.031645E-01,1.077601E-01,1.799011E+03,2.650000E+03,1.102647E-01,1.854577E-01,1.771800E+03,1.479879E+03,1.085969E-01,1.035679E-01,1.699710E+03,2.371939E+03,1.041784E-01,1.659978E-01,1.671864E+03,2.602877E+03,1.024716E-01,1.821598E-01 
15:30:00,3.028054E+02,3.259078E+02,1.855950E-02,2.280834E-02,1.799011E+03,1.033224E+03,1.102647E-01,7.230919E-02,1.647406E+03,1.459878E+03,1.009726E-01,1.021681E-01,1.699710E+03,5.100108E+02,1.041784E-01,3.569260E-02,3.976869E+02,5.363214E+01,2.437496E-02,3.753379E-03,1.647406E+03,2.197602E+03,1.009726E-01,1.537971E-01,3.963529E+02,3.773358E+02,2.429320E-02,2.640748E-02,1.771800E+03,2.205831E+03,1.085969E-01,1.543729E-01,1.671864E+03,9.744303E+02,1.024716E-01,6.819455E-02,1.683169E+03,6.682880E+02,1.031645E-01,4.676948E-02,1.683169E+03,1.426140E+03,1.031645E-01,9.980704E-02,1.799011E+03,2.782114E+03,1.102647E-01,1.947035E-01,1.771800E+03,1.451852E+03,1.085969E-01,1.016065E-01,1.699710E+03,2.483300E+03,1.041784E-01,1.737913E-01,1.671864E+03,2.737486E+03,1.024716E-01,1.915803E-01 
15:45:00,3.028054E+02,3.313947E+02,1.855950E-02,2.319234E-02,1.799011E+03,1.034171E+03,1.102647E-01,7.237544E-02,1.647406E+03,1.425887E+03,1.009726E-01,9.978930E-02,1.699710E+03,5.082477E+02,1.041784E-01,3.556921E-02,3.976869E+02,5.917102E+01,2.437496E-02,4.141009E-03,1.647406E+03,2.103275E+03,1.009726E-01,1.471957E-01,3.963529E+02,3.831901E+02,2.429320E-02,2.681718E-02,1.771800E+03,2.111224E+03,1.085969E-01,1.477519E-01,1.671864E+03,9.744190E+02,1.024716E-01,6.819376E-02,1.683169E+03,6.467670E+02,1.031645E-01,4.526336E-02,1.683169E+03,1.298890E+03,1.031645E-01,9.090153E-02,1.799011E+03,2.898585E+03,1.102647E-01,2.028547E-01,1.771800E+03,1.422023E+03,1.085969E-01,9.951886E-02,1.699710E+03,2.573225E+03,1.041784E-01,1.800846E-01,1.671864E+03,2.856765E+03,1.024716E-01,1.999279E-01 
16:00:00,3.028054E+02,3.359236E+02,1.855950E-02,2.350928E-02,1.799011E+03,1.031714E+03,1.102647E-01,7.220349E-02,1.647406E+03,1.389675E+03,1.009726E-01,9.725508E-02,1.699710E+03,5.029850E+02,1.041784E-01,3.520091E-02,3.976869E+02,6.328549E+01,2.437496E-02,4.428954E-03,1.647406E+03,1.995543E+03,1.009726E-01,1.396562E-01,3.963529E+02,3.881345E+02,2.429320E-02,2.716322E-02,1.771800E+03,2.003559E+03,1.085969E-01,1.402171E-01,1.671864E+03,9.709532E+02,1.024716E-01,6.795121E-02,1.683169E+03,6.226167E+02,1.031645E-01,4.357322E-02,1.683169E+03,1.164051E+03,1.031645E-01,8.146494E-02,1.799011E+03,2.997425E+03,1.102647E-01,2.097718E-01,1.771800E+03,1.390007E+03,1.085969E-01,9.727832E-02,1.699710E+03,2.640175E+03,1.041784E-01,1.847701E-01,1.671864E+03,2.958647E+03,1.024716E-01,2.070580E-01 
16:15:00,3.028054E+02,3.393704E+02,1.855950E-02,2.375051E-02,1.799011E+03,1.026021E+03,1.102647E-01,7.180505E-02,1.647406E+03,1.351451E+03,1.009726E-01,9.457995E-02,1.699710E+03,4.944533E+02,1.041784E-01,3.460383E-02,3.976869E+02,6.591606E+01,2.437496E-02,4.613051E-03,1.647406E+03,1.881125E+03,1.009726E-01,1.316487E-01,3.963529E+02,3.920351E+02,2.429320E-02,2.743620E-02,1.771800E+03,1.889363E+03,1.085969E-01,1.322252E-01,1.671864E+03,9.642394E+02,1.024716E-01,6.748135E-02,1.683169E+03,5.960462E+02,1.031645E-01,4.171371E-02,1.683169E+03,1.031922E+03,1.031645E-01,7.221807E-02,1.799011E+03,3.077566E+03,1.102647E-01,2.153804E-01,1.771800E+03,1.355950E+03,1.085969E-01,9.489481E-02,1.699710E+03,2.683559E+03,1.041784E-01,1.878062E-01,1.671864E+03,3.042019E+03,1.024716E-01,2.128927E-01 
16:30:00,3.028054E+02,3.416519E+02,1.855950E-02,2.391017E-02,1.799011E+03,1.017711E+03,1.102647E-01,7.122352E-02,1.647406E+03,1.309941E+03,1.009726E-01,9.167491E-02,1.699710E+03,4.835060E+02,1.041784E-01,3.383769E-02,3.976869E+02,6.704646E+01,2.437496E-02,4.692161E-03,1.647406E+03,1.768558E+03,1.009726E-01,1.237708E-01,3.963529E+02,3.947969E+02,2.429320E-02,2.762948E-02,1.771800E+03,1.776957E+03,1.085969E-01,1.243586E-01,1.671864E+03,9.549197E+02,1.024716E-01,6.682912E-02,1.683169E+03,5.659068E+02,1.031645E-01,3.960444E-02,1.683169E+03,9.138201E+02,1.031645E-01,6.395281E-02,1.799011E+03,3.134453E+03,1.102647E-01,2.193616E-01,1.771800E+03,1.318648E+03,1.085969E-01,9.228427E-02,1.699710E+03,2.697899E+03,1.041784E-01,1.888099E-01,1.671864E+03,3.101909E+03,1.024716E-01,2.170841E-01 
16:45:00,3.028054E+02,3.427137E+02,1.855950E-02,2.398448E-02,1.799011E+03,1.011744E+03,1.102647E-01,7.080595E-02,1.647406E+03,1.265257E+03,1.009726E-01,8.854776E-02,1.699710E+03,4.759555E+02,1.041784E-01,3.330928E-02,3.976869E+02,6.669772E+01,2.437496E-02,4.667756E-03,1.647406E+03,1.665037E+03,1.009726E-01,1.165260E-01,3.963529E+02,3.963541E+02,2.429320E-02,2.773845E-02,1.771800E+03,1.673412E+03,1.085969E-01,1.171121E-01,1.671864E+03,9.481879E+02,1.024716E-01,6.635800E-02,1.683169E+03,5.323538E+02,1.031645E-01,3.725626E-02,1.683169E+03,8.153207E+02,1.031645E-01,5.705943E-02,1.799011E+03,3.167303E+03,1.102647E-01,2.216606E-01,1.771800E+03,1.278108E+03,1.085969E-01,8.944713E-02,1.699710E+03,2.683937E+03,1.041784E-01,1.878327E-01,1.671864E+03,3.137727E+03,1.024716E-01,2.195907E-01 
17:00:00,3.028054E+02,3.425816E+02,1.855950E-02,2.397524E-02,1.799011E+03,1.013253E+03,1.102647E-01,7.091152E-02,1.647406E+03,1.217807E+03,1.009726E-01,8.522704E-02,1.699710E+03,4.767955E+02,1.041784E-01,3.336807E-02,3.976869E+02,6.497981E+01,2.437496E-02,4.547531E-03,1.647406E+03,1.573821E+03,1.009726E-01,1.101424E-01,3.963529E+02,3.967187E+02,2.429320E-02,2.776397E-02,1.771800E+03,1.582106E+03,1.085969E-01,1.107222E-01,1.671864E+03,9.493025E+02,1.024716E-01,6.643601E-02,1.683169E+03,4.959120E+02,1.031645E-01,3.470592E-02,1.683169E+03,7.361701E+02,1.031645E-01,5.152015E-02,1.799011E+03,3.176206E+03,1.102647E-01,2.222837E-01,1.771800E+03,1.234633E+03,1.085969E-01,8.640461E-02,1.699710E+03,2.642330E+03,1.041784E-01,1.849209E-01,1.671864E+03,3.149752E+03,1.024716E-01,2.204323E-01 
17:15:00,3.028054E+02,3.413687E+02,1.855950E-02,2.389035E-02,1.799011E+03,1.025301E+03,1.102647E-01,7.175466E-02,1.647406E+03,1.167899E+03,1.009726E-01,8.173426E-02,1.699710E+03,4.886227E+02,1.041784E-01,3.419578E-02,3.976869E+02,6.209217E+01,2.437496E-02,4.345444E-03,1.647406E+03,1.493967E+03,1.009726E-01,1.045539E-01,3.963529E+02,3.959890E+02,2.429320E-02,2.771291E-02,1.771800E+03,1.502338E+03,1.085969E-01,1.051397E-01,1.671864E+03,9.612646E+02,1.024716E-01,6.727316E-02,1.683169E+03,4.570111E+02,1.031645E-01,3.198347E-02,1.683169E+03,6.714613E+02,1.031645E-01,4.699157E-02,1.799011E+03,3.160039E+03,1.102647E-01,2.211522E-01,1.771800E+03,1.188492E+03,1.085969E-01,8.317545E-02,1.699710E+03,2.572317E+03,1.041784E-01,1.800211E-01,1.671864E+03,3.136755E+03,1.024716E-01,2.195227E-01 
17:30:00,3.028054E+02,3.392260E+02,1.855950E-02,2.374040E-02,1.799011E+03,1.047618E+03,1.102647E-01,7.331655E-02,1.647406E+03,1.116981E+03,1.009726E-01,7.817085E-02,1.699710E+03,5.135378E+02,1.041784E-01,3.593944E-02,3.976869E+02,5.826408E+01,2.437496E-02,4.077541E-03,1.647406E+03,1.421365E+03,1.009726E-01,9.947284E-02,3.963529E+02,3.943028E+02,2.429320E-02,2.759490E-02,1.771800E+03,1.430251E+03,1.085969E-01,1.000947E-01,1.671864E+03,9.836603E+02,1.024716E-01,6.884051E-02,1.683169E+03,4.171556E+02,1.031645E-01,2.919423E-02,1.683169E+03,6.133817E+02,1.031645E-01,4.292692E-02,1.799011E+03,3.120873E+03,1.102647E-01,2.184113E-01,1.771800E+03,1.140995E+03,1.085969E-01,7.985145E-02,1.699710E+03,2.477281E+03,1.041784E-01,1.733701E-01,1.671864E+03,3.101037E+03,1.024716E-01,2.170231E-01 
17:45:00,3.028054E+02,3.363063E+02,1.855950E-02,2.353607E-02,1.799011E+03,1.073462E+03,1.102647E-01,7.512523E-02,1.647406E+03,1.065145E+03,1.009726E-01,7.454313E-02,1.699710E+03,5.413622E+02,1.041784E-01,3.788670E-02,3.976869E+02,5.370705E+01,2.437496E-02,3.758624E-03,1.647406E+03,1.351944E+03,1.009726E-01,9.461450E-02,3.963529E+02,3.918029E+02,2.429320E-02,2.741994E-02,1.771800E+03,1.361965E+03,1.085969E-01,9.531580E-02,1.671864E+03,1.009386E+03,1.024716E-01,7.064090E-02,1.683169E+03,3.765782E+02,1.031645E-01,2.635446E-02,1.683169E+03,5.577582E+02,1.031645E-01,3.903416E-02,1.799011E+03,3.056450E+03,1.102647E-01,2.139027E-01,1.771800E+03,1.092291E+03,1.085969E-01,7.644296E-02,1.699710E+03,2.354223E+03,1.041784E-01,1.647580E-01,1.671864E+03,3.039940E+03,1.024716E-01,2.127473E-01 
18:00:00,3.028054E+02,3.326747E+02,1.855950E-02,2.328192E-02,1.799011E+03,1.094318E+03,1.102647E-01,7.658479E-02,1.647406E+03,1.012205E+03,1.009726E-01,7.083819E-02,1.699710E+03,5.616348E+02,1.041784E-01,3.930546E-02,3.976869E+02,4.851957E+01,2.437496E-02,3.395586E-03,1.647406E+03,1.283559E+03,1.009726E-01,8.982865E-02,3.963529E+02,3.885509E+02,2.429320E-02,2.719236E-02,1.771800E+03,1.295266E+03,1.085969E-01,9.064791E-02,1.671864E+03,1.029721E+03,1.024716E-01,7.206405E-02,1.683169E+03,3.351511E+02,1.031645E-01,2.345523E-02,1.683169E+03,5.031023E+02,1.031645E-01,3.520912E-02,1.799011E+03,2.964060E+03,1.102647E-01,2.074369E-01,1.771800E+03,1.042264E+03,1.085969E-01,7.294186E-02,1.699710E+03,2.200522E+03,1.041784E-01,1.540014E-01,1.671864E+03,2.950394E+03,1.024716E-01,2.064804E-01 
18:15:00,3.028054E+02,3.282646E+02,1.855950E-02,2.297327E-02,1.799011E+03,1.100268E+03,1.102647E-01,7.700117E-02,1.647406E+03,9.573529E+02,1.009726E-01,6.699941E-02,1.699710E+03,5.627759E+02,1.041784E-01,3.938532E-02,3.976869E+02,4.265230E+01,2.437496E-02,2.984973E-03,1.647406E+03,1.214255E+03,1.009726E-01,8.497843E-02,3.963529E+02,3.844821E+02,2.429320E-02,2.690760E-02,1.771800E+03,1.228117E+03,1.085969E-01,8.594854E-02,1.671864E+03,1.034576E+03,1.024716E-01,7.240377E-02,1.683169E+03,2.921940E+02,1.031645E-01,2.044891E-02,1.683169E+03,4.477352E+02,1.031645E-01,3.133431E-02,1.799011E+03,2.834929E+03,1.102647E-01,1.983998E-01,1.771800E+03,9.901635E+02,1.085969E-01,6.929563E-02,1.699710E+03,2.006203E+03,1.041784E-01,1.404021E-01,1.671864E+03,2.822793E+03,1.024716E-01,1.975504E-01 
18:30:00,3.028054E+02,3.228461E+02,1.855950E-02,2.259407E-02,1.799011E+03,1.086069E+03,1.102647E-01,7.600750E-02,1.647406E+03,9.005316E+02,1.009726E-01,6.302283E-02,1.699710E+03,5.368815E+02,1.041784E-01,3.757313E-02,3.976869E+02,3.589020E+01,2.437496E-02,2.511736E-03,1.647406E+03,1.143460E+03,1.009726E-01,8.002395E-02,3.963529E+02,3.793731E+02,2.429320E-02,2.655006E-02,1.771800E+03,1.159746E+03,1.085969E-01,8.116367E-02,1.671864E+03,1.019014E+03,1.024716E-01,7.131469E-02,1.683169E+03,2.477068E+02,1.031645E-01,1.733552E-02,1.683169E+03,3.911666E+02,1.031645E-01,2.737541E-02,1.799011E+03,2.670334E+03,1.102647E-01,1.868807E-01,1.771800E+03,9.359013E+02,1.085969E-01,6.549814E-02,1.699710E+03,1.776673E+03,1.041784E-01,1.243387E-01,1.671864E+03,2.658983E+03,1.024716E-01,1.860864E-01 
18:45:00,3.028054E+02,3.161408E+02,1.855950E-02,2.212481E-02,1.799011E+03,1.049301E+03,1.102647E-01,7.343431E-02,1.647406E+03,8.418505E+02,1.009726E-01,5.891609E-02,1.699710E+03,4.867058E+02,1.041784E-01,3.406163E-02,3.976869E+02,2.797487E+01,2.437496E-02,1.957791E-03,1.647406E+03,1.071009E+03,1.009726E-01,7.495351E-02,3.963529E+02,3.729482E+02,2.429320E-02,2.610042E-02,1.771800E+03,1.089810E+03,1.085969E-01,7.626927E-02,1.671864E+03,9.809784E+02,1.024716E-01,6.865282E-02,1.683169E+03,2.018994E+02,1.031645E-01,1.412973E-02,1.683169E+03,3.333501E+02,1.031645E-01,2.332918E-02,1.799011E+03,2.474426E+03,1.102647E-01,1.731703E-01,1.771800E+03,8.795448E+02,1.085969E-01,6.155408E-02,1.699710E+03,1.520717E+03,1.041784E-01,1.064259E-01,1.671864E+03,2.463627E+03,1.024716E-01,1.724145E-01 
19:00:00,3.028054E+02,3.079089E+02,1.855950E-02,2.154870E-02,1.799011E+03,9.869818E+02,1.102647E-01,6.907296E-02,1.647406E+03,7.813118E+02,1.009726E-01,5.467935E-02,1.699710E+03,4.138074E+02,1.041784E-01,2.895990E-02,3.976869E+02,1.870585E+01,2.437496E-02,1.309109E-03,1.647406E+03,9.967774E+02,1.009726E-01,6.975849E-02,3.963529E+02,3.649625E+02,2.429320E-02,2.554155E-02,1.771800E+03,1.018082E+03,1.085969E-01,7.124946E-02,1.671864E+03,9.174087E+02,1.024716E-01,6.420396E-02,1.683169E+03,1.549647E+02,1.031645E-01,1.084506E-02,1.683169E+03,2.743318E+02,1.031645E-01,1.919884E-02,1.799011E+03,2.245223E+03,1.102647E-01,1.571297E-01,1.771800E+03,8.210871E+02,1.085969E-01,5.746298E-02,1.699710E+03,1.240771E+03,1.041784E-01,8.683413E-02,1.671864E+03,2.233896E+03,1.024716E-01,1.563370E-01 
19:15:00,3.028054E+02,2.979071E+02,1.855950E-02,2.084874E-02,1.799011E+03,9.051189E+02,1.102647E-01,6.334387E-02,1.647406E+03,7.206928E+02,1.009726E-01,5.043698E-02,1.699710E+03,3.245637E+02,1.041784E-01,2.271428E-02,3.976869E+02,1.046944E+01,2.437496E-02,7.326930E-04,1.647406E+03,9.226912E+02,1.009726E-01,6.457364E-02,3.963529E+02,3.551642E+02,2.429320E-02,2.485582E-02,1.771800E+03,9.462904E+02,1.085969E-01,6.622521E-02,1.671864E+03,8.347936E+02,1.024716E-01,5.842222E-02,1.683169E+03,1.088969E+02,1.031645E-01,7.621046E-03,1.683169E+03,2.159730E+02,1.031645E-01,1.511466E-02,1.799011E+03,2.000544E+03,1.102647E-01,1.400061E-01,1.771800E+03,7.621986E+02,1.085969E-01,5.334173E-02,1.699710E+03,9.700149E+02,1.041784E-01,6.788555E-02,1.671864E+03,1.988793E+03,1.024716E-01,1.391837E-01 
19:30:00,3.028054E+02,2.860367E+02,1.855950E-02,2.001800E-02,1.799011E+03,8.141058E+02,1.102647E-01,5.697440E-02,1.647406E+03,6.614189E+02,1.009726E-01,4.628876E-02,1.699710E+03,2.326156E+02,1.041784E-01,1.627938E-02,3.976869E+02,4.345780E+00,2.437496E-02,3.041349E-04,1.647406E+03,8.501333E+02,1.009726E-01,5.949575E-02,3.963529E+02,3.434377E+02,2.429320E-02,2.403515E-02,1.771800E+03,8.756992E+02,1.085969E-01,6.128496E-02,1.671864E+03,7.440311E+02,1.024716E-01,5.207029E-02,1.683169E+03,6.491315E+01,1.031645E-01,4.542884E-03,1.683169E+03,1.599371E+02,1.031645E-01,1.119304E-02,1.799011E+03,1.761670E+03,1.102647E-01,1.232887E-01,1.771800E+03,7.042310E+02,1.085969E-01,4.928492E-02,1.699710E+03,7.314256E+02,1.041784E-01,5.118811E-02,1.671864E+03,1.750593E+03,1.024716E-01,1.225135E-01 
19:45:00,3.028054E+02,2.724722E+02,1.855950E-02,1.906870E-02,1.799011E+03,7.239222E+02,1.102647E-01,5.066299E-02,1.647406E+03,6.055306E+02,1.009726E-01,4.237747E-02,1.699710E+03,1.468056E+02,1.041784E-01,1.027405E-02,3.976869E+02,7.304632E-01,2.437496E-02,5.112072E-05,1.647406E+03,7.814085E+02,1.009726E-01,5.468611E-02,3.963529E+02,3.299312E+02,2.429320E-02,2.308991E-02,1.771800E+03,8.084850E+02,1.085969E-01,5.658103E-02,1.671864E+03,6.552311E+02,1.024716E-01,4.585571E-02,1.683169E+03,3.206622E+01,1.031645E-01,2.244123E-03,1.683169E+03,1.085610E+02,1.031645E-01,7.597537E-03,1.799011E+03,1.544417E+03,1.102647E-01,1.080845E-01,1.771800E+03,6.491619E+02,1.085969E-01,4.543096E-02,1.699710E+03,5.343745E+02,1.041784E-01,3.739768E-02,1.671864E+03,1.535256E+03,1.024716E-01,1.074434E-01 
20:00:00,3.028054E+02,2.576652E+02,1.855950E-02,1.803245E-02,1.799011E+03,6.448054E+02,1.102647E-01,4.512608E-02,1.647406E+03,5.547988E+02,1.009726E-01,3.882705E-02,1.699710E+03,7.576611E+01,1.041784E-01,5.302418E-03,3.976869E+02,0.000000E+00,2.437496E-02,0.000000E+00,1.647406E+03,7.184258E+02,1.009726E-01,5.027833E-02,3.963529E+02,3.150668E+02,2.429320E-02,2.204965E-02,1.771800E+03,7.465415E+02,1.085969E-01,5.224598E-02,1.671864E+03,5.787869E+02,1.024716E-01,4.050584E-02,1.683169E+03,1.095534E+01,1.031645E-01,7.666991E-04,1.683169E+03,6.313225E+01,1.031645E-01,4.418249E-03,1.799011E+03,1.365648E+03,1.102647E-01,9.557357E-02,1.771800E+03,5.987802E+02,1.085969E-01,4.190505E-02,1.699710E+03,3.912499E+02,1.041784E-01,2.738124E-02,1.671864E+03,1.360258E+03,1.024716E-01,9.519632E-02 
20:15:00,3.028054E+02,2.423175E+02,1.855950E-02,1.695835E-02,1.799011E+03,5.808272E+02,1.102647E-01,4.064862E-02,1.647406E+03,5.097145E+02,1.009726E-01,3.567187E-02,1.699710E+03,3.267136E+01,1.041784E-01,2.286474E-03,3.976869E+02,0.000000E+00,2.437496E-02,0.000000E+00,1.647406E+03,6.618582E+02,1.009726E-01,4.631950E-02,3.963529E+02,2.995192E+02,2.429320E-02,2.096156E-02,1.771800E+03,6.906699E+02,1.085969E-01,4.833586E-02,1.671864E+03,5.182646E+02,1.024716E-01,3.627024E-02,1.683169E+03,6.182953E-01,1.031645E-01,4.327079E-05,1.683169E+03,3.071507E+01,1.031645E-01,2.149564E-03,1.799011E+03,1.227549E+03,1.102647E-01,8.590881E-02,1.771800E+03,5.537232E+02,1.085969E-01,3.875178E-02,1.699710E+03,2.902804E+02,1.041784E-01,2.031499E-02,1.671864E+03,1.226997E+03,1.024716E-01,8.587016E-02 
20:30:00,3.028054E+02,2.271864E+02,1.855950E-02,1.589942E-02,1.799011E+03,5.287158E+02,1.102647E-01,3.700166E-02,1.647406E+03,4.699376E+02,1.009726E-01,3.288812E-02,1.699710E+03,9.574321E+00,1.041784E-01,6.700495E-04,3.976869E+02,0.000000E+00,2.437496E-02,0.000000E+00,1.647406E+03,6.115834E+02,1.009726E-01,4.280107E-02,3.963529E+02,2.840346E+02,2.429320E-02,1.987788E-02,1.771800E+03,6.409153E+02,1.085969E-01,4.485383E-02,1.671864E+03,4.695709E+02,1.024716E-01,3.286246E-02,1.683169E+03,0.000000E+00,1.031645E-01,0.000000E+00,1.683169E+03,1.078189E+01,1.031645E-01,7.545599E-04,1.799011E+03,1.117736E+03,1.102647E-01,7.822363E-02,1.771800E+03,5.138373E+02,1.085969E-01,3.596041E-02,1.699710E+03,2.136499E+02,1.041784E-01,1.495208E-02,1.671864E+03,1.121215E+03,1.024716E-01,7.846715E-02 
20:45:00,3.028054E+02,2.128246E+02,1.855950E-02,1.489432E-02,1.799011E+03,4.845892E+02,1.102647E-01,3.391350E-02,1.647406E+03,4.342062E+02,1.009726E-01,3.038750E-02,1.699710E+03,0.000000E+00,1.041784E-01,0.000000E+00,3.976869E+02,0.000000E+00,2.437496E-02,0.000000E+00,1.647406E+03,5.662653E+02,1.009726E-01,3.962953E-02,3.963529E+02,2.691773E+02,2.429320E-02,1.883811E-02,1.771800E+03,5.961419E+02,1.085969E-01,4.172041E-02,1.671864E+03,4.283364E+02,1.024716E-01,2.997670E-02,1.683169E+03,0.000000E+00,1.031645E-01,0.000000E+00,1.683169E+03,9.670141E-01,1.031645E-01,6.767554E-05,1.799011E+03,1.026070E+03,1.102647E-01,7.180854E-02,1.771800E+03,4.780410E+02,1.085969E-01,3.345524E-02,1.699710E+03,1.528269E+02,1.041784E-01,1.069544E-02,1.671864E+03,1.031947E+03,1.024716E-01,7.221980E-02 
21:00:00,3.028054E+02,1.994878E+02,1.855950E-02,1.396096E-02,1.799011E+03,4.462505E+02,1.102647E-01,3.123041E-02,1.647406E+03,4.015439E+02,1.009726E-01,2.810166E-02,1.699710E+03,0.000000E+00,1.041784E-01,0.000000E+00,3.976869E+02,0.000000E+00,2.437496E-02,0.000000E+00,1.647406E+03,5.249381E+02,1.009726E-01,3.673728E-02,3.963529E+02,2.552349E+02,2.429320E-02,1.786237E-02,1.771800E+03,5.554394E+02,1.085969E-01,3.887189E-02,1.671864E+03,3.922712E+02,1.024716E-01,2.745272E-02,1.683169E+03,0.000000E+00,1.031645E-01,0.000000E+00,1.683169E+03,0.000000E+00,1.031645E-01,0.000000E+00,1.799011E+03,9.471391E+02,1.102647E-01,6.628461E-02,1.771800E+03,4.454110E+02,1.085969E-01,3.117166E-02,1.699710E+03,1.022863E+02,1.041784E-01,7.158409E-03,1.671864E+03,9.539356E+02,1.024716E-01,6.676025E-02 
21:15:00,3.028054E+02,1.872150E+02,1.855950E-02,1.310206E-02,1.799011E+03,4.122145E+02,1.102647E-01,2.884843E-02,1.647406E+03,3.713754E+02,1.009726E-01,2.599035E-02,1.699710E+03,0.000000E+00,1.041784E-01,0.000000E+00,3.976869E+02,0.000000E+00,2.437496E-02,0.000000E+00,1.647406E+03,4.868751E+02,1.009726E-01,3.407348E-02,3.963529E+02,2.422852E+02,2.429320E-02,1.695610E-02,1.771800E+03,5.180507E+02,1.085969E-01,3.625527E-02,1.671864E+03,3.600833E+02,1.024716E-01,2.520008E-02,1.683169E+03,0.000000E+00,1.031645E-01,0.000000E+00,1.683169E+03,0.000000E+00,1.031645E-01,0.000000E+00,1.799011E+03,8.775463E+02,1.102647E-01,6.141422E-02,1.771800E+03,4.153316E+02,1.085969E-01,2.906658E-02,1.699710E+03,5.895870E+01,1.041784E-01,4.126167E-03,1.671864E+03,8.841539E+02,1.024716E-01,6.187665E-02 
21:30:00,3.028054E+02,1.759415E+02,1.855950E-02,1.231309E-02,1.799011E+03,3.815684E+02,1.102647E-01,2.670369E-02,1.647406E+03,3.433309E+02,1.009726E-01,2.402768E-02,1.699710E+03,0.000000E+00,1.041784E-01,0.000000E+00,3.976869E+02,0.000000E+00,2.437496E-02,0.000000E+00,1.647406E+03,4.515957E+02,1.009726E-01,3.160448E-02,3.963529E+02,2.302976E+02,2.429320E-02,1.611715E-02,1.771800E+03,4.834697E+02,1.085969E-01,3.383516E-02,1.671864E+03,3.309639E+02,1.024716E-01,2.316218E-02,1.683169E+03,0.000000E+00,1.031645E-01,0.000000E+00,1.683169E+03,0.000000E+00,1.031645E-01,0.000000E+00,1.799011E+03,8.151370E+02,1.102647E-01,5.704657E-02,1.771800E+03,3.873919E+02,1.085969E-01,2.711124E-02,1.699710E+03,2.843198E+01,1.041784E-01,1.989784E-03,1.671864E+03,8.208080E+02,1.024716E-01,5.744345E-02 
21:45:00,3.028054E+02,1.655611E+02,1.855950E-02,1.158663E-02,1.799011E+03,3.536776E+02,1.102647E-01,2.475178E-02,1.647406E+03,3.171846E+02,1.009726E-01,2.219786E-02,1.699710E+03,0.000000E+00,1.041784E-01,0.000000E+00,3.976869E+02,0.000000E+00,2.437496E-02,0.000000E+00,1.647406E+03,4.187295E+02,1.009726E-01,2.930438E-02,3.963529E+02,2.191917E+02,2.429320E-02,1.533991E-02,1.771800E+03,4.512979E+02,1.085969E-01,3.158364E-02,1.671864E+03,3.044147E+02,1.024716E-01,2.130417E-02,1.683169E+03,0.000000E+00,1.031645E-01,0.000000E+00,1.683169E+03,0.000000E+00,1.031645E-01,0.000000E+00,1.799011E+03,7.584781E+02,1.102647E-01,5.308135E-02,1.771800E+03,3.613030E+02,1.085969E-01,2.528544E-02,1.699710E+03,9.354009E+00,1.041784E-01,6.546312E-04,1.671864E+03,7.626934E+02,1.024716E-01,5.337636E-02 
22:00:00,3.028054E+02,1.559588E+02,1.855950E-02,1.091462E-02,1.799011E+03,3.281294E+02,1.102647E-01,2.296381E-02,1.647406E+03,2.928283E+02,1.009726E-01,2.049331E-02,1.699710E+03,0.000000E+00,1.041784E-01,0.000000E+00,3.976869E+02,0.000000E+00,2.437496E-02,0.000000E+00,1.647406E+03,3.879971E+02,1.009726E-01,2.715360E-02,3.963529E+02,2.088699E+02,2.429320E-02,1.461756E-02,1.771800E+03,4.212283E+02,1.085969E-01,2.947925E-02,1.671864E+03,2.800436E+02,1.024716E-01,1.959858E-02,1.683169E+03,0.000000E+00,1.031645E-01,0.000000E+00,1.683169E+03,0.000000E+00,1.031645E-01,0.000000E+00,1.799011E+03,7.065054E+02,1.102647E-01,4.944409E-02,1.771800E+03,3.368856E+02,1.085969E-01,2.357661E-02,1.699710E+03,2.813961E-01,1.041784E-01,1.969323E-05,1.671864E+03,7.089503E+02,1.024716E-01,4.961520E-02 
22:15:00,3.028054E+02,1.470256E+02,1.855950E-02,1.028945E-02,1.799011E+03,3.046962E+02,1.102647E-01,2.132386E-02,1.647406E+03,2.699305E+02,1.009726E-01,1.889082E-02,1.699710E+03,0.000000E+00,1.041784E-01,0.000000E+00,3.976869E+02,0.000000E+00,2.437496E-02,0.000000E+00,1.647406E+03,3.593293E+02,1.009726E-01,2.514731E-02,3.963529E+02,1.992345E+02,2.429320E-02,1.394323E-02,1.771800E+03,3.931603E+02,1.085969E-01,2.751494E-02,1.671864E+03,2.573861E+02,1.024716E-01,1.801292E-02,1.683169E+03,0.000000E+00,1.031645E-01,0.000000E+00,1.683169E+03,0.000000E+00,1.031645E-01,0.000000E+00,1.799011E+03,6.586262E+02,1.102647E-01,4.609331E-02,1.771800E+03,3.141367E+02,1.085969E-01,2.198455E-02,1.699710E+03,0.000000E+00,1.041784E-01,0.000000E+00,1.671864E+03,6.591226E+02,1.024716E-01,4.612805E-02 
22:30:00,3.028054E+02,1.386668E+02,1.855950E-02,9.704464E-03,1.799011E+03,2.829304E+02,1.102647E-01,1.980061E-02,1.647406E+03,2.482731E+02,1.009726E-01,1.737515E-02,1.699710E+03,0.000000E+00,1.041784E-01,0.000000E+00,3.976869E+02,0.000000E+00,2.437496E-02,0.000000E+00,1.647406E+03,3.326571E+02,1.009726E-01,2.328068E-02,3.963529E+02,1.901963E+02,2.429320E-02,1.331071E-02,1.771800E+03,3.669502E+02,1.085969E-01,2.568065E-02,1.671864E+03,2.361291E+02,1.024716E-01,1.652527E-02,1.683169E+03,0.000000E+00,1.031645E-01,0.000000E+00,1.683169E+03,0.000000E+00,1.031645E-01,0.000000E+00,1.799011E+03,6.143258E+02,1.102647E-01,4.299300E-02,1.771800E+03,2.927382E+02,1.085969E-01,2.048700E-02,1.699710E+03,0.000000E+00,1.041784E-01,0.000000E+00,1.671864E+03,6.127653E+02,1.024716E-01,4.288378E-02 
22:45:00,3.028054E+02,1.308031E+02,1.855950E-02,9.154126E-03,1.799011E+03,2.625157E+02,1.102647E-01,1.837191E-02,1.647406E+03,2.276283E+02,1.009726E-01,1.593034E-02,1.699710E+03,0.000000E+00,1.041784E-01,0.000000E+00,3.976869E+02,0.000000E+00,2.437496E-02,0.000000E+00,1.647406E+03,3.076476E+02,1.009726E-01,2.153042E-02,3.963529E+02,1.816784E+02,2.429320E-02,1.271459E-02,1.771800E+03,3.425333E+02,1.085969E-01,2.397186E-02,1.671864E+03,2.159551E+02,1.024716E-01,1.511341E-02,1.683169E+03,0.000000E+00,1.031645E-01,0.000000E+00,1.683169E+03,0.000000E+00,1.031645E-01,0.000000E+00,1.799011E+03,5.731614E+02,1.102647E-01,4.011214E-02,1.771800E+03,2.724671E+02,1.085969E-01,1.906834E-02,1.699710E+03,0.000000E+00,1.041784E-01,0.000000E+00,1.671864E+03,5.695284E+02,1.024716E-01,3.985789E-02 
23:00:00,3.028054E+02,1.233693E+02,1.855950E-02,8.633879E-03,1.799011E+03,2.431514E+02,1.102647E-01,1.701671E-02,1.647406E+03,2.077387E+02,1.009726E-01,1.453839E-02,1.699710E+03,0.000000E+00,1.041784E-01,0.000000E+00,3.976869E+02,0.000000E+00,2.437496E-02,0.000000E+00,1.647406E+03,2.840408E+02,1.009726E-01,1.987832E-02,3.963529E+02,1.736158E+02,2.429320E-02,1.215033E-02,1.771800E+03,3.195882E+02,1.085969E-01,2.236607E-02,1.671864E+03,1.966402E+02,1.024716E-01,1.376167E-02,1.683169E+03,0.000000E+00,1.031645E-01,0.000000E+00,1.683169E+03,0.000000E+00,1.031645E-01,0.000000E+00,1.799011E+03,5.348403E+02,1.102647E-01,3.743028E-02,1.771800E+03,2.531041E+02,1.085969E-01,1.771325E-02,1.699710E+03,0.000000E+00,1.041784E-01,0.000000E+00,1.671864E+03,5.291378E+02,1.024716E-01,3.703119E-02 
23:15:00,3.028054E+02,1.163122E+02,1.855950E-02,8.139999E-03,1.799011E+03,2.245136E+02,1.102647E-01,1.571237E-02,1.647406E+03,1.886289E+02,1.009726E-01,1.320101E-02,1.699710E+03,0.000000E+00,1.041784E-01,0.000000E+00,3.976869E+02,0.000000E+00,2.437496E-02,0.000000E+00,1.647406E+03,2.614740E+02,1.009726E-01,1.829901E-02,3.963529E+02,1.659542E+02,2.429320E-02,1.161414E-02,1.771800E+03,2.977483E+02,1.085969E-01,2.083762E-02,1.671864E+03,1.781651E+02,1.024716E-01,1.246871E-02,1.683169E+03,0.000000E+00,1.031645E-01,0.000000E+00,1.683169E+03,0.000000E+00,1.031645E-01,0.000000E+00,1.799011E+03,4.989567E+02,1.102647E-01,3.491900E-02,1.771800E+03,2.343285E+02,1.085969E-01,1.639925E-02,1.699710E+03,0.000000E+00,1.041784E-01,0.000000E+00,1.671864E+03,4.912182E+02,1.024716E-01,3.437742E-02 
23:30:00,3.028054E+02,1.095870E+02,1.855950E-02,7.669343E-03,1.799011E+03,2.066092E+02,1.102647E-01,1.445935E-02,1.647406E+03,1.702452E+02,1.009726E-01,1.191445E-02,1.699710E+03,0.000000E+00,1.041784E-01,0.000000E+00,3.976869E+02,0.000000E+00,2.437496E-02,0.000000E+00,1.647406E+03,2.396591E+02,1.009726E-01,1.677231E-02,3.963529E+02,1.586470E+02,2.429320E-02,1.110276E-02,1.771800E+03,2.767804E+02,1.085969E-01,1.937021E-02,1.671864E+03,1.604431E+02,1.024716E-01,1.122845E-02,1.683169E+03,0.000000E+00,1.031645E-01,0.000000E+00,1.683169E+03,0.000000E+00,1.031645E-01,0.000000E+00,1.799011E+03,4.653356E+02,1.102647E-01,3.256606E-02,1.771800E+03,2.161844E+02,1.085969E-01,1.512946E-02,1.699710E+03,0.000000E+00,1.041784E-01,0.000000E+00,1.671864E+03,4.556567E+02,1.024716E-01,3.188869E-02 
23:45:00,3.028054E+02,1.031549E+02,1.855950E-02,7.219197E-03,1.799011E+03,1.893847E+02,1.102647E-01,1.325390E-02,1.647406E+03,1.525433E+02,1.009726E-01,1.067559E-02,1.699710E+03,0.000000E+00,1.041784E-01,0.000000E+00,3.976869E+02,0.000000E+00,2.437496E-02,0.000000E+00,1.647406E+03,2.186232E+02,1.009726E-01,1.530013E-02,3.963529E+02,1.516537E+02,2.429320E-02,1.061334E-02,1.771800E+03,2.564346E+02,1.085969E-01,1.794633E-02,1.671864E+03,1.434084E+02,1.024716E-01,1.003630E-02,1.683169E+03,0.000000E+00,1.031645E-01,0.000000E+00,1.683169E+03,0.000000E+00,1.031645E-01,0.000000E+00,1.799011E+03,4.337802E+02,1.102647E-01,3.035769E-02,1.771800E+03,1.986503E+02,1.085969E-01,1.390235E-02,1.699710E+03,0.000000E+00,1.041784E-01,0.000000E+00,1.671864E+03,4.221659E+02,1.024716E-01,2.954487E-02 
24:00:00,3.028054E+02,9.698264E+01,1.855950E-02,6.787236E-03,1.799011E+03,1.727863E+02,1.102647E-01,1.209228E-02,1.647406E+03,1.354841E+02,1.009726E-01,9.481720E-03,1.699710E+03,0.000000E+00,1.041784E-01,0.000000E+00,3.976869E+02,0.000000E+00,2.437496E-02,0.000000E+00,1.647406E+03,1.983522E+02,1.009726E-01,1.388148E-02,3.963529E+02,1.449392E+02,2.429320E-02,1.014343E-02,1.771800E+03,2.367598E+02,1.085969E-01,1.656941E-02,1.671864E+03,1.270074E+02,1.024716E-01,8.888491E-03,1.683169E+03,0.000000E+00,1.031645E-01,0.000000E+00,1.683169E+03,0.000000E+00,1.031645E-01,0.000000E+00,1.799011E+03,4.039146E+02,1.102647E-01,2.826757E-02,1.771800E+03,1.816965E+02,1.085969E-01,1.271585E-02,1.699710E+03,0.000000E+00,1.041784E-01,0.000000E+00,1.671864E+03,3.904177E+02,1.024716E-01,2.732300E-02 
Peak,3.028054E+02,3.427137E+02,1.855950E-02,2.398448E-02,1.799011E+03,1.100268E+03,1.102647E-01,7.700117E-02,1.647406E+03,2.716531E+03,1.009726E-01,1.901138E-01,1.699710E+03,5.627759E+02,1.041784E-01,3.938532E-02,3.976869E+02,6.704646E+01,2.437496E-02,4.692161E-03,1.647406E+03,2.415610E+03,1.009726E-01,1.690541E-01,3.963529E+02,3.967187E+02,2.429320E-02,2.776397E-02,1.771800E+03,2.432989E+03,1.085969E-01,1.702703E-01,1.671864E+03,1.034576E+03,1.024716E-01,7.240377E-02,1.683169E+03,2.152417E+03,1.031645E-01,1.506348E-01,1.683169E+03,1.879232E+03,1.031645E-01,1.315162E-01,1.799011E+03,3.176206E+03,1.102647E-01,2.222837E-01,1.771800E+03,2.725066E+03,1.085969E-01,1.907111E-01,1.699710E+03,2.697899E+03,1.041784E-01,1.888099E-01,1.671864E+03,3.149752E+03,1.024716E-01,2.204323E-01 

Peak Vol Flow (m3/s),,,1.541457E-02,1.992028E-02,,,9.158020E-02,6.395323E-02,,,8.386263E-02,1.578988E-01,,,8.652522E-02,3.271143E-02,,,2.024460E-02,3.897068E-03,,,8.386263E-02,1.404077E-01,,,2.017669E-02,2.305933E-02,,,9.019500E-02,1.414178E-01,,,8.510768E-02,6.013487E-02,,,8.568315E-02,1.251096E-01,,,8.568315E-02,1.092307E-01,,,9.158020E-02,1.846174E-01,,,9.019500E-02,1.583949E-01,,,8.652522E-02,1.568158E-01,,,8.510768E-02,1.830798E-01 
