Time,THERMAL ZONE 11:SAN FRANCISCO INTL AP ANN HTG 99.6% CONDNS DB:Des Heat Load [W],THERMAL ZONE 11:SAN FRANCISCO INTL AP ANN CLG .4% CONDNS DB=>MWB:Des Sens Cool Load [W],THERMAL ZONE 11:SAN FRANCISCO INTL AP ANN HTG 99.6% CONDNS DB:Des Heat Mass Flow [kg/s],THERMAL ZONE 11:SAN FRANCISCO INTL AP ANN CLG .4% CONDNS DB=>MWB:Des Cool Mass Flow [kg/s],THERMAL ZONE 4:SAN FRANCISCO INTL AP ANN HTG 99.6% CONDNS DB:Des Heat Load [W],THERMAL ZONE 4:SAN FRANCISCO INTL AP ANN CLG .4% CONDNS DB=>MWB:Des Sens Cool Load [W],THERMAL ZONE 4:SAN FRANCISCO INTL AP ANN HTG 99.6% CONDNS DB:Des Heat Mass Flow [kg/s],THERMAL ZONE 4:SAN FRANCISCO INTL AP ANN CLG .4% CONDNS DB=>MWB:Des Cool Mass Flow [kg/s],THERMAL ZONE 13:SAN FRANCISCO INTL AP ANN HTG 99.6% CONDNS DB:Des Heat Load [W],THERMAL ZONE 13:SAN FRANCISCO INTL AP ANN CLG .4% CONDNS DB=>MWB:Des Sens Cool Load [W],THERMAL ZONE 13:SAN FRANCISCO INTL AP ANN HTG 99.6% CONDNS DB:Des Heat Mass Flow [kg/s],THERMAL ZONE 13:SAN FRANCISCO INTL AP ANN CLG .4% CONDNS DB=>MWB:Des Cool Mass Flow [kg/s],THERMAL ZONE 1:SAN FRANCISCO INTL AP ANN HTG 99.6% CONDNS DB:Des Heat Load [W],THERMAL ZONE 1:SAN FRANCISCO INTL AP ANN CLG .4% CONDNS DB=>MWB:Des Sens Cool Load [W],THERMAL ZONE 1:SAN FRANCISCO INTL AP ANN HTG 99.6% CONDNS DB:Des Heat Mass Flow [kg/s],THERMAL ZONE 1:SAN FRANCISCO INTL AP ANN CLG .4% CONDNS DB=>MWB:Des Cool Mass Flow [kg/s],THERMAL ZONE 15:SAN FRANCISCO INTL AP ANN HTG 99.6% CONDNS DB:Des Heat Load [W],THERMAL ZONE 15:SAN FRANCISCO INTL AP ANN CLG .4% CONDNS DB=>MWB:Des Sens Cool Load [W],THERMAL ZONE 15:SAN FRANCISCO INTL AP ANN HTG 99.6% CONDNS DB:Des Heat Mass Flow [kg/s],THERMAL ZONE 15:SAN FRANCISCO INTL AP ANN CLG .4% CONDNS DB=>MWB:Des Cool Mass Flow [kg/s],THERMAL ZONE 6:SAN FRANCISCO INTL AP ANN HTG 99.6% CONDNS DB:Des Heat Load [W],THERMAL ZONE 6:SAN FRANCISCO INTL AP ANN CLG .4% CONDNS DB=>MWB:Des Sens Cool Load [W],THERMAL ZONE 6:SAN FRANCISCO INTL AP ANN HTG 99.6% CONDNS DB:Des Heat Mass Flow [kg/s],THERMAL ZONE 6:SAN FRANCISCO INTL AP ANN CLG .4% CONDNS DB=>MWB:Des Cool Mass Flow [kg/s],THERMAL ZONE 9:SAN FRANCISCO INTL AP ANN HTG 99.6% CONDNS DB:Des Heat Load [W],THERMAL ZONE 9:SAN FRANCISCO INTL AP ANN CLG .4% CONDNS DB=>MWB:Des Sens Cool Load [W],THERMAL ZONE 9:SAN FRANCISCO INTL AP ANN HTG 99.6% CONDNS DB:Des Heat Mass Flow [kg/s],THERMAL ZONE 9:SAN FRANCISCO INTL AP ANN CLG .4% CONDNS DB=>MWB:Des Cool Mass Flow [kg/s],THERMAL ZONE 5:SAN FRANCISCO INTL AP ANN HTG 99.6% CONDNS DB:Des Heat Load [W],THERMAL ZONE 5:SAN FRANCISCO INTL AP ANN CLG .4% CONDNS DB=>MWB:Des Sens Cool Load [W],THERMAL ZONE 5:SAN FRANCISCO INTL AP ANN HTG 99.6% CONDNS DB:Des Heat Mass Flow [kg/s],THERMAL ZONE 5:SAN FRANCISCO INTL AP ANN CLG .4% CONDNS DB=>MWB:Des Cool Mass Flow [kg/s],THERMAL ZONE 7:SAN FRANCISCO INTL AP ANN HTG 99.6% CONDNS DB:Des Heat Load [W],THERMAL ZONE 7:SAN FRANCISCO INTL AP ANN CLG .4% CONDNS DB=>MWB:Des Sens Cool Load [W],THERMAL ZONE 7:SAN FRANCISCO INTL AP ANN HTG 99.6% CONDNS DB:Des Heat Mass Flow [kg/s],THERMAL ZONE 7:SAN FRANCISCO INTL AP ANN CLG .4% CONDNS DB=>MWB:Des Cool Mass Flow [kg/s],THERMAL ZONE 12:SAN FRANCISCO INTL AP ANN HTG 99.6% CONDNS DB:Des Heat Load [W],THERMAL ZONE 12:SAN FRANCISCO INTL AP ANN CLG .4% CONDNS DB=>MWB:Des Sens Cool Load [W],THERMAL ZONE 12:SAN FRANCISCO INTL AP ANN HTG 99.6% CONDNS DB:Des Heat Mass Flow [kg/s],THERMAL ZONE 12:SAN FRANCISCO INTL AP ANN CLG .4% CONDNS DB=>MWB:Des Cool Mass Flow [kg/s],THERMAL ZONE 3:SAN FRANCISCO INTL AP ANN HTG 99.6% CONDNS DB:Des Heat Load [W],THERMAL ZONE 3:SAN FRANCISCO INTL AP ANN CLG .4% CONDNS DB=>MWB:Des Sens Cool Load [W],THERMAL ZONE 3:SAN FRANCISCO INTL AP ANN HTG 99.6% CONDNS DB:Des Heat Mass Flow [kg/s],THERMAL ZONE 3:SAN FRANCISCO INTL AP ANN CLG .4% CONDNS DB=>MWB:Des Cool Mass Flow [kg/s],THERMAL ZONE 14:SAN FRANCISCO INTL AP ANN HTG 99.6% CONDNS DB:Des Heat Load [W],THERMAL ZONE 14:SAN FRANCISCO INTL AP ANN CLG .4% CONDNS DB=>MWB:Des Sens Cool Load [W],THERMAL ZONE 14:SAN FRANCISCO INTL AP ANN HTG 99.6% CONDNS DB:Des Heat Mass Flow [kg/s],THERMAL ZONE 14:SAN FRANCISCO INTL AP ANN CLG .4% CONDNS DB=>MWB:Des Cool Mass Flow [kg/s],THERMAL ZONE 8:SAN FRANCISCO INTL AP ANN HTG 99.6% CONDNS DB:Des Heat Load [W],THERMAL ZONE 8:SAN FRANCISCO INTL AP ANN CLG .4% CONDNS DB=>MWB:Des Sens Cool Load [W],THERMAL ZONE 8:SAN FRANCISCO INTL AP ANN HTG 99.6% CONDNS DB:Des Heat Mass Flow [kg/s],THERMAL ZONE 8:SAN FRANCISCO INTL AP ANN CLG .4% CONDNS DB=>MWB:Des Cool Mass Flow [kg/s],THERMAL ZONE 10:SAN FRANCISCO INTL AP ANN HTG 99.6% CONDNS DB:Des Heat Load [W],THERMAL ZONE 10:SAN FRANCISCO INTL AP ANN CLG .4% CONDNS DB=>MWB:Des Sens Cool Load [W],THERMAL ZONE 10:SAN FRANCISCO INTL AP ANN HTG 99.6% CONDNS DB:Des Heat Mass Flow [kg/s],THERMAL ZONE 10:SAN FRANCISCO INTL AP ANN CLG .4% CONDNS DB=>MWB:Des Cool Mass Flow [kg/s],THERMAL ZONE 2:SAN FRANCISCO INTL AP ANN HTG 99.6% CONDNS DB:Des Heat Load [W],THERMAL ZONE 2:SAN FRANCISCO INTL AP ANN CLG .4% CONDNS DB=>MWB:Des Sens Cool Load [W],THERMAL ZONE 2:SAN FRANCISCO INTL AP ANN HTG 99.6% CONDNS DB:Des Heat Mass Flow [kg/s],THERMAL ZONE 2:SAN FRANCISCO INTL AP ANN CLG .4% CONDNS DB=>MWB:Des Cool Mass Flow [kg/s] 
00:15:00,3.757623E+02,1.695920E+02,2.303116E-02,1.186942E-02,1.307057E+03,4.411657E+02,8.009472E-02,3.087367E-02,1.183910E+03,0.000000E+00,7.255309E-02,0.000000E+00,1.021032E+03,4.030700E+02,6.257150E-02,2.820816E-02,1.021043E+03,5.857893E+02,6.257216E-02,4.099508E-02,1.183138E+03,0.000000E+00,7.250579E-02,0.000000E+00,1.021032E+03,4.739224E+02,6.257150E-02,3.316650E-02,1.183910E+03,3.140486E+01,7.255309E-02,2.197849E-03,1.183138E+03,0.000000E+00,7.250579E-02,0.000000E+00,4.818278E+02,6.063823E+02,2.952936E-02,4.243725E-02,1.021043E+03,3.722607E+02,6.257216E-02,2.605208E-02,1.804363E+02,6.235712E+02,1.105927E-02,4.364193E-02,1.306616E+03,3.428402E+02,8.006768E-02,2.399277E-02,1.306616E+03,5.401225E+02,8.006768E-02,3.779871E-02,1.307057E+03,3.763745E+02,8.009472E-02,2.633954E-02 
00:30:00,3.757642E+02,1.634698E+02,2.303128E-02,1.144086E-02,1.307063E+03,4.231771E+02,8.009508E-02,2.961468E-02,1.183913E+03,0.000000E+00,7.255327E-02,0.000000E+00,1.021036E+03,3.914348E+02,6.257177E-02,2.739371E-02,1.021047E+03,5.622669E+02,6.257243E-02,3.934877E-02,1.183141E+03,0.000000E+00,7.250597E-02,0.000000E+00,1.021036E+03,4.573702E+02,6.257177E-02,3.200796E-02,1.183913E+03,1.601999E+01,7.255327E-02,1.121146E-03,1.183141E+03,0.000000E+00,7.250597E-02,0.000000E+00,4.818321E+02,5.992770E+02,2.952963E-02,4.193966E-02,1.021047E+03,3.638470E+02,6.257243E-02,2.546305E-02,1.804383E+02,6.189289E+02,1.105940E-02,4.331661E-02,1.306622E+03,3.310943E+02,8.006805E-02,2.317064E-02,1.306622E+03,5.161408E+02,8.006805E-02,3.612033E-02,1.307063E+03,3.622286E+02,8.009508E-02,2.534946E-02 
00:45:00,3.757659E+02,1.574878E+02,2.303138E-02,1.102214E-02,1.307069E+03,4.059465E+02,8.009542E-02,2.840879E-02,1.183915E+03,0.000000E+00,7.255344E-02,0.000000E+00,1.021041E+03,3.806354E+02,6.257203E-02,2.663781E-02,1.021051E+03,5.398925E+02,6.257268E-02,3.778287E-02,1.183144E+03,0.000000E+00,7.250613E-02,0.000000E+00,1.021041E+03,4.416345E+02,6.257203E-02,3.090663E-02,1.183915E+03,5.727587E+00,7.255344E-02,4.008399E-04,1.183144E+03,0.000000E+00,7.250613E-02,0.000000E+00,4.818361E+02,5.923354E+02,2.952987E-02,4.145363E-02,1.021051E+03,3.556184E+02,6.257268E-02,2.488706E-02,1.804403E+02,6.144348E+02,1.105952E-02,4.300179E-02,1.306628E+03,3.200065E+02,8.006838E-02,2.239462E-02,1.306628E+03,4.932433E+02,8.006838E-02,3.451788E-02,1.307069E+03,3.487162E+02,8.009542E-02,2.440377E-02 
01:00:00,3.757674E+02,1.515933E+02,2.303148E-02,1.060954E-02,1.307074E+03,3.894522E+02,8.009573E-02,2.725446E-02,1.183918E+03,0.000000E+00,7.255359E-02,0.000000E+00,1.021044E+03,3.707529E+02,6.257227E-02,2.594612E-02,1.021055E+03,5.186070E+02,6.257292E-02,3.629321E-02,1.183146E+03,0.000000E+00,7.250628E-02,0.000000E+00,1.021044E+03,4.266898E+02,6.257227E-02,2.986070E-02,1.183918E+03,2.982542E-01,7.255359E-02,2.087303E-05,1.183146E+03,0.000000E+00,7.250628E-02,0.000000E+00,4.818398E+02,5.855484E+02,2.953010E-02,4.097849E-02,1.021055E+03,3.471188E+02,6.257292E-02,2.429214E-02,1.804422E+02,6.100793E+02,1.105964E-02,4.269673E-02,1.306633E+03,3.097426E+02,8.006870E-02,2.167629E-02,1.306633E+03,4.713760E+02,8.006870E-02,3.298754E-02,1.307074E+03,3.358539E+02,8.009573E-02,2.350359E-02 
01:15:00,3.757688E+02,1.464083E+02,2.303156E-02,1.024661E-02,1.307079E+03,3.744579E+02,8.009603E-02,2.620510E-02,1.183920E+03,0.000000E+00,7.255372E-02,0.000000E+00,1.021048E+03,3.622500E+02,6.257249E-02,2.535098E-02,1.021059E+03,4.991018E+02,6.257315E-02,3.492814E-02,1.183148E+03,0.000000E+00,7.250642E-02,0.000000E+00,1.021048E+03,4.132542E+02,6.257249E-02,2.892038E-02,1.183920E+03,0.000000E+00,7.255372E-02,0.000000E+00,1.183148E+03,0.000000E+00,7.250642E-02,0.000000E+00,4.818432E+02,5.796028E+02,2.953031E-02,4.056226E-02,1.021059E+03,3.390901E+02,6.257315E-02,2.373022E-02,1.804440E+02,6.064964E+02,1.105975E-02,4.244578E-02,1.306638E+03,3.007915E+02,8.006899E-02,2.104982E-02,1.306638E+03,4.512767E+02,8.006899E-02,3.158093E-02,1.307079E+03,3.244537E+02,8.009603E-02,2.270575E-02 
01:30:00,3.757701E+02,1.412712E+02,2.303164E-02,9.887048E-03,1.307083E+03,3.603925E+02,8.009631E-02,2.522075E-02,1.183922E+03,0.000000E+00,7.255385E-02,0.000000E+00,1.021052E+03,3.541687E+02,6.257271E-02,2.478536E-02,1.021062E+03,4.807764E+02,6.257337E-02,3.364564E-02,1.183150E+03,0.000000E+00,7.250655E-02,0.000000E+00,1.021052E+03,4.007623E+02,6.257271E-02,2.804612E-02,1.183922E+03,0.000000E+00,7.255385E-02,0.000000E+00,1.183150E+03,0.000000E+00,7.250655E-02,0.000000E+00,4.818464E+02,5.738741E+02,2.953050E-02,4.016123E-02,1.021062E+03,3.311782E+02,6.257337E-02,2.317649E-02,1.804457E+02,6.030628E+02,1.105985E-02,4.220531E-02,1.306642E+03,2.924696E+02,8.006927E-02,2.046740E-02,1.306642E+03,4.323473E+02,8.006927E-02,3.025621E-02,1.307083E+03,3.140530E+02,8.009631E-02,2.197786E-02 
01:45:00,3.757712E+02,1.361470E+02,2.303171E-02,9.528390E-03,1.307088E+03,3.472551E+02,8.009657E-02,2.430136E-02,1.183924E+03,0.000000E+00,7.255396E-02,0.000000E+00,1.021055E+03,3.462360E+02,6.257291E-02,2.423017E-02,1.021066E+03,4.635958E+02,6.257357E-02,3.244327E-02,1.183152E+03,0.000000E+00,7.250666E-02,0.000000E+00,1.021055E+03,3.892321E+02,6.257291E-02,2.723916E-02,1.183924E+03,0.000000E+00,7.255396E-02,0.000000E+00,1.183152E+03,0.000000E+00,7.250666E-02,0.000000E+00,4.818494E+02,5.683541E+02,2.953069E-02,3.977484E-02,1.021066E+03,3.232149E+02,6.257357E-02,2.261917E-02,1.804474E+02,5.997746E+02,1.105995E-02,4.197505E-02,1.306646E+03,2.844722E+02,8.006953E-02,1.990770E-02,1.306646E+03,4.145561E+02,8.006953E-02,2.901113E-02,1.307088E+03,3.047420E+02,8.009657E-02,2.132623E-02 
02:00:00,3.757723E+02,1.310179E+02,2.303177E-02,9.169396E-03,1.307092E+03,3.350584E+02,8.009682E-02,2.344781E-02,1.183926E+03,0.000000E+00,7.255407E-02,0.000000E+00,1.021058E+03,3.380992E+02,6.257311E-02,2.366072E-02,1.021069E+03,4.475357E+02,6.257377E-02,3.131933E-02,1.183154E+03,0.000000E+00,7.250677E-02,0.000000E+00,1.021058E+03,3.787348E+02,6.257311E-02,2.650451E-02,1.183926E+03,0.000000E+00,7.255407E-02,0.000000E+00,1.183154E+03,0.000000E+00,7.250677E-02,0.000000E+00,4.818522E+02,5.630400E+02,2.953086E-02,3.940287E-02,1.021069E+03,3.152763E+02,6.257377E-02,2.206360E-02,1.804489E+02,5.966352E+02,1.106005E-02,4.175523E-02,1.306650E+03,2.763612E+02,8.006978E-02,1.934008E-02,1.306650E+03,3.978800E+02,8.006978E-02,2.784411E-02,1.307092E+03,2.962320E+02,8.009682E-02,2.073066E-02 
02:15:00,3.757732E+02,1.258792E+02,2.303183E-02,8.809741E-03,1.307095E+03,3.236452E+02,8.009705E-02,2.264909E-02,1.183927E+03,0.000000E+00,7.255417E-02,0.000000E+00,1.021061E+03,3.297413E+02,6.257330E-02,2.307582E-02,1.021072E+03,4.324399E+02,6.257396E-02,3.026289E-02,1.183155E+03,0.000000E+00,7.250686E-02,0.000000E+00,1.021061E+03,3.691546E+02,6.257330E-02,2.583404E-02,1.183927E+03,0.000000E+00,7.255417E-02,0.000000E+00,1.183155E+03,0.000000E+00,7.250686E-02,0.000000E+00,4.818548E+02,5.578779E+02,2.953102E-02,3.904157E-02,1.021072E+03,3.073623E+02,6.257396E-02,2.150977E-02,1.804505E+02,5.936522E+02,1.106014E-02,4.154639E-02,1.306654E+03,2.680823E+02,8.007001E-02,1.876072E-02,1.306654E+03,3.821157E+02,8.007001E-02,2.674091E-02,1.307095E+03,2.881286E+02,8.009705E-02,2.016356E-02 
02:30:00,3.757741E+02,1.207349E+02,2.303188E-02,8.449688E-03,1.307099E+03,3.130743E+02,8.009727E-02,2.190931E-02,1.183929E+03,0.000000E+00,7.255426E-02,0.000000E+00,1.021064E+03,3.214414E+02,6.257348E-02,2.249499E-02,1.021075E+03,4.182951E+02,6.257413E-02,2.927299E-02,1.183157E+03,0.000000E+00,7.250695E-02,0.000000E+00,1.021064E+03,3.605763E+02,6.257348E-02,2.523368E-02,1.183929E+03,0.000000E+00,7.255426E-02,0.000000E+00,1.183157E+03,0.000000E+00,7.250695E-02,0.000000E+00,4.818573E+02,5.528685E+02,2.953117E-02,3.869096E-02,1.021075E+03,2.995159E+02,6.257413E-02,2.096067E-02,1.804519E+02,5.908379E+02,1.106023E-02,4.134937E-02,1.306658E+03,2.596102E+02,8.007023E-02,1.816785E-02,1.306658E+03,3.672476E+02,8.007023E-02,2.570042E-02,1.307099E+03,2.798924E+02,8.009727E-02,1.958717E-02 
02:45:00,3.757749E+02,1.155926E+02,2.303193E-02,8.089789E-03,1.307102E+03,3.034485E+02,8.009748E-02,2.123569E-02,1.183930E+03,0.000000E+00,7.255434E-02,0.000000E+00,1.021067E+03,3.133192E+02,6.257365E-02,2.192660E-02,1.021078E+03,4.051029E+02,6.257431E-02,2.834977E-02,1.183158E+03,0.000000E+00,7.250704E-02,0.000000E+00,1.021067E+03,3.525386E+02,6.257365E-02,2.467116E-02,1.183930E+03,0.000000E+00,7.255434E-02,0.000000E+00,1.183158E+03,0.000000E+00,7.250704E-02,0.000000E+00,4.818597E+02,5.480142E+02,2.953132E-02,3.835122E-02,1.021078E+03,2.917724E+02,6.257431E-02,2.041877E-02,1.804533E+02,5.882111E+02,1.106031E-02,4.116550E-02,1.306661E+03,2.510939E+02,8.007044E-02,1.757189E-02,1.306661E+03,3.532698E+02,8.007044E-02,2.472224E-02,1.307102E+03,2.712772E+02,8.009748E-02,1.898428E-02 
03:00:00,3.757756E+02,1.104617E+02,2.303198E-02,7.730685E-03,1.307106E+03,2.947190E+02,8.009768E-02,2.062477E-02,1.183931E+03,0.000000E+00,7.255442E-02,0.000000E+00,1.021070E+03,3.053923E+02,6.257381E-02,2.137187E-02,1.021080E+03,3.928982E+02,6.257447E-02,2.749565E-02,1.183160E+03,0.000000E+00,7.250711E-02,0.000000E+00,1.021070E+03,3.447143E+02,6.257381E-02,2.412359E-02,1.183931E+03,0.000000E+00,7.255442E-02,0.000000E+00,1.183160E+03,0.000000E+00,7.250711E-02,0.000000E+00,4.818619E+02,5.433192E+02,2.953145E-02,3.802264E-02,1.021080E+03,2.841584E+02,6.257447E-02,1.988594E-02,1.804546E+02,5.858095E+02,1.106040E-02,4.099740E-02,1.306665E+03,2.427305E+02,8.007064E-02,1.698664E-02,1.306665E+03,3.401887E+02,8.007064E-02,2.380681E-02,1.307106E+03,2.624139E+02,8.009768E-02,1.836404E-02 
03:15:00,3.757763E+02,1.053514E+02,2.303202E-02,7.373028E-03,1.307109E+03,2.864239E+02,8.009787E-02,2.004426E-02,1.183933E+03,0.000000E+00,7.255449E-02,0.000000E+00,1.021072E+03,2.974913E+02,6.257397E-02,2.081896E-02,1.021083E+03,3.815449E+02,6.257463E-02,2.670112E-02,1.183161E+03,0.000000E+00,7.250718E-02,0.000000E+00,1.021072E+03,3.368506E+02,6.257397E-02,2.357328E-02,1.183933E+03,0.000000E+00,7.255449E-02,0.000000E+00,1.183161E+03,0.000000E+00,7.250718E-02,0.000000E+00,4.818640E+02,5.387356E+02,2.953158E-02,3.770185E-02,1.021083E+03,2.765550E+02,6.257463E-02,1.935385E-02,1.804559E+02,5.836562E+02,1.106048E-02,4.084668E-02,1.306668E+03,2.344838E+02,8.007083E-02,1.640953E-02,1.306668E+03,3.278440E+02,8.007083E-02,2.294292E-02,1.307109E+03,2.531675E+02,8.009787E-02,1.771700E-02 
03:30:00,3.757769E+02,1.002703E+02,2.303206E-02,7.017416E-03,1.307112E+03,2.779976E+02,8.009805E-02,1.945457E-02,1.183934E+03,0.000000E+00,7.255456E-02,0.000000E+00,1.021075E+03,2.895319E+02,6.257412E-02,2.026195E-02,1.021085E+03,3.710388E+02,6.257478E-02,2.596587E-02,1.183162E+03,0.000000E+00,7.250725E-02,0.000000E+00,1.021075E+03,3.284189E+02,6.257412E-02,2.298322E-02,1.183934E+03,0.000000E+00,7.255456E-02,0.000000E+00,1.183162E+03,0.000000E+00,7.250725E-02,0.000000E+00,4.818660E+02,5.342698E+02,2.953170E-02,3.738931E-02,1.021085E+03,2.689729E+02,6.257478E-02,1.882325E-02,1.804572E+02,5.817389E+02,1.106055E-02,4.071248E-02,1.306671E+03,2.262924E+02,8.007101E-02,1.583630E-02,1.306671E+03,3.163404E+02,8.007101E-02,2.213788E-02,1.307112E+03,2.438657E+02,8.009805E-02,1.706607E-02 
03:45:00,3.757775E+02,9.522558E+01,2.303209E-02,6.664351E-03,1.307115E+03,2.691311E+02,8.009822E-02,1.883410E-02,1.183935E+03,0.000000E+00,7.255462E-02,0.000000E+00,1.021077E+03,2.814598E+02,6.257426E-02,1.969707E-02,1.021088E+03,3.613324E+02,6.257492E-02,2.528659E-02,1.183163E+03,0.000000E+00,7.250731E-02,0.000000E+00,1.021077E+03,3.197625E+02,6.257426E-02,2.237746E-02,1.183935E+03,0.000000E+00,7.255462E-02,0.000000E+00,1.183163E+03,0.000000E+00,7.250731E-02,0.000000E+00,4.818679E+02,5.299291E+02,2.953182E-02,3.708552E-02,1.021088E+03,2.614208E+02,6.257492E-02,1.829475E-02,1.804584E+02,5.799594E+02,1.106063E-02,4.058793E-02,1.306673E+03,2.181452E+02,8.007118E-02,1.526616E-02,1.306673E+03,3.055813E+02,8.007118E-02,2.138494E-02,1.307115E+03,2.345613E+02,8.009822E-02,1.641496E-02 
04:00:00,3.757780E+02,9.022271E+01,2.303212E-02,6.314217E-03,1.307117E+03,2.596931E+02,8.009838E-02,1.817364E-02,1.183936E+03,0.000000E+00,7.255468E-02,0.000000E+00,1.021079E+03,2.733804E+02,6.257440E-02,1.913168E-02,1.021090E+03,3.521816E+02,6.257506E-02,2.464619E-02,1.183164E+03,0.000000E+00,7.250737E-02,0.000000E+00,1.021079E+03,3.110167E+02,6.257440E-02,2.176544E-02,1.183936E+03,0.000000E+00,7.255468E-02,0.000000E+00,1.183164E+03,0.000000E+00,7.250737E-02,0.000000E+00,4.818697E+02,5.257227E+02,2.953193E-02,3.679114E-02,1.021090E+03,2.539061E+02,6.257506E-02,1.776886E-02,1.804595E+02,5.782517E+02,1.106070E-02,4.046841E-02,1.306676E+03,2.100104E+02,8.007135E-02,1.469689E-02,1.306676E+03,2.956410E+02,8.007135E-02,2.068930E-02,1.307117E+03,2.253140E+02,8.009838E-02,1.576784E-02 
04:15:00,3.757785E+02,8.526578E+01,2.303215E-02,5.967302E-03,1.307120E+03,2.499740E+02,8.009854E-02,1.749351E-02,1.183937E+03,0.000000E+00,7.255473E-02,0.000000E+00,1.021082E+03,2.654594E+02,6.257454E-02,1.857736E-02,1.021092E+03,3.433071E+02,6.257519E-02,2.402513E-02,1.183165E+03,0.000000E+00,7.250743E-02,0.000000E+00,1.021082E+03,3.023690E+02,6.257454E-02,2.116029E-02,1.183937E+03,0.000000E+00,7.255473E-02,0.000000E+00,1.183165E+03,0.000000E+00,7.250743E-02,0.000000E+00,4.818715E+02,5.217158E+02,2.953204E-02,3.651072E-02,1.021092E+03,2.465771E+02,6.257519E-02,1.725597E-02,1.804607E+02,5.765137E+02,1.106077E-02,4.034677E-02,1.306679E+03,2.019720E+02,8.007150E-02,1.413436E-02,1.306679E+03,2.864493E+02,8.007150E-02,2.004604E-02,1.307120E+03,2.163670E+02,8.009854E-02,1.514174E-02 
04:30:00,3.757790E+02,8.035860E+01,2.303218E-02,5.623868E-03,1.307122E+03,2.403526E+02,8.009869E-02,1.682023E-02,1.183937E+03,0.000000E+00,7.255479E-02,0.000000E+00,1.021084E+03,2.577202E+02,6.257466E-02,1.803577E-02,1.021094E+03,3.345337E+02,6.257532E-02,2.341116E-02,1.183166E+03,0.000000E+00,7.250748E-02,0.000000E+00,1.021084E+03,2.941346E+02,6.257466E-02,2.058405E-02,1.183937E+03,0.000000E+00,7.255479E-02,0.000000E+00,1.183166E+03,0.000000E+00,7.250748E-02,0.000000E+00,4.818731E+02,5.179246E+02,2.953214E-02,3.624539E-02,1.021094E+03,2.394456E+02,6.257532E-02,1.675690E-02,1.804617E+02,5.747227E+02,1.106083E-02,4.022143E-02,1.306681E+03,1.941181E+02,8.007165E-02,1.358475E-02,1.306681E+03,2.773293E+02,8.007165E-02,1.940782E-02,1.307122E+03,2.077897E+02,8.009869E-02,1.454149E-02 
04:45:00,3.757794E+02,7.550557E+01,2.303221E-02,5.284226E-03,1.307125E+03,2.309174E+02,8.009883E-02,1.615996E-02,1.183938E+03,0.000000E+00,7.255483E-02,0.000000E+00,1.021086E+03,2.501822E+02,6.257479E-02,1.750825E-02,1.021096E+03,3.257836E+02,6.257545E-02,2.279882E-02,1.183166E+03,0.000000E+00,7.250753E-02,0.000000E+00,1.021086E+03,2.861624E+02,6.257479E-02,2.002615E-02,1.183938E+03,0.000000E+00,7.255483E-02,0.000000E+00,1.183166E+03,0.000000E+00,7.250753E-02,0.000000E+00,4.818747E+02,5.143723E+02,2.953224E-02,3.599678E-02,1.021096E+03,2.325216E+02,6.257545E-02,1.627236E-02,1.804628E+02,5.728532E+02,1.106090E-02,4.009059E-02,1.306683E+03,1.864699E+02,8.007180E-02,1.304952E-02,1.306683E+03,2.681264E+02,8.007180E-02,1.876380E-02,1.307125E+03,1.996779E+02,8.009883E-02,1.397383E-02 
05:00:00,3.757798E+02,7.071207E+01,2.303224E-02,4.948751E-03,1.307127E+03,2.217352E+02,8.009897E-02,1.551740E-02,1.183939E+03,0.000000E+00,7.255488E-02,0.000000E+00,1.021088E+03,2.428609E+02,6.257491E-02,1.699591E-02,1.021098E+03,3.168499E+02,6.257556E-02,2.217365E-02,1.183167E+03,0.000000E+00,7.250758E-02,0.000000E+00,1.021088E+03,2.784083E+02,6.257491E-02,1.948352E-02,1.183939E+03,0.000000E+00,7.255488E-02,0.000000E+00,1.183167E+03,0.000000E+00,7.250758E-02,0.000000E+00,4.818763E+02,5.111000E+02,2.953233E-02,3.576776E-02,1.021098E+03,2.258144E+02,6.257556E-02,1.580298E-02,1.804638E+02,5.708839E+02,1.106096E-02,3.995276E-02,1.306686E+03,1.790470E+02,8.007193E-02,1.253007E-02,1.306686E+03,2.585654E+02,8.007193E-02,1.809474E-02,1.307127E+03,1.919323E+02,8.009897E-02,1.343179E-02 
05:15:00,3.757802E+02,6.598441E+01,2.303226E-02,4.617885E-03,1.307129E+03,2.134422E+02,8.009910E-02,1.493706E-02,1.183940E+03,0.000000E+00,7.255492E-02,0.000000E+00,1.021089E+03,2.362017E+02,6.257502E-02,1.652989E-02,1.021100E+03,3.084536E+02,6.257568E-02,2.158608E-02,1.183168E+03,0.000000E+00,7.250762E-02,0.000000E+00,1.021089E+03,2.711990E+02,6.257502E-02,1.897901E-02,1.183940E+03,0.000000E+00,7.255492E-02,0.000000E+00,1.183168E+03,0.000000E+00,7.250762E-02,0.000000E+00,4.818777E+02,5.083136E+02,2.953242E-02,3.557274E-02,1.021100E+03,2.197613E+02,6.257568E-02,1.537938E-02,1.804648E+02,5.688567E+02,1.106102E-02,3.981089E-02,1.306688E+03,1.724408E+02,8.007207E-02,1.206777E-02,1.306688E+03,2.492972E+02,8.007207E-02,1.744617E-02,1.307129E+03,1.850900E+02,8.009910E-02,1.295296E-02 
05:30:00,3.757805E+02,6.133156E+01,2.303228E-02,4.292255E-03,1.307131E+03,2.060916E+02,8.009923E-02,1.442267E-02,1.183940E+03,0.000000E+00,7.255496E-02,0.000000E+00,1.021091E+03,2.302308E+02,6.257513E-02,1.611205E-02,1.021102E+03,3.006377E+02,6.257579E-02,2.103914E-02,1.183168E+03,0.000000E+00,7.250766E-02,0.000000E+00,1.021091E+03,2.645173E+02,6.257513E-02,1.851142E-02,1.183940E+03,0.000000E+00,7.255496E-02,0.000000E+00,1.183168E+03,0.000000E+00,7.250766E-02,0.000000E+00,4.818791E+02,5.059457E+02,2.953251E-02,3.540701E-02,1.021102E+03,2.143933E+02,6.257579E-02,1.500373E-02,1.804657E+02,5.666681E+02,1.106108E-02,3.965772E-02,1.306690E+03,1.666858E+02,8.007219E-02,1.166503E-02,1.306690E+03,2.407532E+02,8.007219E-02,1.684828E-02,1.307131E+03,1.791031E+02,8.009923E-02,1.253400E-02 
05:45:00,3.757809E+02,5.679703E+01,2.303230E-02,3.974906E-03,1.307133E+03,2.007843E+02,8.009935E-02,1.405127E-02,1.183941E+03,0.000000E+00,7.255500E-02,0.000000E+00,1.021093E+03,2.383879E+02,6.257523E-02,1.668291E-02,1.021104E+03,2.944948E+02,6.257589E-02,2.060926E-02,1.183169E+03,0.000000E+00,7.250770E-02,0.000000E+00,1.021093E+03,2.596984E+02,6.257523E-02,1.817420E-02,1.183941E+03,0.000000E+00,7.255500E-02,0.000000E+00,1.183169E+03,0.000000E+00,7.250770E-02,0.000000E+00,4.818805E+02,5.039678E+02,2.953259E-02,3.526857E-02,1.021104E+03,2.147719E+02,6.257589E-02,1.503023E-02,1.804667E+02,5.644000E+02,1.106113E-02,3.949899E-02,1.306692E+03,1.659997E+02,8.007231E-02,1.161702E-02,1.306692E+03,2.340655E+02,8.007231E-02,1.638028E-02,1.307133E+03,1.850322E+02,8.009935E-02,1.294893E-02 
06:00:00,3.757812E+02,5.275399E+01,2.303232E-02,3.691953E-03,1.307135E+03,1.981871E+02,8.009946E-02,1.386953E-02,1.183942E+03,0.000000E+00,7.255504E-02,0.000000E+00,1.021095E+03,2.667722E+02,6.257533E-02,1.866928E-02,1.021105E+03,2.908995E+02,6.257599E-02,2.035770E-02,1.183170E+03,0.000000E+00,7.250774E-02,0.000000E+00,1.021095E+03,2.574396E+02,6.257533E-02,1.801615E-02,1.183942E+03,0.000000E+00,7.255504E-02,0.000000E+00,1.183170E+03,0.000000E+00,7.250774E-02,0.000000E+00,4.818818E+02,5.023339E+02,2.953267E-02,3.515427E-02,1.021105E+03,2.233313E+02,6.257599E-02,1.562924E-02,1.804676E+02,5.621925E+02,1.106119E-02,3.934450E-02,1.306694E+03,1.726525E+02,8.007243E-02,1.208261E-02,1.306694E+03,2.299136E+02,8.007243E-02,1.608976E-02,1.307135E+03,2.139260E+02,8.009946E-02,1.497097E-02 
06:15:00,3.757815E+02,6.317231E+01,2.303234E-02,4.421069E-03,1.205172E+03,2.486745E+02,7.385133E-02,1.740277E-02,1.118287E+03,0.000000E+00,6.853156E-02,0.000000E+00,9.553504E+02,3.548689E+02,5.854636E-02,2.483446E-02,9.553611E+02,3.265636E+02,5.854702E-02,2.285363E-02,1.117515E+03,3.715191E+01,6.848425E-02,2.618680E-03,9.553504E+02,2.946804E+02,5.854636E-02,2.062241E-02,1.118287E+03,0.000000E+00,6.853156E-02,0.000000E+00,1.117515E+03,0.000000E+00,6.848425E-02,0.000000E+00,4.423766E+02,5.283270E+02,2.711155E-02,3.697350E-02,9.553611E+02,2.753086E+02,5.854702E-02,1.926676E-02,1.804684E+02,5.730114E+02,1.106124E-02,4.010166E-02,1.204731E+03,2.358639E+02,7.382429E-02,1.650628E-02,1.204731E+03,2.785926E+02,7.382429E-02,1.949647E-02,1.205172E+03,3.141161E+02,7.385133E-02,2.198238E-02 
06:30:00,3.757818E+02,7.633517E+01,2.303236E-02,5.342266E-03,1.103133E+03,3.027222E+02,6.759925E-02,2.118516E-02,1.052594E+03,0.000000E+00,6.450607E-02,0.000000E+00,8.895598E+02,4.678566E+02,5.451492E-02,3.274157E-02,8.895706E+02,3.654339E+02,5.451558E-02,2.557395E-02,1.051822E+03,1.220162E+02,6.445876E-02,8.579242E-03,8.895598E+02,3.355903E+02,5.451492E-02,2.348546E-02,1.052594E+03,0.000000E+00,6.450607E-02,0.000000E+00,1.051822E+03,0.000000E+00,6.445876E-02,0.000000E+00,4.028280E+02,5.548643E+02,2.468791E-02,3.883090E-02,8.895706E+02,3.326597E+02,5.451558E-02,2.328036E-02,1.804693E+02,5.848163E+02,1.106129E-02,4.092793E-02,1.102692E+03,3.048479E+02,6.757221E-02,2.133390E-02,1.102692E+03,3.305121E+02,6.757221E-02,2.312994E-02,1.103133E+03,4.410940E+02,6.759925E-02,3.086841E-02 
06:45:00,3.757820E+02,9.293980E+01,2.303237E-02,6.504339E-03,1.001098E+03,3.594294E+02,6.134773E-02,2.515369E-02,9.868925E+02,0.000000E+00,6.048036E-02,0.000000E+00,8.237698E+02,5.989532E+02,5.048368E-02,4.191607E-02,8.237806E+02,4.063943E+02,5.048434E-02,2.844059E-02,9.861206E+02,2.485443E+02,6.043306E-02,1.743388E-02,8.237698E+02,3.790912E+02,5.048368E-02,2.652985E-02,9.868925E+02,0.000000E+00,6.048036E-02,0.000000E+00,9.861206E+02,0.000000E+00,6.043306E-02,0.000000E+00,3.632951E+02,5.819744E+02,2.226525E-02,4.072849E-02,8.237806E+02,3.885755E+02,5.048434E-02,2.719353E-02,1.804700E+02,5.977783E+02,1.106134E-02,4.183529E-02,1.000656E+03,3.732681E+02,6.132069E-02,2.612210E-02,1.000656E+03,3.847623E+02,6.132069E-02,2.692655E-02,1.001098E+03,5.882845E+02,6.134773E-02,4.116899E-02 
07:00:00,3.757818E+02,1.133072E+02,2.303236E-02,7.929773E-03,8.990287E+02,4.182721E+02,5.509447E-02,2.927171E-02,9.211660E+02,0.000000E+00,5.645337E-02,0.000000E+00,7.579569E+02,7.417766E+02,4.645123E-02,5.191159E-02,7.579676E+02,4.488390E+02,4.645189E-02,3.141118E-02,9.203941E+02,4.078084E+02,5.640607E-02,2.857925E-02,7.579569E+02,4.246433E+02,4.645123E-02,2.971788E-02,9.211660E+02,0.000000E+00,5.645337E-02,0.000000E+00,9.203941E+02,0.000000E+00,5.640607E-02,0.000000E+00,3.237513E+02,6.099322E+02,1.984194E-02,4.268565E-02,7.579676E+02,4.392769E+02,4.645189E-02,3.074189E-02,1.804704E+02,6.118100E+02,1.106136E-02,4.281793E-02,8.985875E+02,4.372855E+02,5.506743E-02,3.060222E-02,8.985875E+02,4.408246E+02,5.506743E-02,3.085001E-02,8.990287E+02,7.447061E+02,5.509447E-02,5.211581E-02 
07:15:00,3.757811E+02,1.238897E+02,2.303232E-02,8.670431E-03,8.989025E+02,4.288659E+02,5.508838E-02,3.001328E-02,9.210769E+02,0.000000E+00,5.644905E-02,0.000000E+00,7.578743E+02,8.557581E+02,4.644707E-02,5.988920E-02,7.578850E+02,4.560233E+02,4.644773E-02,3.191429E-02,9.203050E+02,5.539953E+02,5.640174E-02,3.879087E-02,7.578743E+02,4.354371E+02,4.644707E-02,3.047353E-02,9.210769E+02,0.000000E+00,5.644905E-02,0.000000E+00,9.203050E+02,0.000000E+00,5.640174E-02,0.000000E+00,3.237075E+02,6.115038E+02,1.983946E-02,4.279637E-02,7.578850E+02,4.490754E+02,4.644773E-02,3.142788E-02,1.804703E+02,6.138786E+02,1.106136E-02,4.296356E-02,8.984612E+02,4.471291E+02,5.506134E-02,3.129129E-02,8.984612E+02,4.485000E+02,5.506134E-02,3.138739E-02,8.989025E+02,8.608139E+02,5.508838E-02,6.024192E-02 
07:30:00,3.757795E+02,1.366096E+02,2.303222E-02,9.560714E-03,8.988367E+02,4.412060E+02,5.508541E-02,3.087731E-02,9.210134E+02,0.000000E+00,5.644606E-02,0.000000E+00,7.578262E+02,9.748821E+02,4.644476E-02,6.822767E-02,7.578369E+02,4.640658E+02,4.644542E-02,3.247769E-02,9.202416E+02,6.788204E+02,5.639876E-02,4.750540E-02,7.578262E+02,4.476682E+02,4.644476E-02,3.133000E-02,9.210134E+02,0.000000E+00,5.644606E-02,0.000000E+00,9.202416E+02,0.000000E+00,5.639876E-02,0.000000E+00,3.237013E+02,6.138712E+02,1.983916E-02,4.296308E-02,7.578369E+02,4.566025E+02,4.644542E-02,3.195517E-02,1.804695E+02,6.164933E+02,1.106131E-02,4.314770E-02,8.983955E+02,4.547272E+02,5.505838E-02,3.182349E-02,8.983955E+02,4.573597E+02,5.505838E-02,3.200789E-02,8.988367E+02,9.801775E+02,5.508541E-02,6.859694E-02 
07:45:00,3.757768E+02,1.508553E+02,2.303205E-02,1.055781E-02,8.987539E+02,4.574560E+02,5.508119E-02,3.201523E-02,9.209470E+02,5.585174E+00,5.644274E-02,3.929850E-04,7.577682E+02,1.090070E+03,4.644175E-02,7.629157E-02,7.577789E+02,4.731737E+02,4.644241E-02,3.311589E-02,9.201751E+02,7.870363E+02,5.639544E-02,5.508017E-02,7.577682E+02,4.628308E+02,4.644175E-02,3.239188E-02,9.209470E+02,0.000000E+00,5.644274E-02,0.000000E+00,9.201751E+02,0.000000E+00,5.639544E-02,0.000000E+00,3.236738E+02,6.170426E+02,1.983755E-02,4.318631E-02,7.577789E+02,4.648415E+02,4.644241E-02,3.253250E-02,1.804678E+02,6.195170E+02,1.106120E-02,4.336067E-02,8.983127E+02,4.629541E+02,5.505416E-02,3.239993E-02,8.983127E+02,4.674367E+02,5.505416E-02,3.271380E-02,8.987539E+02,1.095743E+03,5.508119E-02,7.668713E-02 
08:00:00,3.757730E+02,1.660136E+02,2.303182E-02,1.161883E-02,8.986942E+02,4.792310E+02,5.507812E-02,3.354002E-02,9.208977E+02,2.457604E+01,5.644024E-02,1.722070E-03,7.577253E+02,1.199856E+03,4.643952E-02,8.397785E-02,7.577360E+02,4.831338E+02,4.644018E-02,3.381385E-02,9.201258E+02,8.850416E+02,5.639294E-02,6.194142E-02,7.577253E+02,4.822721E+02,4.643952E-02,3.375341E-02,9.208977E+02,1.563978E+00,5.644024E-02,1.104022E-04,9.201258E+02,3.414688E+01,5.639294E-02,2.393489E-03,3.236519E+02,6.209011E+02,1.983628E-02,4.345761E-02,7.577360E+02,4.750277E+02,4.644018E-02,3.324624E-02,1.804654E+02,6.230161E+02,1.106105E-02,4.360678E-02,8.982531E+02,4.735018E+02,5.505108E-02,3.313898E-02,8.982531E+02,4.783364E+02,5.505108E-02,3.347746E-02,8.986942E+02,1.205551E+03,5.507812E-02,8.437497E-02 
08:15:00,3.757682E+02,1.817201E+02,2.303152E-02,1.271825E-02,8.986474E+02,5.087163E+02,5.507560E-02,3.560460E-02,9.208592E+02,5.027872E+01,5.643819E-02,3.520874E-03,7.576913E+02,1.303131E+03,4.643771E-02,9.120843E-02,7.577021E+02,4.932484E+02,4.643837E-02,3.452269E-02,9.200873E+02,9.790501E+02,5.639089E-02,6.852345E-02,7.576913E+02,5.089449E+02,4.643771E-02,3.562122E-02,9.208592E+02,1.828437E+01,5.643819E-02,1.280573E-03,9.200873E+02,8.651430E+01,5.639089E-02,6.058579E-03,3.236312E+02,6.253040E+02,1.983507E-02,4.376696E-02,7.577021E+02,4.872696E+02,4.643837E-02,3.410395E-02,1.804622E+02,6.270971E+02,1.106086E-02,4.389358E-02,8.982063E+02,4.866500E+02,5.504856E-02,3.406009E-02,8.982063E+02,4.896532E+02,5.504856E-02,3.427039E-02,8.986474E+02,1.308236E+03,5.507560E-02,9.156433E-02 
08:30:00,3.757627E+02,1.977742E+02,2.303119E-02,1.384206E-02,8.986091E+02,5.475753E+02,5.507344E-02,3.832522E-02,9.208282E+02,8.532841E+01,5.643647E-02,5.973857E-03,7.576636E+02,1.398762E+03,4.643618E-02,9.790339E-02,7.576744E+02,5.041212E+02,4.643684E-02,3.528452E-02,9.200564E+02,1.064000E+03,5.638917E-02,7.447120E-02,7.576636E+02,5.444883E+02,4.643618E-02,3.810985E-02,9.208282E+02,3.976576E+01,5.643647E-02,2.783953E-03,9.200564E+02,1.644497E+02,5.638917E-02,1.151310E-02,3.236116E+02,6.302897E+02,1.983392E-02,4.411682E-02,7.576744E+02,5.012730E+02,4.643684E-02,3.508487E-02,1.804586E+02,6.313129E+02,1.106064E-02,4.418960E-02,8.981680E+02,5.012698E+02,5.504641E-02,3.508409E-02,8.981680E+02,5.017638E+02,5.504641E-02,3.511876E-02,8.986091E+02,1.402617E+03,5.507344E-02,9.817184E-02 
08:45:00,3.757569E+02,2.139902E+02,2.303083E-02,1.497723E-02,8.985770E+02,5.968931E+02,5.507159E-02,4.177782E-02,9.208028E+02,1.226914E+02,5.643502E-02,8.586691E-03,7.576406E+02,1.487174E+03,4.643487E-02,1.040922E-01,7.576513E+02,5.157084E+02,4.643553E-02,3.609615E-02,9.200309E+02,1.138458E+03,5.638771E-02,7.968402E-02,7.576406E+02,5.913728E+02,4.643487E-02,4.139227E-02,9.208028E+02,7.075812E+01,5.643502E-02,4.952980E-03,9.200309E+02,2.644718E+02,5.638771E-02,1.851369E-02,3.235932E+02,6.359060E+02,1.983283E-02,4.451055E-02,7.576513E+02,5.160328E+02,4.643553E-02,3.611859E-02,1.804546E+02,6.356818E+02,1.106040E-02,4.449616E-02,8.981359E+02,5.168994E+02,5.504455E-02,3.617864E-02,8.981359E+02,5.146980E+02,5.504455E-02,3.602462E-02,8.985770E+02,1.489039E+03,5.507159E-02,1.042215E-01 
09:00:00,3.757508E+02,2.301694E+02,2.303046E-02,1.610986E-02,8.985497E+02,6.564532E+02,5.506999E-02,4.594723E-02,9.207816E+02,1.539786E+02,5.643378E-02,1.077648E-02,7.576211E+02,1.568047E+03,4.643375E-02,1.097529E-01,7.576319E+02,5.283546E+02,4.643440E-02,3.698173E-02,9.200097E+02,1.202257E+03,5.638648E-02,8.415012E-02,7.576211E+02,6.495381E+02,4.643375E-02,4.546411E-02,9.207816E+02,1.078295E+02,5.643378E-02,7.546554E-03,9.200097E+02,3.482258E+02,5.638648E-02,2.437247E-02,3.235759E+02,6.421293E+02,1.983180E-02,4.494654E-02,7.576319E+02,5.316836E+02,4.643440E-02,3.721455E-02,1.804505E+02,6.404633E+02,1.106014E-02,4.483138E-02,8.981086E+02,5.334689E+02,5.504295E-02,3.733884E-02,8.981086E+02,5.288634E+02,5.504295E-02,3.701652E-02,8.985497E+02,1.567320E+03,5.506999E-02,1.097007E-01 
09:15:00,3.757449E+02,2.460982E+02,2.303010E-02,1.722500E-02,8.985264E+02,7.239180E+02,5.506860E-02,5.066981E-02,9.207639E+02,1.858180E+02,5.643273E-02,1.300502E-02,7.576045E+02,1.638992E+03,4.643278E-02,1.147184E-01,7.576153E+02,5.424442E+02,4.643344E-02,3.796820E-02,9.199920E+02,1.252945E+03,5.638543E-02,8.769812E-02,7.576045E+02,7.160239E+02,4.643278E-02,5.011822E-02,9.207639E+02,1.374399E+02,5.643273E-02,9.619007E-03,9.199920E+02,4.293143E+02,5.638543E-02,3.004877E-02,3.235598E+02,6.488507E+02,1.983085E-02,4.541726E-02,7.576153E+02,5.480987E+02,4.643344E-02,3.836388E-02,1.804463E+02,6.457573E+02,1.105989E-02,4.520227E-02,8.980852E+02,5.504413E+02,5.504156E-02,3.852712E-02,8.980852E+02,5.439385E+02,5.504156E-02,3.807196E-02,8.985264E+02,1.635381E+03,5.506860E-02,1.144644E-01 
09:30:00,3.757391E+02,2.615860E+02,2.302974E-02,1.830928E-02,8.985062E+02,7.973121E+02,5.506739E-02,5.580731E-02,9.207489E+02,2.148589E+02,5.643185E-02,1.503779E-02,7.575902E+02,1.700064E+03,4.643193E-02,1.189927E-01,7.576010E+02,5.571439E+02,4.643259E-02,3.899727E-02,9.199771E+02,1.291221E+03,5.638454E-02,9.037705E-02,7.575902E+02,7.890829E+02,4.643193E-02,5.523236E-02,9.207489E+02,1.694015E+02,5.643185E-02,1.185609E-02,9.199771E+02,4.983974E+02,5.638454E-02,3.488524E-02,3.235450E+02,6.560491E+02,1.982996E-02,4.592127E-02,7.576010E+02,5.646040E+02,4.643259E-02,3.951943E-02,1.804422E+02,6.517369E+02,1.105964E-02,4.562099E-02,8.980651E+02,5.681630E+02,5.504035E-02,3.976780E-02,8.980651E+02,5.598343E+02,5.504035E-02,3.918480E-02,8.985062E+02,1.693287E+03,5.506739E-02,1.185171E-01 
09:45:00,3.757337E+02,2.764995E+02,2.302941E-02,1.935338E-02,8.984886E+02,8.732910E+02,5.506633E-02,6.112563E-02,9.207362E+02,2.418756E+02,5.643109E-02,1.692895E-02,7.575778E+02,1.751401E+03,4.643119E-02,1.225855E-01,7.575885E+02,5.726617E+02,4.643185E-02,4.008360E-02,9.199644E+02,1.317720E+03,5.638378E-02,9.223155E-02,7.575778E+02,8.647455E+02,4.643119E-02,6.052858E-02,9.207362E+02,1.984346E+02,5.643109E-02,1.388829E-02,9.199644E+02,5.597789E+02,5.638378E-02,3.918276E-02,3.235314E+02,6.636834E+02,1.982915E-02,4.645571E-02,7.575885E+02,5.810861E+02,4.643185E-02,4.067335E-02,1.804383E+02,6.584094E+02,1.105939E-02,4.608806E-02,8.980475E+02,5.863587E+02,5.503929E-02,4.104155E-02,8.980475E+02,5.765580E+02,5.503929E-02,4.035551E-02,8.984886E+02,1.741201E+03,5.506633E-02,1.218704E-01 
10:00:00,3.757286E+02,2.907582E+02,2.302910E-02,2.035165E-02,8.984732E+02,9.505272E+02,5.506540E-02,6.653180E-02,9.207254E+02,2.668885E+02,5.643043E-02,1.867990E-02,7.575669E+02,1.792832E+03,4.643054E-02,1.254851E-01,7.575776E+02,5.889127E+02,4.643120E-02,4.122119E-02,9.199535E+02,1.332709E+03,5.638313E-02,9.328031E-02,7.575669E+02,9.418927E+02,4.643054E-02,6.592859E-02,9.207254E+02,2.260340E+02,5.643043E-02,1.582022E-02,9.199535E+02,6.216472E+02,5.638313E-02,4.351426E-02,3.235190E+02,6.716371E+02,1.982841E-02,4.701246E-02,7.575776E+02,5.978281E+02,4.643120E-02,4.184540E-02,1.804345E+02,6.654478E+02,1.105916E-02,4.658068E-02,8.980321E+02,6.049557E+02,5.503836E-02,4.234333E-02,8.980321E+02,5.940601E+02,5.503836E-02,4.158065E-02,8.984732E+02,1.779076E+03,5.506540E-02,1.245211E-01 
10:15:00,3.757239E+02,3.043036E+02,2.302881E-02,2.129998E-02,8.984595E+02,1.028051E+03,5.506457E-02,7.195796E-02,9.207160E+02,2.894560E+02,5.642987E-02,2.025973E-02,7.575572E+02,1.825998E+03,4.642996E-02,1.278062E-01,7.575680E+02,6.055489E+02,4.643062E-02,4.238568E-02,9.199442E+02,1.338732E+03,5.638256E-02,9.370159E-02,7.575572E+02,1.019590E+03,4.642996E-02,7.136696E-02,9.207160E+02,2.516607E+02,5.642987E-02,1.761413E-02,9.199442E+02,6.857300E+02,5.638256E-02,4.800032E-02,3.235076E+02,6.798125E+02,1.982773E-02,4.758470E-02,7.575680E+02,6.145762E+02,4.643062E-02,4.301776E-02,1.804309E+02,6.727186E+02,1.105894E-02,4.708957E-02,8.980184E+02,6.238079E+02,5.503753E-02,4.366290E-02,8.980184E+02,6.121171E+02,5.503753E-02,4.284457E-02,8.984595E+02,1.808490E+03,5.506457E-02,1.265795E-01 
10:30:00,3.757196E+02,3.170849E+02,2.302855E-02,2.219482E-02,8.984473E+02,1.105255E+03,5.506382E-02,7.736154E-02,9.207080E+02,3.101275E+02,5.642938E-02,2.170683E-02,7.575486E+02,1.850643E+03,4.642944E-02,1.295309E-01,7.575593E+02,6.226960E+02,4.643010E-02,4.358588E-02,9.199361E+02,1.335887E+03,5.638207E-02,9.350226E-02,7.575486E+02,1.097237E+03,4.642944E-02,7.680156E-02,9.207080E+02,2.755505E+02,5.642938E-02,1.928649E-02,9.199361E+02,7.538526E+02,5.638207E-02,5.276873E-02,3.234973E+02,6.881181E+02,1.982711E-02,4.816602E-02,7.575593E+02,6.316127E+02,4.643010E-02,4.421021E-02,1.804275E+02,6.801001E+02,1.105873E-02,4.760622E-02,8.980062E+02,6.424416E+02,5.503679E-02,4.496710E-02,8.980062E+02,6.304498E+02,5.503679E-02,4.412772E-02,8.984473E+02,1.829416E+03,5.506382E-02,1.280440E-01 
10:45:00,3.757157E+02,3.290450E+02,2.302831E-02,2.303215E-02,8.984364E+02,1.181480E+03,5.506315E-02,8.269648E-02,9.207009E+02,3.292564E+02,5.642895E-02,2.304594E-02,7.575408E+02,1.866401E+03,4.642897E-02,1.306335E-01,7.575515E+02,6.399091E+02,4.642962E-02,4.479063E-02,9.199291E+02,1.324180E+03,5.638164E-02,9.268260E-02,7.575408E+02,1.174192E+03,4.642897E-02,8.218764E-02,9.207009E+02,2.978838E+02,5.642895E-02,2.084991E-02,9.199291E+02,8.244861E+02,5.638164E-02,5.771254E-02,3.234879E+02,6.964638E+02,1.982654E-02,4.875015E-02,7.575515E+02,6.487213E+02,4.642962E-02,4.540760E-02,1.804243E+02,6.874718E+02,1.105854E-02,4.812219E-02,8.979952E+02,6.607303E+02,5.503612E-02,4.624714E-02,8.979952E+02,6.488297E+02,5.503612E-02,4.541417E-02,8.984364E+02,1.841689E+03,5.506315E-02,1.289028E-01 
11:00:00,3.757122E+02,3.401346E+02,2.302809E-02,2.380853E-02,8.984265E+02,1.255844E+03,5.506255E-02,8.790117E-02,9.206948E+02,3.470866E+02,5.642857E-02,2.429413E-02,7.575337E+02,1.872730E+03,4.642853E-02,1.310763E-01,7.575444E+02,6.570458E+02,4.642919E-02,4.599004E-02,9.199229E+02,1.303132E+03,5.638126E-02,9.120922E-02,7.575337E+02,1.249556E+03,4.642853E-02,8.746228E-02,9.206948E+02,3.186946E+02,5.642857E-02,2.230676E-02,9.199229E+02,8.927182E+02,5.638126E-02,6.248794E-02,3.234793E+02,7.047653E+02,1.982602E-02,4.933118E-02,7.575444E+02,6.654654E+02,4.642919E-02,4.657946E-02,1.804213E+02,6.947165E+02,1.105835E-02,4.862926E-02,8.979853E+02,6.785643E+02,5.503551E-02,4.749536E-02,8.979853E+02,6.671130E+02,5.503551E-02,4.669385E-02,8.984265E+02,1.844876E+03,5.506255E-02,1.291257E-01 
11:15:00,3.757090E+02,3.503146E+02,2.302789E-02,2.452122E-02,8.984175E+02,1.327551E+03,5.506200E-02,9.291982E-02,9.206893E+02,3.635197E+02,5.642824E-02,2.544448E-02,7.575272E+02,1.867721E+03,4.642814E-02,1.307256E-01,7.575380E+02,6.738209E+02,4.642880E-02,4.716414E-02,9.199175E+02,1.270301E+03,5.638093E-02,8.891121E-02,7.575272E+02,1.322544E+03,4.642814E-02,9.257058E-02,9.206893E+02,3.378132E+02,5.642824E-02,2.364515E-02,9.199175E+02,9.577390E+02,5.638093E-02,6.703853E-02,3.234715E+02,7.129053E+02,1.982555E-02,4.990089E-02,7.575380E+02,6.815758E+02,4.642880E-02,4.770699E-02,1.804184E+02,7.018073E+02,1.105818E-02,4.912557E-02,8.979763E+02,6.956493E+02,5.503496E-02,4.869116E-02,8.979763E+02,6.849763E+02,5.503496E-02,4.794413E-02,8.984175E+02,1.837172E+03,5.506200E-02,1.285864E-01 
11:30:00,3.757061E+02,3.595558E+02,2.302772E-02,2.516816E-02,8.984092E+02,1.396092E+03,5.506150E-02,9.771682E-02,9.206845E+02,3.783941E+02,5.642795E-02,2.648571E-02,7.575213E+02,1.847914E+03,4.642778E-02,1.293391E-01,7.575320E+02,6.900768E+02,4.642843E-02,4.830191E-02,9.199126E+02,1.221457E+03,5.638064E-02,8.549235E-02,7.575213E+02,1.392627E+03,4.642778E-02,9.747551E-02,9.206845E+02,3.551750E+02,5.642795E-02,2.486053E-02,9.199126E+02,1.018437E+03,5.638064E-02,7.128652E-02,3.234643E+02,7.208070E+02,1.982512E-02,5.045392E-02,7.575320E+02,6.969013E+02,4.642843E-02,4.877961E-02,1.804158E+02,7.087030E+02,1.105801E-02,4.960818E-02,8.979681E+02,7.118983E+02,5.503446E-02,4.982843E-02,8.979681E+02,7.023114E+02,5.503446E-02,4.915743E-02,8.984092E+02,1.815303E+03,5.506150E-02,1.270556E-01 
11:45:00,3.757034E+02,3.678214E+02,2.302756E-02,2.574679E-02,8.984017E+02,1.461042E+03,5.506103E-02,1.022625E-01,9.206803E+02,3.917127E+02,5.642768E-02,2.741801E-02,7.575158E+02,1.809074E+03,4.642744E-02,1.266205E-01,7.575265E+02,7.057309E+02,4.642810E-02,4.939754E-02,9.199084E+02,1.153189E+03,5.638038E-02,8.071393E-02,7.575158E+02,1.459314E+03,4.642744E-02,1.021428E-01,9.206803E+02,3.708949E+02,5.642768E-02,2.596098E-02,9.199084E+02,1.074139E+03,5.638038E-02,7.518479E-02,3.234578E+02,7.283871E+02,1.982473E-02,5.098444E-02,7.575265E+02,7.113469E+02,4.642810E-02,4.979063E-02,1.804133E+02,7.153328E+02,1.105786E-02,5.007215E-02,8.979605E+02,7.271973E+02,5.503400E-02,5.089920E-02,8.979605E+02,7.190004E+02,5.503400E-02,5.032550E-02,8.984017E+02,1.775155E+03,5.506103E-02,1.242454E-01 
12:00:00,3.757011E+02,3.750470E+02,2.302741E-02,2.625260E-02,8.983948E+02,1.521963E+03,5.506061E-02,1.065262E-01,9.206764E+02,4.034613E+02,5.642745E-02,2.824039E-02,7.575106E+02,1.749418E+03,4.642713E-02,1.224448E-01,7.575214E+02,7.206704E+02,4.642778E-02,5.044314E-02,9.199046E+02,1.071999E+03,5.638014E-02,7.503114E-02,7.575106E+02,1.522116E+03,4.642713E-02,1.065381E-01,9.206764E+02,3.852650E+02,5.642745E-02,2.696691E-02,9.199046E+02,1.124304E+03,5.638014E-02,7.869550E-02,3.234519E+02,7.355495E+02,1.982437E-02,5.148572E-02,7.575214E+02,7.247718E+02,4.642778E-02,5.073021E-02,1.804109E+02,7.216253E+02,1.105772E-02,5.051248E-02,8.979536E+02,7.414494E+02,5.503357E-02,5.189669E-02,8.979536E+02,7.349632E+02,5.503357E-02,5.144274E-02,8.983948E+02,1.715046E+03,5.506061E-02,1.200382E-01 
12:15:00,3.756990E+02,3.811558E+02,2.302728E-02,2.668021E-02,8.983883E+02,1.578645E+03,5.506021E-02,1.104933E-01,9.206730E+02,4.137952E+02,5.642724E-02,2.896373E-02,7.575058E+02,1.676580E+03,4.642683E-02,1.173465E-01,7.575166E+02,7.351325E+02,4.642749E-02,5.145534E-02,9.199012E+02,9.856029E+02,5.637994E-02,6.898401E-02,7.575058E+02,1.580737E+03,4.642683E-02,1.106409E-01,9.206730E+02,3.988427E+02,5.642724E-02,2.791733E-02,9.199012E+02,1.168647E+03,5.637994E-02,8.179871E-02,3.234464E+02,7.422342E+02,1.982404E-02,5.195355E-02,7.575166E+02,7.372344E+02,4.642749E-02,5.160244E-02,1.804086E+02,7.274248E+02,1.105758E-02,5.091827E-02,8.979472E+02,7.547613E+02,5.503318E-02,5.282839E-02,8.979472E+02,7.504712E+02,5.503318E-02,5.252815E-02,8.983883E+02,1.642173E+03,5.506021E-02,1.149375E-01 
12:30:00,3.756970E+02,3.861145E+02,2.302716E-02,2.702730E-02,8.983823E+02,1.630775E+03,5.505985E-02,1.141417E-01,9.206700E+02,4.227583E+02,5.642705E-02,2.959111E-02,7.575014E+02,1.603263E+03,4.642656E-02,1.122148E-01,7.575121E+02,7.542230E+02,4.642722E-02,5.279152E-02,9.198981E+02,9.077274E+02,5.637975E-02,6.353331E-02,7.575014E+02,1.634800E+03,4.642656E-02,1.144246E-01,9.206700E+02,4.203671E+02,5.642705E-02,2.942396E-02,9.198981E+02,1.206894E+03,5.637975E-02,8.447525E-02,3.234414E+02,7.483782E+02,1.982374E-02,5.238354E-02,7.575121E+02,7.487209E+02,4.642722E-02,5.240637E-02,1.804065E+02,7.326342E+02,1.105745E-02,5.128279E-02,8.979412E+02,7.671743E+02,5.503281E-02,5.369715E-02,8.979412E+02,7.706390E+02,5.503281E-02,5.393971E-02,8.983823E+02,1.568654E+03,5.505985E-02,1.097917E-01 
12:45:00,3.756953E+02,3.900495E+02,2.302706E-02,2.730270E-02,8.983768E+02,1.678131E+03,5.505951E-02,1.174560E-01,9.206672E+02,4.304827E+02,5.642689E-02,3.013177E-02,7.574971E+02,1.539741E+03,4.642630E-02,1.077687E-01,7.575079E+02,7.858907E+02,4.642696E-02,5.500805E-02,9.198953E+02,8.481696E+02,5.637958E-02,5.936479E-02,7.574971E+02,1.684071E+03,4.642630E-02,1.178729E-01,9.206672E+02,4.569563E+02,5.642689E-02,3.198517E-02,9.198953E+02,1.238996E+03,5.637958E-02,8.672181E-02,3.234368E+02,7.540164E+02,1.982346E-02,5.277813E-02,7.575079E+02,7.593318E+02,4.642696E-02,5.314900E-02,1.804045E+02,7.372886E+02,1.105733E-02,5.160847E-02,8.979356E+02,7.788099E+02,5.503247E-02,5.451150E-02,8.979356E+02,8.032483E+02,5.503247E-02,5.622212E-02,8.983768E+02,1.504599E+03,5.505951E-02,1.053083E-01 
13:00:00,3.756938E+02,3.932829E+02,2.302696E-02,2.752898E-02,8.983716E+02,1.720666E+03,5.505919E-02,1.204329E-01,9.206647E+02,4.372057E+02,5.642673E-02,3.060234E-02,7.574931E+02,1.492314E+03,4.642606E-02,1.044493E-01,7.575039E+02,8.363050E+02,4.642671E-02,5.853682E-02,9.198928E+02,8.050461E+02,5.637942E-02,5.634664E-02,7.574931E+02,1.728477E+03,4.642606E-02,1.209807E-01,9.206647E+02,5.094249E+02,5.642673E-02,3.565819E-02,9.198928E+02,1.265165E+03,5.637942E-02,8.855314E-02,3.234325E+02,7.593027E+02,1.982320E-02,5.314809E-02,7.575039E+02,7.692927E+02,4.642671E-02,5.384612E-02,1.804026E+02,7.415439E+02,1.105721E-02,5.190623E-02,8.979304E+02,7.898653E+02,5.503215E-02,5.528523E-02,8.979304E+02,8.543044E+02,5.503215E-02,5.979576E-02,8.983716E+02,1.456310E+03,5.505919E-02,1.019285E-01 
13:15:00,3.756923E+02,3.962736E+02,2.302687E-02,2.773827E-02,8.983667E+02,1.758360E+03,5.505889E-02,1.230710E-01,9.206624E+02,4.431533E+02,5.642659E-02,3.101863E-02,7.574894E+02,1.458446E+03,4.642582E-02,1.020790E-01,7.575001E+02,9.080501E+02,4.642648E-02,6.355873E-02,9.198905E+02,7.763260E+02,5.637928E-02,5.433661E-02,7.574894E+02,1.767984E+03,4.642582E-02,1.237458E-01,9.206624E+02,5.741363E+02,5.642659E-02,4.018851E-02,9.198905E+02,1.285711E+03,5.637928E-02,8.999090E-02,3.234286E+02,7.644618E+02,1.982296E-02,5.350914E-02,7.575001E+02,7.787993E+02,4.642648E-02,5.451144E-02,1.804008E+02,7.456435E+02,1.105710E-02,5.219311E-02,8.979256E+02,8.005314E+02,5.503185E-02,5.603171E-02,8.979256E+02,9.264681E+02,5.503185E-02,6.484688E-02,8.983667E+02,1.421764E+03,5.505889E-02,9.951079E-02 
13:30:00,3.756911E+02,3.994800E+02,2.302680E-02,2.796266E-02,8.983621E+02,1.791288E+03,5.505861E-02,1.253755E-01,9.206603E+02,4.485081E+02,5.642646E-02,3.139345E-02,7.574858E+02,1.431663E+03,4.642560E-02,1.002046E-01,7.574965E+02,9.965683E+02,4.642626E-02,6.975472E-02,9.198884E+02,7.551653E+02,5.637916E-02,5.285571E-02,7.574858E+02,1.802646E+03,4.642560E-02,1.261716E-01,9.206603E+02,6.571386E+02,5.642646E-02,4.599931E-02,9.198884E+02,1.301033E+03,5.637916E-02,9.106310E-02,3.234249E+02,7.697399E+02,1.982274E-02,5.387854E-02,7.574965E+02,7.880742E+02,4.642626E-02,5.516053E-02,1.803991E+02,7.498366E+02,1.105699E-02,5.248654E-02,8.979210E+02,8.109483E+02,5.503157E-02,5.676075E-02,8.979210E+02,1.015271E+03,5.503157E-02,7.106274E-02,8.983621E+02,1.395020E+03,5.505861E-02,9.763907E-02 
13:45:00,3.756899E+02,4.031875E+02,2.302672E-02,2.822214E-02,8.983578E+02,1.819435E+03,5.505835E-02,1.273454E-01,9.206584E+02,4.534924E+02,5.642635E-02,3.174236E-02,7.574824E+02,1.408536E+03,4.642540E-02,9.858603E-02,7.574931E+02,1.093555E+03,4.642605E-02,7.654344E-02,9.198865E+02,7.377096E+02,5.637904E-02,5.163412E-02,7.574824E+02,1.832416E+03,4.642540E-02,1.282551E-01,9.206584E+02,7.478228E+02,5.642635E-02,5.234754E-02,9.198865E+02,1.311358E+03,5.637904E-02,9.178559E-02,3.234215E+02,7.753075E+02,1.982253E-02,5.426821E-02,7.574931E+02,7.971846E+02,4.642605E-02,5.579812E-02,1.803974E+02,7.542888E+02,1.105689E-02,5.279813E-02,8.979167E+02,8.212157E+02,5.503131E-02,5.747934E-02,8.979167E+02,1.112692E+03,5.503131E-02,7.788178E-02,8.983578E+02,1.372763E+03,5.505835E-02,9.608142E-02 
14:00:00,3.756888E+02,4.074437E+02,2.302666E-02,2.852004E-02,8.983538E+02,1.842643E+03,5.505810E-02,1.289697E-01,9.206567E+02,4.583676E+02,5.642624E-02,3.208362E-02,7.574791E+02,1.387569E+03,4.642520E-02,9.711865E-02,7.574899E+02,1.192487E+03,4.642586E-02,8.346823E-02,9.198848E+02,7.225488E+02,5.637893E-02,5.057312E-02,7.574791E+02,1.857097E+03,4.642520E-02,1.299824E-01,9.206567E+02,8.443732E+02,5.642624E-02,5.910593E-02,9.198848E+02,1.316651E+03,5.637893E-02,9.215595E-02,3.234184E+02,7.812235E+02,1.982234E-02,5.468226E-02,7.574899E+02,8.061094E+02,4.642586E-02,5.642274E-02,1.803958E+02,7.590476E+02,1.105679E-02,5.313117E-02,8.979126E+02,8.313256E+02,5.503106E-02,5.818691E-02,8.979126E+02,1.212329E+03,5.503106E-02,8.485579E-02,8.983538E+02,1.353384E+03,5.505810E-02,9.472523E-02 
14:15:00,3.756879E+02,4.121136E+02,2.302660E-02,2.884691E-02,8.983499E+02,1.860453E+03,5.505786E-02,1.302161E-01,9.206550E+02,4.630325E+02,5.642614E-02,3.241015E-02,7.574761E+02,1.367738E+03,4.642501E-02,9.573070E-02,7.574868E+02,1.290156E+03,4.642567E-02,9.030431E-02,9.198832E+02,7.087125E+02,5.637883E-02,4.960480E-02,7.574761E+02,1.876208E+03,4.642501E-02,1.313199E-01,9.206550E+02,9.493077E+02,5.642614E-02,6.645064E-02,9.198832E+02,1.316507E+03,5.637883E-02,9.214569E-02,3.234154E+02,7.874297E+02,1.982216E-02,5.511664E-02,7.574868E+02,8.146022E+02,4.642567E-02,5.701713E-02,1.803943E+02,7.640670E+02,1.105670E-02,5.348247E-02,8.979088E+02,8.410199E+02,5.503082E-02,5.886540E-02,8.979088E+02,1.310792E+03,5.503082E-02,9.174746E-02,8.983499E+02,1.335739E+03,5.505786E-02,9.349030E-02 
14:30:00,3.756870E+02,4.169775E+02,2.302655E-02,2.918738E-02,8.983463E+02,1.872473E+03,5.505764E-02,1.310573E-01,9.206536E+02,4.675101E+02,5.642605E-02,3.272355E-02,7.574731E+02,1.348471E+03,4.642483E-02,9.438221E-02,7.574838E+02,1.385868E+03,4.642549E-02,9.700330E-02,9.198817E+02,6.956367E+02,5.637874E-02,4.868967E-02,7.574731E+02,1.889319E+03,4.642483E-02,1.322374E-01,9.206536E+02,1.047439E+03,5.642605E-02,7.331874E-02,9.198817E+02,1.310511E+03,5.637874E-02,9.172590E-02,3.234126E+02,7.938397E+02,1.982199E-02,5.556528E-02,7.574838E+02,8.224987E+02,4.642549E-02,5.756979E-02,1.803929E+02,7.692506E+02,1.105661E-02,5.384526E-02,8.979051E+02,8.501447E+02,5.503060E-02,5.950403E-02,8.979051E+02,1.407152E+03,5.503060E-02,9.849171E-02,8.983463E+02,1.319080E+03,5.505764E-02,9.232440E-02 
14:45:00,3.756862E+02,4.218163E+02,2.302650E-02,2.952609E-02,8.983428E+02,1.878234E+03,5.505743E-02,1.314604E-01,9.206522E+02,4.716421E+02,5.642596E-02,3.301272E-02,7.574703E+02,1.329388E+03,4.642465E-02,9.304663E-02,7.574810E+02,1.479634E+03,4.642531E-02,1.035659E-01,9.198803E+02,6.829362E+02,5.637866E-02,4.780079E-02,7.574703E+02,1.895932E+03,4.642465E-02,1.327002E-01,9.206522E+02,1.141414E+03,5.642596E-02,7.989569E-02,9.198803E+02,1.298172E+03,5.637866E-02,9.086218E-02,3.234100E+02,8.003451E+02,1.982183E-02,5.602060E-02,7.574810E+02,8.296241E+02,4.642531E-02,5.806847E-02,1.803915E+02,7.744854E+02,1.105652E-02,5.421164E-02,8.979017E+02,8.585267E+02,5.503039E-02,6.009067E-02,8.979017E+02,1.501236E+03,5.503039E-02,1.050766E-01,8.983428E+02,1.302869E+03,5.505743E-02,9.118978E-02 
15:00:00,3.756854E+02,4.264565E+02,2.302645E-02,2.985091E-02,8.983396E+02,1.877183E+03,5.505723E-02,1.313867E-01,9.206509E+02,4.750954E+02,5.642589E-02,3.325439E-02,7.574676E+02,1.310218E+03,4.642449E-02,9.170489E-02,7.574783E+02,1.571254E+03,4.642515E-02,1.099782E-01,9.198790E+02,6.703218E+02,5.637858E-02,4.691791E-02,7.574676E+02,1.895475E+03,4.642449E-02,1.326681E-01,9.206509E+02,1.230812E+03,5.642589E-02,8.615226E-02,9.198790E+02,1.278927E+03,5.637858E-02,8.951506E-02,3.234076E+02,8.068368E+02,1.982168E-02,5.647496E-02,7.574783E+02,8.358165E+02,4.642515E-02,5.850186E-02,1.803901E+02,7.796645E+02,1.105644E-02,5.457412E-02,8.978984E+02,8.659980E+02,5.503019E-02,6.061357E-02,8.978984E+02,1.592764E+03,5.503019E-02,1.114825E-01,8.983396E+02,1.286779E+03,5.505723E-02,9.006365E-02 
15:15:00,3.756848E+02,4.307666E+02,2.302641E-02,3.015262E-02,8.983365E+02,1.868585E+03,5.505704E-02,1.307849E-01,9.206497E+02,4.776369E+02,5.642581E-02,3.343224E-02,7.574650E+02,1.290689E+03,4.642433E-02,9.033808E-02,7.574757E+02,1.659984E+03,4.642499E-02,1.161883E-01,9.198778E+02,6.574883E+02,5.637851E-02,4.601968E-02,7.574650E+02,1.887204E+03,4.642433E-02,1.320890E-01,9.206497E+02,1.314539E+03,5.642581E-02,9.201171E-02,9.198778E+02,1.252090E+03,5.637851E-02,8.763657E-02,3.234053E+02,8.131982E+02,1.982154E-02,5.692019E-02,7.574757E+02,8.408776E+02,4.642499E-02,5.885606E-02,1.803888E+02,7.846912E+02,1.105636E-02,5.492593E-02,8.978953E+02,8.723439E+02,5.503000E-02,6.105770E-02,8.978953E+02,1.680983E+03,5.503000E-02,1.176568E-01,8.983365E+02,1.270412E+03,5.505704E-02,8.891816E-02 
15:30:00,3.756841E+02,4.346441E+02,2.302637E-02,3.042405E-02,8.983335E+02,1.851784E+03,5.505685E-02,1.296089E-01,9.206486E+02,4.787281E+02,5.642575E-02,3.350859E-02,7.574625E+02,1.270095E+03,4.642418E-02,8.889668E-02,7.574733E+02,1.746581E+03,4.642484E-02,1.222491E-01,9.198767E+02,6.437603E+02,5.637844E-02,4.505884E-02,7.574625E+02,1.870459E+03,4.642418E-02,1.309170E-01,9.206486E+02,1.393465E+03,5.642575E-02,9.753521E-02,9.198767E+02,1.217162E+03,5.637844E-02,8.519178E-02,3.234031E+02,8.193306E+02,1.982141E-02,5.734940E-02,7.574733E+02,8.442373E+02,4.642484E-02,5.909117E-02,1.803875E+02,7.894771E+02,1.105628E-02,5.526089E-02,8.978923E+02,8.770100E+02,5.502982E-02,6.138425E-02,8.978923E+02,1.766494E+03,5.502982E-02,1.236415E-01,8.983335E+02,1.253105E+03,5.505685E-02,8.770680E-02 
15:45:00,3.756836E+02,4.380077E+02,2.302634E-02,3.065950E-02,8.983307E+02,1.825863E+03,5.505668E-02,1.277945E-01,9.206476E+02,4.783779E+02,5.642568E-02,3.348404E-02,7.574601E+02,1.248435E+03,4.642403E-02,8.738068E-02,7.574709E+02,1.829664E+03,4.642469E-02,1.280638E-01,9.198757E+02,6.291307E+02,5.637837E-02,4.403487E-02,7.574601E+02,1.844294E+03,4.642403E-02,1.290855E-01,9.206476E+02,1.465841E+03,5.642568E-02,1.026003E-01,9.198757E+02,1.173528E+03,5.637837E-02,8.213767E-02,3.234010E+02,8.251431E+02,1.982128E-02,5.775621E-02,7.574709E+02,8.458987E+02,4.642469E-02,5.920741E-02,1.803863E+02,7.939444E+02,1.105621E-02,5.557355E-02,8.978895E+02,8.799475E+02,5.502964E-02,6.158982E-02,8.978895E+02,1.848075E+03,5.502964E-02,1.293512E-01,8.983307E+02,1.234809E+03,5.505668E-02,8.642623E-02 
16:00:00,3.756830E+02,4.407788E+02,2.302630E-02,3.085347E-02,8.983280E+02,1.790000E+03,5.505652E-02,1.252843E-01,9.206466E+02,4.766301E+02,5.642562E-02,3.336166E-02,7.574579E+02,1.225764E+03,4.642389E-02,8.579383E-02,7.574686E+02,1.907706E+03,4.642455E-02,1.335259E-01,9.198747E+02,6.136357E+02,5.637831E-02,4.295032E-02,7.574579E+02,1.807876E+03,4.642389E-02,1.265364E-01,9.206466E+02,1.530060E+03,5.642562E-02,1.070946E-01,9.198747E+02,1.121196E+03,5.637831E-02,7.847478E-02,3.233991E+02,8.305446E+02,1.982116E-02,5.813426E-02,7.574686E+02,8.459252E+02,4.642455E-02,5.920922E-02,1.803852E+02,7.980160E+02,1.105614E-02,5.585850E-02,8.978868E+02,8.811746E+02,5.502948E-02,6.167566E-02,8.978868E+02,1.924355E+03,5.502948E-02,1.346898E-01,8.983280E+02,1.215463E+03,5.505652E-02,8.507219E-02 
16:15:00,3.756825E+02,4.428803E+02,2.302627E-02,3.100056E-02,8.983254E+02,1.744093E+03,5.505636E-02,1.220711E-01,9.206457E+02,4.737109E+02,5.642557E-02,3.315727E-02,7.574557E+02,1.202319E+03,4.642376E-02,8.415293E-02,7.574664E+02,1.979950E+03,4.642442E-02,1.385821E-01,9.198738E+02,5.974606E+02,5.637826E-02,4.181817E-02,7.574557E+02,1.761082E+03,4.642376E-02,1.232611E-01,9.206457E+02,1.585488E+03,5.642557E-02,1.109736E-01,9.198738E+02,1.062144E+03,5.637826E-02,7.434153E-02,3.233972E+02,8.354932E+02,1.982105E-02,5.848059E-02,7.574664E+02,8.445616E+02,4.642442E-02,5.911373E-02,1.803840E+02,8.016131E+02,1.105607E-02,5.611024E-02,8.978842E+02,8.809527E+02,5.502932E-02,6.166009E-02,8.978842E+02,1.994657E+03,5.502932E-02,1.396102E-01,8.983254E+02,1.195308E+03,5.505636E-02,8.366151E-02 
16:30:00,3.756820E+02,4.442361E+02,2.302624E-02,3.109546E-02,8.983229E+02,1.688353E+03,5.505621E-02,1.181698E-01,9.206448E+02,4.700089E+02,5.642551E-02,3.289810E-02,7.574536E+02,1.178615E+03,4.642363E-02,8.249379E-02,7.574643E+02,2.043430E+03,4.642429E-02,1.430249E-01,9.198729E+02,5.810832E+02,5.637821E-02,4.067186E-02,7.574536E+02,1.704154E+03,4.642363E-02,1.192765E-01,9.206448E+02,1.628928E+03,5.642551E-02,1.140137E-01,9.198729E+02,1.000008E+03,5.637821E-02,6.999249E-02,3.233954E+02,8.398963E+02,1.982094E-02,5.878875E-02,7.574643E+02,8.422642E+02,4.642429E-02,5.895290E-02,1.803829E+02,8.046581E+02,1.105600E-02,5.632334E-02,8.978818E+02,8.796783E+02,5.502917E-02,6.157086E-02,8.978818E+02,2.056249E+03,5.502917E-02,1.439208E-01,8.983229E+02,1.174765E+03,5.505621E-02,8.222371E-02 
16:45:00,3.756816E+02,4.447707E+02,2.302622E-02,3.113286E-02,8.983206E+02,1.624454E+03,5.505606E-02,1.136973E-01,9.206440E+02,4.654176E+02,5.642546E-02,3.257670E-02,7.574516E+02,1.154473E+03,4.642351E-02,8.080412E-02,7.574623E+02,2.097192E+03,4.642417E-02,1.467875E-01,9.198721E+02,5.643530E+02,5.637816E-02,3.950086E-02,7.574516E+02,1.638871E+03,4.642351E-02,1.147072E-01,9.206440E+02,1.659560E+03,5.642546E-02,1.161572E-01,9.198721E+02,9.338438E+02,5.637816E-02,6.536154E-02,3.233937E+02,8.436627E+02,1.982084E-02,5.905235E-02,7.574623E+02,8.389578E+02,4.642417E-02,5.872145E-02,1.803819E+02,8.070750E+02,1.105594E-02,5.649247E-02,8.978794E+02,8.772618E+02,5.502903E-02,6.140169E-02,8.978794E+02,2.108097E+03,5.502903E-02,1.475495E-01,8.983206E+02,1.153683E+03,5.505606E-02,8.074814E-02 
17:00:00,3.756812E+02,4.444052E+02,2.302619E-02,3.110727E-02,8.983183E+02,1.555467E+03,5.505593E-02,1.088688E-01,9.206433E+02,4.592857E+02,5.642542E-02,3.214746E-02,7.574496E+02,1.129215E+03,4.642339E-02,7.903626E-02,7.574604E+02,2.141188E+03,4.642405E-02,1.498666E-01,9.198714E+02,5.467263E+02,5.637811E-02,3.826712E-02,7.574496E+02,1.568392E+03,4.642339E-02,1.097742E-01,9.206433E+02,1.677575E+03,5.642542E-02,1.174178E-01,9.198714E+02,8.663286E+02,5.637811E-02,6.063602E-02,3.233921E+02,8.467114E+02,1.982074E-02,5.926570E-02,7.574604E+02,8.339824E+02,4.642405E-02,5.837320E-02,1.803809E+02,8.087981E+02,1.105588E-02,5.661304E-02,8.978772E+02,8.732301E+02,5.502889E-02,6.111949E-02,8.978772E+02,2.149991E+03,5.502889E-02,1.504815E-01,8.983183E+02,1.131448E+03,5.505593E-02,7.919186E-02 
17:15:00,3.756808E+02,4.431644E+02,2.302617E-02,3.102040E-02,8.983162E+02,1.487004E+03,5.505579E-02,1.040768E-01,9.206425E+02,4.523548E+02,5.642537E-02,3.166228E-02,7.574478E+02,1.102931E+03,4.642327E-02,7.719659E-02,7.574585E+02,2.173385E+03,4.642393E-02,1.521198E-01,9.198707E+02,5.284661E+02,5.637807E-02,3.698904E-02,7.574478E+02,1.498572E+03,4.642327E-02,1.048873E-01,9.206425E+02,1.680538E+03,5.642537E-02,1.176249E-01,9.198707E+02,8.020391E+02,5.637807E-02,5.613625E-02,3.233906E+02,8.489787E+02,1.982064E-02,5.942436E-02,7.574585E+02,8.278903E+02,4.642393E-02,5.794677E-02,1.803799E+02,8.097809E+02,1.105581E-02,5.668179E-02,8.978750E+02,8.680759E+02,5.502876E-02,6.075872E-02,8.978750E+02,2.180032E+03,5.502876E-02,1.525838E-01,8.983162E+02,1.108084E+03,5.505579E-02,7.755664E-02 
17:30:00,3.756804E+02,4.410696E+02,2.302614E-02,3.087372E-02,8.983141E+02,1.423444E+03,5.505567E-02,9.962824E-02,9.206419E+02,4.476594E+02,5.642533E-02,3.133355E-02,7.574460E+02,1.075809E+03,4.642316E-02,7.529826E-02,7.574567E+02,2.191263E+03,4.642382E-02,1.533709E-01,9.198700E+02,5.099117E+02,5.637802E-02,3.569037E-02,7.574460E+02,1.433895E+03,4.642316E-02,1.003605E-01,9.206419E+02,1.665534E+03,5.642533E-02,1.165744E-01,9.198700E+02,7.423659E+02,5.637802E-02,5.195957E-02,3.233891E+02,8.504376E+02,1.982055E-02,5.952644E-02,7.574567E+02,8.228500E+02,4.642382E-02,5.759395E-02,1.803789E+02,8.100139E+02,1.105576E-02,5.669806E-02,8.978730E+02,8.639174E+02,5.502863E-02,6.046764E-02,8.978730E+02,2.195848E+03,5.502863E-02,1.536906E-01,8.983141E+02,1.083739E+03,5.505567E-02,7.585269E-02 
17:45:00,3.756801E+02,4.381924E+02,2.302612E-02,3.067227E-02,8.983122E+02,1.366934E+03,5.505555E-02,9.567305E-02,9.206412E+02,4.475480E+02,5.642529E-02,3.132569E-02,7.574442E+02,1.048054E+03,4.642306E-02,7.335565E-02,7.574550E+02,2.192171E+03,4.642372E-02,1.534342E-01,9.198693E+02,4.910729E+02,5.637799E-02,3.437181E-02,7.574442E+02,1.376419E+03,4.642306E-02,9.633767E-02,9.206412E+02,1.629884E+03,5.642529E-02,1.140789E-01,9.198693E+02,6.917961E+02,5.637799E-02,4.842004E-02,3.233877E+02,8.511053E+02,1.982047E-02,5.957314E-02,7.574550E+02,8.209041E+02,4.642372E-02,5.745772E-02,1.803780E+02,8.095316E+02,1.105570E-02,5.666427E-02,8.978710E+02,8.627969E+02,5.502851E-02,6.038921E-02,8.978710E+02,2.194874E+03,5.502851E-02,1.536222E-01,8.983122E+02,1.058565E+03,5.505555E-02,7.409073E-02 
18:00:00,3.756798E+02,4.346729E+02,2.302610E-02,3.042584E-02,8.983103E+02,1.317724E+03,5.505543E-02,9.222890E-02,9.206406E+02,4.524640E+02,5.642526E-02,3.166975E-02,7.574426E+02,1.020078E+03,4.642296E-02,7.139761E-02,7.574533E+02,2.171881E+03,4.642362E-02,1.520139E-01,9.198687E+02,4.726380E+02,5.637795E-02,3.308153E-02,7.574426E+02,1.326294E+03,4.642296E-02,9.282941E-02,9.206406E+02,1.569093E+03,5.642526E-02,1.098238E-01,9.198687E+02,6.501428E+02,5.637795E-02,4.550464E-02,3.233863E+02,8.510283E+02,1.982038E-02,5.956771E-02,7.574533E+02,8.232491E+02,4.642362E-02,5.762186E-02,1.803771E+02,8.083968E+02,1.105564E-02,5.658479E-02,8.978691E+02,8.657975E+02,5.502839E-02,6.059924E-02,8.978691E+02,2.173101E+03,5.502839E-02,1.520981E-01,8.983103E+02,1.032994E+03,5.505543E-02,7.230098E-02 
18:15:00,3.756795E+02,4.305944E+02,2.302608E-02,3.014027E-02,1.000273E+03,1.272932E+03,6.130449E-02,8.909393E-02,9.862951E+02,4.593633E+02,6.044916E-02,3.215271E-02,8.231868E+02,9.916251E+02,5.045236E-02,6.940613E-02,8.231975E+02,2.126474E+03,5.045301E-02,1.488355E-01,9.855233E+02,4.543828E+02,6.040186E-02,3.180381E-02,8.231868E+02,1.280408E+03,5.045236E-02,8.961792E-02,9.862951E+02,1.479819E+03,6.044916E-02,1.035751E-01,9.855233E+02,6.134365E+02,6.040186E-02,4.293555E-02,3.628915E+02,8.502145E+02,2.224166E-02,5.951071E-02,8.231975E+02,8.280548E+02,5.045301E-02,5.795827E-02,1.803762E+02,8.066690E+02,1.105559E-02,5.646383E-02,9.998317E+02,8.711947E+02,6.127745E-02,6.097702E-02,9.998317E+02,2.126643E+03,6.127745E-02,1.488462E-01,1.000273E+03,1.006718E+03,6.130449E-02,7.046192E-02 
18:30:00,3.756792E+02,4.260139E+02,2.302607E-02,2.981958E-02,1.102269E+03,1.230112E+03,6.755513E-02,8.609703E-02,1.051965E+03,4.612901E+02,6.447382E-02,3.228768E-02,8.889496E+02,9.622066E+02,5.448271E-02,6.734706E-02,8.889604E+02,2.051632E+03,5.448337E-02,1.435969E-01,1.051193E+03,4.352336E+02,6.442651E-02,3.046352E-02,8.889496E+02,1.236183E+03,5.448271E-02,8.652267E-02,1.051965E+03,1.359430E+03,6.447382E-02,9.514858E-02,1.051193E+03,5.787332E+02,6.442651E-02,4.050667E-02,4.024156E+02,8.486611E+02,2.466400E-02,5.940196E-02,8.889604E+02,8.300793E+02,5.448337E-02,5.810001E-02,1.803754E+02,8.043546E+02,1.105554E-02,5.630181E-02,1.101828E+03,8.738645E+02,6.752810E-02,6.116391E-02,1.101828E+03,2.051277E+03,6.752810E-02,1.435710E-01,1.102269E+03,9.792959E+02,6.755513E-02,6.854257E-02 
18:45:00,3.756789E+02,4.207494E+02,2.302605E-02,2.945103E-02,1.204301E+03,1.187832E+03,7.380729E-02,8.313789E-02,1.117663E+03,4.499175E+02,6.849981E-02,3.149172E-02,9.547364E+02,9.316855E+02,5.851418E-02,6.521081E-02,9.547471E+02,1.939787E+03,5.851483E-02,1.357684E-01,1.116891E+03,4.148480E+02,6.845250E-02,2.903664E-02,9.547364E+02,1.192270E+03,5.851418E-02,8.344917E-02,1.117663E+03,1.207292E+03,6.849981E-02,8.449990E-02,1.116891E+03,5.452845E+02,6.845250E-02,3.816559E-02,4.419414E+02,8.462680E+02,2.708640E-02,5.923442E-02,9.547471E+02,8.224993E+02,5.851483E-02,5.756946E-02,1.803746E+02,8.013584E+02,1.105549E-02,5.609206E-02,1.203860E+03,8.670559E+02,7.378025E-02,6.068735E-02,1.203860E+03,1.940010E+03,7.378025E-02,1.357831E-01,1.204301E+03,9.505916E+02,7.380729E-02,6.653350E-02 
19:00:00,3.756789E+02,4.144544E+02,2.302605E-02,2.901032E-02,1.306375E+03,1.145161E+03,8.006113E-02,8.015132E-02,1.183392E+03,4.223109E+02,7.252712E-02,2.955933E-02,1.020551E+03,9.001105E+02,6.254694E-02,6.300078E-02,1.020562E+03,1.798068E+03,6.254759E-02,1.258490E-01,1.182620E+03,3.915215E+02,7.247981E-02,2.740388E-02,1.020551E+03,1.147840E+03,6.254694E-02,8.033953E-02,1.183392E+03,1.043820E+03,7.252712E-02,7.305797E-02,1.182620E+03,5.125189E+02,7.247981E-02,3.587231E-02,4.814798E+02,8.428084E+02,2.950950E-02,5.899225E-02,1.020562E+03,8.023458E+02,6.254759E-02,5.615876E-02,1.803740E+02,7.974564E+02,1.105545E-02,5.581892E-02,1.305934E+03,8.475926E+02,8.003410E-02,5.932499E-02,1.305934E+03,1.799446E+03,8.003410E-02,1.259446E-01,1.306375E+03,9.205523E+02,8.006113E-02,6.443096E-02 
19:15:00,3.756793E+02,4.066438E+02,2.302607E-02,2.846353E-02,1.306508E+03,1.103167E+03,8.006670E-02,7.721211E-02,1.183486E+03,3.856614E+02,7.253129E-02,2.699384E-02,1.020639E+03,8.690756E+02,6.255099E-02,6.082856E-02,1.020649E+03,1.649896E+03,6.255165E-02,1.154780E-01,1.182714E+03,3.664367E+02,7.248398E-02,2.564796E-02,1.020639E+03,1.104097E+03,6.255099E-02,7.727785E-02,1.183486E+03,8.870100E+02,7.253129E-02,6.208247E-02,1.182714E+03,4.814092E+02,7.248398E-02,3.369490E-02,4.815211E+02,8.381377E+02,2.951175E-02,5.866530E-02,1.020649E+03,7.741138E+02,6.255165E-02,5.418255E-02,1.803738E+02,7.923945E+02,1.105544E-02,5.546459E-02,1.306067E+03,8.196222E+02,8.003966E-02,5.736712E-02,1.306067E+03,1.651547E+03,8.003966E-02,1.155928E-01,1.306508E+03,8.908029E+02,8.006670E-02,6.234873E-02 
19:30:00,3.756805E+02,3.970208E+02,2.302615E-02,2.778986E-02,1.306623E+03,1.062727E+03,8.007133E-02,7.438169E-02,1.183578E+03,3.469618E+02,7.253531E-02,2.428480E-02,1.020719E+03,8.398085E+02,6.255465E-02,5.878009E-02,1.020730E+03,1.512939E+03,6.255530E-02,1.058920E-01,1.182806E+03,3.410875E+02,7.248800E-02,2.387350E-02,1.020719E+03,1.062042E+03,6.255465E-02,7.433432E-02,1.183578E+03,7.560332E+02,7.253531E-02,5.291514E-02,1.182806E+03,4.524885E+02,7.248800E-02,3.167070E-02,4.815516E+02,8.321692E+02,2.951337E-02,5.824751E-02,1.020730E+03,7.428358E+02,6.255530E-02,5.199315E-02,1.803742E+02,7.861044E+02,1.105547E-02,5.502429E-02,1.306182E+03,7.879901E+02,8.004429E-02,5.515297E-02,1.306182E+03,1.513530E+03,8.004429E-02,1.059327E-01,1.306623E+03,8.625029E+02,8.007133E-02,6.036795E-02 
19:45:00,3.756829E+02,3.857455E+02,2.302629E-02,2.700051E-02,1.306712E+03,1.024596E+03,8.007505E-02,7.171287E-02,1.183650E+03,3.124104E+02,7.253849E-02,2.186616E-02,1.020785E+03,8.127994E+02,6.255764E-02,5.688968E-02,1.020796E+03,1.403827E+03,6.255830E-02,9.825515E-02,1.182878E+03,3.162270E+02,7.249118E-02,2.213328E-02,1.020785E+03,1.022503E+03,6.255764E-02,7.156693E-02,1.183650E+03,6.617046E+02,7.253849E-02,4.631297E-02,1.182878E+03,4.261579E+02,7.249118E-02,2.982777E-02,4.815874E+02,8.250679E+02,2.951534E-02,5.775043E-02,1.020796E+03,7.143219E+02,6.255830E-02,4.999726E-02,1.803755E+02,7.787782E+02,1.105555E-02,5.451147E-02,1.306271E+03,7.584845E+02,8.004801E-02,5.308769E-02,1.306271E+03,1.401630E+03,8.004801E-02,9.810071E-02,1.306712E+03,8.362059E+02,8.007505E-02,5.852738E-02 
20:00:00,3.756866E+02,3.732970E+02,2.302652E-02,2.612904E-02,1.306770E+03,9.895818E+02,8.007765E-02,6.926216E-02,1.183700E+03,2.857445E+02,7.254080E-02,1.999954E-02,1.020830E+03,7.886112E+02,6.255973E-02,5.519672E-02,1.020841E+03,1.324234E+03,6.256039E-02,9.268451E-02,1.182928E+03,2.936381E+02,7.249349E-02,2.055208E-02,1.020830E+03,9.862261E+02,6.255973E-02,6.902788E-02,1.183700E+03,5.935876E+02,7.254080E-02,4.154550E-02,1.182928E+03,4.031618E+02,7.249349E-02,2.821823E-02,4.816171E+02,8.172223E+02,2.951698E-02,5.720126E-02,1.020841E+03,6.916700E+02,6.256039E-02,4.841176E-02,1.803778E+02,7.708314E+02,1.105569E-02,5.395522E-02,1.306329E+03,7.343939E+02,8.005061E-02,5.140149E-02,1.306329E+03,1.318255E+03,8.005061E-02,9.226536E-02,1.306770E+03,8.125172E+02,8.007765E-02,5.686939E-02 
20:15:00,3.756914E+02,3.603614E+02,2.302682E-02,2.522350E-02,1.306812E+03,9.571029E+02,8.007986E-02,6.698894E-02,1.183736E+03,2.629231E+02,7.254269E-02,1.840213E-02,1.020862E+03,7.664056E+02,6.256139E-02,5.364255E-02,1.020873E+03,1.260577E+03,6.256204E-02,8.822935E-02,1.182964E+03,2.726872E+02,7.249538E-02,1.908560E-02,1.020862E+03,9.525629E+02,6.256139E-02,6.667177E-02,1.183736E+03,5.445226E+02,7.254269E-02,3.811153E-02,1.182964E+03,3.816540E+02,7.249538E-02,2.671287E-02,4.816432E+02,8.090883E+02,2.951844E-02,5.663191E-02,1.020873E+03,6.725126E+02,6.256204E-02,4.707092E-02,1.803810E+02,7.627609E+02,1.105588E-02,5.339031E-02,1.306371E+03,7.137397E+02,8.005283E-02,4.995588E-02,1.306371E+03,1.251479E+03,8.005283E-02,8.759189E-02,1.306812E+03,7.907278E+02,8.007986E-02,5.534434E-02 
20:30:00,3.756972E+02,3.475372E+02,2.302717E-02,2.432576E-02,1.306847E+03,9.267334E+02,8.008188E-02,6.486338E-02,1.183764E+03,2.414353E+02,7.254430E-02,1.689811E-02,1.020887E+03,7.456439E+02,6.256278E-02,5.218944E-02,1.020898E+03,1.205626E+03,6.256344E-02,8.438349E-02,1.182992E+03,2.529388E+02,7.249700E-02,1.770332E-02,1.020887E+03,9.210543E+02,6.256278E-02,6.446647E-02,1.183764E+03,5.058221E+02,7.254430E-02,3.540302E-02,1.182992E+03,3.605543E+02,7.249700E-02,2.523604E-02,4.816666E+02,8.010306E+02,2.951977E-02,5.606791E-02,1.020898E+03,6.554692E+02,6.256344E-02,4.587806E-02,1.803849E+02,7.549266E+02,1.105612E-02,5.284195E-02,1.306405E+03,6.953063E+02,8.005485E-02,4.866573E-02,1.306405E+03,1.194513E+03,8.005485E-02,8.360500E-02,1.306847E+03,7.703581E+02,8.008188E-02,5.391868E-02 
20:45:00,3.757034E+02,3.351919E+02,2.302755E-02,2.346156E-02,1.306876E+03,8.982735E+02,8.008368E-02,6.287146E-02,1.183788E+03,2.215694E+02,7.254569E-02,1.550763E-02,1.020908E+03,7.261396E+02,6.256399E-02,5.082433E-02,1.020919E+03,1.156602E+03,6.256465E-02,8.095240E-02,1.183016E+03,2.342803E+02,7.249839E-02,1.639734E-02,1.020908E+03,8.914491E+02,6.256399E-02,6.239439E-02,1.183788E+03,4.731566E+02,7.254569E-02,3.311690E-02,1.183016E+03,3.391457E+02,7.249839E-02,2.373755E-02,4.816875E+02,7.932391E+02,2.952098E-02,5.552255E-02,1.020919E+03,6.400114E+02,6.256465E-02,4.479619E-02,1.803891E+02,7.474994E+02,1.105638E-02,5.232210E-02,1.306435E+03,6.785543E+02,8.005665E-02,4.749328E-02,1.306435E+03,1.144478E+03,8.005665E-02,8.010313E-02,1.306876E+03,7.512041E+02,8.008368E-02,5.257809E-02 
21:00:00,3.757098E+02,3.234985E+02,2.302794E-02,2.264301E-02,1.306902E+03,8.714915E+02,8.008524E-02,6.099699E-02,1.183808E+03,2.030973E+02,7.254687E-02,1.421471E-02,1.020925E+03,7.077059E+02,6.256503E-02,4.953416E-02,1.020936E+03,1.111890E+03,6.256569E-02,7.782303E-02,1.183036E+03,2.166351E+02,7.249957E-02,1.516229E-02,1.020925E+03,8.636059E+02,6.256503E-02,6.044563E-02,1.183808E+03,4.441414E+02,7.254687E-02,3.108621E-02,1.183036E+03,3.167831E+02,7.249957E-02,2.217224E-02,4.817063E+02,7.857848E+02,2.952208E-02,5.500081E-02,1.020936E+03,6.258151E+02,6.256569E-02,4.380262E-02,1.803936E+02,7.405255E+02,1.105665E-02,5.183399E-02,1.306461E+03,6.631475E+02,8.005820E-02,4.641497E-02,1.306461E+03,1.099534E+03,8.005820E-02,7.695754E-02,1.306902E+03,7.330641E+02,8.008524E-02,5.130847E-02 
21:15:00,3.757160E+02,3.125310E+02,2.302833E-02,2.187530E-02,1.306924E+03,8.460981E+02,8.008657E-02,5.921970E-02,1.183824E+03,1.857341E+02,7.254786E-02,1.299942E-02,1.020940E+03,6.901454E+02,6.256592E-02,4.830510E-02,1.020951E+03,1.070407E+03,6.256658E-02,7.491970E-02,1.183052E+03,1.997975E+02,7.250056E-02,1.398378E-02,1.020940E+03,8.372285E+02,6.256592E-02,5.859946E-02,1.183824E+03,4.172034E+02,7.254786E-02,2.920085E-02,1.183052E+03,2.944330E+02,7.250056E-02,2.060778E-02,4.817231E+02,7.786522E+02,2.952307E-02,5.450159E-02,1.020951E+03,6.125449E+02,6.256658E-02,4.287386E-02,1.803980E+02,7.339939E+02,1.105692E-02,5.137685E-02,1.306483E+03,6.486829E+02,8.005954E-02,4.540261E-02,1.306483E+03,1.058355E+03,8.005954E-02,7.407548E-02,1.306924E+03,7.156976E+02,8.008657E-02,5.009299E-02 
21:30:00,3.757220E+02,3.023055E+02,2.302869E-02,2.115953E-02,1.306943E+03,8.219336E+02,8.008773E-02,5.752842E-02,1.183838E+03,1.693564E+02,7.254870E-02,1.185312E-02,1.020953E+03,6.733642E+02,6.256670E-02,4.713058E-02,1.020964E+03,1.031535E+03,6.256735E-02,7.219903E-02,1.183066E+03,1.837126E+02,7.250140E-02,1.285796E-02,1.020953E+03,8.121732E+02,6.256670E-02,5.684583E-02,1.183838E+03,3.911798E+02,7.254870E-02,2.737942E-02,1.183066E+03,2.728415E+02,7.250140E-02,1.909644E-02,4.817380E+02,7.718220E+02,2.952395E-02,5.402354E-02,1.020964E+03,6.000353E+02,6.256735E-02,4.199834E-02,1.804023E+02,7.278680E+02,1.105719E-02,5.094811E-02,1.306502E+03,6.349734E+02,8.006069E-02,4.444309E-02,1.306502E+03,1.020153E+03,8.006069E-02,7.140175E-02,1.306943E+03,6.989993E+02,8.008773E-02,4.892427E-02 
21:45:00,3.757276E+02,2.928061E+02,2.302903E-02,2.049459E-02,1.306960E+03,7.988662E+02,8.008874E-02,5.591392E-02,1.183850E+03,1.538633E+02,7.254942E-02,1.076873E-02,1.020964E+03,6.572934E+02,6.256738E-02,4.600579E-02,1.020975E+03,9.948691E+02,6.256803E-02,6.963277E-02,1.183078E+03,1.683298E+02,7.250211E-02,1.178128E-02,1.020964E+03,7.883220E+02,6.256738E-02,5.517647E-02,1.183850E+03,3.675766E+02,7.254942E-02,2.572734E-02,1.183078E+03,2.520598E+02,7.250211E-02,1.764181E-02,4.817513E+02,7.652619E+02,2.952474E-02,5.356440E-02,1.020975E+03,5.881679E+02,6.256803E-02,4.116776E-02,1.804064E+02,7.221027E+02,1.105744E-02,5.054461E-02,1.306519E+03,6.218815E+02,8.006171E-02,4.352680E-02,1.306519E+03,9.843942E+02,8.006171E-02,6.889900E-02,1.306960E+03,6.828910E+02,8.008874E-02,4.779685E-02 
22:00:00,3.757328E+02,2.839983E+02,2.302935E-02,1.987807E-02,1.306975E+03,7.767878E+02,8.008965E-02,5.436864E-02,1.183860E+03,1.391676E+02,7.255003E-02,9.740159E-03,1.020974E+03,6.418812E+02,6.256798E-02,4.492708E-02,1.020985E+03,9.601367E+02,6.256864E-02,6.720183E-02,1.183088E+03,1.536015E+02,7.250273E-02,1.075043E-02,1.020974E+03,7.655758E+02,6.256798E-02,5.358445E-02,1.183860E+03,3.453200E+02,7.255003E-02,2.416955E-02,1.183088E+03,2.321389E+02,7.250273E-02,1.624747E-02,4.817631E+02,7.589366E+02,2.952545E-02,5.312169E-02,1.020985E+03,5.768598E+02,6.256864E-02,4.037632E-02,1.804103E+02,7.166534E+02,1.105768E-02,5.016324E-02,1.306533E+03,6.093073E+02,8.006261E-02,4.264673E-02,1.306533E+03,9.507061E+02,8.006261E-02,6.654117E-02,1.306975E+03,6.673147E+02,8.008965E-02,4.670665E-02 
22:15:00,3.757375E+02,2.633336E+02,2.302964E-02,1.843166E-02,1.306988E+03,7.177181E+02,8.009045E-02,5.023428E-02,1.183869E+03,9.892187E+01,7.255057E-02,6.923400E-03,1.020983E+03,5.987834E+02,6.256852E-02,4.191058E-02,1.020994E+03,8.987256E+02,6.256918E-02,6.290359E-02,1.183097E+03,1.110263E+02,7.250326E-02,7.770608E-03,1.020983E+03,7.154880E+02,6.256852E-02,5.007872E-02,1.183869E+03,2.955608E+02,7.255057E-02,2.068680E-02,1.183097E+03,1.846630E+02,7.250326E-02,1.292458E-02,4.817737E+02,7.302774E+02,2.952609E-02,5.111572E-02,1.020994E+03,5.378049E+02,6.256918E-02,3.764279E-02,1.804140E+02,6.993095E+02,1.105791E-02,4.894928E-02,1.306547E+03,5.593595E+02,8.006341E-02,3.915081E-02,1.306547E+03,8.808813E+02,8.006341E-02,6.165408E-02,1.306988E+03,6.143767E+02,8.009045E-02,4.300144E-02 
22:30:00,3.757418E+02,2.427559E+02,2.302991E-02,1.699125E-02,1.307000E+03,6.585833E+02,8.009117E-02,4.609513E-02,1.183876E+03,6.243442E+01,7.255104E-02,4.369688E-03,1.020991E+03,5.556549E+02,6.256901E-02,3.889172E-02,1.021002E+03,8.381882E+02,6.256967E-02,5.866629E-02,1.183104E+03,7.090315E+01,7.250373E-02,4.962425E-03,1.020991E+03,6.656787E+02,6.256901E-02,4.659227E-02,1.183876E+03,2.450898E+02,7.255104E-02,1.715412E-02,1.183104E+03,1.372752E+02,7.250373E-02,9.607824E-03,4.817831E+02,7.012136E+02,2.952665E-02,4.908121E-02,1.021002E+03,4.986519E+02,6.256967E-02,3.490216E-02,1.804175E+02,6.818981E+02,1.105812E-02,4.773046E-02,1.306558E+03,5.089751E+02,8.006414E-02,3.562408E-02,1.306558E+03,8.117219E+02,8.006414E-02,5.681331E-02,1.307000E+03,5.610440E+02,8.009117E-02,3.926836E-02 
22:45:00,3.757457E+02,2.223901E+02,2.303015E-02,1.556565E-02,1.307010E+03,5.994318E+02,8.009183E-02,4.195454E-02,1.183883E+03,2.951696E+01,7.255145E-02,2.065842E-03,1.020999E+03,5.125789E+02,6.256946E-02,3.587632E-02,1.021009E+03,7.785780E+02,6.257011E-02,5.449352E-02,1.183111E+03,3.437772E+01,7.250414E-02,2.406050E-03,1.020999E+03,6.162271E+02,6.256946E-02,4.313061E-02,1.183883E+03,1.932057E+02,7.255145E-02,1.352252E-02,1.183111E+03,9.006927E+01,7.250414E-02,6.303840E-03,4.817916E+02,6.718137E+02,2.952716E-02,4.702286E-02,1.021009E+03,4.594616E+02,6.257011E-02,3.215875E-02,1.804207E+02,6.645049E+02,1.105832E-02,4.651265E-02,1.306569E+03,4.582030E+02,8.006479E-02,3.207004E-02,1.306569E+03,7.432132E+02,8.006479E-02,5.201771E-02,1.307010E+03,5.073765E+02,8.009183E-02,3.551165E-02 
23:00:00,3.757493E+02,2.022586E+02,2.303036E-02,1.415641E-02,1.307020E+03,5.402799E+02,8.009242E-02,3.781362E-02,1.183889E+03,0.000000E+00,7.255181E-02,0.000000E+00,1.021005E+03,4.696029E+02,6.256987E-02,3.286769E-02,1.021016E+03,7.198696E+02,6.257052E-02,5.038344E-02,1.183117E+03,1.303141E+00,7.250450E-02,9.120479E-05,1.021005E+03,5.671510E+02,6.256987E-02,3.969490E-02,1.183889E+03,1.410508E+02,7.255181E-02,9.871943E-03,1.183117E+03,4.310294E+01,7.250450E-02,3.016655E-03,4.817992E+02,6.421111E+02,2.952762E-02,4.494292E-02,1.021016E+03,4.202915E+02,6.257052E-02,2.941653E-02,1.804237E+02,6.471552E+02,1.105850E-02,4.529750E-02,1.306579E+03,4.070710E+02,8.006538E-02,2.849060E-02,1.306579E+03,6.753008E+02,8.006538E-02,4.726346E-02,1.307020E+03,4.534216E+02,8.009242E-02,3.173458E-02 
23:15:00,3.757525E+02,1.948384E+02,2.303056E-02,1.363686E-02,1.307029E+03,5.190046E+02,8.009296E-02,3.632355E-02,1.183894E+03,0.000000E+00,7.255213E-02,0.000000E+00,1.021011E+03,4.550424E+02,6.257024E-02,3.184773E-02,1.021022E+03,6.904302E+02,6.257090E-02,4.832167E-02,1.183122E+03,0.000000E+00,7.250482E-02,0.000000E+00,1.021011E+03,5.467986E+02,6.257024E-02,3.826941E-02,1.183894E+03,1.171823E+02,7.255213E-02,8.201216E-03,1.183122E+03,2.512821E+01,7.250482E-02,1.758613E-03,4.818060E+02,6.346460E+02,2.952804E-02,4.441915E-02,1.021022E+03,4.094197E+02,6.257090E-02,2.865481E-02,1.804265E+02,6.420209E+02,1.105867E-02,4.493706E-02,1.306588E+03,3.934184E+02,8.006593E-02,2.753427E-02,1.306588E+03,6.458535E+02,8.006593E-02,4.520117E-02,1.307029E+03,4.370407E+02,8.009296E-02,3.058722E-02 
23:30:00,3.757553E+02,1.880992E+02,2.303074E-02,1.316504E-02,1.307037E+03,4.985931E+02,8.009346E-02,3.489407E-02,1.183899E+03,0.000000E+00,7.255241E-02,0.000000E+00,1.021017E+03,4.412220E+02,6.257059E-02,3.087967E-02,1.021028E+03,6.625132E+02,6.257125E-02,4.636652E-02,1.183127E+03,0.000000E+00,7.250510E-02,0.000000E+00,1.021017E+03,5.274635E+02,6.257059E-02,3.691521E-02,1.183899E+03,9.441316E+01,7.255241E-02,6.607588E-03,1.183127E+03,1.215658E+01,7.250510E-02,8.507794E-04,4.818122E+02,6.274652E+02,2.952842E-02,4.391526E-02,1.021028E+03,3.992040E+02,6.257125E-02,2.793911E-02,1.804292E+02,6.372416E+02,1.105884E-02,4.460132E-02,1.306596E+03,3.802539E+02,8.006642E-02,2.661226E-02,1.306596E+03,6.178079E+02,8.006642E-02,4.323712E-02,1.307037E+03,4.212449E+02,8.009346E-02,2.948097E-02 
23:45:00,3.757579E+02,1.818224E+02,2.303089E-02,1.272560E-02,1.307044E+03,4.789245E+02,8.009391E-02,3.351683E-02,1.183903E+03,0.000000E+00,7.255266E-02,0.000000E+00,1.021022E+03,4.280472E+02,6.257092E-02,2.995694E-02,1.021033E+03,6.359044E+02,6.257157E-02,4.450326E-02,1.183131E+03,0.000000E+00,7.250536E-02,0.000000E+00,1.021022E+03,5.089914E+02,6.257092E-02,3.562161E-02,1.183903E+03,7.264205E+01,7.255266E-02,5.083865E-03,1.183131E+03,3.872212E+00,7.250536E-02,2.709956E-04,4.818179E+02,6.204822E+02,2.952876E-02,4.342539E-02,1.021033E+03,3.896398E+02,6.257157E-02,2.726912E-02,1.804317E+02,6.327041E+02,1.105899E-02,4.428261E-02,1.306603E+03,3.675217E+02,8.006688E-02,2.572065E-02,1.306603E+03,5.909709E+02,8.006688E-02,4.135800E-02,1.307044E+03,4.059612E+02,8.009391E-02,2.841072E-02 
24:00:00,3.757602E+02,1.758982E+02,2.303104E-02,1.231086E-02,1.307051E+03,4.599286E+02,8.009433E-02,3.218698E-02,1.183907E+03,0.000000E+00,7.255289E-02,0.000000E+00,1.021027E+03,4.154777E+02,6.257122E-02,2.907679E-02,1.021038E+03,6.105053E+02,6.257188E-02,4.272511E-02,1.183135E+03,0.000000E+00,7.250558E-02,0.000000E+00,1.021027E+03,4.913090E+02,6.257122E-02,3.438358E-02,1.183907E+03,5.181022E+01,7.255289E-02,3.625920E-03,1.183135E+03,0.000000E+00,7.250558E-02,0.000000E+00,4.818230E+02,6.136542E+02,2.952908E-02,4.294670E-02,1.021038E+03,3.809108E+02,6.257188E-02,2.665775E-02,1.804340E+02,6.283659E+02,1.105913E-02,4.397811E-02,1.306610E+03,3.551811E+02,8.006730E-02,2.485664E-02,1.306610E+03,5.652354E+02,8.006730E-02,3.955641E-02,1.307051E+03,3.911413E+02,8.009433E-02,2.737318E-02 
Peak,3.757820E+02,4.447707E+02,2.303237E-02,3.113286E-02,1.307135E+03,1.878234E+03,8.009946E-02,1.314604E-01,1.183942E+03,4.787281E+02,7.255504E-02,3.350859E-02,1.021095E+03,1.872730E+03,6.257533E-02,1.310763E-01,1.021105E+03,2.192171E+03,6.257599E-02,1.534342E-01,1.183170E+03,1.338732E+03,7.250774E-02,9.370159E-02,1.021095E+03,1.895932E+03,6.257533E-02,1.327002E-01,1.183942E+03,1.680538E+03,7.255504E-02,1.176249E-01,1.183170E+03,1.316651E+03,7.250774E-02,9.215595E-02,4.818818E+02,8.511053E+02,2.953267E-02,5.957314E-02,1.021105E+03,8.459252E+02,6.257599E-02,5.920922E-02,1.804704E+02,8.100139E+02,1.106136E-02,5.669806E-02,1.306694E+03,8.811746E+02,8.007243E-02,6.167566E-02,1.306694E+03,2.195848E+03,8.007243E-02,1.536906E-01,1.307135E+03,1.844876E+03,8.009946E-02,1.291257E-01 

Peak Vol Flow (m3/s),,,1.912951E-02,2.585736E-02,,,6.652651E-02,1.091843E-01,,,6.026050E-02,2.783051E-02,,,5.197187E-02,1.088653E-01,,,5.197242E-02,1.274346E-01,,,6.022121E-02,7.782374E-02,,,5.197187E-02,1.102140E-01,,,6.026050E-02,9.769322E-02,,,6.022121E-02,7.654001E-02,,,2.452832E-02,4.947840E-02,,,5.197242E-02,4.917615E-02,,,9.187001E-03,4.709050E-02,,,6.650406E-02,5.122464E-02,,,6.650406E-02,1.276476E-01,,,6.652651E-02,1.072452E-01 
