Time,THERMAL ZONE 4:NASHVILLE INTERNATIONAL AP ANN HTG 99.6% CONDNS DB:Des Heat Load [W],THERMAL ZONE 4:NASHVILLE INTERNATIONAL AP ANN CLG .4% CONDNS DB=>MWB:Des Sens Cool Load [W],THERMAL ZONE 4:NASHVILLE INTERNATIONAL AP ANN HTG 99.6% CONDNS DB:Des Heat Mass Flow [kg/s],THERMAL ZONE 4:NASHVILLE INTERNATIONAL AP ANN CLG .4% CONDNS DB=>MWB:Des Cool Mass Flow [kg/s],THERMAL ZONE 5:NASHVILLE INTERNATIONAL AP ANN HTG 99.6% CONDNS DB:Des Heat Load [W],THERMAL ZONE 5:NASHVILLE INTERNATIONAL AP ANN CLG .4% CONDNS DB=>MWB:Des Sens Cool Load [W],THERMAL ZONE 5:NASHVILLE INTERNATIONAL AP ANN HTG 99.6% CONDNS DB:Des Heat Mass Flow [kg/s],THERMAL ZONE 5:NASHVILLE INTERNATIONAL AP ANN CLG .4% CONDNS DB=>MWB:Des Cool Mass Flow [kg/s],THERMAL ZONE 3:NASHVILLE INTERNATIONAL AP ANN HTG 99.6% CONDNS DB:Des Heat Load [W],THERMAL ZONE 3:NASHVILLE INTERNATIONAL AP ANN CLG .4% CONDNS DB=>MWB:Des Sens Cool Load [W],THERMAL ZONE 3:NASHVILLE INTERNATIONAL AP ANN HTG 99.6% CONDNS DB:Des Heat Mass Flow [kg/s],THERMAL ZONE 3:NASHVILLE INTERNATIONAL AP ANN CLG .4% CONDNS DB=>MWB:Des Cool Mass Flow [kg/s],THERMAL ZONE 1:NASHVILLE INTERNATIONAL AP ANN HTG 99.6% CONDNS DB:Des Heat Load [W],THERMAL ZONE 1:NASHVILLE INTERNATIONAL AP ANN CLG .4% CONDNS DB=>MWB:Des Sens Cool Load [W],THERMAL ZONE 1:NASHVILLE INTERNATIONAL AP ANN HTG 99.6% CONDNS DB:Des Heat Mass Flow [kg/s],THERMAL ZONE 1:NASHVILLE INTERNATIONAL AP ANN CLG .4% CONDNS DB=>MWB:Des Cool Mass Flow [kg/s],THERMAL ZONE 2:NASHVILLE INTERNATIONAL AP ANN HTG 99.6% CONDNS DB:Des Heat Load [W],THERMAL ZONE 2:NASHVILLE INTERNATIONAL AP ANN CLG .4% CONDNS DB=>MWB:Des Sens Cool Load [W],THERMAL ZONE 2:NASHVILLE INTERNATIONAL AP ANN HTG 99.6% CONDNS DB:Des Heat Mass Flow [kg/s],THERMAL ZONE 2:NASHVILLE INTERNATIONAL AP ANN CLG .4% CONDNS DB=>MWB:Des Cool Mass Flow [kg/s] 
00:15:00,4.423397E+03,2.898239E+02,2.709872E-01,2.028624E-02,6.143820E+03,1.622934E+03,3.764698E-01,1.135978E-01,4.427800E+03,2.829156E+02,2.712569E-01,1.980263E-02,4.427729E+03,4.143635E+02,2.712526E-01,2.900472E-02,4.427729E+03,2.728907E+02,2.712526E-01,1.910087E-02 
00:30:00,4.423413E+03,2.600157E+02,2.709882E-01,1.819965E-02,6.143847E+03,1.577364E+03,3.764714E-01,1.104079E-01,4.427816E+03,2.531870E+02,2.712579E-01,1.772162E-02,4.427745E+03,3.756018E+02,2.712536E-01,2.629120E-02,4.427745E+03,2.443160E+02,2.712536E-01,1.710065E-02 
00:45:00,4.423427E+03,2.311813E+02,2.709890E-01,1.618123E-02,6.143870E+03,1.532901E+03,3.764729E-01,1.072954E-01,4.427830E+03,2.244516E+02,2.712588E-01,1.571015E-02,4.427760E+03,3.384029E+02,2.712545E-01,2.368709E-02,4.427760E+03,2.166160E+02,2.712545E-01,1.516166E-02 
01:00:00,4.423439E+03,2.032992E+02,2.709898E-01,1.422950E-02,6.143891E+03,1.489528E+03,3.764742E-01,1.042591E-01,4.427842E+03,1.966832E+02,2.712595E-01,1.376639E-02,4.427772E+03,3.027319E+02,2.712552E-01,2.118997E-02,4.427772E+03,1.897761E+02,2.712552E-01,1.328290E-02 
01:15:00,4.423451E+03,1.780122E+02,2.709905E-01,1.245945E-02,6.143909E+03,1.452477E+03,3.764753E-01,1.016655E-01,4.427854E+03,1.715210E+02,2.712602E-01,1.200508E-02,4.427783E+03,2.702081E+02,2.712559E-01,1.891320E-02,4.427783E+03,1.654458E+02,2.712559E-01,1.157983E-02 
01:30:00,4.423461E+03,1.541163E+02,2.709911E-01,1.078680E-02,6.143925E+03,1.417139E+03,3.764763E-01,9.919177E-02,4.427863E+03,1.477573E+02,2.712608E-01,1.034170E-02,4.427793E+03,2.396021E+02,2.712565E-01,1.677072E-02,4.427793E+03,1.424266E+02,2.712565E-01,9.968569E-03 
01:45:00,4.423469E+03,1.315969E+02,2.709916E-01,9.210535E-03,6.143939E+03,1.383434E+03,3.764771E-01,9.683243E-02,4.427872E+03,1.253750E+02,2.712614E-01,8.775039E-03,4.427802E+03,2.108682E+02,2.712571E-01,1.475934E-02,4.427802E+03,1.207104E+02,2.712571E-01,8.448536E-03 
02:00:00,4.423477E+03,1.104365E+02,2.709921E-01,7.729423E-03,6.143952E+03,1.351315E+03,3.764779E-01,9.458408E-02,4.427880E+03,1.043545E+02,2.712619E-01,7.303725E-03,4.427810E+03,1.839578E+02,2.712576E-01,1.287564E-02,4.427810E+03,1.002852E+02,2.712576E-01,7.018902E-03 
02:15:00,4.423484E+03,9.021145E+01,2.709926E-01,6.313812E-03,6.143963E+03,1.320316E+03,3.764786E-01,9.241415E-02,4.427887E+03,8.427045E+01,2.712623E-01,5.897989E-03,4.427817E+03,1.584167E+02,2.712580E-01,1.108782E-02,4.427817E+03,8.073301E+01,2.712580E-01,5.650396E-03 
02:30:00,4.423491E+03,7.090199E+01,2.709930E-01,4.962310E-03,6.143974E+03,1.290418E+03,3.764792E-01,9.032133E-02,4.427894E+03,6.510203E+01,2.712627E-01,4.556366E-03,4.427824E+03,1.341939E+02,2.712584E-01,9.392323E-03,4.427824E+03,6.203943E+01,2.712584E-01,4.342013E-03 
02:45:00,4.423497E+03,5.248637E+01,2.709933E-01,3.673394E-03,6.143983E+03,1.261603E+03,3.764798E-01,8.830426E-02,4.427900E+03,4.682645E+01,2.712631E-01,3.277260E-03,4.427829E+03,1.112379E+02,2.712587E-01,7.785525E-03,4.427829E+03,4.418757E+01,2.712587E-01,3.092567E-03 
03:00:00,4.423502E+03,3.494695E+01,2.709936E-01,2.445830E-03,6.143991E+03,1.233852E+03,3.764803E-01,8.636175E-02,4.427905E+03,2.942522E+01,2.712634E-01,2.059377E-03,4.427835E+03,8.950257E+01,2.712591E-01,6.264202E-03,4.427835E+03,2.716426E+01,2.712591E-01,1.901137E-03 
03:15:00,4.423507E+03,1.966390E+01,2.709939E-01,1.376206E-03,6.143998E+03,1.206707E+03,3.764807E-01,8.446164E-02,4.427910E+03,1.557427E+01,2.712637E-01,1.089985E-03,4.427839E+03,6.853010E+01,2.712594E-01,4.796305E-03,4.427839E+03,1.401696E+01,2.712594E-01,9.809933E-04 
03:30:00,4.423511E+03,8.821103E+00,2.709942E-01,6.173527E-04,6.144005E+03,1.180150E+03,3.764811E-01,8.260275E-02,4.427914E+03,6.128805E+00,2.712639E-01,4.289287E-04,4.427844E+03,4.827337E+01,2.712596E-01,3.378536E-03,4.427844E+03,5.175885E+00,2.712596E-01,3.622377E-04 
03:45:00,4.423515E+03,2.302375E+00,2.709945E-01,1.611324E-04,6.144011E+03,1.154236E+03,3.764815E-01,8.078881E-02,4.427918E+03,9.730884E-01,2.712642E-01,6.810163E-05,4.427848E+03,2.865761E+01,2.712599E-01,2.005660E-03,4.427848E+03,5.360573E-01,2.712599E-01,3.751594E-05 
04:00:00,4.423519E+03,0.000000E+00,2.709947E-01,0.000000E+00,6.144016E+03,1.128798E+03,3.764818E-01,7.900816E-02,4.427922E+03,0.000000E+00,2.712644E-01,0.000000E+00,4.427851E+03,1.418632E+01,2.712601E-01,9.928496E-04,4.427851E+03,0.000000E+00,2.712601E-01,0.000000E+00 
04:15:00,4.423522E+03,0.000000E+00,2.709949E-01,0.000000E+00,6.144021E+03,1.104194E+03,3.764822E-01,7.728596E-02,4.427925E+03,0.000000E+00,2.712646E-01,0.000000E+00,4.427855E+03,4.687455E+00,2.712603E-01,3.280554E-04,4.427855E+03,0.000000E+00,2.712603E-01,0.000000E+00 
04:30:00,4.423525E+03,0.000000E+00,2.709951E-01,0.000000E+00,6.144026E+03,1.080335E+03,3.764824E-01,7.561591E-02,4.427928E+03,0.000000E+00,2.712648E-01,0.000000E+00,4.427858E+03,0.000000E+00,2.712605E-01,0.000000E+00,4.427858E+03,0.000000E+00,2.712605E-01,0.000000E+00 
04:45:00,4.423528E+03,0.000000E+00,2.709952E-01,0.000000E+00,6.144030E+03,1.057034E+03,3.764827E-01,7.398486E-02,4.427931E+03,0.000000E+00,2.712650E-01,0.000000E+00,4.427861E+03,0.000000E+00,2.712607E-01,0.000000E+00,4.427861E+03,0.000000E+00,2.712607E-01,0.000000E+00 
05:00:00,4.423531E+03,0.000000E+00,2.709954E-01,0.000000E+00,6.144034E+03,1.034349E+03,3.764829E-01,7.239701E-02,4.427933E+03,0.000000E+00,2.712651E-01,0.000000E+00,4.427863E+03,0.000000E+00,2.712608E-01,0.000000E+00,4.427863E+03,0.000000E+00,2.712608E-01,0.000000E+00 
05:15:00,4.423533E+03,0.000000E+00,2.709955E-01,0.000000E+00,6.144037E+03,1.013917E+03,3.764831E-01,7.096684E-02,4.427936E+03,0.000000E+00,2.712653E-01,0.000000E+00,4.427866E+03,0.000000E+00,2.712610E-01,0.000000E+00,4.427866E+03,0.000000E+00,2.712610E-01,0.000000E+00 
05:30:00,4.423535E+03,0.000000E+00,2.709957E-01,0.000000E+00,6.144041E+03,9.968710E+02,3.764833E-01,6.977362E-02,4.427938E+03,6.577684E+00,2.712654E-01,4.646655E-04,4.427868E+03,0.000000E+00,2.712611E-01,0.000000E+00,4.427868E+03,7.097667E+01,2.712611E-01,4.976898E-03 
05:45:00,4.423537E+03,0.000000E+00,2.709958E-01,0.000000E+00,6.144044E+03,9.849396E+02,3.764835E-01,6.893846E-02,4.427940E+03,5.342238E+01,2.712655E-01,3.743178E-03,4.427870E+03,0.000000E+00,2.712612E-01,0.000000E+00,4.427870E+03,1.808488E+02,2.712612E-01,1.266828E-02 
06:00:00,4.423539E+03,0.000000E+00,2.709959E-01,0.000000E+00,6.144046E+03,9.799316E+02,3.764837E-01,6.858793E-02,4.427942E+03,1.150012E+02,2.712656E-01,8.053372E-03,4.427872E+03,0.000000E+00,2.712613E-01,0.000000E+00,4.427872E+03,3.455596E+02,2.712613E-01,2.419952E-02 
06:15:00,4.083958E+03,4.469033E+01,2.501924E-01,3.150707E-03,5.637107E+03,1.120549E+03,3.454204E-01,7.843017E-02,4.088361E+03,2.541222E+02,2.504621E-01,1.779156E-02,4.088290E+03,5.809165E+01,2.504578E-01,4.077221E-03,4.088290E+03,6.079171E+02,2.504578E-01,4.256980E-02 
06:30:00,3.744043E+03,1.145856E+02,2.293739E-01,8.043501E-03,5.129318E+03,1.271975E+03,3.143097E-01,8.903097E-02,3.748447E+03,4.026509E+02,2.296436E-01,2.818673E-02,3.748376E+03,1.295687E+02,2.296393E-01,9.080698E-03,3.748376E+03,8.270040E+02,2.296393E-01,5.790896E-02 
06:45:00,3.404066E+03,1.885050E+02,2.085548E-01,1.321792E-02,4.621728E+03,1.432717E+03,2.832124E-01,1.002842E-01,3.408470E+03,5.218566E+02,2.088245E-01,3.653471E-02,3.408399E+03,2.090590E+02,2.088202E-01,1.464510E-02,3.408399E+03,1.039706E+03,2.088202E-01,7.281237E-02 
07:00:00,3.063904E+03,2.764181E+02,1.877276E-01,1.937198E-02,4.113887E+03,1.600639E+03,2.521008E-01,1.120401E-01,3.068307E+03,6.315718E+02,1.879974E-01,4.421814E-02,3.068237E+03,2.994845E+02,1.879931E-01,2.097512E-02,3.068237E+03,1.239395E+03,1.879931E-01,8.680462E-02 
07:15:00,3.063208E+03,3.327534E+02,1.876993E-01,2.329353E-02,4.112828E+03,1.636075E+03,2.520441E-01,1.145232E-01,3.067611E+03,6.659982E+02,1.879691E-01,4.663104E-02,3.067540E+03,3.433999E+02,1.879648E-01,2.403888E-02,3.067540E+03,1.386028E+03,1.879648E-01,9.707700E-02 
07:30:00,3.062765E+03,3.777793E+02,1.876823E-01,2.644603E-02,4.112489E+03,1.672492E+03,2.520275E-01,1.170732E-01,3.067168E+03,6.845992E+02,1.879521E-01,4.793311E-02,3.067098E+03,3.863323E+02,1.879478E-01,2.704482E-02,3.067098E+03,1.550345E+03,1.879478E-01,1.085792E-01 
07:45:00,3.062326E+03,4.319607E+02,1.876626E-01,3.023985E-02,4.111840E+03,1.709398E+03,2.519916E-01,1.196573E-01,3.066728E+03,6.913619E+02,1.879324E-01,4.840552E-02,3.066658E+03,4.330251E+02,1.879281E-01,3.031432E-02,3.066658E+03,1.723595E+03,1.879281E-01,1.207023E-01 
08:00:00,3.062024E+03,4.849106E+02,1.876481E-01,3.394774E-02,4.111348E+03,1.746779E+03,2.519644E-01,1.222747E-01,3.066426E+03,6.946697E+02,1.879179E-01,4.863568E-02,3.066356E+03,4.799000E+02,1.879136E-01,3.359669E-02,3.066356E+03,1.891170E+03,1.879136E-01,1.324256E-01 
08:15:00,3.061797E+03,5.417530E+02,1.876359E-01,3.792816E-02,4.110936E+03,1.783326E+03,2.519415E-01,1.248335E-01,3.066200E+03,7.014695E+02,1.879057E-01,4.911036E-02,3.066129E+03,5.261847E+02,1.879014E-01,3.683774E-02,3.066129E+03,2.045650E+03,1.879014E-01,1.432328E-01 
08:30:00,3.061617E+03,6.069004E+02,1.876254E-01,4.249014E-02,4.110583E+03,1.818912E+03,2.519215E-01,1.273251E-01,3.066019E+03,7.153405E+02,1.878952E-01,5.008039E-02,3.065949E+03,5.706630E+02,1.878909E-01,3.995226E-02,3.065949E+03,2.181141E+03,1.878909E-01,1.527112E-01 
08:45:00,3.061467E+03,6.844184E+02,1.876164E-01,4.791847E-02,4.110280E+03,1.853614E+03,2.519042E-01,1.297547E-01,3.065869E+03,7.376112E+02,1.878862E-01,5.163888E-02,3.065799E+03,6.136113E+02,1.878819E-01,4.295954E-02,3.065799E+03,2.296399E+03,1.878819E-01,1.607737E-01 
09:00:00,3.061342E+03,7.759650E+02,1.876089E-01,5.432941E-02,4.110020E+03,1.887686E+03,2.518892E-01,1.321402E-01,3.065745E+03,7.662588E+02,1.878787E-01,5.364420E-02,3.065674E+03,6.553580E+02,1.878744E-01,4.588254E-02,3.065674E+03,2.391464E+03,1.878744E-01,1.674234E-01 
09:15:00,3.061238E+03,8.769133E+02,1.876026E-01,6.139905E-02,4.109796E+03,1.921101E+03,2.518763E-01,1.344797E-01,3.065641E+03,7.969690E+02,1.878724E-01,5.579413E-02,3.065570E+03,6.953963E+02,1.878681E-01,4.868580E-02,3.065570E+03,2.465394E+03,1.878681E-01,1.725945E-01 
09:30:00,3.061151E+03,9.788769E+02,1.875973E-01,6.854003E-02,4.109606E+03,1.954227E+03,2.518651E-01,1.367988E-01,3.065553E+03,8.280826E+02,1.878671E-01,5.797236E-02,3.065483E+03,7.337819E+02,1.878628E-01,5.137322E-02,3.065483E+03,2.518204E+03,1.878628E-01,1.762881E-01 
09:45:00,3.061077E+03,1.075883E+03,1.875928E-01,7.533379E-02,4.109443E+03,1.987300E+03,2.518556E-01,1.391142E-01,3.065479E+03,8.590556E+02,1.878626E-01,6.014076E-02,3.065409E+03,7.705183E+02,1.878583E-01,5.394504E-02,3.065409E+03,2.550437E+03,1.878583E-01,1.785420E-01 
10:00:00,3.061014E+03,1.165494E+03,1.875890E-01,8.160937E-02,4.109304E+03,2.020439E+03,2.518474E-01,1.414342E-01,3.065417E+03,8.888687E+02,1.878588E-01,6.222791E-02,3.065346E+03,8.055672E+02,1.878545E-01,5.639863E-02,3.065346E+03,2.563200E+03,1.878545E-01,1.794335E-01 
10:15:00,3.060960E+03,1.248410E+03,1.875857E-01,8.741543E-02,4.109185E+03,2.053660E+03,2.518404E-01,1.437599E-01,3.065363E+03,9.171470E+02,1.878555E-01,6.420764E-02,3.065292E+03,8.388647E+02,1.878512E-01,5.872955E-02,3.065292E+03,2.557783E+03,1.878512E-01,1.790528E-01 
10:30:00,3.060914E+03,1.329942E+03,1.875828E-01,9.312327E-02,4.109084E+03,2.086909E+03,2.518343E-01,1.460877E-01,3.065316E+03,9.440856E+02,1.878526E-01,6.609361E-02,3.065246E+03,8.707035E+02,1.878483E-01,6.095832E-02,3.065246E+03,2.533297E+03,1.878483E-01,1.773376E-01 
10:45:00,3.060874E+03,1.412412E+03,1.875804E-01,9.889548E-02,4.108998E+03,2.120078E+03,2.518292E-01,1.484097E-01,3.065276E+03,9.696647E+02,1.878502E-01,6.788437E-02,3.065206E+03,9.010084E+02,1.878459E-01,6.307972E-02,3.065206E+03,2.489103E+03,1.878459E-01,1.742430E-01 
11:00:00,3.060839E+03,1.499276E+03,1.875782E-01,1.049744E-01,4.108924E+03,2.152972E+03,2.518248E-01,1.507124E-01,3.065241E+03,9.937777E+02,1.878480E-01,6.957248E-02,3.065171E+03,9.297103E+02,1.878437E-01,6.508887E-02,3.065171E+03,2.421820E+03,1.878437E-01,1.695323E-01 
11:15:00,3.060808E+03,1.587741E+03,1.875764E-01,1.111646E-01,4.108860E+03,2.184986E+03,2.518210E-01,1.529536E-01,3.065211E+03,1.016000E+03,1.878462E-01,7.112822E-02,3.065140E+03,9.565367E+02,1.878419E-01,6.696674E-02,3.065140E+03,2.326117E+03,1.878419E-01,1.628322E-01 
11:30:00,3.060782E+03,1.673797E+03,1.875748E-01,1.171862E-01,4.108806E+03,2.215759E+03,2.518177E-01,1.551078E-01,3.065184E+03,1.035713E+03,1.878446E-01,7.250832E-02,3.065114E+03,9.813905E+02,1.878402E-01,6.870649E-02,3.065114E+03,2.204318E+03,1.878402E-01,1.543054E-01 
11:45:00,3.060759E+03,1.755603E+03,1.875733E-01,1.229105E-01,4.108759E+03,2.244835E+03,2.518149E-01,1.571432E-01,3.065161E+03,1.053154E+03,1.878431E-01,7.372947E-02,3.065091E+03,1.004416E+03,1.878388E-01,7.031819E-02,3.065091E+03,2.068371E+03,1.878388E-01,1.447884E-01 
12:00:00,3.060738E+03,1.828565E+03,1.875721E-01,1.280159E-01,4.108718E+03,2.271791E+03,2.518124E-01,1.590302E-01,3.065141E+03,1.068825E+03,1.878419E-01,7.482670E-02,3.065070E+03,1.028514E+03,1.878376E-01,7.200508E-02,3.065070E+03,1.928920E+03,1.878376E-01,1.350264E-01 
12:15:00,3.060720E+03,1.892441E+03,1.875710E-01,1.324856E-01,4.108683E+03,2.296865E+03,2.518103E-01,1.607854E-01,3.065123E+03,1.083611E+03,1.878408E-01,7.586186E-02,3.065052E+03,1.069355E+03,1.878365E-01,7.486441E-02,3.065052E+03,1.808379E+03,1.878365E-01,1.265882E-01 
12:30:00,3.060704E+03,1.946771E+03,1.875700E-01,1.362873E-01,4.108653E+03,2.320564E+03,2.518084E-01,1.624443E-01,3.065107E+03,1.098107E+03,1.878398E-01,7.687658E-02,3.065036E+03,1.136824E+03,1.878355E-01,7.958831E-02,3.065036E+03,1.716099E+03,1.878355E-01,1.201287E-01 
12:45:00,3.060690E+03,1.991373E+03,1.875691E-01,1.394081E-01,4.108626E+03,2.344012E+03,2.518068E-01,1.640856E-01,3.065093E+03,1.112476E+03,1.878389E-01,7.788240E-02,3.065022E+03,1.229678E+03,1.878346E-01,8.609023E-02,3.065022E+03,1.648744E+03,1.878346E-01,1.154143E-01 
13:00:00,3.060678E+03,2.026209E+03,1.875684E-01,1.418456E-01,4.108603E+03,2.368669E+03,2.518054E-01,1.658115E-01,3.065080E+03,1.126819E+03,1.878382E-01,7.888635E-02,3.065010E+03,1.352220E+03,1.878339E-01,9.467147E-02,3.065010E+03,1.605251E+03,1.878339E-01,1.123702E-01 
13:15:00,3.060667E+03,2.050960E+03,1.875677E-01,1.435771E-01,4.108583E+03,2.395667E+03,2.518042E-01,1.677014E-01,3.065069E+03,1.141008E+03,1.878375E-01,7.987963E-02,3.064999E+03,1.498202E+03,1.878332E-01,1.048936E-01,3.064999E+03,1.573986E+03,1.878332E-01,1.101824E-01 
13:30:00,3.060657E+03,2.065842E+03,1.875671E-01,1.446181E-01,4.108565E+03,2.425607E+03,2.518031E-01,1.697973E-01,3.065059E+03,1.154535E+03,1.878369E-01,8.082664E-02,3.064989E+03,1.659795E+03,1.878326E-01,1.162076E-01,3.064989E+03,1.549597E+03,1.878326E-01,1.084758E-01 
13:45:00,3.060648E+03,2.070060E+03,1.875665E-01,1.449126E-01,4.108550E+03,2.458367E+03,2.518022E-01,1.720906E-01,3.065050E+03,1.167100E+03,1.878363E-01,8.170641E-02,3.064980E+03,1.836663E+03,1.878320E-01,1.285899E-01,3.064980E+03,1.529571E+03,1.878320E-01,1.070746E-01 
14:00:00,3.060640E+03,2.062885E+03,1.875661E-01,1.444097E-01,4.108536E+03,2.493286E+03,2.518013E-01,1.745351E-01,3.065042E+03,1.179059E+03,1.878359E-01,8.254394E-02,3.064972E+03,2.020031E+03,1.878315E-01,1.414258E-01,3.064972E+03,1.512497E+03,1.878315E-01,1.058798E-01 
14:15:00,3.060633E+03,2.043720E+03,1.875656E-01,1.430675E-01,4.108524E+03,2.529286E+03,2.518006E-01,1.770553E-01,3.065035E+03,1.189923E+03,1.878354E-01,8.330463E-02,3.064965E+03,2.198526E+03,1.878311E-01,1.539198E-01,3.064965E+03,1.496794E+03,1.878311E-01,1.047809E-01 
14:30:00,3.060626E+03,2.013283E+03,1.875652E-01,1.409364E-01,4.108513E+03,2.565489E+03,2.517999E-01,1.795898E-01,3.065029E+03,1.200029E+03,1.878350E-01,8.401209E-02,3.064958E+03,2.367717E+03,1.878307E-01,1.657621E-01,3.064958E+03,1.482233E+03,1.878307E-01,1.037619E-01 
14:45:00,3.060620E+03,1.973676E+03,1.875649E-01,1.381636E-01,4.108503E+03,2.601098E+03,2.517994E-01,1.820827E-01,3.065023E+03,1.209331E+03,1.878347E-01,8.466317E-02,3.064953E+03,2.526212E+03,1.878304E-01,1.768552E-01,3.064953E+03,1.468062E+03,1.878304E-01,1.027701E-01 
15:00:00,3.060615E+03,1.922576E+03,1.875645E-01,1.345864E-01,4.108495E+03,2.635444E+03,2.517988E-01,1.844871E-01,3.065018E+03,1.217021E+03,1.878343E-01,8.520121E-02,3.064947E+03,2.672092E+03,1.878300E-01,1.870649E-01,3.064947E+03,1.453603E+03,1.878300E-01,1.017580E-01 
15:15:00,3.060610E+03,1.860420E+03,1.875643E-01,1.302352E-01,4.108487E+03,2.667840E+03,2.517984E-01,1.867550E-01,3.065013E+03,1.222684E+03,1.878341E-01,8.559752E-02,3.064943E+03,2.802638E+03,1.878297E-01,1.962012E-01,3.064943E+03,1.438091E+03,1.878297E-01,1.006722E-01 
15:30:00,3.060606E+03,1.788060E+03,1.875640E-01,1.251696E-01,4.108480E+03,2.697796E+03,2.517979E-01,1.888520E-01,3.065009E+03,1.226115E+03,1.878338E-01,8.583756E-02,3.064938E+03,2.915529E+03,1.878295E-01,2.041017E-01,3.064938E+03,1.421247E+03,1.878295E-01,9.949318E-02 
15:45:00,3.060602E+03,1.708680E+03,1.875637E-01,1.196123E-01,4.108474E+03,2.724921E+03,2.517975E-01,1.907509E-01,3.065005E+03,1.227060E+03,1.878335E-01,8.590349E-02,3.064934E+03,3.008910E+03,1.878292E-01,2.106366E-01,3.064934E+03,1.402755E+03,1.878292E-01,9.819866E-02 
16:00:00,3.060598E+03,1.632609E+03,1.875635E-01,1.142866E-01,4.108468E+03,2.748948E+03,2.517972E-01,1.924328E-01,3.065001E+03,1.227056E+03,1.878333E-01,8.590298E-02,3.064931E+03,3.081308E+03,1.878290E-01,2.157029E-01,3.064931E+03,1.382367E+03,1.878290E-01,9.677150E-02 
16:15:00,3.060595E+03,1.565659E+03,1.875633E-01,1.095996E-01,4.108463E+03,2.770196E+03,2.517969E-01,1.939201E-01,3.064998E+03,1.230917E+03,1.878331E-01,8.617298E-02,3.064927E+03,3.132164E+03,1.878288E-01,2.192613E-01,3.064927E+03,1.360681E+03,1.878288E-01,9.525340E-02 
16:30:00,3.060592E+03,1.508754E+03,1.875631E-01,1.056161E-01,4.108458E+03,2.788752E+03,2.517966E-01,1.952190E-01,3.064995E+03,1.241565E+03,1.878329E-01,8.691830E-02,3.064924E+03,3.156092E+03,1.878286E-01,2.209349E-01,3.064924E+03,1.336794E+03,1.878286E-01,9.358117E-02 
16:45:00,3.060589E+03,1.460530E+03,1.875630E-01,1.022405E-01,4.108454E+03,2.804761E+03,2.517963E-01,1.963394E-01,3.064992E+03,1.261139E+03,1.878328E-01,8.828870E-02,3.064921E+03,3.152774E+03,1.878285E-01,2.207014E-01,3.064921E+03,1.310897E+03,1.878285E-01,9.176828E-02 
17:00:00,3.060587E+03,1.416598E+03,1.875628E-01,9.916545E-02,4.108450E+03,2.818378E+03,2.517961E-01,1.972925E-01,3.064989E+03,1.288430E+03,1.878326E-01,9.019941E-02,3.064919E+03,3.121799E+03,1.878283E-01,2.185319E-01,3.064919E+03,1.283283E+03,1.878283E-01,8.983526E-02 
17:15:00,3.060584E+03,1.374320E+03,1.875627E-01,9.620621E-02,4.108446E+03,2.829691E+03,2.517959E-01,1.980843E-01,3.064987E+03,1.317775E+03,1.878325E-01,9.225387E-02,3.064916E+03,3.061898E+03,1.878281E-01,2.143377E-01,3.064916E+03,1.254306E+03,1.878281E-01,8.780679E-02 
17:30:00,3.060582E+03,1.333306E+03,1.875625E-01,9.333540E-02,4.108443E+03,2.838628E+03,2.517957E-01,1.987097E-01,3.064985E+03,1.343483E+03,1.878323E-01,9.405369E-02,3.064914E+03,2.975425E+03,1.878280E-01,2.082836E-01,3.064914E+03,1.225361E+03,1.878280E-01,8.578062E-02 
17:45:00,3.060580E+03,1.292997E+03,1.875624E-01,9.051388E-02,4.108440E+03,2.844983E+03,2.517955E-01,1.991544E-01,3.064983E+03,1.359770E+03,1.878322E-01,9.519378E-02,3.064912E+03,2.860354E+03,1.878279E-01,2.002278E-01,3.064912E+03,1.195252E+03,1.878279E-01,8.367314E-02 
18:00:00,3.060578E+03,1.252845E+03,1.875623E-01,8.770338E-02,4.108437E+03,2.848367E+03,2.517953E-01,1.993910E-01,3.064981E+03,1.360059E+03,1.878321E-01,9.521371E-02,3.064910E+03,2.708153E+03,1.878278E-01,1.895728E-01,3.064910E+03,1.163536E+03,1.878278E-01,8.145297E-02 
18:15:00,3.400160E+03,1.211841E+03,2.083729E-01,8.483322E-02,4.615377E+03,2.847771E+03,2.828643E-01,1.993491E-01,3.404562E+03,1.340959E+03,2.086427E-01,9.387601E-02,3.404492E+03,2.524496E+03,2.086384E-01,1.767160E-01,3.404492E+03,1.129724E+03,2.086384E-01,7.908599E-02 
18:30:00,3.739875E+03,1.169707E+03,2.291889E-01,8.188393E-02,5.122659E+03,2.842364E+03,3.139515E-01,1.989704E-01,3.744278E+03,1.301711E+03,2.294587E-01,9.112764E-02,3.744207E+03,2.328293E+03,2.294544E-01,1.629810E-01,3.744207E+03,1.093442E+03,2.294544E-01,7.654611E-02 
18:45:00,4.079834E+03,1.125692E+03,2.500128E-01,7.880287E-02,5.630116E+03,2.831319E+03,3.450465E-01,1.981969E-01,4.084236E+03,1.242499E+03,2.502826E-01,8.698165E-02,4.084166E+03,2.107576E+03,2.502783E-01,1.475306E-01,4.084166E+03,1.055738E+03,2.502783E-01,7.390637E-02 
19:00:00,4.420009E+03,1.079890E+03,2.708425E-01,7.559647E-02,6.137896E+03,2.813747E+03,3.761579E-01,1.969665E-01,4.424412E+03,1.170330E+03,2.711123E-01,8.192876E-02,4.424341E+03,1.889116E+03,2.711080E-01,1.322380E-01,4.424341E+03,1.016850E+03,2.711080E-01,7.118387E-02 
19:15:00,4.420716E+03,1.035169E+03,2.708640E-01,7.246563E-02,6.138964E+03,2.790142E+03,3.762112E-01,1.953137E-01,4.425119E+03,1.098241E+03,2.711338E-01,7.688144E-02,4.425049E+03,1.693442E+03,2.711295E-01,1.185407E-01,4.425049E+03,9.794245E+02,2.711295E-01,6.856381E-02 
19:30:00,4.421357E+03,9.934549E+02,2.708829E-01,6.954527E-02,6.139853E+03,2.760831E+03,3.762543E-01,1.932614E-01,4.425760E+03,1.032746E+03,2.711527E-01,7.229589E-02,4.425689E+03,1.518647E+03,2.711484E-01,1.063051E-01,4.425689E+03,9.433605E+02,2.711484E-01,6.603902E-02 
19:45:00,4.421809E+03,9.562629E+02,2.708972E-01,6.694160E-02,6.140690E+03,2.726900E+03,3.762958E-01,1.908857E-01,4.426212E+03,9.794579E+02,2.711669E-01,6.856520E-02,4.426142E+03,1.388684E+03,2.711626E-01,9.720746E-02,4.426142E+03,9.094057E+02,2.711626E-01,6.366183E-02 
20:00:00,4.422094E+03,9.230387E+02,2.709088E-01,6.461582E-02,6.141300E+03,2.690076E+03,3.763263E-01,1.883074E-01,4.426497E+03,9.382014E+02,2.711785E-01,6.567680E-02,4.426426E+03,1.294695E+03,2.711742E-01,9.062862E-02,4.426426E+03,8.773904E+02,2.711742E-01,6.142036E-02 
20:15:00,4.422306E+03,8.921701E+02,2.709205E-01,6.245488E-02,6.141760E+03,2.651945E+03,3.763502E-01,1.856377E-01,4.426709E+03,9.017649E+02,2.711902E-01,6.312612E-02,4.426638E+03,1.220860E+03,2.711859E-01,8.546090E-02,4.426638E+03,8.457450E+02,2.711859E-01,5.920466E-02 
20:30:00,4.422485E+03,8.614558E+02,2.709316E-01,6.030467E-02,6.142122E+03,2.613795E+03,3.763699E-01,1.829667E-01,4.426888E+03,8.670406E+02,2.712013E-01,6.069522E-02,4.426818E+03,1.158282E+03,2.711970E-01,8.108113E-02,4.426818E+03,8.148556E+02,2.711970E-01,5.704184E-02 
20:45:00,4.422639E+03,8.301373E+02,2.709410E-01,5.811195E-02,6.142416E+03,2.576314E+03,3.763864E-01,1.803427E-01,4.427042E+03,8.327973E+02,2.712108E-01,5.829781E-02,4.426971E+03,1.103896E+03,2.712065E-01,7.727459E-02,4.426971E+03,7.844083E+02,2.712065E-01,5.491002E-02 
21:00:00,4.422767E+03,7.988499E+02,2.709488E-01,5.592127E-02,6.142658E+03,2.539789E+03,3.764004E-01,1.777855E-01,4.427170E+03,7.990530E+02,2.712185E-01,5.593521E-02,4.427099E+03,1.054100E+03,2.712142E-01,7.378923E-02,4.427099E+03,7.549525E+02,2.712142E-01,5.284762E-02 
21:15:00,4.422872E+03,7.675602E+02,2.709551E-01,5.373046E-02,6.142860E+03,2.504076E+03,3.764122E-01,1.752853E-01,4.427275E+03,7.658056E+02,2.712249E-01,5.360739E-02,4.427205E+03,1.006792E+03,2.712206E-01,7.047773E-02,4.427205E+03,7.263286E+02,2.712206E-01,5.084358E-02 
21:30:00,4.422960E+03,7.370191E+02,2.709605E-01,5.159209E-02,6.143029E+03,2.469149E+03,3.764221E-01,1.728402E-01,4.427363E+03,7.338051E+02,2.712302E-01,5.136689E-02,4.427293E+03,9.625075E+02,2.712259E-01,6.737765E-02,4.427293E+03,6.984349E+02,2.712259E-01,4.889073E-02 
21:45:00,4.423035E+03,7.071549E+02,2.709650E-01,4.950123E-02,6.143170E+03,2.434926E+03,3.764305E-01,1.704444E-01,4.427438E+03,7.028426E+02,2.712347E-01,4.919919E-02,4.427367E+03,9.206067E+02,2.712304E-01,6.444443E-02,4.427367E+03,6.711929E+02,2.712304E-01,4.698355E-02 
22:00:00,4.423099E+03,6.779778E+02,2.709689E-01,4.745855E-02,6.143289E+03,2.401306E+03,3.764376E-01,1.680908E-01,4.427502E+03,6.728439E+02,2.712387E-01,4.709901E-02,4.427431E+03,8.821345E+02,2.712343E-01,6.175119E-02,4.427431E+03,6.445379E+02,2.712343E-01,4.511749E-02 
22:15:00,4.423153E+03,6.227038E+02,2.709723E-01,4.358914E-02,6.143390E+03,2.271875E+03,3.764437E-01,1.590305E-01,4.427556E+03,6.169551E+02,2.712420E-01,4.318660E-02,4.427486E+03,8.207232E+02,2.712377E-01,5.745229E-02,4.427486E+03,5.916393E+02,2.712377E-01,4.141443E-02 
22:30:00,4.423201E+03,5.659957E+02,2.709752E-01,3.961905E-02,6.143476E+03,2.136951E+03,3.764488E-01,1.495845E-01,4.427604E+03,5.597928E+02,2.712449E-01,3.918474E-02,4.427533E+03,7.578608E+02,2.712406E-01,5.305136E-02,4.427533E+03,5.371576E+02,2.712406E-01,3.760025E-02 
22:45:00,4.423242E+03,5.079779E+02,2.709777E-01,3.555737E-02,6.143549E+03,1.997653E+03,3.764533E-01,1.398321E-01,4.427645E+03,5.014484E+02,2.712474E-01,3.510022E-02,4.427574E+03,6.930163E+02,2.712431E-01,4.851167E-02,4.427574E+03,4.812186E+02,2.712431E-01,3.368413E-02 
23:00:00,4.423277E+03,4.488129E+02,2.709799E-01,3.141549E-02,6.143612E+03,1.854762E+03,3.764571E-01,1.298283E-01,4.427680E+03,4.420577E+02,2.712496E-01,3.094257E-02,4.427610E+03,6.254356E+02,2.712453E-01,4.378050E-02,4.427610E+03,4.239913E+02,2.712453E-01,2.967791E-02 
23:15:00,4.423308E+03,4.153237E+02,2.709817E-01,2.907097E-02,6.143666E+03,1.804941E+03,3.764604E-01,1.263392E-01,4.427711E+03,4.084287E+02,2.712515E-01,2.858828E-02,4.427640E+03,5.809612E+02,2.712472E-01,4.066683E-02,4.427640E+03,3.923227E+02,2.712472E-01,2.746085E-02 
23:30:00,4.423335E+03,3.828739E+02,2.709834E-01,2.679961E-02,6.143713E+03,1.758059E+03,3.764633E-01,1.230571E-01,4.427738E+03,3.759075E+02,2.712531E-01,2.631192E-02,4.427667E+03,5.376549E+02,2.712488E-01,3.763540E-02,4.427667E+03,3.615705E+02,2.712488E-01,2.530831E-02 
23:45:00,4.423358E+03,3.513713E+02,2.709848E-01,2.459452E-02,6.143754E+03,1.713195E+03,3.764658E-01,1.199164E-01,4.427761E+03,3.443859E+02,2.712546E-01,2.410550E-02,4.427691E+03,4.955647E+02,2.712503E-01,3.468909E-02,4.427691E+03,3.316427E+02,2.712503E-01,2.321345E-02 
24:00:00,4.423379E+03,3.206560E+02,2.709861E-01,2.244448E-02,6.143789E+03,1.669688E+03,3.764679E-01,1.168708E-01,4.427782E+03,3.136930E+02,2.712558E-01,2.195704E-02,4.427711E+03,4.547427E+02,2.712515E-01,3.183144E-02,4.427711E+03,3.023819E+02,2.712515E-01,2.116524E-02 
Peak,4.423539E+03,2.070060E+03,2.709959E-01,1.449126E-01,6.144046E+03,2.848367E+03,3.764837E-01,1.993910E-01,4.427942E+03,1.360059E+03,2.712656E-01,9.521371E-02,4.427872E+03,3.156092E+03,2.712613E-01,2.209349E-01,4.427872E+03,2.563200E+03,2.712613E-01,1.794335E-01 

Peak Vol Flow (m3/s),,,2.298037E-01,1.228854E-01,,,3.192570E-01,1.690830E-01,,,2.300324E-01,8.074092E-02,,,2.300287E-01,1.873521E-01,,,2.300287E-01,1.521590E-01 
